location_id,location_name,iso3,year,sdi,sdi_quintile,observed_lri_u5_rate,expected_lri_u5_rate,excess_lri_u5_rate,oe_ratio,log_oe_ratio,high_observed_threshold,high_excess_threshold,high_observed,high_excess,burden_profile
6,China,CHN,2000,0.552336011,Low-middle SDI,16280.63519808959,10582.443483006216,5698.191715083374,1.5384570892567295,0.43078002410514665,15797.227515688111,2761.4649271410776,True,True,Double-high
7,Democratic People's Republic of Korea,PRK,2000,0.500007941,Low SDI,17985.88102173599,12650.229443364076,5335.651578371915,1.421782988384518,0.35191170959746754,15797.227515688111,2761.4649271410776,True,True,Double-high
8,Taiwan,TWN,2000,0.759837996,High SDI,12846.34513923644,3487.619280516853,9358.725858719588,3.683413843650004,1.3038399970612953,15797.227515688111,2761.4649271410776,False,True,Excess-only
10,Cambodia,KHM,2000,0.346046824,Low SDI,34769.10473733484,18135.777926665272,16633.32681066957,1.917155408382751,0.6508425293132343,15797.227515688111,2761.4649271410776,True,True,Double-high
11,Indonesia,IDN,2000,0.533621468,Low-middle SDI,14151.48903789085,11323.030502621732,2828.4585352691174,1.2497969545003182,0.22298110172024355,15797.227515688111,2761.4649271410776,False,True,Excess-only
12,Lao People's Democratic Republic,LAO,2000,0.336434069,Low SDI,21100.59405928039,18426.326636347458,2674.267422932932,1.1451329652247515,0.13552075709784828,15797.227515688111,2761.4649271410776,True,False,Structural high
13,Malaysia,MYS,2000,0.654897981,Middle SDI,10152.83026780493,6709.855877003844,3442.974390801085,1.5131219587891471,0.4141750388207788,15797.227515688111,2761.4649271410776,False,True,Excess-only
14,Maldives,MDV,2000,0.479842249,Low SDI,14193.85943559609,13436.322340256424,757.5370953396668,1.056379794720317,0.054847774715249445,15797.227515688111,2761.4649271410776,False,False,Neither
15,Myanmar,MMR,2000,0.376161099,Low SDI,19155.76478548159,17180.260518430998,1975.5042670505936,1.114986863262712,0.1088426230155117,15797.227515688111,2761.4649271410776,True,False,Structural high
16,Philippines,PHL,2000,0.551173908,Low-middle SDI,19457.353524324,10628.351496739093,8829.00202758491,1.8307028639666043,0.6046999717842731,15797.227515688111,2761.4649271410776,True,True,Double-high
17,Sri Lanka,LKA,2000,0.599529517,Low-middle SDI,11543.754295219913,8743.785486370047,2799.968808849866,1.3202238679362048,0.27780131913971473,15797.227515688111,2761.4649271410776,False,True,Excess-only
18,Thailand,THA,2000,0.574239749,Low-middle SDI,14990.4908979404,9721.415683721223,5269.075214219176,1.54200698598275,0.43308480559958473,15797.227515688111,2761.4649271410776,False,True,Excess-only
19,Timor-Leste,TLS,2000,0.353945828,Low SDI,29322.39386985205,17891.745240634657,11430.648629217394,1.6388783472758597,0.4940120732582611,15797.227515688111,2761.4649271410776,True,True,Double-high
20,Viet Nam,VNM,2000,0.497644338,Low SDI,18270.68791609903,12742.913525335973,5527.774390763057,1.4337920350610962,0.3603227072957316,15797.227515688111,2761.4649271410776,True,True,Double-high
22,Fiji,FJI,2000,0.598019304,Low-middle SDI,11132.66603119143,8801.48845370594,2331.1775774854887,1.2648617435274745,0.23496282255232656,15797.227515688111,2761.4649271410776,False,False,Neither
23,Kiribati,KIR,2000,0.4615755,Low SDI,12359.00265650274,14136.868312686893,-1777.8656561841526,0.8742390735444118,-0.1344014012072177,15797.227515688111,2761.4649271410776,False,False,Neither
24,Marshall Islands,MHL,2000,0.480771273,Low SDI,13969.10946696652,13400.368854886092,568.740612080428,1.0424421609762669,0.041566192073766044,15797.227515688111,2761.4649271410776,False,False,Neither
25,Micronesia (Federated States of),FSM,2000,0.515966867,Low SDI,10339.45073444224,12021.689034917135,-1682.2383004748972,0.8600663936998523,-0.15074569073793045,15797.227515688111,2761.4649271410776,False,False,Neither
26,Papua New Guinea,PNG,2000,0.378141494,Low SDI,14554.965143015388,17115.065634753726,-2560.100491738338,0.85041830710016,-0.1620269245518724,15797.227515688111,2761.4649271410776,False,False,Neither
27,Samoa,WSM,2000,0.524233397,Low SDI,11543.94512706465,11694.787646285376,-150.8425192207269,0.9871017308066607,-0.012982174133977743,15797.227515688111,2761.4649271410776,False,False,Neither
28,Solomon Islands,SLB,2000,0.372794617,Low SDI,15173.36175197166,17290.429899393905,-2117.068147422244,0.8775583857810004,-0.1306117893530065,15797.227515688111,2761.4649271410776,False,False,Neither
29,Tonga,TON,2000,0.554332989,Low-middle SDI,12519.95904282614,10503.593541788365,2016.365501037777,1.1919691097161844,0.17560665363973668,15797.227515688111,2761.4649271410776,False,False,Neither
30,Vanuatu,VUT,2000,0.395439612,Low SDI,13874.497598754251,16533.712995299236,-2659.215396544985,0.8391640524242173,-0.17534905834633344,15797.227515688111,2761.4649271410776,False,False,Neither
33,Armenia,ARM,2000,0.582890545,Low-middle SDI,7970.11458267593,9384.52302099021,-1414.408438314279,0.849282863375081,-0.1633629757515805,15797.227515688111,2761.4649271410776,False,False,Neither
34,Azerbaijan,AZE,2000,0.58613626,Low-middle SDI,16216.392130558848,9258.731184018963,6957.660946539885,1.7514702401716942,0.5604555724586393,15797.227515688111,2761.4649271410776,True,True,Double-high
35,Georgia,GEO,2000,0.636467759,Middle SDI,9815.90812687892,7367.382388160769,2448.525738718151,1.3323467698178502,0.2869418759373072,15797.227515688111,2761.4649271410776,False,False,Neither
36,Kazakhstan,KAZ,2000,0.647987347,Middle SDI,8245.056858713131,6953.843077313473,1291.2137813996578,1.1856834799180571,0.1703193846177323,15797.227515688111,2761.4649271410776,False,False,Neither
37,Kyrgyzstan,KGZ,2000,0.546124103,Low-middle SDI,10971.09369253156,10828.006401526252,143.08729100530763,1.0132145554499432,0.013128004863300314,15797.227515688111,2761.4649271410776,False,False,Neither
38,Mongolia,MNG,2000,0.540500151,Low-middle SDI,13277.88232303934,11050.600219744265,2227.282103295074,1.2015530431836234,0.1836149226885994,15797.227515688111,2761.4649271410776,False,False,Neither
39,Tajikistan,TJK,2000,0.454905206,Low SDI,12472.62231606863,14389.275115844302,-1916.652799775673,0.8667999058781488,-0.1429471179053695,15797.227515688111,2761.4649271410776,False,False,Neither
40,Turkmenistan,TKM,2000,0.577871319,Low-middle SDI,14571.73869545328,9579.719221018397,4992.019474434885,1.5211029007491303,0.4194356643412564,15797.227515688111,2761.4649271410776,False,True,Excess-only
41,Uzbekistan,UZB,2000,0.560521694,Low-middle SDI,13433.364293269378,10259.602417801363,3173.761875468015,1.3093455034827903,0.269527396701577,15797.227515688111,2761.4649271410776,False,True,Excess-only
43,Albania,ALB,2000,0.571675146,Low-middle SDI,9949.10710590598,9821.697075192598,127.41003071338127,1.0129723030284847,0.01288888336115543,15797.227515688111,2761.4649271410776,False,False,Neither
44,Bosnia and Herzegovina,BIH,2000,0.585689933,Low-middle SDI,6099.06188269277,9276.007910499227,-3176.946027806457,0.6575093447030624,-0.4192963025550731,15797.227515688111,2761.4649271410776,False,False,Neither
45,Bulgaria,BGR,2000,0.676329406,Middle SDI,8906.47296550346,5974.562989469971,2931.9099760334893,1.490732122366257,0.3992673565736917,15797.227515688111,2761.4649271410776,False,True,Excess-only
46,Croatia,HRV,2000,0.689907539,High-middle SDI,4349.86762452457,5526.934170098748,-1177.0665455741782,0.787030836744497,-0.23948784868369172,15797.227515688111,2761.4649271410776,False,False,Neither
47,Czechia,CZE,2000,0.762036946,High SDI,5345.67535820675,3431.5009357052354,1914.174422501515,1.5578242461146576,0.44329013371347636,15797.227515688111,2761.4649271410776,False,False,Neither
48,Hungary,HUN,2000,0.710871603,High-middle SDI,5417.33498223188,4866.538401502545,550.7965807293349,1.1131803625672154,0.10722110998868424,15797.227515688111,2761.4649271410776,False,False,Neither
49,North Macedonia,MKD,2000,0.644152462,Middle SDI,6873.190439174171,7090.586787256994,-217.39634808282327,0.9693401470702648,-0.03113969971934325,15797.227515688111,2761.4649271410776,False,False,Neither
50,Montenegro,MNE,2000,0.667152661,Middle SDI,6702.702019524159,6285.289579597882,417.4124399262773,1.0664110117187289,0.06429881589687367,15797.227515688111,2761.4649271410776,False,False,Neither
51,Poland,POL,2000,0.714842742,High-middle SDI,3482.56731783608,4745.906716795223,-1263.3393989591427,0.7338044183446909,-0.30951274589525746,15797.227515688111,2761.4649271410776,False,False,Neither
52,Romania,ROU,2000,0.654451985,Middle SDI,9485.57921619785,6725.505601072762,2760.073615125088,1.4103890144236648,0.34386556309193844,15797.227515688111,2761.4649271410776,False,False,Neither
53,Serbia,SRB,2000,0.649404424,Middle SDI,5650.60395897564,6903.553740947006,-1252.949781971366,0.8185065505408102,-0.2002738790987446,15797.227515688111,2761.4649271410776,False,False,Neither
54,Slovakia,SVK,2000,0.731742752,High SDI,5916.38982139803,4249.372314534448,1667.0175068635815,1.3922973520493265,0.3309551540777616,15797.227515688111,2761.4649271410776,False,False,Neither
55,Slovenia,SVN,2000,0.770695442,High SDI,5483.65749630346,3215.6081155948864,2268.0493807085736,1.7053251824154527,0.5337558153745069,15797.227515688111,2761.4649271410776,False,False,Neither
57,Belarus,BLR,2000,0.673095391,Middle SDI,5203.39557445432,6083.337029219423,-879.9414547651031,0.8553521775074145,-0.1562419913368988,15797.227515688111,2761.4649271410776,False,False,Neither
58,Estonia,EST,2000,0.739440604,High SDI,4386.07727677629,4032.5531204516665,353.5241563246236,1.0876675757925358,0.0840355647924357,15797.227515688111,2761.4649271410776,False,False,Neither
59,Latvia,LVA,2000,0.735471918,High SDI,4207.1786822881,4143.588740030414,63.58994225768674,1.015346586316194,0.015230018558997072,15797.227515688111,2761.4649271410776,False,False,Neither
60,Lithuania,LTU,2000,0.713085207,High-middle SDI,4509.70795473245,4799.114212489041,-289.406257756591,0.9396959011720432,-0.062198965449982824,15797.227515688111,2761.4649271410776,False,False,Neither
61,Republic of Moldova,MDA,2000,0.615996974,Low-middle SDI,7734.150106038649,8121.442303486219,-387.2921974475703,0.952312387015134,-0.04886216039520738,15797.227515688111,2761.4649271410776,False,False,Neither
62,Russian Federation,RUS,2000,0.718122319,High-middle SDI,3655.47000961979,4647.3984207809,-991.92841116111,0.7865626483140138,-0.24008290509278835,15797.227515688111,2761.4649271410776,False,False,Neither
63,Ukraine,UKR,2000,0.676570439,Middle SDI,3035.36322058485,5966.488423129516,-2931.1252025446665,0.5087352903959469,-0.6758274558699677,15797.227515688111,2761.4649271410776,False,False,Neither
66,Brunei Darussalam,BRN,2000,0.735468055,High SDI,2943.95602540979,4143.697596400306,-1199.7415709905158,0.7104659442250926,-0.34183426471889633,15797.227515688111,2761.4649271410776,False,False,Neither
67,Japan,JPN,2000,0.826469456,High SDI,2776.99738235366,2023.348100557524,753.6492817961362,1.372476333453681,0.31661665086758356,15797.227515688111,2761.4649271410776,False,False,Neither
68,Republic of Korea,KOR,2000,0.790186769,High SDI,2463.0222608493,2759.660763444685,-296.63850259538503,0.8925090697651139,-0.11371860317816944,15797.227515688111,2761.4649271410776,False,False,Neither
69,Singapore,SGP,2000,0.777609696,High SDI,4931.28241371139,3049.0745791697336,1882.207834541657,1.6173046233110453,0.48076095079965026,15797.227515688111,2761.4649271410776,False,False,Neither
71,Australia,AUS,2000,0.771588444,High SDI,997.62881139809,3193.805326689071,-2196.176515290981,0.3123636882503117,-1.16358710256653,15797.227515688111,2761.4649271410776,False,False,Neither
72,New Zealand,NZL,2000,0.788040111,High SDI,1417.51113891142,2807.8173398686804,-1390.3062009572604,0.5048444992428588,-0.683504819415949,15797.227515688111,2761.4649271410776,False,False,Neither
74,Andorra,AND,2000,0.809874105,High SDI,1393.43115784423,2341.949512545253,-948.5183547010232,0.5949877016476908,-0.5192145431498038,15797.227515688111,2761.4649271410776,False,False,Neither
75,Austria,AUT,2000,0.791430352,High SDI,1215.5025494697,2731.997463120661,-1516.494913650961,0.4449134985950081,-0.8098754008909016,15797.227515688111,2761.4649271410776,False,False,Neither
76,Belgium,BEL,2000,0.796431236,High SDI,1396.80733451313,2622.491668133812,-1225.684333620682,0.5326260332819704,-0.6299357271837118,15797.227515688111,2761.4649271410776,False,False,Neither
77,Cyprus,CYP,2000,0.750421779,High SDI,1040.07793437067,3733.758454989782,-2693.680520619112,0.2785605836340895,-1.2781197077817654,15797.227515688111,2761.4649271410776,False,False,Neither
78,Denmark,DNK,2000,0.8521476,High SDI,1335.90291531134,1589.8244085724243,-253.9214932610846,0.8402833093441481,-0.1740161709797926,15797.227515688111,2761.4649271410776,False,False,Neither
79,Finland,FIN,2000,0.807659529,High SDI,1343.90869414013,2386.779670016448,-1042.8709758763182,0.5630635751689927,-0.5743627350702608,15797.227515688111,2761.4649271410776,False,False,Neither
80,France,FRA,2000,0.787441846,High SDI,1094.67886835803,2821.329594734877,-1726.6507263768474,0.3880010582247828,-0.946747211979122,15797.227515688111,2761.4649271410776,False,False,Neither
81,Germany,DEU,2000,0.827613445,High SDI,1244.21675550489,2002.5077439549032,-758.2909884500132,0.6213293103414386,-0.4758940471980345,15797.227515688111,2761.4649271410776,False,False,Neither
82,Greece,GRC,2000,0.749268575,High SDI,1285.23829067864,3764.5473211009794,-2479.30903042234,0.3414058002338404,-1.0746834792118107,15797.227515688111,2761.4649271410776,False,False,Neither
83,Iceland,ISL,2000,0.80619091,High SDI,1353.71449170569,2416.810698477548,-1063.096206771858,0.5601243376481462,-0.5795964883837441,15797.227515688111,2761.4649271410776,False,False,Neither
84,Ireland,IRL,2000,0.807047731,High SDI,1562.1626563449602,2399.2607905504706,-837.0981342055104,0.6511016486817791,-0.4290895065941943,15797.227515688111,2761.4649271410776,False,False,Neither
85,Israel,ISR,2000,0.769369596,High SDI,1322.46923350853,3248.1393189995742,-1925.6700854910443,0.4071467088166187,-0.898581694568158,15797.227515688111,2761.4649271410776,False,False,Neither
86,Italy,ITA,2000,0.769387651,High SDI,1152.07409544677,3247.695031633524,-2095.620936186754,0.3547359232394736,-1.0363816445200604,15797.227515688111,2761.4649271410776,False,False,Neither
87,Luxembourg,LUX,2000,0.819893989,High SDI,1265.83705677949,2145.9342774852585,-880.0972207057684,0.5898768988689057,-0.5278414098368791,15797.227515688111,2761.4649271410776,False,False,Neither
88,Malta,MLT,2000,0.724044958,High SDI,1434.05948284634,4472.1018963222205,-3038.0424134758805,0.3206678908693216,-1.1373492993120304,15797.227515688111,2761.4649271410776,False,False,Neither
89,Netherlands,NLD,2000,0.843479274,High SDI,1072.42569556757,1728.2183964752764,-655.7927009077064,0.6205382940922258,-0.477167961346957,15797.227515688111,2761.4649271410776,False,False,Neither
90,Norway,NOR,2000,0.849594337,High SDI,1320.02155238361,1629.7578961499669,-309.73634376635664,0.8099494750121736,-0.21078340978932986,15797.227515688111,2761.4649271410776,False,False,Neither
91,Portugal,PRT,2000,0.685872501,High-middle SDI,1590.88804031394,5658.391745646088,-4067.503705332148,0.2811555141154846,-1.2688473317188973,15797.227515688111,2761.4649271410776,False,False,Neither
92,Spain,ESP,2000,0.731240551,High SDI,1160.07542311137,4263.724408743304,-3103.648985631934,0.2720803016096653,-1.301658029750787,15797.227515688111,2761.4649271410776,False,False,Neither
93,Sweden,SWE,2000,0.846044781,High SDI,1058.503293184,1686.4239686767842,-627.9206754927841,0.6276614379565132,-0.46575436942102666,15797.227515688111,2761.4649271410776,False,False,Neither
94,Switzerland,CHE,2000,0.896205529,High SDI,1040.75697090295,1005.2444626095364,35.512508293413475,1.035327235925504,0.034717546722470356,15797.227515688111,2761.4649271410776,False,False,Neither
95,United Kingdom,GBR,2000,0.807298976,High SDI,1236.32412451506,2394.1301622890724,-1157.8060377740123,0.5163980405029389,-0.6608774145502747,15797.227515688111,2761.4649271410776,False,False,Neither
97,Argentina,ARG,2000,0.661899059,Middle SDI,4039.62020714215,6465.994831181406,-2426.374624039256,0.6247484436055555,-0.47040620049778065,15797.227515688111,2761.4649271410776,False,False,Neither
98,Chile,CHL,2000,0.659763201,Middle SDI,3860.76254921353,6540.027448501528,-2679.264899287998,0.5903281873989872,-0.5270766469031696,15797.227515688111,2761.4649271410776,False,False,Neither
99,Uruguay,URY,2000,0.63632472,Middle SDI,5481.047483916341,7372.5686518724115,-1891.5211679560707,0.7434379715846144,-0.2964699441551891,15797.227515688111,2761.4649271410776,False,False,Neither
101,Canada,CAN,2000,0.833484706,High SDI,763.92600226863,1897.8095459558003,-1133.8835436871705,0.4025303824066768,-0.90998470073212,15797.227515688111,2761.4649271410776,False,False,Neither
102,United States of America,USA,2000,0.800877339,High SDI,1413.75514792344,2527.474539008339,-1113.719391084899,0.5593548524837486,-0.5809712085078254,15797.227515688111,2761.4649271410776,False,False,Neither
105,Antigua and Barbuda,ATG,2000,0.665541566,Middle SDI,6143.054995727551,6340.492244990074,-197.43724926252344,0.968860895710656,-0.031634231874468295,15797.227515688111,2761.4649271410776,False,False,Neither
106,Bahamas,BHS,2000,0.746281882,High SDI,5959.7763630631,3844.934467164189,2114.841895898911,1.5500332746785932,0.4382763982353073,15797.227515688111,2761.4649271410776,False,False,Neither
107,Barbados,BRB,2000,0.684536377,High-middle SDI,6316.4761078964,5702.217347857417,614.2587600389834,1.1077227896740534,0.10230636719753505,15797.227515688111,2761.4649271410776,False,False,Neither
108,Belize,BLZ,2000,0.509728649,Low SDI,7043.63906810957,12267.873905086824,-5224.234836977254,0.574153200677173,-0.5548590181396275,15797.227515688111,2761.4649271410776,False,False,Neither
109,Cuba,CUB,2000,0.590435795,Low-middle SDI,6272.82595701444,9092.665788582648,-2819.839831568208,0.6898775455808587,-0.3712411673131951,15797.227515688111,2761.4649271410776,False,False,Neither
110,Dominica,DMA,2000,0.650068288,Middle SDI,5467.14394851261,6880.039754166377,-1412.8958056537667,0.7946384241750707,-0.22986808014471813,15797.227515688111,2761.4649271410776,False,False,Neither
111,Dominican Republic,DOM,2000,0.501688263,Low SDI,12221.037976835609,12584.265261840535,-363.2272850049266,0.9711363931507112,-0.029288353870769578,15797.227515688111,2761.4649271410776,False,False,Neither
112,Grenada,GRD,2000,0.566344153,Low-middle SDI,7159.602844413419,10030.667712888728,-2871.0648684753087,0.7137713110777077,-0.33719266055543784,15797.227515688111,2761.4649271410776,False,False,Neither
113,Guyana,GUY,2000,0.523778828,Low SDI,6962.35379776143,11712.778229161178,-4750.424431399749,0.5944237704789229,-0.5201627956666826,15797.227515688111,2761.4649271410776,False,False,Neither
114,Haiti,HTI,2000,0.372827245,Low SDI,20674.78995247325,17289.366115283836,3385.423837189413,1.1958095984905248,0.17882344426848223,15797.227515688111,2761.4649271410776,True,True,Double-high
115,Jamaica,JAM,2000,0.605353907,Low-middle SDI,6695.76529561053,8522.194134359353,-1826.4288387488232,0.7856856098378328,-0.24119855405293514,15797.227515688111,2761.4649271410776,False,False,Neither
116,Saint Lucia,LCA,2000,0.597588472,Low-middle SDI,6124.61841872549,8817.96779574182,-2693.3493770163304,0.6945612141703508,-0.3644749793179627,15797.227515688111,2761.4649271410776,False,False,Neither
117,Saint Vincent and the Grenadines,VCT,2000,0.539494601,Low-middle SDI,6045.72548872654,11090.417365152694,-5044.6918764261545,0.5451305653944883,-0.6067299434799194,15797.227515688111,2761.4649271410776,False,False,Neither
118,Suriname,SUR,2000,0.560616954,Low-middle SDI,6573.24926171535,10255.851668689422,-3682.602406974072,0.6409267093617526,-0.4448401665677357,15797.227515688111,2761.4649271410776,False,False,Neither
119,Trinidad and Tobago,TTO,2000,0.666902479,Middle SDI,6103.99668432712,6293.849328788633,-189.85264446151268,0.9698352098145868,-0.03062910870618946,15797.227515688111,2761.4649271410776,False,False,Neither
121,Bolivia (Plurinational State of),BOL,2000,0.492706374,Low SDI,22501.19706727125,12936.12305022732,9565.07401704393,1.739408088490303,0.553544876323865,15797.227515688111,2761.4649271410776,True,True,Double-high
122,Ecuador,ECU,2000,0.561161324,Low-middle SDI,13387.85770659139,10234.420863198866,3153.4368433925247,1.3081206924694406,0.26859152130831226,15797.227515688111,2761.4649271410776,False,True,Excess-only
123,Peru,PER,2000,0.55379641,Low-middle SDI,18230.07904189836,10524.775068828698,7705.303973069662,1.732111035407352,0.5493409162882594,15797.227515688111,2761.4649271410776,True,True,Double-high
125,Colombia,COL,2000,0.551403493,Low-middle SDI,6651.850560522469,10619.280652411442,-3967.430091888973,0.6263937057744073,-0.4677761826088896,15797.227515688111,2761.4649271410776,False,False,Neither
126,Costa Rica,CRI,2000,0.585092481,Low-middle SDI,3641.22328466544,9299.145241231312,-5657.921956565871,0.3915653740432708,-0.9376027939837573,15797.227515688111,2761.4649271410776,False,False,Neither
127,El Salvador,SLV,2000,0.457889875,Low SDI,7689.80856313195,14276.579610364735,-6586.771047232785,0.5386310147809621,-0.6187245161909406,15797.227515688111,2761.4649271410776,False,False,Neither
128,Guatemala,GTM,2000,0.389374436,Low SDI,12993.77927103085,16739.948393614897,-3746.169122584048,0.7762138189139851,-0.25332725691543795,15797.227515688111,2761.4649271410776,False,False,Neither
129,Honduras,HND,2000,0.387320835,Low SDI,9588.24653049163,16809.196419338616,-7220.949888846986,0.5704167106680103,-0.5613881139086395,15797.227515688111,2761.4649271410776,False,False,Neither
130,Mexico,MEX,2000,0.5715402,Low-middle SDI,3566.52063266028,9826.978439223054,-6260.457806562774,0.3629315617937041,-1.013540997495814,15797.227515688111,2761.4649271410776,False,False,Neither
131,Nicaragua,NIC,2000,0.424555316,Low SDI,8857.399737468071,15509.740118768765,-6652.340381300692,0.5710862767293882,-0.5602149831405904,15797.227515688111,2761.4649271410776,False,False,Neither
132,Panama,PAN,2000,0.588400053,Low-middle SDI,4064.2626629212,9171.210804156495,-5106.948141235295,0.4431544263576659,-0.8138369774516623,15797.227515688111,2761.4649271410776,False,False,Neither
133,Venezuela (Bolivarian Republic of),VEN,2000,0.57171511,Low-middle SDI,5577.95600061443,9820.133097363823,-4242.177096749393,0.5680122606598693,-0.5656122748251688,15797.227515688111,2761.4649271410776,False,False,Neither
135,Brazil,BRA,2000,0.567585732,Low-middle SDI,28337.2728581084,9981.940154891634,18355.332703216765,2.838854212547224,1.0434005244805769,15797.227515688111,2761.4649271410776,True,True,Double-high
136,Paraguay,PRY,2000,0.53444865,Low-middle SDI,10012.37046761977,11290.266236849358,-1277.895769229588,0.8868143813067251,-0.12011958429127188,15797.227515688111,2761.4649271410776,False,False,Neither
139,Algeria,DZA,2000,0.520502178,Low SDI,14681.520697036778,11842.4147368075,2839.105960229277,1.23974046031381,0.21490205151080582,15797.227515688111,2761.4649271410776,False,True,Excess-only
140,Bahrain,BHR,2000,0.646366221,Middle SDI,9391.63832683935,7011.53374398458,2380.104582854769,1.339455626937079,0.29226328286710174,15797.227515688111,2761.4649271410776,False,False,Neither
141,Egypt,EGY,2000,0.520865303,Low SDI,23828.33989826163,11828.052366156817,12000.287532104816,2.0145615829737795,0.7004015950374542,15797.227515688111,2761.4649271410776,True,True,Double-high
142,Iran (Islamic Republic of),IRN,2000,0.569742019,Low-middle SDI,8356.63439212545,9897.396628945822,-1540.762236820372,0.844326513871913,-0.16921599442191532,15797.227515688111,2761.4649271410776,False,False,Neither
143,Iraq,IRQ,2000,0.477315051,Low SDI,18895.10139153354,13533.97904757836,5361.12234395518,1.396123144945643,0.33369921316144696,15797.227515688111,2761.4649271410776,True,True,Double-high
144,Jordan,JOR,2000,0.594513369,Low-middle SDI,11697.976134707387,8935.815551558315,2762.1605831490724,1.309111190490876,0.2693484263996591,15797.227515688111,2761.4649271410776,False,True,Excess-only
145,Kuwait,KWT,2000,0.738449736,High SDI,9962.04970896343,4060.1256025041785,5901.924106459252,2.453630917925076,0.8975689347839458,15797.227515688111,2761.4649271410776,False,True,Excess-only
146,Lebanon,LBN,2000,0.603318955,Low-middle SDI,15860.24744321825,8599.438932359966,7260.808510858284,1.8443351441843057,0.6121188570932001,15797.227515688111,2761.4649271410776,True,True,Double-high
147,Libya,LBY,2000,0.677842794,High-middle SDI,11450.57011852177,5923.939963645775,5526.630154875995,1.9329314930252488,0.6590377588455683,15797.227515688111,2761.4649271410776,False,True,Excess-only
148,Morocco,MAR,2000,0.432002751,Low SDI,18966.66691448231,15239.414056909303,3727.252857573007,1.2445798010116491,0.21879796372002175,15797.227515688111,2761.4649271410776,True,True,Double-high
149,Palestine,PSE,2000,0.47557358,Low SDI,15018.605644444771,13601.145183303692,1417.4604611410796,1.1042162584133803,0.09913581491570231,15797.227515688111,2761.4649271410776,False,False,Neither
150,Oman,OMN,2000,0.615785968,Low-middle SDI,10976.10113890742,8129.332705937678,2846.7684329697413,1.3501847612769566,0.3002414432909877,15797.227515688111,2761.4649271410776,False,True,Excess-only
151,Qatar,QAT,2000,0.726665868,High SDI,9257.62349648187,4395.613297666099,4862.010198815771,2.106105080125522,0.7448403080632042,15797.227515688111,2761.4649271410776,False,True,Excess-only
152,Saudi Arabia,SAU,2000,0.644674852,Middle SDI,10926.52537496827,7071.904170841151,3854.621204127119,1.5450612891532776,0.4350635789177729,15797.227515688111,2761.4649271410776,False,True,Excess-only
153,Syrian Arab Republic,SYR,2000,0.459815874,Low SDI,13233.68218855237,14203.64491832027,-969.9627297679,0.93171029441064,-0.0707333555252548,15797.227515688111,2761.4649271410776,False,False,Neither
154,Tunisia,TUN,2000,0.556248594,Low-middle SDI,15710.18512755987,10428.007390677752,5282.177736882117,1.5065375904512863,0.40981403145168543,15797.227515688111,2761.4649271410776,False,True,Excess-only
155,Türkiye,TUR,2000,0.554995483,Low-middle SDI,18536.28161957642,10477.446906802546,8058.834712773874,1.76916015747516,0.5705049466788473,15797.227515688111,2761.4649271410776,True,True,Double-high
156,United Arab Emirates,ARE,2000,0.767154532,High SDI,10188.0487442373,3302.915425101396,6885.133319135904,3.0845624041144006,1.1264098009799712,15797.227515688111,2761.4649271410776,False,True,Excess-only
157,Yemen,YEM,2000,0.300179019,Low SDI,27375.3521360462,19458.486488022056,7916.865648024144,1.4068592720660715,0.34135975327639456,15797.227515688111,2761.4649271410776,True,True,Double-high
160,Afghanistan,AFG,2000,0.182385516,Low SDI,26013.6060322175,22191.421903686347,3822.184128531153,1.17223700874689,0.15891389660317212,15797.227515688111,2761.4649271410776,True,True,Double-high
161,Bangladesh,BGD,2000,0.310149653,Low SDI,30062.61297713349,19184.609184438857,10878.003792694632,1.567017221362949,0.4491739533345207,15797.227515688111,2761.4649271410776,True,True,Double-high
162,Bhutan,BTN,2000,0.309348544,Low SDI,17481.52383574808,19206.8918330474,-1725.3679972993125,0.9101693281611216,-0.09412462187869727,15797.227515688111,2761.4649271410776,True,False,Structural high
163,India,IND,2000,0.404188776,Low SDI,19525.14708735963,16231.78964616947,3293.357441190159,1.2028955224889424,0.18473158574721824,15797.227515688111,2761.4649271410776,True,True,Double-high
164,Nepal,NPL,2000,0.27948396,Low SDI,27934.63112945671,20003.36286833356,7931.268261123154,1.3964967447387957,0.3339667753862678,15797.227515688111,2761.4649271410776,True,True,Double-high
165,Pakistan,PAK,2000,0.371079894,Low SDI,23206.85441352087,17346.225678757175,5860.6287347636935,1.3378618982192094,0.2910727412961904,15797.227515688111,2761.4649271410776,True,True,Double-high
168,Angola,AGO,2000,0.317040809,Low SDI,22006.2844881947,18990.918049216096,3015.3664389786027,1.158779392926877,0.14736720364040198,15797.227515688111,2761.4649271410776,True,True,Double-high
169,Central African Republic,CAF,2000,0.224272738,Low SDI,27451.69687538121,21313.168488856925,6138.528386524285,1.2880157584140373,0.2531028624008246,15797.227515688111,2761.4649271410776,True,True,Double-high
170,Congo,COG,2000,0.454941149,Low SDI,17830.58998986429,14387.92039977304,3442.669590091249,1.2392749955820963,0.21452652764218566,15797.227515688111,2761.4649271410776,True,True,Double-high
171,Democratic Republic of the Congo,COD,2000,0.265696114,Low SDI,25701.487474845104,20349.285132769543,5352.202342075561,1.263016725509272,0.23350308596417954,15797.227515688111,2761.4649271410776,True,True,Double-high
172,Equatorial Guinea,GNQ,2000,0.407621668,Low SDI,21797.69404176911,16111.93223262671,5685.761809142401,1.352891368151904,0.30224405635100565,15797.227515688111,2761.4649271410776,True,True,Double-high
173,Gabon,GAB,2000,0.506912675,Low SDI,16460.53317620943,12378.814199055623,4081.718977153805,1.3297342468768292,0.2849791078897859,15797.227515688111,2761.4649271410776,True,True,Double-high
175,Burundi,BDI,2000,0.227299579,Low SDI,29032.03758080441,21246.268300607524,7785.769280196884,1.3664534952697671,0.3122186938052499,15797.227515688111,2761.4649271410776,True,True,Double-high
176,Comoros,COM,2000,0.348110099,Low SDI,21853.28976954652,18072.49335410319,3780.796415443332,1.2092017045664003,0.18996039358674421,15797.227515688111,2761.4649271410776,True,True,Double-high
177,Djibouti,DJI,2000,0.359559322,Low SDI,19389.89543508877,17715.445008556406,1674.450426532363,1.0945192415840312,0.09031521807662096,15797.227515688111,2761.4649271410776,True,False,Structural high
178,Eritrea,ERI,2000,0.320812132,Low SDI,28286.37959395504,18883.38267663529,9402.996917319746,1.4979508744984669,0.4040980904975224,15797.227515688111,2761.4649271410776,True,True,Double-high
179,Ethiopia,ETH,2000,0.167346889,Low SDI,27233.80971507768,22488.81927941976,4744.9904356579245,1.2109933107960105,0.19144094085298313,15797.227515688111,2761.4649271410776,True,True,Double-high
180,Kenya,KEN,2000,0.385822095,Low SDI,31573.03980198896,16859.546833823046,14713.492968165916,1.8727098725244624,0.6273865115835671,15797.227515688111,2761.4649271410776,True,True,Double-high
181,Madagascar,MDG,2000,0.273442498,Low SDI,23638.48115853765,20156.578682189767,3481.902476347881,1.172742732347949,0.15934522110464788,15797.227515688111,2761.4649271410776,True,True,Double-high
182,Malawi,MWI,2000,0.243014566,Low SDI,26710.12394261773,20890.342174723664,5819.781767894066,1.2785871920726952,0.24575571215085334,15797.227515688111,2761.4649271410776,True,True,Double-high
183,Mauritius,MUS,2000,0.620234904,Low-middle SDI,11330.47704317043,7963.45602803247,3367.021015137959,1.422809017000355,0.3526330985758448,15797.227515688111,2761.4649271410776,False,True,Excess-only
184,Mozambique,MOZ,2000,0.207105448,Low SDI,20168.35391990183,21683.25855285725,-1514.9046329554185,0.9301348259412884,-0.07242572921215151,15797.227515688111,2761.4649271410776,True,False,Structural high
185,Rwanda,RWA,2000,0.287685354,Low SDI,32504.82617542898,19791.182844367548,12713.643331061434,1.6423892614725482,0.4961520483868842,15797.227515688111,2761.4649271410776,True,True,Double-high
186,Seychelles,SYC,2000,0.671975917,Middle SDI,13202.464443637498,6121.176816693846,7081.287626943652,2.1568506904801974,0.768649144093291,15797.227515688111,2761.4649271410776,False,True,Excess-only
187,Somalia,SOM,2000,0.054366157,Low SDI,19937.89782200857,24639.635322186656,-4701.737500178086,0.8091799071415466,-0.21173400451889215,15797.227515688111,2761.4649271410776,True,False,Structural high
189,United Republic of Tanzania,TZA,2000,0.29351309,Low SDI,26250.10823980711,19637.432071850984,6612.676167956124,1.3367383344095676,0.29023256797830327,15797.227515688111,2761.4649271410776,True,True,Double-high
190,Uganda,UGA,2000,0.229453545,Low SDI,22050.16753084051,21198.34412695829,851.8234038822193,1.0401834878602116,0.03939712822604612,15797.227515688111,2761.4649271410776,True,False,Structural high
191,Zambia,ZMB,2000,0.320809459,Low SDI,16186.76582205867,18883.45927977577,-2696.6934577171014,0.8571928258608175,-0.15409238468883252,15797.227515688111,2761.4649271410776,True,False,Structural high
193,Botswana,BWA,2000,0.547056539,Low-middle SDI,12769.55724233728,10791.122467019868,1978.4347753174115,1.1833391087316412,0.16834019542559286,15797.227515688111,2761.4649271410776,False,False,Neither
194,Lesotho,LSO,2000,0.400807516,Low SDI,21299.08920794757,16349.083152015935,4950.0060559316335,1.302769642181511,0.2644924921692558,15797.227515688111,2761.4649271410776,True,True,Double-high
195,Namibia,NAM,2000,0.492986631,Low SDI,19082.20483422706,12925.173560345813,6157.03127388125,1.4763596593217831,0.389579368122396,15797.227515688111,2761.4649271410776,True,True,Double-high
196,South Africa,ZAF,2000,0.600077471,Low-middle SDI,15840.74870975224,8722.87342822939,7117.875281522851,1.816001211078867,0.5966369470725285,15797.227515688111,2761.4649271410776,True,True,Double-high
197,Eswatini,SWZ,2000,0.476016472,Low SDI,18613.11783754435,13584.073575773644,5029.044261770705,1.3702162119277457,0.31496854631329885,15797.227515688111,2761.4649271410776,True,True,Double-high
198,Zimbabwe,ZWE,2000,0.456665358,Low SDI,12802.0454722533,14322.864074695735,-1520.8186024424358,0.8938188204180983,-0.11225218607200743,15797.227515688111,2761.4649271410776,False,False,Neither
200,Benin,BEN,2000,0.254826327,Low SDI,19098.29999195232,20612.78740396255,-1514.4874120102286,0.9265268019152476,-0.07631230554210801,15797.227515688111,2761.4649271410776,True,False,Structural high
201,Burkina Faso,BFA,2000,0.172976705,Low SDI,21887.86101070637,22378.382890962555,-490.5218802561867,0.9780805484182558,-0.022163251992882008,15797.227515688111,2761.4649271410776,True,False,Structural high
202,Cameroon,CMR,2000,0.351282149,Low SDI,18681.42364736668,17974.567673127807,706.8559742388716,1.0393253393958193,0.03857179052912692,15797.227515688111,2761.4649271410776,True,False,Structural high
203,Cabo Verde,CPV,2000,0.375976353,Low SDI,10676.42412362494,17186.327850401372,-6509.903726776432,0.6212161327630906,-0.4760762177243344,15797.227515688111,2761.4649271410776,False,False,Neither
204,Chad,TCD,2000,0.140063548,Low SDI,22113.618948606832,23012.104695904167,-898.4857472973345,0.960955950828033,-0.039826707869841,15797.227515688111,2761.4649271410776,True,False,Structural high
205,Côte d'Ivoire,CIV,2000,0.335645081,Low SDI,16679.232413936872,18449.859494820503,-1770.6270808836343,0.9040303216736848,-0.10089237747803985,15797.227515688111,2761.4649271410776,True,False,Structural high
206,Gambia,GMB,2000,0.302961375,Low SDI,17500.931568559212,19382.812955798134,-1881.881387238922,0.9029097896404156,-0.10213263128599877,15797.227515688111,2761.4649271410776,True,False,Structural high
207,Ghana,GHA,2000,0.432914875,Low SDI,15462.013882454889,15206.08770601656,255.92617643832816,1.0168305077141615,0.01669044409580121,15797.227515688111,2761.4649271410776,False,False,Neither
208,Guinea,GIN,2000,0.223791156,Low SDI,23368.54218901617,21323.76522120121,2044.7769678149525,1.09589192840024,0.09156857818975081,15797.227515688111,2761.4649271410776,True,False,Structural high
209,Guinea-Bissau,GNB,2000,0.253093586,Low SDI,20935.795365632683,20654.06585492366,281.72951070902127,1.0136403898722857,0.013548197171181777,15797.227515688111,2761.4649271410776,True,False,Structural high
210,Liberia,LBR,2000,0.235269046,Low SDI,21273.42345961949,21067.608469588224,205.81499003126737,1.0097692621508687,0.009721851437762639,15797.227515688111,2761.4649271410776,True,False,Structural high
211,Mali,MLI,2000,0.161124619,Low SDI,15179.49106491778,22609.76176520732,-7430.270700289537,0.6713689079323474,-0.398436504813922,15797.227515688111,2761.4649271410776,False,False,Neither
212,Mauritania,MRT,2000,0.388943694,Low SDI,18608.36531911566,16754.497679364806,1853.8676397508527,1.11064895380505,0.10494448755467965,15797.227515688111,2761.4649271410776,True,False,Structural high
213,Niger,NER,2000,0.110986506,Low SDI,25968.25313401588,23557.485660222108,2410.7674737937705,1.102335516980255,0.09743112626117295,15797.227515688111,2761.4649271410776,True,False,Structural high
214,Nigeria,NGA,2000,0.330048052,Low SDI,23483.65868099905,18615.42797884703,4868.230702152021,1.261515916136006,0.23231410585331652,15797.227515688111,2761.4649271410776,True,True,Double-high
215,Sao Tome and Principe,STP,2000,0.338033543,Low SDI,19726.89069238996,18378.473125016004,1348.4175673739555,1.0733694011576265,0.0708026738866262,15797.227515688111,2761.4649271410776,True,False,Structural high
216,Senegal,SEN,2000,0.288162867,Low SDI,20625.053129878303,19778.678563658854,846.3745662194488,1.0427922706512138,0.041901990939281236,15797.227515688111,2761.4649271410776,True,False,Structural high
217,Sierra Leone,SLE,2000,0.22021663,Low SDI,23012.12049612829,21402.01920833377,1610.1012877945177,1.0752312794471073,0.07253578211127298,15797.227515688111,2761.4649271410776,True,False,Structural high
218,Togo,TGO,2000,0.328479469,Low SDI,19361.64803860142,18661.3974808442,700.2505577572229,1.037524014933824,0.03683711977899817,15797.227515688111,2761.4649271410776,True,False,Structural high
298,American Samoa,ASM,2000,0.645998705,Middle SDI,9284.3131860579,7024.636016134349,2259.6771699235505,1.3216788976302076,0.2789028205727602,15797.227515688111,2761.4649271410776,False,False,Neither
305,Bermuda,BMU,2000,0.738343334,High SDI,5337.10555059107,4063.092357732325,1274.0131928587448,1.313557527294258,0.27273912613472867,15797.227515688111,2761.4649271410776,False,False,Neither
320,Cook Islands,COK,2000,0.666709792,Middle SDI,12844.429979240042,6300.445080267543,6543.984898972499,2.038654383238369,0.7122899741541167,15797.227515688111,2761.4649271410776,False,True,Excess-only
349,Greenland,GRL,2000,0.766745337,High SDI,1386.33687963893,3313.0926983458403,-1926.7558187069103,0.4184419229595054,-0.8712171729729595,15797.227515688111,2761.4649271410776,False,False,Neither
351,Guam,GUM,2000,0.72627003,High SDI,7487.342290805141,4407.122363732498,3080.2199270726423,1.6989186305378483,0.5299919489813135,15797.227515688111,2761.4649271410776,False,True,Excess-only
367,Monaco,MCO,2000,0.875089866,High SDI,1371.10192912863,1261.3690635406208,109.7328655880092,1.0869950506634376,0.0834170549211974,15797.227515688111,2761.4649271410776,False,False,Neither
369,Nauru,NRU,2000,0.529756693,Low SDI,17214.06492709745,11476.104390187173,5737.960536910277,1.499992013127435,0.4054597835122787,15797.227515688111,2761.4649271410776,True,True,Double-high
374,Niue,NIU,2000,0.646667298,Middle SDI,12590.27974081652,7000.806549871089,5589.473190945431,1.7984041768799273,0.5868997032678781,15797.227515688111,2761.4649271410776,False,True,Excess-only
376,Northern Mariana Islands,MNP,2000,0.751138659,High SDI,7856.09557496408,3714.6892028197294,4141.406372144351,2.114872912921143,0.7489947222394977,15797.227515688111,2761.4649271410776,False,True,Excess-only
380,Palau,PLW,2000,0.722431331,High SDI,9310.08702875543,4519.526558857416,4790.560469898014,2.059969536081036,0.7226911943819649,15797.227515688111,2761.4649271410776,False,True,Excess-only
385,Puerto Rico,PRI,2000,0.734601645,High SDI,5389.126703006749,4168.150388894664,1220.9763141120857,1.292930004964593,0.25691096449967804,15797.227515688111,2761.4649271410776,False,False,Neither
393,Saint Kitts and Nevis,KNA,2000,0.645526251,Middle SDI,6191.73872629175,7041.492139771629,-849.7534134798789,0.8793219680413592,-0.12860415935261804,15797.227515688111,2761.4649271410776,False,False,Neither
396,San Marino,SMR,2000,0.835637096,High SDI,1308.39465395166,1860.3714571947987,-551.9768032431386,0.7032975317330181,-0.3519752452249868,15797.227515688111,2761.4649271410776,False,False,Neither
416,Tuvalu,TUV,2000,0.510900532,Low SDI,14090.36690060036,12221.668339508562,1868.6985610917984,1.1529004477278213,0.1422808956059203,15797.227515688111,2761.4649271410776,False,False,Neither
422,United States Virgin Islands,VIR,2000,0.719158912,High SDI,4867.70220343661,4616.474608059992,251.2275953766184,1.0544197936100408,0.0529906569818269,15797.227515688111,2761.4649271410776,False,False,Neither
435,South Sudan,SSD,2000,0.300693317,Low SDI,17915.29911076738,19444.54252764279,-1529.243416875408,0.9213535924179548,-0.08191139412822082,15797.227515688111,2761.4649271410776,True,False,Structural high
522,Sudan,SDN,2000,0.365674574,Low SDI,19884.01629376689,17520.689944223726,2363.326349543164,1.134887744550397,0.126533742562268,15797.227515688111,2761.4649271410776,True,False,Structural high
6,China,CHN,2001,0.558919487,Low-middle SDI,15345.70019543888,10334.658238449656,5011.041956989224,1.4848773748846242,0.3953321930098211,15383.092470656598,2556.8318519173695,False,True,Excess-only
7,Democratic People's Republic of Korea,PRK,2001,0.502171474,Low SDI,17621.61856453292,12579.827720001662,5041.790844531259,1.4007837751637024,0.3370319193722429,15383.092470656598,2556.8318519173695,True,True,Double-high
8,Taiwan,TWN,2001,0.767277802,High SDI,12564.29302604896,3303.6722275160114,9260.620798532947,3.803129415019446,1.3358242580856223,15383.092470656598,2556.8318519173695,False,True,Excess-only
10,Cambodia,KHM,2001,0.352407993,Low SDI,33696.58648208209,17960.38999243215,15736.196489649945,1.8761611800345428,0.6292277637561533,15383.092470656598,2556.8318519173695,True,True,Double-high
11,Indonesia,IDN,2001,0.537725082,Low-middle SDI,14296.982123768228,11173.4110797365,3123.571044031727,1.2795539358340149,0.246511529565925,15383.092470656598,2556.8318519173695,False,True,Excess-only
12,Lao People's Democratic Republic,LAO,2001,0.345696438,Low SDI,20378.966929198792,18167.49482329928,2211.472105899513,1.1217268603849202,0.11486933752205312,15383.092470656598,2556.8318519173695,True,False,Structural high
13,Malaysia,MYS,2001,0.663046821,Middle SDI,9812.44927935844,6433.783162294476,3378.666117063964,1.525144542773032,0.42208918771408155,15383.092470656598,2556.8318519173695,False,True,Excess-only
14,Maldives,MDV,2001,0.491828069,Low SDI,13295.05734615383,12985.436275057242,309.6210710965879,1.0238437172643415,0.023563895110678766,15383.092470656598,2556.8318519173695,False,False,Neither
15,Myanmar,MMR,2001,0.383897614,Low SDI,18325.70053119826,16943.553941371283,1382.146589826978,1.081573593982085,0.07841701216061536,15383.092470656598,2556.8318519173695,True,False,Structural high
16,Philippines,PHL,2001,0.553299307,Low-middle SDI,18833.4945194272,10556.605427333869,8276.889092093334,1.7840483523862949,0.5788851371460748,15383.092470656598,2556.8318519173695,True,True,Double-high
17,Sri Lanka,LKA,2001,0.603256871,Low-middle SDI,11299.4498232556,8611.754047102027,2687.6957761535723,1.3120962072828843,0.27162601655518864,15383.092470656598,2556.8318519173695,False,True,Excess-only
18,Thailand,THA,2001,0.578126001,Low-middle SDI,14923.33030756772,9580.871976650396,5342.458330917325,1.5576171296242622,0.44315717246290465,15383.092470656598,2556.8318519173695,False,True,Excess-only
19,Timor-Leste,TLS,2001,0.359413086,Low SDI,28066.02951577852,17740.57656267807,10325.452953100448,1.582024654983465,0.45870545391647777,15383.092470656598,2556.8318519173695,True,True,Double-high
20,Viet Nam,VNM,2001,0.505066758,Low SDI,17795.81074980297,12465.87468881202,5329.936060990951,1.4275621401661054,0.35596819236493904,15383.092470656598,2556.8318519173695,True,True,Double-high
22,Fiji,FJI,2001,0.60321603,Low-middle SDI,10956.47231247641,8613.308211126307,2343.164101350103,1.2720399693027706,0.24062188683209543,15383.092470656598,2556.8318519173695,False,False,Neither
23,Kiribati,KIR,2001,0.465035811,Low SDI,12086.89679498272,14021.37571733858,-1934.47892235586,0.8620335863360599,-0.14846104581060152,15383.092470656598,2556.8318519173695,False,False,Neither
24,Marshall Islands,MHL,2001,0.484420903,Low SDI,13736.09090224773,13274.203216532573,461.8876857151572,1.034795887796858,0.03420419741080307,15383.092470656598,2556.8318519173695,False,False,Neither
25,Micronesia (Federated States of),FSM,2001,0.519919778,Low SDI,10024.46531952292,11879.180174149878,-1854.7148546269584,0.8438684465226837,-0.1697586655839756,15383.092470656598,2556.8318519173695,False,False,Neither
26,Papua New Guinea,PNG,2001,0.380510965,Low SDI,14268.80917835354,17056.407036422286,-2787.597858068746,0.8365659395841044,-0.1784499337073209,15383.092470656598,2556.8318519173695,False,False,Neither
27,Samoa,WSM,2001,0.528100604,Low SDI,11213.30582349953,11555.045501180985,-341.73967768145303,0.9704250686294116,-0.030021088391028634,15383.092470656598,2556.8318519173695,False,False,Neither
28,Solomon Islands,SLB,2001,0.374737672,Low SDI,14822.83050892176,17246.881642127337,-2424.0511332055776,0.8594498887680324,-0.15146275863024675,15383.092470656598,2556.8318519173695,False,False,Neither
29,Tonga,TON,2001,0.558251185,Low-middle SDI,12279.13524419375,10361.024973644207,1918.1102705495432,1.185127463299116,0.1698503327680047,15383.092470656598,2556.8318519173695,False,False,Neither
30,Vanuatu,VUT,2001,0.398321233,Low SDI,13622.08675103038,16453.863191318098,-2831.7764402877183,0.8278959532262363,-0.18886779284758826,15383.092470656598,2556.8318519173695,False,False,Neither
33,Armenia,ARM,2001,0.588923639,Low-middle SDI,7830.00825944561,9161.585762686656,-1331.5775032410447,0.8546564385540876,-0.15705571705170798,15383.092470656598,2556.8318519173695,False,False,Neither
34,Azerbaijan,AZE,2001,0.588113226,Low-middle SDI,15765.44961759245,9192.916959507587,6572.532658084863,1.714956165386369,0.5393875207497768,15383.092470656598,2556.8318519173695,True,True,Double-high
35,Georgia,GEO,2001,0.639658387,Middle SDI,9620.72381447225,7260.411592425931,2360.312222046319,1.3250934457364096,0.28148298203549144,15383.092470656598,2556.8318519173695,False,False,Neither
36,Kazakhstan,KAZ,2001,0.651709722,Middle SDI,8045.577983445561,6829.921006509929,1215.656976935632,1.1779899029252212,0.1638095138218806,15383.092470656598,2556.8318519173695,False,False,Neither
37,Kyrgyzstan,KGZ,2001,0.546873497,Low-middle SDI,10492.96032477957,10810.860073860844,-317.8997490812744,0.970594407206332,-0.02984660423004186,15383.092470656598,2556.8318519173695,False,False,Neither
38,Mongolia,MNG,2001,0.547129081,Low-middle SDI,12876.24085800771,10800.739247472524,2075.501610535186,1.192162921720462,0.1757692385990836,15383.092470656598,2556.8318519173695,False,False,Neither
39,Tajikistan,TJK,2001,0.455071119,Low SDI,11921.12120638925,14399.66769394332,-2478.546487554069,0.827874744040338,-0.18889341135374313,15383.092470656598,2556.8318519173695,False,False,Neither
40,Turkmenistan,TKM,2001,0.581760738,Low-middle SDI,14072.74007277029,9439.304183573482,4633.435889196808,1.4908662544491396,0.3993573298470983,15383.092470656598,2556.8318519173695,False,True,Excess-only
41,Uzbekistan,UZB,2001,0.567480187,Low-middle SDI,13262.98607697296,9997.638663125488,3265.347413847472,1.326611865448901,0.28262822232448326,15383.092470656598,2556.8318519173695,False,True,Excess-only
43,Albania,ALB,2001,0.580156287,Low-middle SDI,9574.089091581767,9501.745072202186,72.34401937958137,1.007613761349084,0.007584922954745803,15383.092470656598,2556.8318519173695,False,False,Neither
44,Bosnia and Herzegovina,BIH,2001,0.597216323,Low-middle SDI,6004.59697918606,8842.430949048941,-2837.833969862881,0.6790663126220841,-0.3870364940093361,15383.092470656598,2556.8318519173695,False,False,Neither
45,Bulgaria,BGR,2001,0.681605505,High-middle SDI,8628.63786911146,5805.571218534615,2823.066650576846,1.486268541769679,0.3962686444839282,15383.092470656598,2556.8318519173695,False,True,Excess-only
46,Croatia,HRV,2001,0.695779613,High-middle SDI,4215.74319734162,5344.252375983546,-1128.5091786419262,0.7888368476546287,-0.23719576322665642,15383.092470656598,2556.8318519173695,False,False,Neither
47,Czechia,CZE,2001,0.766301072,High SDI,5150.76070421961,3328.0100561348,1822.7506480848097,1.5476998618813609,0.436769868695351,15383.092470656598,2556.8318519173695,False,False,Neither
48,Hungary,HUN,2001,0.717018892,High-middle SDI,5296.12312907189,4685.845333042016,610.2777960298736,1.1302385701308852,0.12242873445034477,15383.092470656598,2556.8318519173695,False,False,Neither
49,North Macedonia,MKD,2001,0.650638868,Middle SDI,6690.644276257959,6867.792472963056,-177.14819670509678,0.9742059479224964,-0.026132552185409098,15383.092470656598,2556.8318519173695,False,False,Neither
50,Montenegro,MNE,2001,0.672652205,Middle SDI,6613.43815178873,6105.363903817113,508.0742479716164,1.0832176846418549,0.07993594933678017,15383.092470656598,2556.8318519173695,False,False,Neither
51,Poland,POL,2001,0.723482325,High SDI,3411.5314931871803,4493.80403581058,-1082.2725426233997,0.7591633871884709,-0.2755382583650193,15383.092470656598,2556.8318519173695,False,False,Neither
52,Romania,ROU,2001,0.661333223,Middle SDI,9110.88703036305,6493.082402235696,2617.8046281273546,1.4031682436720645,0.3387327110171346,15383.092470656598,2556.8318519173695,False,True,Excess-only
53,Serbia,SRB,2001,0.653493725,Middle SDI,5555.84483517476,6766.9988688911,-1211.1540337163397,0.8210205059610406,-0.1972071930315869,15383.092470656598,2556.8318519173695,False,False,Neither
54,Slovakia,SVK,2001,0.738917891,High SDI,5689.49665145111,4051.769933488244,1637.726717962866,1.4042003235245188,0.33946797599873363,15383.092470656598,2556.8318519173695,False,False,Neither
55,Slovenia,SVN,2001,0.777402768,High SDI,5310.89403366538,3057.5169702208486,2253.377063444532,1.7369957666275089,0.5521570500812766,15383.092470656598,2556.8318519173695,False,False,Neither
57,Belarus,BLR,2001,0.680049581,High-middle SDI,5127.85697523986,5857.216623104761,-729.3596478649015,0.8754767503411396,-0.13298668347276194,15383.092470656598,2556.8318519173695,False,False,Neither
58,Estonia,EST,2001,0.74634649,High SDI,4328.65522019264,3847.6336737052416,481.02154648739815,1.1250175009577192,0.11779859194224536,15383.092470656598,2556.8318519173695,False,False,Neither
59,Latvia,LVA,2001,0.74071357,High SDI,4170.67204297069,4001.9043257215567,168.7677172491335,1.0421718520766243,0.041306854949996405,15383.092470656598,2556.8318519173695,False,False,Neither
60,Lithuania,LTU,2001,0.720075847,High SDI,4491.77241828743,4594.517384837955,-102.74496655052552,0.97763748443099,-0.02261634797850345,15383.092470656598,2556.8318519173695,False,False,Neither
61,Republic of Moldova,MDA,2001,0.616499534,Low-middle SDI,7550.299232897451,8112.036415336073,-561.7371824386228,0.9307526305753954,-0.0717617399368821,15383.092470656598,2556.8318519173695,False,False,Neither
62,Russian Federation,RUS,2001,0.719877559,High SDI,3552.06914849526,4600.414246391687,-1048.345097896427,0.7721194132205178,-0.2586160605816725,15383.092470656598,2556.8318519173695,False,False,Neither
63,Ukraine,UKR,2001,0.67760707,High-middle SDI,2971.05067490718,5938.678464099686,-2967.6277891925056,0.5002881858089613,-0.6925709749803469,15383.092470656598,2556.8318519173695,False,False,Neither
66,Brunei Darussalam,BRN,2001,0.742242868,High SDI,2874.86934642338,3959.6968729226073,-1084.8275264992271,0.7260326834820242,-0.32016024660036513,15383.092470656598,2556.8318519173695,False,False,Neither
67,Japan,JPN,2001,0.828070405,High SDI,2695.8638435930297,1996.5314600714505,699.3323835215795,1.3502736608500787,0.3003072836478884,15383.092470656598,2556.8318519173695,False,False,Neither
68,Republic of Korea,KOR,2001,0.797822159,High SDI,2361.73545602059,2595.5300154104134,-233.79455938982343,0.909924154988878,-0.09439402911079414,15383.092470656598,2556.8318519173695,False,False,Neither
69,Singapore,SGP,2001,0.784552532,High SDI,4885.31986801259,2890.4873591245423,1994.832508888048,1.690137081067268,0.524809638703051,15383.092470656598,2556.8318519173695,False,False,Neither
71,Australia,AUS,2001,0.775756604,High SDI,977.06584119532,3096.7729359203145,-2119.7070947249945,0.3155109726845215,-1.153561818890828,15383.092470656598,2556.8318519173695,False,False,Neither
72,New Zealand,NZL,2001,0.79187199,High SDI,1379.83618807838,2725.365298695589,-1345.5291106172094,0.5062940328545298,-0.6806376858657132,15383.092470656598,2556.8318519173695,False,False,Neither
74,Andorra,AND,2001,0.813127595,High SDI,1333.08922739659,2279.714509024179,-946.6252816275888,0.5847614787376217,-0.536551243547847,15383.092470656598,2556.8318519173695,False,False,Neither
75,Austria,AUT,2001,0.794902077,High SDI,1209.99538427504,2658.754045184883,-1448.7586609098432,0.4550986528695248,-0.7872410640396749,15383.092470656598,2556.8318519173695,False,False,Neither
76,Belgium,BEL,2001,0.800841535,High SDI,1384.16375865395,2531.156990994324,-1146.993232340374,0.5468502205033927,-0.6035803339763466,15383.092470656598,2556.8318519173695,False,False,Neither
77,Cyprus,CYP,2001,0.759080666,High SDI,1007.73462027664,3511.125780755748,-2503.3911604791074,0.2870118256087458,-1.2482318598597284,15383.092470656598,2556.8318519173695,False,False,Neither
78,Denmark,DNK,2001,0.85614348,High SDI,1302.50055207035,1530.477150949412,-227.97659887906207,0.8510421415062357,-0.1612936316510111,15383.092470656598,2556.8318519173695,False,False,Neither
79,Finland,FIN,2001,0.812504435,High SDI,1327.12786909714,2292.062573256436,-964.9347041592952,0.5790103134975196,-0.5464349889641235,15383.092470656598,2556.8318519173695,False,False,Neither
80,France,FRA,2001,0.790997941,High SDI,1073.7950294581,2744.769905042315,-1670.9748755842147,0.3912149530222811,-0.9384981180798844,15383.092470656598,2556.8318519173695,False,False,Neither
81,Germany,DEU,2001,0.830452002,High SDI,1243.6398719576,1953.676577127407,-710.036705169807,0.6365638440453583,-0.45167056115177995,15383.092470656598,2556.8318519173695,False,False,Neither
82,Greece,GRC,2001,0.754181431,High SDI,1254.49728694179,3638.559698445199,-2384.062411503409,0.3447785362647346,-1.0648529919424536,15383.092470656598,2556.8318519173695,False,False,Neither
83,Iceland,ISL,2001,0.812148877,High SDI,1300.60654784156,2299.127422910447,-998.5208750688868,0.5656957221601632,-0.569698938690675,15383.092470656598,2556.8318519173695,False,False,Neither
84,Ireland,IRL,2001,0.813424741,High SDI,1516.73121513682,2273.8417189198194,-757.1105037829993,0.6670346500007652,-0.40491328538918275,15383.092470656598,2556.8318519173695,False,False,Neither
85,Israel,ISR,2001,0.773069564,High SDI,1292.3725135649,3161.4904405712978,-1869.1179270063976,0.4087858362561936,-0.894563887815682,15383.092470656598,2556.8318519173695,False,False,Neither
86,Italy,ITA,2001,0.773398591,High SDI,1141.81372860131,3153.5232417717284,-2011.7095131704184,0.3620755710555063,-1.0159023291218248,15383.092470656598,2556.8318519173695,False,False,Neither
87,Luxembourg,LUX,2001,0.823461077,High SDI,1260.17728825824,2081.246602507937,-821.0693142496975,0.6054915773746873,-0.5017146262844376,15383.092470656598,2556.8318519173695,False,False,Neither
88,Malta,MLT,2001,0.73060947,High SDI,1401.21874760941,4286.750920327189,-2885.53217271778,0.3268719768543167,-1.11818669283496,15383.092470656598,2556.8318519173695,False,False,Neither
89,Netherlands,NLD,2001,0.847306111,High SDI,1051.51174348483,1668.062304520347,-616.5505610355169,0.6303791774655524,-0.4614337716541186,15383.092470656598,2556.8318519173695,False,False,Neither
90,Norway,NOR,2001,0.854975541,High SDI,1305.12170464229,1548.1876840829254,-243.06597944063537,0.8429996686192369,-0.17078871407734947,15383.092470656598,2556.8318519173695,False,False,Neither
91,Portugal,PRT,2001,0.692154827,High-middle SDI,1517.52040959632,5460.622446266083,-3943.102036669763,0.2779024597523648,-1.2804850910588716,15383.092470656598,2556.8318519173695,False,False,Neither
92,Spain,ESP,2001,0.735837199,High SDI,1138.8045221016,4138.085962891064,-2999.281440789464,0.2752007890396692,-1.2902543057770979,15383.092470656598,2556.8318519173695,False,False,Neither
93,Sweden,SWE,2001,0.849125032,High SDI,1044.18005075062,1639.0678919252005,-594.8878411745804,0.6370572298406487,-0.4508957846816234,15383.092470656598,2556.8318519173695,False,False,Neither
94,Switzerland,CHE,2001,0.899483844,High SDI,1028.86781893855,970.3602790475052,58.50753989104476,1.060294656690271,0.05854684750493683,15383.092470656598,2556.8318519173695,False,False,Neither
95,United Kingdom,GBR,2001,0.811354647,High SDI,1218.9292631621202,2314.959455029504,-1096.030191867383,0.5265445407753742,-0.6414193531223459,15383.092470656598,2556.8318519173695,False,False,Neither
97,Argentina,ARG,2001,0.665397451,Middle SDI,4010.48196648626,6352.783480389677,-2342.301513903417,0.6312952391445676,-0.45998163498885825,15383.092470656598,2556.8318519173695,False,False,Neither
98,Chile,CHL,2001,0.66675815,Middle SDI,3707.3962166769898,6306.079528260244,-2598.683311583254,0.5879082558446272,-0.5311843707321866,15383.092470656598,2556.8318519173695,False,False,Neither
99,Uruguay,URY,2001,0.638869627,Middle SDI,5652.69026178232,7288.906370336103,-1636.2161085537828,0.7755196698351423,-0.2542219326186796,15383.092470656598,2556.8318519173695,False,False,Neither
101,Canada,CAN,2001,0.837400518,High SDI,750.51368963696,1832.192796812361,-1081.679107175401,0.4096259361693265,-0.8925108865356167,15383.092470656598,2556.8318519173695,False,False,Neither
102,United States of America,USA,2001,0.805353782,High SDI,1368.61801873238,2436.853374490965,-1068.2353557585857,0.5616333067303529,-0.5769061211730762,15383.092470656598,2556.8318519173695,False,False,Neither
105,Antigua and Barbuda,ATG,2001,0.669583393,Middle SDI,6123.63952203956,6209.544022604972,-85.90450056541249,0.9861657312915908,-0.013930854029884126,15383.092470656598,2556.8318519173695,False,False,Neither
106,Bahamas,BHS,2001,0.746888864,High SDI,5953.28989062103,3832.95315087822,2120.33673974281,1.5531861873284287,0.44030842579464513,15383.092470656598,2556.8318519173695,False,False,Neither
107,Barbados,BRB,2001,0.686722655,High-middle SDI,6262.701820590661,5637.09911415268,625.6027064379805,1.1109795470630135,0.10524210100380003,15383.092470656598,2556.8318519173695,False,False,Neither
108,Belize,BLZ,2001,0.513833113,Low SDI,7052.48988171009,12119.965154286638,-5067.475272576548,0.5818902770702882,-0.5414733763948567,15383.092470656598,2556.8318519173695,False,False,Neither
109,Cuba,CUB,2001,0.596607513,Low-middle SDI,6261.8980695494,8865.767820750256,-2603.869751200856,0.7063007058332251,-0.3477142032286332,15383.092470656598,2556.8318519173695,False,False,Neither
110,Dominica,DMA,2001,0.656093637,Middle SDI,5452.69473124471,6675.685332991064,-1222.9906017463536,0.8167992437117481,-0.20236193804818722,15383.092470656598,2556.8318519173695,False,False,Neither
111,Dominican Republic,DOM,2001,0.509396565,Low SDI,11735.65983954996,12295.177225954289,-559.5173864043281,0.95449293848134,-0.04657503397744651,15383.092470656598,2556.8318519173695,False,False,Neither
112,Grenada,GRD,2001,0.572866814,Low-middle SDI,7096.69205206546,9786.392397531994,-2689.7003454665337,0.7251591560803506,-0.3213641225916173,15383.092470656598,2556.8318519173695,False,False,Neither
113,Guyana,GUY,2001,0.53074501,Low SDI,6941.0939465229,11450.19884085164,-4509.104894328741,0.6061985510468775,-0.5005477045841917,15383.092470656598,2556.8318519173695,False,False,Neither
114,Haiti,HTI,2001,0.378748987,Low SDI,20160.85382562045,17114.79511622003,3046.0587094004186,1.177978099575005,0.16379949386388143,15383.092470656598,2556.8318519173695,True,True,Double-high
115,Jamaica,JAM,2001,0.61043491,Low-middle SDI,6593.05317204265,8339.822842756681,-1746.7696707140312,0.7905507462630169,-0.23502542924689912,15383.092470656598,2556.8318519173695,False,False,Neither
116,Saint Lucia,LCA,2001,0.603677266,Low-middle SDI,6103.39931923699,8595.760795731318,-2492.361476494328,0.7100475995409222,-0.34242326958703134,15383.092470656598,2556.8318519173695,False,False,Neither
117,Saint Vincent and the Grenadines,VCT,2001,0.545704599,Low-middle SDI,5956.45694969825,10857.154046387532,-4900.697096689281,0.5486204694387775,-0.6003483890369503,15383.092470656598,2556.8318519173695,False,False,Neither
118,Suriname,SUR,2001,0.566061241,Low-middle SDI,6441.06841727825,10053.39774538081,-3612.329328102559,0.6406857244097102,-0.4452162318251136,15383.092470656598,2556.8318519173695,False,False,Neither
119,Trinidad and Tobago,TTO,2001,0.6730589,Middle SDI,6073.33901121142,6091.611055480124,-18.27204426870412,0.9970004578259694,-0.0030040498168240606,15383.092470656598,2556.8318519173695,False,False,Neither
121,Bolivia (Plurinational State of),BOL,2001,0.498913538,Low SDI,21798.186938428247,12707.850419960809,9090.33651846744,1.7153323511102103,0.5396068525777209,15383.092470656598,2556.8318519173695,True,True,Double-high
122,Ecuador,ECU,2001,0.567452714,Low-middle SDI,12883.44917285573,9998.717823169713,2884.731349686017,1.2885101270686248,0.2534866106592371,15383.092470656598,2556.8318519173695,False,True,Excess-only
123,Peru,PER,2001,0.559119998,Low-middle SDI,17591.744360390978,10326.74885618864,7264.9955042023375,1.7035123643825765,0.532692216315365,15383.092470656598,2556.8318519173695,True,True,Double-high
125,Colombia,COL,2001,0.555811524,Low-middle SDI,6605.99955643017,10457.337712270602,-3851.3381558404326,0.6317094979804194,-0.4593256456033391,15383.092470656598,2556.8318519173695,False,False,Neither
126,Costa Rica,CRI,2001,0.59281147,Low-middle SDI,3553.6964348888105,9011.620505940582,-5457.924071051772,0.3943459927707969,-0.9305266007954547,15383.092470656598,2556.8318519173695,False,False,Neither
127,El Salvador,SLV,2001,0.467607586,Low SDI,7411.93841467907,13923.057947011504,-6511.119532332433,0.5323498934564153,-0.6304543113597681,15383.092470656598,2556.8318519173695,False,False,Neither
128,Guatemala,GTM,2001,0.395503862,Low SDI,12657.40734114885,16550.647746266506,-3893.240405117656,0.7647680945903829,-0.2681826354394275,15383.092470656598,2556.8318519173695,False,False,Neither
129,Honduras,HND,2001,0.3945298,Low SDI,9369.5800300499,16583.983163522138,-7214.403133472239,0.5649776617392543,-0.5709690853619763,15383.092470656598,2556.8318519173695,False,False,Neither
130,Mexico,MEX,2001,0.576930218,Low-middle SDI,3394.7859544302896,9627.532916456095,-6232.746962025805,0.3526122407359074,-1.042386293977415,15383.092470656598,2556.8318519173695,False,False,Neither
131,Nicaragua,NIC,2001,0.431795717,Low SDI,8617.38039634067,15264.61831475393,-6647.237918413261,0.5645329754502666,-0.5717564817747617,15383.092470656598,2556.8318519173695,False,False,Neither
132,Panama,PAN,2001,0.596151843,Low-middle SDI,4006.2581172313,8883.24466264533,-4876.986545414029,0.4509904060256156,-0.7963092123762006,15383.092470656598,2556.8318519173695,False,False,Neither
133,Venezuela (Bolivarian Republic of),VEN,2001,0.573784426,Low-middle SDI,5431.33655363482,9750.47901577854,-4319.142462143721,0.5570327924244188,-0.5851311674944263,15383.092470656598,2556.8318519173695,False,False,Neither
135,Brazil,BRA,2001,0.573375559,Low-middle SDI,26202.71033833645,9766.478459370814,16436.231878965635,2.6829230666244164,0.9869068966471347,15383.092470656598,2556.8318519173695,True,True,Double-high
136,Paraguay,PRY,2001,0.539756859,Low-middle SDI,9948.30360265611,11092.855926159977,-1144.5523235038654,0.896820770852644,-0.10889924641674927,15383.092470656598,2556.8318519173695,False,False,Neither
139,Algeria,DZA,2001,0.529502578,Low SDI,14169.82260843402,11499.461939202594,2670.360669231426,1.232216140489839,0.20881428843304234,15383.092470656598,2556.8318519173695,False,True,Excess-only
140,Bahrain,BHR,2001,0.654830266,Middle SDI,9028.590981524929,6719.999604783805,2308.591376741124,1.343540403647895,0.29530822204726015,15383.092470656598,2556.8318519173695,False,False,Neither
141,Egypt,EGY,2001,0.529145205,Low SDI,22847.38558859984,11513.631193924752,11333.754394675088,1.98437705740092,0.6853050398988456,15383.092470656598,2556.8318519173695,True,True,Double-high
142,Iran (Islamic Republic of),IRN,2001,0.580071045,Low-middle SDI,7895.74940713179,9505.06470969186,-1609.3153025600704,0.8306886537112022,-0.18550021893846713,15383.092470656598,2556.8318519173695,False,False,Neither
143,Iraq,IRQ,2001,0.485099556,Low SDI,18424.40989896574,13247.812674526076,5176.597224439664,1.3907510886226242,0.329843952732351,15383.092470656598,2556.8318519173695,True,True,Double-high
144,Jordan,JOR,2001,0.598679148,Low-middle SDI,11274.55780235316,8786.422099980104,2488.135702373056,1.283179623521466,0.2493410785787422,15383.092470656598,2556.8318519173695,False,False,Neither
145,Kuwait,KWT,2001,0.743842851,High SDI,9736.179471050287,3915.796534420602,5820.382936629685,2.486385435368616,0.9108300234554924,15383.092470656598,2556.8318519173695,False,True,Excess-only
146,Lebanon,LBN,2001,0.607754607,Low-middle SDI,15501.65457259084,8441.074764883899,7060.579807706941,1.8364550728871616,0.6078371225354758,15383.092470656598,2556.8318519173695,True,True,Double-high
147,Libya,LBY,2001,0.684366938,High-middle SDI,11110.94850717339,5714.391467835486,5396.557039337905,1.9443800043650192,0.664943162431811,15383.092470656598,2556.8318519173695,False,True,Excess-only
148,Morocco,MAR,2001,0.438342275,Low SDI,18266.88872896677,15024.20197066098,3242.68675830579,1.215830881709262,0.19542769633007184,15383.092470656598,2556.8318519173695,True,True,Double-high
149,Palestine,PSE,2001,0.47942465,Low SDI,14951.548986467713,13468.04367560469,1483.5053108630236,1.1101500222745913,0.10449516139393575,15383.092470656598,2556.8318519173695,False,False,Neither
150,Oman,OMN,2001,0.630492385,Middle SDI,10480.94411767614,7593.841890354367,2887.1022273217723,1.3801899313954566,0.32222112114475787,15383.092470656598,2556.8318519173695,False,True,Excess-only
151,Qatar,QAT,2001,0.73335478,High SDI,9035.88731918841,4208.338369882534,4827.548949305877,2.147138971489269,0.7641362450222958,15383.092470656598,2556.8318519173695,False,True,Excess-only
152,Saudi Arabia,SAU,2001,0.655908186,Middle SDI,10428.42044183435,6682.183400299446,3746.237041534905,1.5606306826847982,0.4450900233330874,15383.092470656598,2556.8318519173695,False,True,Excess-only
153,Syrian Arab Republic,SYR,2001,0.463293692,Low SDI,13411.883592464548,14087.821705444643,-675.938112980095,0.9520196857177105,-0.04916956612965838,15383.092470656598,2556.8318519173695,False,False,Neither
154,Tunisia,TUN,2001,0.563833208,Low-middle SDI,15126.033755686727,10141.037316216432,4984.996439470295,1.491566718869956,0.3998270567043066,15383.092470656598,2556.8318519173695,False,True,Excess-only
155,Türkiye,TUR,2001,0.561406571,Low-middle SDI,17708.86412638253,10236.601529631444,7472.262596751085,1.7299554031796052,0.5480956296685173,15383.092470656598,2556.8318519173695,True,True,Double-high
156,United Arab Emirates,ARE,2001,0.773969769,High SDI,9908.1814361168,3139.720684668224,6768.460751448576,3.155752511521197,1.1492269815060816,15383.092470656598,2556.8318519173695,False,True,Excess-only
157,Yemen,YEM,2001,0.309647591,Low SDI,26786.31632306946,19220.799431808184,7565.516891261275,1.393610937885405,0.331898175740155,15383.092470656598,2556.8318519173695,True,True,Double-high
160,Afghanistan,AFG,2001,0.18229943,Low SDI,25600.66302739059,22218.83271537844,3381.830312012149,1.1522055796239676,0.14167800088727725,15383.092470656598,2556.8318519173695,True,True,Double-high
161,Bangladesh,BGD,2001,0.315326494,Low SDI,29439.41821345669,19061.47634962512,10377.941863831573,1.5444458589397605,0.43466517866028387,15383.092470656598,2556.8318519173695,True,True,Double-high
162,Bhutan,BTN,2001,0.3185995,Low SDI,17395.25816922059,18968.53363894129,-1573.275469720702,0.9170586667547744,-0.08658383194028735,15383.092470656598,2556.8318519173695,True,False,Structural high
163,India,IND,2001,0.410407084,Low SDI,19765.42967857704,16032.65140941782,3732.7782691592174,1.2328235158263672,0.20930707997679154,15383.092470656598,2556.8318519173695,True,True,Double-high
164,Nepal,NPL,2001,0.287838064,Low SDI,26790.830709825408,19810.08681017704,6980.743899648369,1.352383306874867,0.30186844844124316,15383.092470656598,2556.8318519173695,True,True,Double-high
165,Pakistan,PAK,2001,0.376300059,Low SDI,22983.02425546965,17195.573831251546,5787.450424218103,1.336566286243957,0.2901038522573046,15383.092470656598,2556.8318519173695,True,True,Double-high
168,Angola,AGO,2001,0.321934658,Low SDI,21464.16250263124,18872.982575941707,2591.1799266895323,1.1372957303522673,0.12865327800466794,15383.092470656598,2556.8318519173695,True,True,Double-high
169,Central African Republic,CAF,2001,0.225730906,Low SDI,26907.232861254382,21305.633924661484,5601.598936592898,1.262916323278651,0.23342358882095807,15383.092470656598,2556.8318519173695,True,True,Double-high
170,Congo,COG,2001,0.458016639,Low SDI,17460.90270807625,14288.302024032815,3172.6006840434347,1.222041826852984,0.20052308835756358,15383.092470656598,2556.8318519173695,True,True,Double-high
171,Democratic Republic of the Congo,COD,2001,0.260908187,Low SDI,25259.86011594961,20490.018215989214,4769.841899960396,1.232788563176498,0.20927872786887555,15383.092470656598,2556.8318519173695,True,True,Double-high
172,Equatorial Guinea,GNQ,2001,0.428873524,Low SDI,20550.68553789307,15371.15811057766,5179.52742731541,1.336964032902057,0.29040139641319923,15383.092470656598,2556.8318519173695,True,True,Double-high
173,Gabon,GAB,2001,0.512782623,Low SDI,16094.46634496407,12161.47720056255,3932.989144401521,1.323397320863258,0.2802021581591786,15383.092470656598,2556.8318519173695,True,True,Double-high
175,Burundi,BDI,2001,0.227312998,Low SDI,28854.5053714672,21270.55996608296,7583.945405384242,1.3565465797551757,0.30494219071763207,15383.092470656598,2556.8318519173695,True,True,Double-high
176,Comoros,COM,2001,0.354975148,Low SDI,21402.00845943205,17880.266328265196,3521.742131166855,1.196962509758575,0.17978710591707453,15383.092470656598,2556.8318519173695,True,True,Double-high
177,Djibouti,DJI,2001,0.362330735,Low SDI,19004.55147962746,17647.931040765954,1356.6204388615042,1.0768713587857843,0.07405994701590457,15383.092470656598,2556.8318519173695,True,False,Structural high
178,Eritrea,ERI,2001,0.327810785,Low SDI,27630.02125046301,18702.557486300942,8927.463764162065,1.4773391965618157,0.3902426295608401,15383.092470656598,2556.8318519173695,True,True,Double-high
179,Ethiopia,ETH,2001,0.172616338,Low SDI,26428.026119477687,22411.39080642778,4016.635313049908,1.179222938359448,0.16485569473952505,15383.092470656598,2556.8318519173695,True,True,Double-high
180,Kenya,KEN,2001,0.389207311,Low SDI,31283.679313496337,16764.97577933983,14518.703534156506,1.8660139880457507,0.6238045986702334,15383.092470656598,2556.8318519173695,True,True,Double-high
181,Madagascar,MDG,2001,0.275465919,Low SDI,22748.8072344957,20128.82092482072,2619.98630967498,1.13016094283219,0.12236004986757022,15383.092470656598,2556.8318519173695,True,True,Double-high
182,Malawi,MWI,2001,0.246257108,Low SDI,26337.879263114,20839.12412594678,5498.75513716722,1.2638669026555067,0.23417599164835023,15383.092470656598,2556.8318519173695,True,True,Double-high
183,Mauritius,MUS,2001,0.624878143,Low-middle SDI,11231.116021578511,7800.4701935743,3430.645828004212,1.439799876529268,0.3645041292975875,15383.092470656598,2556.8318519173695,False,True,Excess-only
184,Mozambique,MOZ,2001,0.211278546,Low SDI,19946.26178955593,21619.69403995457,-1673.432250398644,0.922596857878468,-0.08056291358883377,15383.092470656598,2556.8318519173695,True,False,Structural high
185,Rwanda,RWA,2001,0.293714083,Low SDI,31325.32622086468,19654.80626433791,11670.519956526772,1.5937743572523535,0.4661050127896845,15383.092470656598,2556.8318519173695,True,True,Double-high
186,Seychelles,SYC,2001,0.676755391,High-middle SDI,13093.857371343933,5967.193888735111,7126.663482608822,2.194307343701796,0.7858664357713978,15383.092470656598,2556.8318519173695,False,True,Excess-only
187,Somalia,SOM,2001,0.055147622,Low SDI,19978.46552159674,24652.59881630116,-4674.1332947044175,0.8103999773194818,-0.21022735403448295,15383.092470656598,2556.8318519173695,True,False,Structural high
189,United Republic of Tanzania,TZA,2001,0.298433777,Low SDI,25834.75437357312,19528.232281103254,6306.522092469866,1.3229438282835488,0.2798594263958952,15383.092470656598,2556.8318519173695,True,True,Double-high
190,Uganda,UGA,2001,0.237944053,Low SDI,22018.80188458556,21031.112329275868,987.6895553096912,1.046963258045786,0.04589383867071639,15383.092470656598,2556.8318519173695,True,False,Structural high
191,Zambia,ZMB,2001,0.32408061,Low SDI,16438.485135129573,18811.05090527344,-2372.5657701438686,0.8738738318187874,-0.13481927093384521,15383.092470656598,2556.8318519173695,True,False,Structural high
193,Botswana,BWA,2001,0.556079096,Low-middle SDI,12501.38723051392,10446.770112233702,2054.6171182802173,1.1966748666053402,0.17954676612504106,15383.092470656598,2556.8318519173695,False,False,Neither
194,Lesotho,LSO,2001,0.406200342,Low SDI,21462.16909624805,16180.355670797164,5281.813425450886,1.3264337034929137,0.2824939148264585,15383.092470656598,2556.8318519173695,True,True,Double-high
195,Namibia,NAM,2001,0.497910122,Low SDI,18736.21532157685,12747.233764156132,5988.981557420717,1.4698259770100943,0.38514401079649574,15383.092470656598,2556.8318519173695,True,True,Double-high
196,South Africa,ZAF,2001,0.604105608,Low-middle SDI,15957.08051157656,8579.47362172952,7377.60688984704,1.8599136981039872,0.620530087779825,15383.092470656598,2556.8318519173695,True,True,Double-high
197,Eswatini,SWZ,2001,0.481905143,Low SDI,18579.18682212824,13371.907851226782,5207.278970901456,1.3894192981911495,0.328885888766444,15383.092470656598,2556.8318519173695,True,True,Double-high
198,Zimbabwe,ZWE,2001,0.458527208,Low SDI,12508.43176616103,14268.958328566152,-1760.5265624051226,0.8766184242839518,-0.13168347332650118,15383.092470656598,2556.8318519173695,False,False,Neither
200,Benin,BEN,2001,0.258683105,Low SDI,19254.96072240466,20543.94811676736,-1288.9873943627026,0.9372570750745486,-0.06479767463541977,15383.092470656598,2556.8318519173695,True,False,Structural high
201,Burkina Faso,BFA,2001,0.177879006,Low SDI,21495.36187847501,22307.15092194229,-811.7890434672809,0.9636085734880304,-0.03707011092937221,15383.092470656598,2556.8318519173695,True,False,Structural high
202,Cameroon,CMR,2001,0.354827949,Low SDI,18515.21832602629,17884.874079141984,630.3442468843059,1.0352445448648384,0.03463767404046375,15383.092470656598,2556.8318519173695,True,False,Structural high
203,Cabo Verde,CPV,2001,0.386905803,Low SDI,10356.3143654521,16842.625955293282,-6486.311589841182,0.6148871555386723,-0.48631651494039324,15383.092470656598,2556.8318519173695,False,False,Neither
204,Chad,TCD,2001,0.142753169,Low SDI,22144.23173031796,22987.79082747337,-843.559097155412,0.9633040380658392,-0.03738619731844947,15383.092470656598,2556.8318519173695,True,False,Structural high
205,Côte d'Ivoire,CIV,2001,0.338951841,Low SDI,16474.06608993595,18372.14930293033,-1898.083212994381,0.896686926407046,-0.10904850080361476,15383.092470656598,2556.8318519173695,True,False,Structural high
206,Gambia,GMB,2001,0.309100841,Low SDI,16991.04005391782,19236.009187155425,-2244.969133237606,0.8832934050199637,-0.12409785155580597,15383.092470656598,2556.8318519173695,True,False,Structural high
207,Ghana,GHA,2001,0.43783033,Low SDI,15401.78860826546,15043.08732705098,358.70128121448033,1.0238449244770025,0.023565074208551695,15383.092470656598,2556.8318519173695,True,False,Structural high
208,Guinea,GIN,2001,0.228189474,Low SDI,22897.04350757887,21251.06783483397,1645.9756727448985,1.0774537865832263,0.07460065259406115,15383.092470656598,2556.8318519173695,True,False,Structural high
209,Guinea-Bissau,GNB,2001,0.257026486,Low SDI,20601.01146461172,20583.885044450137,17.126420161584974,1.0008320304998108,0.0008316845543127067,15383.092470656598,2556.8318519173695,True,False,Structural high
210,Liberia,LBR,2001,0.244708278,Low SDI,21296.867557007008,20875.21997082926,421.6475861777472,1.020198473921087,0.019997190643079615,15383.092470656598,2556.8318519173695,True,False,Structural high
211,Mali,MLI,2001,0.165613395,Low SDI,14767.876597036362,22548.69302495072,-7780.816427914358,0.6549327085474674,-0.4232227836665255,15383.092470656598,2556.8318519173695,False,False,Neither
212,Mauritania,MRT,2001,0.390824672,Low SDI,18581.5359335345,16710.18548062539,1871.350452909108,1.111988610484237,0.10614995340564666,15383.092470656598,2556.8318519173695,True,False,Structural high
213,Niger,NER,2001,0.113557836,Low SDI,25605.79957022316,23536.617898150507,2069.181672072653,1.0879132966778224,0.084261454704818,15383.092470656598,2556.8318519173695,True,False,Structural high
214,Nigeria,NGA,2001,0.334724503,Low SDI,23224.57406970015,18498.64182696703,4725.932242733121,1.2554745525070783,0.22751363059852103,15383.092470656598,2556.8318519173695,True,True,Double-high
215,Sao Tome and Principe,STP,2001,0.342901763,Low SDI,19302.87905042131,18252.717955355984,1050.161095065327,1.0575345051424063,0.05594026038225327,15383.092470656598,2556.8318519173695,True,False,Structural high
216,Senegal,SEN,2001,0.291680796,Low SDI,20551.96080704491,19708.82604898014,843.1347580647707,1.0427795524690016,0.041889794589031935,15383.092470656598,2556.8318519173695,True,False,Structural high
217,Sierra Leone,SLE,2001,0.222422402,Low SDI,23212.48394875653,21378.52730728038,1833.9566414761505,1.0857849848643035,0.08230321375508502,15383.092470656598,2556.8318519173695,True,False,Structural high
218,Togo,TGO,2001,0.331227173,Low SDI,19243.99602193259,18602.252581374218,641.7434405583735,1.0344981575618928,0.03391643720805428,15383.092470656598,2556.8318519173695,True,False,Structural high
298,American Samoa,ASM,2001,0.648487737,Middle SDI,9059.10416467953,6944.097808723241,2115.0063559562886,1.3045761183402973,0.26587817447897627,15383.092470656598,2556.8318519173695,False,False,Neither
305,Bermuda,BMU,2001,0.7438377,High SDI,5283.84365001439,3915.937443128679,1367.9062068857106,1.3493176861867353,0.2995990470443355,15383.092470656598,2556.8318519173695,False,False,Neither
320,Cook Islands,COK,2001,0.676369489,Middle SDI,12364.71137131891,5980.13311580844,6384.578255510471,2.067631461017629,0.7264037304251955,15383.092470656598,2556.8318519173695,False,True,Excess-only
349,Greenland,GRL,2001,0.771480037,High SDI,1343.36587534006,3200.1469237178508,-1856.7810483777907,0.4197825622891624,-0.8680184105975403,15383.092470656598,2556.8318519173695,False,False,Neither
351,Guam,GUM,2001,0.734188053,High SDI,7359.063082004171,4184.687532857259,3174.375549146912,1.7585693135323497,0.5645005884373563,15383.092470656598,2556.8318519173695,False,True,Excess-only
367,Monaco,MCO,2001,0.87760183,High SDI,1322.6402592350898,1230.065111438027,92.57514779706251,1.0752603638102018,0.07256283114742017,15383.092470656598,2556.8318519173695,False,False,Neither
369,Nauru,NRU,2001,0.527450561,Low SDI,17171.43091332744,11580.81507957554,5590.615833751901,1.4827480445320096,0.39389715292416827,15383.092470656598,2556.8318519173695,True,True,Double-high
374,Niue,NIU,2001,0.650400858,Middle SDI,12322.25912346147,6876.220200226916,5446.038923234554,1.7920105471687533,0.583338200232267,15383.092470656598,2556.8318519173695,False,True,Excess-only
376,Northern Mariana Islands,MNP,2001,0.753336823,High SDI,7597.693810789111,3660.7868062693897,3936.907004519721,2.0754264623598004,0.7301666565943112,15383.092470656598,2556.8318519173695,False,True,Excess-only
380,Palau,PLW,2001,0.723841659,High SDI,9128.74135375317,4483.245732248115,4645.495621505055,2.036190273508738,0.7110805488937415,15383.092470656598,2556.8318519173695,False,True,Excess-only
385,Puerto Rico,PRI,2001,0.743679012,High SDI,5296.37475860231,3920.279793982535,1376.094964619775,1.3510195794524724,0.30085955143594156,15383.092470656598,2556.8318519173695,False,False,Neither
393,Saint Kitts and Nevis,KNA,2001,0.652651666,Middle SDI,6120.9413051704605,6796.671810126043,-675.7305049555825,0.9005792064361791,-0.10471715994863362,15383.092470656598,2556.8318519173695,False,False,Neither
396,San Marino,SMR,2001,0.838157298,High SDI,1262.77835927945,1819.279440789312,-556.5010815098617,0.6941090692101602,-0.3651261705785224,15383.092470656598,2556.8318519173695,False,False,Neither
416,Tuvalu,TUV,2001,0.516152561,Low SDI,13509.59786095505,12028.258141595816,1481.3397193592336,1.12315496574159,0.11614165888231429,15383.092470656598,2556.8318519173695,False,False,Neither
422,United States Virgin Islands,VIR,2001,0.723767196,High SDI,4801.90529275728,4485.432645829735,316.4726469275456,1.0705556569268255,0.06817781922044625,15383.092470656598,2556.8318519173695,False,False,Neither
435,South Sudan,SSD,2001,0.304186794,Low SDI,17678.235793585558,19371.69424138428,-1693.4584477987155,0.9125807775666346,-0.09147867408275652,15383.092470656598,2556.8318519173695,True,False,Structural high
522,Sudan,SDN,2001,0.373723113,Low SDI,19095.69014284701,17280.10359462239,1815.586548224619,1.1050680360961282,0.09990690420200993,15383.092470656598,2556.8318519173695,True,False,Structural high
6,China,CHN,2002,0.565621028,Low-middle SDI,14384.513766247308,10063.056292780931,4321.457473466375,1.429437871332044,0.35728127001834936,15026.204221160267,2311.8877452600545,False,True,Excess-only
7,Democratic People's Republic of Korea,PRK,2002,0.505034518,Low SDI,17298.49790211221,12457.675315000448,4840.822587111761,1.3885815342516483,0.32828274714379635,15026.204221160267,2311.8877452600545,True,True,Double-high
8,Taiwan,TWN,2002,0.774933113,High SDI,12302.30053254434,3114.1554240183445,9188.145108525994,3.9504452596235833,1.3738282965155004,15026.204221160267,2311.8877452600545,False,True,Excess-only
10,Cambodia,KHM,2002,0.359238255,Low SDI,32515.200579676588,17732.6290353105,14782.571544366088,1.833636767279683,0.6063012993004233,15026.204221160267,2311.8877452600545,True,True,Double-high
11,Indonesia,IDN,2002,0.542059183,Low-middle SDI,14667.08388469574,10993.237696040836,3673.846188654905,1.3341914629916556,0.28832546267563675,15026.204221160267,2311.8877452600545,False,True,Excess-only
12,Lao People's Democratic Republic,LAO,2002,0.355487481,Low SDI,19580.077328803312,17850.647640235395,1729.4296885679178,1.0968833021312785,0.09247279653806251,15026.204221160267,2311.8877452600545,True,False,Structural high
13,Malaysia,MYS,2002,0.670078782,Middle SDI,9486.333994222849,6187.974924594365,3298.359069628484,1.533027219699779,0.4272443555701256,15026.204221160267,2311.8877452600545,False,True,Excess-only
14,Maldives,MDV,2002,0.502949516,Low SDI,12399.60477798384,12539.689980906784,-140.0852029229427,0.988828655003733,-0.011234213123637845,15026.204221160267,2311.8877452600545,False,False,Neither
15,Myanmar,MMR,2002,0.392119467,Low SDI,17476.97309240365,16653.53253116844,823.4405612352093,1.0494453990283488,0.048261833225642224,15026.204221160267,2311.8877452600545,True,False,Structural high
16,Philippines,PHL,2002,0.555236642,Low-middle SDI,18181.115034307448,10472.085955263954,7709.029079043494,1.7361502867696033,0.5516701832109474,15026.204221160267,2311.8877452600545,True,True,Double-high
17,Sri Lanka,LKA,2002,0.607425454,Low-middle SDI,11055.92901951693,8447.112175580343,2608.8168439365872,1.3088412690290043,0.26914221832903756,15026.204221160267,2311.8877452600545,False,True,Excess-only
18,Thailand,THA,2002,0.582046604,Low-middle SDI,14798.16978794597,9421.026627082214,5377.143160863756,1.5707597880475486,0.45155944372988754,15026.204221160267,2311.8877452600545,False,True,Excess-only
19,Timor-Leste,TLS,2002,0.364064524,Low SDI,26433.91705794614,17579.212612383155,8854.704445562984,1.503703131693484,0.40793082020240046,15026.204221160267,2311.8877452600545,True,True,Double-high
20,Viet Nam,VNM,2002,0.512844962,Low SDI,17310.97286637409,12149.779046990854,5161.193819383236,1.4247973398875524,0.35402958598395856,15026.204221160267,2311.8877452600545,True,True,Double-high
22,Fiji,FJI,2002,0.608025855,Low-middle SDI,10745.0836991734,8424.408757486974,2320.674941686426,1.2754703633799804,0.24331502303380764,15026.204221160267,2311.8877452600545,False,True,Excess-only
23,Kiribati,KIR,2002,0.468527049,Low SDI,11816.81590393028,13877.29457079097,-2060.4786668606903,0.8515215875580244,-0.16073042681318037,15026.204221160267,2311.8877452600545,False,False,Neither
24,Marshall Islands,MHL,2002,0.488361884,Low SDI,13437.51939346845,13110.79422535896,326.72516810948946,1.024920318517206,0.02461487153661994,15026.204221160267,2311.8877452600545,False,False,Neither
25,Micronesia (Federated States of),FSM,2002,0.523873071,Low SDI,9677.78120367506,11713.696484090837,-2035.9152804157748,0.8261936116254259,-0.19092613628680818,15026.204221160267,2311.8877452600545,False,False,Neither
26,Papua New Guinea,PNG,2002,0.382388974,Low SDI,14030.63032987177,16981.02040264148,-2950.390072769709,0.826253664219686,-0.19085345306699913,15026.204221160267,2311.8877452600545,False,False,Neither
27,Samoa,WSM,2002,0.53235856,Low-middle SDI,10864.4477847392,11377.567901328795,-513.1201165895945,0.9549007203437856,-0.0461479016605871,15026.204221160267,2311.8877452600545,False,False,Neither
28,Solomon Islands,SLB,2002,0.376133324,Low SDI,14474.14290728431,17187.99308405332,-2713.8501767690104,0.8421077921373574,-0.17184725376805676,15026.204221160267,2311.8877452600545,False,False,Neither
29,Tonga,TON,2002,0.56235009,Low-middle SDI,12027.1583504317,10191.684358490364,1835.4739919413369,1.1800952548547348,0.1655951596726951,15026.204221160267,2311.8877452600545,False,False,Neither
30,Vanuatu,VUT,2002,0.400457265,Low SDI,13291.65687754346,16367.684210379428,-3076.027332835967,0.8120670405599999,-0.2081723799625257,15026.204221160267,2311.8877452600545,False,False,Neither
33,Armenia,ARM,2002,0.596168889,Low-middle SDI,7708.34975794993,8875.844134968022,-1167.4943770180917,0.8684638487038622,-0.1410293191484814,15026.204221160267,2311.8877452600545,False,False,Neither
34,Azerbaijan,AZE,2002,0.591366257,Low-middle SDI,15305.08589835212,9060.412592851915,6244.673305500202,1.689226151845099,0.524270525751025,15026.204221160267,2311.8877452600545,True,True,Double-high
35,Georgia,GEO,2002,0.644672366,Middle SDI,9369.11368780279,7074.800335395476,2294.3133524073146,1.3242937247188142,0.28087927937488966,15026.204221160267,2311.8877452600545,False,False,Neither
36,Kazakhstan,KAZ,2002,0.654214451,Middle SDI,7829.53981169877,6736.519106827056,1093.020704871714,1.1622530401144415,0.15036039729986314,15026.204221160267,2311.8877452600545,False,False,Neither
37,Kyrgyzstan,KGZ,2002,0.547182596,Low-middle SDI,9891.42924301782,10790.418320605597,-898.9890775877775,0.9166863553500006,-0.08698989865665374,15026.204221160267,2311.8877452600545,False,False,Neither
38,Mongolia,MNG,2002,0.553802116,Low-middle SDI,12250.92286856966,10528.727626662472,1722.1952419071877,1.163571069836205,0.15149378469336028,15026.204221160267,2311.8877452600545,False,False,Neither
39,Tajikistan,TJK,2002,0.458821903,Low SDI,11351.66912250523,14246.95885965365,-2895.2897371484214,0.79677840262825,-0.22717867821432786,15026.204221160267,2311.8877452600545,False,False,Neither
40,Turkmenistan,TKM,2002,0.586491653,Low-middle SDI,13479.042367105789,9248.6492353851,4230.39313172069,1.457406592471397,0.37665854969063506,15026.204221160267,2311.8877452600545,False,True,Excess-only
41,Uzbekistan,UZB,2002,0.574224112,Low-middle SDI,12851.49488141476,9725.885852000963,3125.609029413796,1.3213701123965738,0.27866916222297755,15026.204221160267,2311.8877452600545,False,True,Excess-only
43,Albania,ALB,2002,0.588205019,Low-middle SDI,9206.05802027864,9182.387378475602,23.67064180303896,1.002577830887262,0.0025745139802809337,15026.204221160267,2311.8877452600545,False,False,Neither
44,Bosnia and Herzegovina,BIH,2002,0.607190336,Low-middle SDI,5936.42542608594,8456.007576537822,-2519.5821504518826,0.7020364365042959,-0.3537699724510109,15026.204221160267,2311.8877452600545,False,False,Neither
45,Bulgaria,BGR,2002,0.686344021,High-middle SDI,8317.224698587459,5645.200592805832,2672.0241057816274,1.4733266890793606,0.3875228977366863,15026.204221160267,2311.8877452600545,False,True,Excess-only
46,Croatia,HRV,2002,0.701123427,High-middle SDI,4094.52290929086,5170.841450521099,-1076.3185412302396,0.791848473497138,-0.23338522681397125,15026.204221160267,2311.8877452600545,False,False,Neither
47,Czechia,CZE,2002,0.770951668,High SDI,4932.258215815679,3210.617390687395,1721.6408251282842,1.536233569942658,0.42933368692970936,15026.204221160267,2311.8877452600545,False,False,Neither
48,Hungary,HUN,2002,0.723154098,High SDI,5172.51424536707,4500.038777097613,672.4754682694565,1.1494377052242164,0.13927287082021805,15026.204221160267,2311.8877452600545,False,False,Neither
49,North Macedonia,MKD,2002,0.657339228,Middle SDI,6413.73267286265,6627.064895935699,-213.33222307304823,0.967808943110866,-0.032720584005491625,15026.204221160267,2311.8877452600545,False,False,Neither
50,Montenegro,MNE,2002,0.67847244,High-middle SDI,6485.25006352871,5905.274355785022,579.975707743688,1.0982131689064578,0.0936844671461008,15026.204221160267,2311.8877452600545,False,False,Neither
51,Poland,POL,2002,0.731244525,High SDI,3330.069154801929,4265.3032216009215,-935.2340667989924,0.7807344476559944,-0.2475202027663164,15026.204221160267,2311.8877452600545,False,False,Neither
52,Romania,ROU,2002,0.667039503,Middle SDI,8778.40035725552,6291.657150213509,2486.74320704201,1.3952445512638307,0.333069705474574,15026.204221160267,2311.8877452600545,False,True,Excess-only
53,Serbia,SRB,2002,0.658995191,Middle SDI,5437.82940405537,6569.333454814311,-1131.504050758941,0.8277596869542796,-0.18903239986967355,15026.204221160267,2311.8877452600545,False,False,Neither
54,Slovakia,SVK,2002,0.744094434,High SDI,5511.15645222785,3905.948735262045,1605.207716965805,1.410964870704611,0.34427377582411517,15026.204221160267,2311.8877452600545,False,False,Neither
55,Slovenia,SVN,2002,0.782960258,High SDI,5143.939017666859,2924.97260652497,2218.966411141889,1.758628100034805,0.5645340164742552,15026.204221160267,2311.8877452600545,False,False,Neither
57,Belarus,BLR,2002,0.68690337,High-middle SDI,4982.48677037054,5626.91155446674,-644.4247840961998,0.8854745133527745,-0.12163160438377006,15026.204221160267,2311.8877452600545,False,False,Neither
58,Estonia,EST,2002,0.752353378,High SDI,4218.40127182774,3683.962573141444,534.438698686296,1.145071696054328,0.13546725168719734,15026.204221160267,2311.8877452600545,False,False,Neither
59,Latvia,LVA,2002,0.746159093,High SDI,4099.39000706789,3849.7868533641536,249.60315370373647,1.0648355774516762,0.06282039987311366,15026.204221160267,2311.8877452600545,False,False,Neither
60,Lithuania,LTU,2002,0.726531236,High SDI,4436.00738506594,4401.272459567762,34.7349254981782,1.007892018914364,0.00786103981808866,15026.204221160267,2311.8877452600545,False,False,Neither
61,Republic of Moldova,MDA,2002,0.618853256,Low-middle SDI,7154.52093141814,8018.04130504009,-863.5203736219501,0.8923028279887825,-0.11394971075595839,15026.204221160267,2311.8877452600545,False,False,Neither
62,Russian Federation,RUS,2002,0.722610228,High SDI,3402.886895212609,4516.0483024345895,-1113.1614072219804,0.7535098535988027,-0.2830131838958457,15026.204221160267,2311.8877452600545,False,False,Neither
63,Ukraine,UKR,2002,0.679218852,High-middle SDI,2869.54237370715,5880.400117370642,-3010.857743663492,0.4879842045493726,-0.7174722413795316,15026.204221160267,2311.8877452600545,False,False,Neither
66,Brunei Darussalam,BRN,2002,0.749093402,High SDI,2801.5700828008203,3770.7326200063376,-969.1625372055172,0.7429776558371067,-0.29708930761414487,15026.204221160267,2311.8877452600545,False,False,Neither
67,Japan,JPN,2002,0.830138853,High SDI,2565.43933211434,1957.787738527716,607.6515935866239,1.3103766468798024,0.2703146125901933,15026.204221160267,2311.8877452600545,False,False,Neither
68,Republic of Korea,KOR,2002,0.804939851,High SDI,2266.28664326731,2443.552245696549,-177.26560242923915,0.9274557756064232,-0.07531016692421078,15026.204221160267,2311.8877452600545,False,False,Neither
69,Singapore,SGP,2002,0.790120738,High SDI,4731.22482895342,2762.2304800002807,1968.99434895314,1.7128276815455816,0.5381456197376934,15026.204221160267,2311.8877452600545,False,False,Neither
71,Australia,AUS,2002,0.780167891,High SDI,956.86562264483,2989.976665857024,-2033.1110432121936,0.3200244448632047,-1.1393578959084327,15026.204221160267,2311.8877452600545,False,False,Neither
72,New Zealand,NZL,2002,0.796052333,High SDI,1339.78931201434,2631.735350450866,-1291.946038436526,0.5090896817511719,-0.6751310859060855,15026.204221160267,2311.8877452600545,False,False,Neither
74,Andorra,AND,2002,0.816829488,High SDI,1286.45318345695,2205.5752350672474,-919.1220516102974,0.5832733170935003,-0.5390993910082809,15026.204221160267,2311.8877452600545,False,False,Neither
75,Austria,AUT,2002,0.798049153,High SDI,1203.8983233387698,2588.6874480889574,-1384.7891247501875,0.4650612897387522,-0.7655860761906241,15026.204221160267,2311.8877452600545,False,False,Neither
76,Belgium,BEL,2002,0.805122139,High SDI,1369.58316648681,2439.7847370395766,-1070.2015705527667,0.5613541005050534,-0.5774033773831703,15026.204221160267,2311.8877452600545,False,False,Neither
77,Cyprus,CYP,2002,0.767011233,High SDI,978.21760617917,3307.789950537764,-2329.572344358594,0.2957314765467911,-1.2183034102176893,15026.204221160267,2311.8877452600545,False,False,Neither
78,Denmark,DNK,2002,0.860085852,High SDI,1268.34438054125,1470.630061475406,-202.28568093415583,0.8624496491447936,-0.14797850958381034,15026.204221160267,2311.8877452600545,False,False,Neither
79,Finland,FIN,2002,0.817222378,High SDI,1311.99653463862,2197.979831624487,-885.9832969858669,0.5969101789568957,-0.5159886309174246,15026.204221160267,2311.8877452600545,False,False,Neither
80,France,FRA,2002,0.79502621,High SDI,1052.2171835608,2654.029677887594,-1601.812494326794,0.3964602175806432,-0.925179576911659,15026.204221160267,2311.8877452600545,False,False,Neither
81,Germany,DEU,2002,0.833194725,High SDI,1246.60583967967,1903.647386247987,-657.041546568317,0.6548512338394141,-0.42334719305271773,15026.204221160267,2311.8877452600545,False,False,Neither
82,Greece,GRC,2002,0.759463667,High SDI,1215.29946253564,3498.6122830046315,-2283.3128204689915,0.3473661452682984,-1.057375881655875,15026.204221160267,2311.8877452600545,False,False,Neither
83,Iceland,ISL,2002,0.816852277,High SDI,1234.50405908368,2205.1342067082046,-970.6301476245246,0.5598317124319301,-0.5801190539305872,15026.204221160267,2311.8877452600545,False,False,Neither
84,Ireland,IRL,2002,0.820351084,High SDI,1471.27695972644,2138.106501591632,-666.8295418651919,0.6881214563592618,-0.37378992122343074,15026.204221160267,2311.8877452600545,False,False,Neither
85,Israel,ISR,2002,0.776089509,High SDI,1265.9756479543998,3086.464077158685,-1820.4884292042857,0.4101702194829438,-0.8911830359721874,15026.204221160267,2311.8877452600545,False,False,Neither
86,Italy,ITA,2002,0.777173472,High SDI,1133.47465862607,3060.6406822319686,-1927.1660236058983,0.370339016012649,-0.9933364333597173,15026.204221160267,2311.8877452600545,False,False,Neither
87,Luxembourg,LUX,2002,0.826831843,High SDI,1256.62669234081,2017.5313770116893,-760.9046846708798,0.6228536054800247,-0.47344377098568724,15026.204221160267,2311.8877452600545,False,False,Neither
88,Malta,MLT,2002,0.736139775,High SDI,1367.25666133711,4126.429078272941,-2759.172416935832,0.3313413693539975,-1.1046061077042926,15026.204221160267,2311.8877452600545,False,False,Neither
89,Netherlands,NLD,2002,0.850547895,High SDI,1034.35486905428,1615.404321387644,-581.0494523333639,0.6403071078612453,-0.4458073616893124,15026.204221160267,2311.8877452600545,False,False,Neither
90,Norway,NOR,2002,0.859302213,High SDI,1301.68974279494,1482.1662436408674,-180.4765008459273,0.878234643637143,-0.1298414731730785,15026.204221160267,2311.8877452600545,False,False,Neither
91,Portugal,PRT,2002,0.69804975,High-middle SDI,1447.19826521675,5267.944869697958,-3820.746604481208,0.2747178076105657,-1.2920108623155813,15026.204221160267,2311.8877452600545,False,False,Neither
92,Spain,ESP,2002,0.740385974,High SDI,1114.47630497421,4007.930513890608,-2893.4542089163974,0.2780677711631176,-1.2798904138390057,15026.204221160267,2311.8877452600545,False,False,Neither
93,Sweden,SWE,2002,0.852037857,High SDI,1029.5466410574,1592.1583997195005,-562.6117586621003,0.6466358128932279,-0.43597202875190916,15026.204221160267,2311.8877452600545,False,False,Neither
94,Switzerland,CHE,2002,0.901896059,High SDI,1020.15822046777,943.7419019534556,76.4163185143143,1.0809716283192892,0.0778602925395544,15026.204221160267,2311.8877452600545,False,False,Neither
95,United Kingdom,GBR,2002,0.814094467,High SDI,1203.52818137499,2258.9242898678126,-1055.3961084928226,0.5327881889505106,-0.6296313278873472,15026.204221160267,2311.8877452600545,False,False,Neither
97,Argentina,ARG,2002,0.667384237,Middle SDI,3984.8193762491496,6279.862394010928,-2295.043017761778,0.6345392822698553,-0.4548560831532877,15026.204221160267,2311.8877452600545,False,False,Neither
98,Chile,CHL,2002,0.67441428,Middle SDI,3548.27140495578,6041.276854800307,-2493.005449844527,0.5873379900039472,-0.53215483268848,15026.204221160267,2311.8877452600545,False,False,Neither
99,Uruguay,URY,2002,0.641518378,Middle SDI,5841.158622615139,7187.905409590871,-1346.746786975731,0.8126371021551344,-0.20747063789941336,15026.204221160267,2311.8877452600545,False,False,Neither
101,Canada,CAN,2002,0.840910954,High SDI,735.30938745499,1771.4697150781683,-1036.1603276231783,0.4150843681922857,-0.8792734825645616,15026.204221160267,2311.8877452600545,False,False,Neither
102,United States of America,USA,2002,0.809157235,High SDI,1322.9402576376,2357.33685176455,-1034.3965941269498,0.5612011947496314,-0.5776758018365831,15026.204221160267,2311.8877452600545,False,False,Neither
105,Antigua and Barbuda,ATG,2002,0.6736254,Middle SDI,6112.96532634946,6067.86309081838,45.102235531079714,1.0074329685518657,0.007405480170595187,15026.204221160267,2311.8877452600545,False,False,Neither
106,Bahamas,BHS,2002,0.749085752,High SDI,5929.496530473851,3770.937551201474,2158.5589792723767,1.5724197099431223,0.45261564942921095,15026.204221160267,2311.8877452600545,False,False,Neither
107,Barbados,BRB,2002,0.691204477,High-middle SDI,6203.23092296722,5487.147066181486,716.0838567857345,1.1305020346910546,0.12266181254944215,15026.204221160267,2311.8877452600545,False,False,Neither
108,Belize,BLZ,2002,0.518869648,Low SDI,7130.89899196532,11911.696702453732,-4780.797710488413,0.5986467897974939,-0.513083521236579,15026.204221160267,2311.8877452600545,False,False,Neither
109,Cuba,CUB,2002,0.603966794,Low-middle SDI,6302.98730629448,8578.230550241333,-2275.243243946853,0.7347654355264626,-0.30820396604196554,15026.204221160267,2311.8877452600545,False,False,Neither
110,Dominica,DMA,2002,0.661674129,Middle SDI,5443.24189512113,6476.345877581943,-1033.1039824608124,0.8404804187440125,-0.17378162355653018,15026.204221160267,2311.8877452600545,False,False,Neither
111,Dominican Republic,DOM,2002,0.517433264,Low SDI,11209.36687062559,11968.496915245623,-759.130044620033,0.9365726498493688,-0.06552818418654152,15026.204221160267,2311.8877452600545,False,False,Neither
112,Grenada,GRD,2002,0.578877651,Low-middle SDI,7053.00544110704,9544.308522482472,-2491.303081375432,0.7389750053126484,-0.3024911809162765,15026.204221160267,2311.8877452600545,False,False,Neither
113,Guyana,GUY,2002,0.537333913,Low-middle SDI,6917.1148758337295,11180.42304993324,-4263.308174099511,0.6186809609029089,-0.480165549663296,15026.204221160267,2311.8877452600545,False,False,Neither
114,Haiti,HTI,2002,0.384450137,Low SDI,19572.34471243865,16912.209332399572,2660.135380039079,1.157290826275602,0.14608177900698757,15026.204221160267,2311.8877452600545,True,True,Double-high
115,Jamaica,JAM,2002,0.615513049,Low-middle SDI,6441.013237408991,8142.772741561263,-1701.7595041522718,0.7910098245200463,-0.23444489091229015,15026.204221160267,2311.8877452600545,False,False,Neither
116,Saint Lucia,LCA,2002,0.609683468,Low-middle SDI,6049.62850271679,8361.818434749295,-2312.1899320325056,0.7234824039680515,-0.3236790539139515,15026.204221160267,2311.8877452600545,False,False,Neither
117,Saint Vincent and the Grenadines,VCT,2002,0.552038057,Low-middle SDI,5875.45071796937,10598.417876923118,-4722.967158953748,0.5543705472080426,-0.589921958044273,15026.204221160267,2311.8877452600545,False,False,Neither
118,Suriname,SUR,2002,0.571841424,Low-middle SDI,6315.146483861479,9819.086342131855,-3503.939858270378,0.6431501123240327,-0.441377125810716,15026.204221160267,2311.8877452600545,False,False,Neither
119,Trinidad and Tobago,TTO,2002,0.679199466,High-middle SDI,6053.85642051554,5881.045600053954,172.81082046158554,1.029384370095685,0.028960924612100414,15026.204221160267,2311.8877452600545,False,False,Neither
121,Bolivia (Plurinational State of),BOL,2002,0.504897511,Low SDI,21054.31109162938,12463.067084634293,8591.244006995088,1.6893362563688057,0.5243357040786343,15026.204221160267,2311.8877452600545,True,True,Double-high
122,Ecuador,ECU,2002,0.574169565,Low-middle SDI,12303.78917734594,9728.017820523668,2575.771356822272,1.2647786429202508,0.23489712103388244,15026.204221160267,2311.8877452600545,False,True,Excess-only
123,Peru,PER,2002,0.564622242,Low-middle SDI,17018.04305176241,10102.310145456271,6915.732906306139,1.6845694506237898,0.5215100122361722,15026.204221160267,2311.8877452600545,True,True,Double-high
125,Colombia,COL,2002,0.560149101,Low-middle SDI,6571.7951541744,10278.352837410135,-3706.557683235736,0.6393821323446912,-0.44725298715615197,15026.204221160267,2311.8877452600545,False,False,Neither
126,Costa Rica,CRI,2002,0.599092236,Low-middle SDI,3462.84361727586,8763.960777470134,-5301.117160194274,0.3951231304204294,-0.9285578400730397,15026.204221160267,2311.8877452600545,False,False,Neither
127,El Salvador,SLV,2002,0.476205993,Low SDI,7152.55604946472,13582.155653243695,-6429.599603778977,0.5266142011674372,-0.641287064627952,15026.204221160267,2311.8877452600545,False,False,Neither
128,Guatemala,GTM,2002,0.405307634,Low SDI,11880.66680765282,16199.238231236975,-4318.571423584155,0.7334089812163724,-0.3100517774199306,15026.204221160267,2311.8877452600545,False,False,Neither
129,Honduras,HND,2002,0.40198074,Low SDI,8945.610193360511,16314.944951769408,-7369.334758408897,0.5483077153987167,-0.6009186251797695,15026.204221160267,2311.8877452600545,False,False,Neither
130,Mexico,MEX,2002,0.582746336,Low-middle SDI,3244.7678080575297,9393.847680251143,-6149.0798721936135,0.34541413896662,-1.0630111790563619,15026.204221160267,2311.8877452600545,False,False,Neither
131,Nicaragua,NIC,2002,0.43839393,Low SDI,8409.205104471119,15010.8857903949,-6601.680685923782,0.5602071204786572,-0.579448705635949,15026.204221160267,2311.8877452600545,False,False,Neither
132,Panama,PAN,2002,0.602133262,Low-middle SDI,3949.56032113317,8647.966327899067,-4698.406006765897,0.4567039430289589,-0.7837199250886713,15026.204221160267,2311.8877452600545,False,False,Neither
133,Venezuela (Bolivarian Republic of),VEN,2002,0.570807264,Low-middle SDI,5303.99476512851,9859.583512092642,-4555.588746964132,0.5379532267892689,-0.6199836616531746,15026.204221160267,2311.8877452600545,False,False,Neither
135,Brazil,BRA,2002,0.579396635,Low-middle SDI,24083.68353720695,9524.097258307183,14559.586278899767,2.528710373699774,0.9277094390655295,15026.204221160267,2311.8877452600545,True,True,Double-high
136,Paraguay,PRY,2002,0.545537994,Low-middle SDI,9867.00065594441,10855.501959750649,-988.501303806237,0.9089400649116604,-0.09547612216917115,15026.204221160267,2311.8877452600545,False,False,Neither
139,Algeria,DZA,2002,0.538576146,Low-middle SDI,13566.03929711104,11131.205925013312,2434.833372097726,1.2187394059996977,0.1978170507790712,15026.204221160267,2311.8877452600545,False,True,Excess-only
140,Bahrain,BHR,2002,0.66218853,Middle SDI,8665.13021241698,6458.548964253836,2206.581248163144,1.3416527861561351,0.29390227642676436,15026.204221160267,2311.8877452600545,False,False,Neither
141,Egypt,EGY,2002,0.537099832,Low-middle SDI,21722.20290465991,11189.69773717229,10532.50516748762,1.941268067724344,0.6633414027004707,15026.204221160267,2311.8877452600545,True,True,Double-high
142,Iran (Islamic Republic of),IRN,2002,0.590392369,Low-middle SDI,7478.49246131234,9097.949771828744,-1619.4573105164036,0.8219975542697591,-0.19601785927130919,15026.204221160267,2311.8877452600545,False,False,Neither
143,Iraq,IRQ,2002,0.490927606,Low SDI,17993.15673989525,13010.733291099374,4982.4234487958765,1.382947166567802,0.3242168499050388,15026.204221160267,2311.8877452600545,True,True,Double-high
144,Jordan,JOR,2002,0.603115084,Low-middle SDI,10882.99864997699,8610.60496319133,2272.393686785659,1.2639063917691848,0.2342072358376677,15026.204221160267,2311.8877452600545,False,False,Neither
145,Kuwait,KWT,2002,0.748037528,High SDI,9543.20762643116,3799.075717891159,5744.131908540001,2.511981422609953,0.9210718531207844,15026.204221160267,2311.8877452600545,False,True,Excess-only
146,Lebanon,LBN,2002,0.612197991,Low-middle SDI,15049.93284587716,8267.127965663036,6782.804880214124,1.820454807084885,0.5990863638730825,15026.204221160267,2311.8877452600545,True,True,Double-high
147,Libya,LBY,2002,0.690300619,High-middle SDI,10772.8932464206,5516.389442149831,5256.503804270768,1.952888453470432,0.6693095347848614,15026.204221160267,2311.8877452600545,False,True,Excess-only
148,Morocco,MAR,2002,0.444771353,Low SDI,17620.964276017232,14774.625040170524,2846.339235846708,1.1926505226432371,0.17617816025349833,15026.204221160267,2311.8877452600545,True,True,Double-high
149,Palestine,PSE,2002,0.481720156,Low SDI,14978.746971726488,13368.922469697363,1609.8245020291251,1.1204154265744326,0.11369953311876714,15026.204221160267,2311.8877452600545,False,False,Neither
150,Oman,OMN,2002,0.643329442,Middle SDI,9980.58510003993,7122.882442404547,2857.702657635384,1.4012003119162355,0.3373292349476754,15026.204221160267,2311.8877452600545,False,True,Excess-only
151,Qatar,QAT,2002,0.740443914,High SDI,8834.98838143548,4006.326306591665,4828.662074843815,2.205259308733577,0.7908451023171201,15026.204221160267,2311.8877452600545,False,True,Excess-only
152,Saudi Arabia,SAU,2002,0.666087003,Middle SDI,9965.31755579386,6324.291539515593,3641.026016278266,1.575720773390714,0.45471280149400595,15026.204221160267,2311.8877452600545,False,True,Excess-only
153,Syrian Arab Republic,SYR,2002,0.46751549,Low SDI,13880.454644931731,13916.005696507593,-35.55105157586149,0.9974453120851492,-0.002557956698356572,15026.204221160267,2311.8877452600545,False,False,Neither
154,Tunisia,TUN,2002,0.570957172,Low-middle SDI,14488.01118687966,9853.711541931643,4634.299644948016,1.4703100578119364,0.385473302230962,15026.204221160267,2311.8877452600545,False,True,Excess-only
155,Türkiye,TUR,2002,0.567784987,Low-middle SDI,16824.86424454177,9978.082623174218,6846.781621367554,1.6861820932877245,0.5224668568839991,15026.204221160267,2311.8877452600545,True,True,Double-high
156,United Arab Emirates,ARE,2002,0.780223195,High SDI,9651.90151086864,2988.6808706015645,6663.220640267075,3.2294854916797777,1.172322834044869,15026.204221160267,2311.8877452600545,False,True,Excess-only
157,Yemen,YEM,2002,0.319024626,Low SDI,26304.83964444757,18942.00337622281,7362.836268224761,1.3887041999721663,0.328371082109901,15026.204221160267,2311.8877452600545,True,True,Double-high
160,Afghanistan,AFG,2002,0.188051592,Low SDI,25268.623083892177,22086.0058155152,3182.61726837698,1.1441010789801216,0.13461924480632115,15026.204221160267,2311.8877452600545,True,True,Double-high
161,Bangladesh,BGD,2002,0.319913925,Low SDI,28791.17486400996,18916.59896017903,9874.57590383093,1.5220058808995058,0.4200291233607452,15026.204221160267,2311.8877452600545,True,True,Double-high
162,Bhutan,BTN,2002,0.328338956,Low SDI,17438.12377205794,18672.915646045043,-1234.791873987102,0.9338725725862402,-0.06841528198148915,15026.204221160267,2311.8877452600545,True,False,Structural high
163,India,IND,2002,0.416300115,Low SDI,20046.68473433729,15811.81434381192,4234.870390525372,1.2678295038407608,0.2373063862809784,15026.204221160267,2311.8877452600545,True,True,Double-high
164,Nepal,NPL,2002,0.295859895,Low SDI,25656.835064492527,19582.57993033121,6074.255134161314,1.310186663645528,0.27016961839459863,15026.204221160267,2311.8877452600545,True,True,Double-high
165,Pakistan,PAK,2002,0.381261613,Low SDI,22799.32507443368,17018.52832787513,5780.79674655855,1.339676653303213,0.2924282813393799,15026.204221160267,2311.8877452600545,True,True,Double-high
168,Angola,AGO,2002,0.32786445,Low SDI,20717.70114867352,18686.78487335388,2030.91627531964,1.1086819529996084,0.10317188004089302,15026.204221160267,2311.8877452600545,True,False,Structural high
169,Central African Republic,CAF,2002,0.226999965,Low SDI,26330.41419869841,21261.35007211524,5069.064126583169,1.2384168507357096,0.21383383062098377,15026.204221160267,2311.8877452600545,True,True,Double-high
170,Congo,COG,2002,0.461483326,Low SDI,17148.63919473601,14145.982735611946,3002.656459124064,1.2122621323130132,0.19248814504811973,15026.204221160267,2311.8877452600545,True,True,Double-high
171,Democratic Republic of the Congo,COD,2002,0.257139276,Low SDI,24757.31773180167,20565.53975100542,4191.777980796251,1.2038253326461477,0.18550426380955512,15026.204221160267,2311.8877452600545,True,True,Double-high
172,Equatorial Guinea,GNQ,2002,0.446102812,Low SDI,19197.2510506462,14725.03387806987,4472.217172576329,1.303715238254008,0.2652180640849644,15026.204221160267,2311.8877452600545,True,True,Double-high
173,Gabon,GAB,2002,0.51808559,Low SDI,15728.45844997367,11942.704030830828,3785.7544191428415,1.3169930703607562,0.27535116106222624,15026.204221160267,2311.8877452600545,True,True,Double-high
175,Burundi,BDI,2002,0.227947501,Low SDI,28641.49112040862,21240.30860722342,7401.182513185202,1.3484498577703434,0.2989556791987476,15026.204221160267,2311.8877452600545,True,True,Double-high
176,Comoros,COM,2002,0.361967155,Low SDI,21059.79832019935,17646.097930747987,3413.700389451362,1.1934535557293409,0.17685125169464738,15026.204221160267,2311.8877452600545,True,True,Double-high
177,Djibouti,DJI,2002,0.365135806,Low SDI,18248.79773655538,17544.92246388927,703.8752726661114,1.0401184601479327,0.039334610655111436,15026.204221160267,2311.8877452600545,True,False,Structural high
178,Eritrea,ERI,2002,0.33380331,Low SDI,26901.36369333128,18511.9529465738,8389.41074675748,1.453188854302387,0.37376035157385856,15026.204221160267,2311.8877452600545,True,True,Double-high
179,Ethiopia,ETH,2002,0.177670836,Low SDI,25617.71901003576,22294.34646184408,3323.372548191681,1.1490679511004955,0.1389511364569434,15026.204221160267,2311.8877452600545,True,True,Double-high
180,Kenya,KEN,2002,0.392670999,Low SDI,30835.66272111335,16634.771476128255,14200.891244985094,1.8536871856258497,0.6171767288660086,15026.204221160267,2311.8877452600545,True,True,Double-high
181,Madagascar,MDG,2002,0.276210407,Low SDI,21611.5740081684,20094.677482212945,1516.896525955457,1.0754874780796138,0.07277402677512938,15026.204221160267,2311.8877452600545,True,False,Structural high
182,Malawi,MWI,2002,0.250061241,Low SDI,25952.32125656768,20734.061486172846,5218.259770394834,1.2516757160132277,0.22448322635931875,15026.204221160267,2311.8877452600545,True,True,Double-high
183,Mauritius,MUS,2002,0.629234954,Low-middle SDI,11145.65614777754,7634.163674182607,3511.492473594933,1.45997081323658,0.3784164445865744,15026.204221160267,2311.8877452600545,False,True,Excess-only
184,Mozambique,MOZ,2002,0.21577274,Low SDI,19709.71756482962,21506.87577309204,-1797.158208262419,0.9164379695487476,-0.08726089588188221,15026.204221160267,2311.8877452600545,True,False,Structural high
185,Rwanda,RWA,2002,0.301553878,Low SDI,30082.15666499649,19428.87556857077,10653.281096425722,1.5483220610903012,0.4371718033281133,15026.204221160267,2311.8877452600545,True,True,Double-high
186,Seychelles,SYC,2002,0.680504845,High-middle SDI,12980.59316268376,5837.647897915669,7142.94526476809,2.2235998795539684,0.7991274499300453,15026.204221160267,2311.8877452600545,False,True,Excess-only
187,Somalia,SOM,2002,0.055960414,Low SDI,20182.08416799647,24617.736018887423,-4435.651850890958,0.8198188554996365,-0.19867187105486103,15026.204221160267,2311.8877452600545,True,False,Structural high
189,United Republic of Tanzania,TZA,2002,0.303801379,Low SDI,25367.88919779353,19367.53764203983,6000.351555753699,1.3098148905996772,0.2698858223428416,15026.204221160267,2311.8877452600545,True,True,Double-high
190,Uganda,UGA,2002,0.246900246,Low SDI,22043.20221515595,20808.27461909256,1234.9275960633931,1.059347909361514,0.05765353897558493,15026.204221160267,2311.8877452600545,True,False,Structural high
191,Zambia,ZMB,2002,0.327839847,Low SDI,17138.606202282062,18687.503517310663,-1548.8973150286038,0.9171158783411693,-0.08652144792501862,15026.204221160267,2311.8877452600545,True,False,Structural high
193,Botswana,BWA,2002,0.564962525,Low-middle SDI,12280.66842707083,10088.934161793792,2191.7342652770367,1.2172414082725416,0.19658715774608287,15026.204221160267,2311.8877452600545,False,False,Neither
194,Lesotho,LSO,2002,0.411328741,Low SDI,21764.68452348004,15987.98559087325,5776.698932606789,1.3613149949237144,0.30845114062563833,15026.204221160267,2311.8877452600545,True,True,Double-high
195,Namibia,NAM,2002,0.50266839,Low SDI,18462.16102232284,12550.7417743921,5911.419247930742,1.471001583348014,0.3859435179939856,15026.204221160267,2311.8877452600545,True,True,Double-high
196,South Africa,ZAF,2002,0.607658592,Low-middle SDI,16180.31585249225,8438.294298056775,7742.021554435474,1.917486553676892,0.6510152418106411,15026.204221160267,2311.8877452600545,True,True,Double-high
197,Eswatini,SWZ,2002,0.487459061,Low SDI,18591.58659927008,13145.959515167808,5445.627084102271,1.4142434089971985,0.3465946948075696,15026.204221160267,2311.8877452600545,True,True,Double-high
198,Zimbabwe,ZWE,2002,0.459639092,Low SDI,12245.565837196107,14215.987153902475,-1970.42131670637,0.8613939858432228,-0.14920328822626922,15026.204221160267,2311.8877452600545,False,False,Neither
200,Benin,BEN,2002,0.262571057,Low SDI,19592.1880909625,20433.96508932261,-841.7769983601102,0.9588050094692604,-0.04206755170750029,15026.204221160267,2311.8877452600545,True,False,Structural high
201,Burkina Faso,BFA,2002,0.182775203,Low SDI,20983.1158771329,22192.41502809442,-1209.2991509615204,0.945508447393823,-0.0560324566096033,15026.204221160267,2311.8877452600545,True,False,Structural high
202,Cameroon,CMR,2002,0.35830187,Low SDI,18081.9695662303,17762.191936191193,319.77763003910513,1.0180032752257082,0.017843135437210677,15026.204221160267,2311.8877452600545,True,False,Structural high
203,Cabo Verde,CPV,2002,0.39733944,Low SDI,10072.63607204155,16475.129090210736,-6402.493018169185,0.6113843489109019,-0.4920294686248891,15026.204221160267,2311.8877452600545,False,False,Neither
204,Chad,TCD,2002,0.14560009,Low SDI,22240.71096685831,22916.310370979973,-675.5994041216618,0.970518840372436,-0.029924463503866836,15026.204221160267,2311.8877452600545,True,False,Structural high
205,Côte d'Ivoire,CIV,2002,0.342158325,Low SDI,16260.74364604515,18261.407621033934,-2000.663974988784,0.8904430580321546,-0.11603612211257382,15026.204221160267,2311.8877452600545,True,False,Structural high
206,Gambia,GMB,2002,0.314293196,Low SDI,16509.15709093987,19076.148767736657,-2566.991676796788,0.865434490575041,-0.14452359691847635,15026.204221160267,2311.8877452600545,True,False,Structural high
207,Ghana,GHA,2002,0.442727631,Low SDI,15353.99876126736,14850.56882264934,503.4299386180192,1.0338997074543177,0.033337776656913606,15026.204221160267,2311.8877452600545,True,False,Structural high
208,Guinea,GIN,2002,0.232478908,Low SDI,22343.775106136072,21138.967822657865,1204.807283478207,1.0569946126786205,0.05542961007153614,15026.204221160267,2311.8877452600545,True,False,Structural high
209,Guinea-Bissau,GNB,2002,0.260906877,Low SDI,20276.3270686273,20474.48727253677,-198.160203909476,0.9903216036000436,-0.009725536485271288,15026.204221160267,2311.8877452600545,True,False,Structural high
210,Liberia,LBR,2002,0.254605034,Low SDI,21580.82053091687,20626.254685070144,954.565845846726,1.046279165094265,0.04524021826983663,15026.204221160267,2311.8877452600545,True,False,Structural high
211,Mali,MLI,2002,0.169898306,Low SDI,14289.94100417674,22447.801875778936,-8157.860871602195,0.6365853139320298,-0.4516368339383753,15026.204221160267,2311.8877452600545,False,False,Neither
212,Mauritania,MRT,2002,0.392540525,Low SDI,18605.4335262193,16639.21161707164,1966.2219091476616,1.1181679730024192,0.11169160763559013,15026.204221160267,2311.8877452600545,True,False,Structural high
213,Niger,NER,2002,0.116211998,Low SDI,25258.414138281943,23469.098885195785,1789.315253086159,1.076241327451002,0.0734747186098009,15026.204221160267,2311.8877452600545,True,False,Structural high
214,Nigeria,NGA,2002,0.340807586,Low SDI,22623.29852300197,18302.27566027357,4321.022862728394,1.2360921091417878,0.211954878218251,15026.204221160267,2311.8877452600545,True,True,Double-high
215,Sao Tome and Principe,STP,2002,0.347965953,Low SDI,18961.92319673373,18084.100951498272,877.8222452354566,1.0485411051171294,0.047399774327327684,15026.204221160267,2311.8877452600545,True,False,Structural high
216,Senegal,SEN,2002,0.295118962,Low SDI,20458.46827130424,19602.40309649343,856.0651748108066,1.043671440210509,0.04274472748605258,15026.204221160267,2311.8877452600545,True,False,Structural high
217,Sierra Leone,SLE,2002,0.227217067,Low SDI,23760.709669820808,21256.53350605665,2504.176163764154,1.1178073632302574,0.11136905508373966,15026.204221160267,2311.8877452600545,True,True,Double-high
218,Togo,TGO,2002,0.334260511,Low SDI,19105.19253959971,18498.381257420493,606.8112821792165,1.0328034801388797,0.03227693016011011,15026.204221160267,2311.8877452600545,True,False,Structural high
298,American Samoa,ASM,2002,0.651515479,Middle SDI,8803.37934474701,6831.592133113524,1971.7872116334863,1.288627771273991,0.25357790899878163,15026.204221160267,2311.8877452600545,False,False,Neither
305,Bermuda,BMU,2002,0.749008293,High SDI,5242.27705919931,3773.012898551207,1469.2641606481034,1.3894140306841474,0.32888209760203885,15026.204221160267,2311.8877452600545,False,False,Neither
320,Cook Islands,COK,2002,0.684599088,High-middle SDI,11924.829733683371,5702.419862904789,6222.409870778582,2.0911876046266635,0.7377321364729043,15026.204221160267,2311.8877452600545,False,True,Excess-only
349,Greenland,GRL,2002,0.778469776,High SDI,1314.89243941304,3029.928449199368,-1715.0360097863277,0.4339681485747589,-0.8347841379556779,15026.204221160267,2311.8877452600545,False,False,Neither
351,Guam,GUM,2002,0.739803653,High SDI,7236.3396684427,4024.072548943444,3212.267119499256,1.798262725244023,0.5868210462001949,15026.204221160267,2311.8877452600545,False,True,Excess-only
367,Monaco,MCO,2002,0.880034529,High SDI,1253.39990520383,1198.0171565161827,55.382748687647336,1.046228677432884,0.045191962621408586,15026.204221160267,2311.8877452600545,False,False,Neither
369,Nauru,NRU,2002,0.525237543,Low SDI,17061.88444796894,11659.66835720938,5402.216090759559,1.463325021369006,0.38071125824498353,15026.204221160267,2311.8877452600545,True,True,Double-high
374,Niue,NIU,2002,0.654398446,Middle SDI,12051.7002173516,6730.055662304172,5321.644555047427,1.7907281636398016,0.582622332463374,15026.204221160267,2311.8877452600545,False,True,Excess-only
376,Northern Mariana Islands,MNP,2002,0.754420091,High SDI,7242.06438563222,3629.533880784136,3612.530504848085,1.995315272843692,0.6908020693567621,15026.204221160267,2311.8877452600545,False,True,Excess-only
380,Palau,PLW,2002,0.725336961,High SDI,8966.34525980969,4436.072485589629,4530.272774220061,2.0212350652376485,0.7037087430074963,15026.204221160267,2311.8877452600545,False,True,Excess-only
385,Puerto Rico,PRI,2002,0.750690352,High SDI,5218.94230428689,3728.087305660918,1490.8549986259725,1.399898091539375,0.3363994422141751,15026.204221160267,2311.8877452600545,False,False,Neither
393,Saint Kitts and Nevis,KNA,2002,0.662350997,Middle SDI,6056.15090238815,6452.931964300696,-396.78106191254574,0.9385115070005942,-0.06346016197523177,15026.204221160267,2311.8877452600545,False,False,Neither
396,San Marino,SMR,2002,0.840588936,High SDI,1219.56687416165,1776.856754078765,-557.2898799171151,0.6863619542555363,-0.3763501602939636,15026.204221160267,2311.8877452600545,False,False,Neither
416,Tuvalu,TUV,2002,0.52229789,Low SDI,12945.88874419426,11776.052604126218,1169.8361400680424,1.0993402610700076,0.09471023721112211,15026.204221160267,2311.8877452600545,False,False,Neither
422,United States Virgin Islands,VIR,2002,0.734048272,High SDI,4747.32069051957,4185.468668557292,561.8520219622787,1.134238735600414,0.12596170836905937,15026.204221160267,2311.8877452600545,False,False,Neither
435,South Sudan,SSD,2002,0.307987973,Low SDI,17469.40445408654,19252.263658231845,-1782.8592041453048,0.907394827133328,-0.09717761252526969,15026.204221160267,2311.8877452600545,True,False,Structural high
522,Sudan,SDN,2002,0.382018292,Low SDI,18189.3021188813,16993.363252798004,1195.9388660832956,1.07037681995566,0.06801075466001522,15026.204221160267,2311.8877452600545,True,False,Structural high
6,China,CHN,2003,0.572507897,Low-middle SDI,13429.217712602758,9772.832821501965,3656.3848911007954,1.3741376689731253,0.3178263845400865,14969.45170334056,2225.0680804955605,False,True,Excess-only
7,Democratic People's Republic of Korea,PRK,2003,0.508486373,Low SDI,16996.71594118671,12296.343799349368,4700.372141837343,1.3822577034716654,0.3237181793595799,14969.45170334056,2225.0680804955605,True,True,Double-high
8,Taiwan,TWN,2003,0.782235619,High SDI,12039.04544201243,2935.7001169642263,9103.345325048203,4.10091118382414,1.4112091889757283,14969.45170334056,2225.0680804955605,False,True,Excess-only
10,Cambodia,KHM,2003,0.366644623,Low SDI,31282.67627434026,17460.44766801953,13822.228606320732,1.791630825802792,0.5831262809424372,14969.45170334056,2225.0680804955605,True,True,Double-high
11,Indonesia,IDN,2003,0.546551381,Low-middle SDI,15109.9846132743,10793.12068055324,4316.86393272106,1.3999643903268006,0.3364468008168689,14969.45170334056,2225.0680804955605,True,True,Double-high
12,Lao People's Democratic Republic,LAO,2003,0.365367553,Low SDI,18758.82820509443,17501.374131760702,1257.4540733337271,1.0718488767720105,0.06938507955052228,14969.45170334056,2225.0680804955605,True,False,Structural high
13,Malaysia,MYS,2003,0.676296343,Middle SDI,9199.17069273225,5965.7310220368045,3233.439670695446,1.5420022556751969,0.4330817379644497,14969.45170334056,2225.0680804955605,False,True,Excess-only
14,Maldives,MDV,2003,0.513774342,Low SDI,11553.007143796069,12088.13336164772,-535.1262178516499,0.9557312777877304,-0.04527849562418352,14969.45170334056,2225.0680804955605,False,False,Neither
15,Myanmar,MMR,2003,0.40105101,Low SDI,16694.0349707664,16313.480962321057,380.55400844534233,1.023327578542207,0.023059649340793093,14969.45170334056,2225.0680804955605,True,False,Structural high
16,Philippines,PHL,2003,0.556987022,Low-middle SDI,17556.33954350701,10381.587227127093,7174.752316379918,1.6911036009630869,0.5253813341326486,14969.45170334056,2225.0680804955605,True,True,Double-high
17,Sri Lanka,LKA,2003,0.612306481,Low-middle SDI,10806.68668397597,8246.031447255591,2560.6552367203785,1.310531830141468,0.27043303203383845,14969.45170334056,2225.0680804955605,False,True,Excess-only
18,Thailand,THA,2003,0.586190838,Low-middle SDI,14632.095848207571,9241.221565258662,5390.874282948909,1.5833508313679328,0.45954338070764733,14969.45170334056,2225.0680804955605,False,True,Excess-only
19,Timor-Leste,TLS,2003,0.368422747,Low SDI,24643.43999006008,17403.262398089544,7240.177591970536,1.4160241583650046,0.34785305611822587,14969.45170334056,2225.0680804955605,True,True,Double-high
20,Viet Nam,VNM,2003,0.521125801,Low SDI,16782.86682489228,11798.090788406576,4984.776036485706,1.4225070077765471,0.35242081338691533,14969.45170334056,2225.0680804955605,True,True,Double-high
22,Fiji,FJI,2003,0.612367159,Low-middle SDI,10517.33851912703,8243.755353210783,2273.583165916247,1.2757945946358935,0.24356919597389365,14969.45170334056,2225.0680804955605,False,True,Excess-only
23,Kiribati,KIR,2003,0.471788033,Low SDI,11554.81042209229,13723.905742913768,-2169.095320821476,0.8419476669794623,-0.17203741990244478,14969.45170334056,2225.0680804955605,False,False,Neither
24,Marshall Islands,MHL,2003,0.491740876,Low SDI,13109.42841226829,12952.24822895918,157.18018330911036,1.012135359092152,0.012062315964627734,14969.45170334056,2225.0680804955605,False,False,Neither
25,Micronesia (Federated States of),FSM,2003,0.527962573,Low SDI,9321.09733700952,11527.945758351836,-2206.848421342316,0.8085653361316794,-0.21249379168808646,14969.45170334056,2225.0680804955605,False,False,Neither
26,Papua New Guinea,PNG,2003,0.384409917,Low SDI,13830.0196555667,16878.720792982196,-3048.7011374154954,0.8193760549269185,-0.19921213698745044,14969.45170334056,2225.0680804955605,False,False,Neither
27,Samoa,WSM,2003,0.536827223,Low-middle SDI,10514.61817246719,11177.431222033054,-662.8130495658643,0.94070077136692,-0.06113018001209382,14969.45170334056,2225.0680804955605,False,False,Neither
28,Solomon Islands,SLB,2003,0.377759621,Low SDI,14132.521031634502,17099.1689597283,-2966.6479280937983,0.8265033853352287,-0.1905512657400593,14969.45170334056,2225.0680804955605,False,False,Neither
29,Tonga,TON,2003,0.566183615,Low-middle SDI,11774.19971815136,10020.275232749234,1753.9244854021254,1.175037555821798,0.16130010948686585,14969.45170334056,2225.0680804955605,False,False,Neither
30,Vanuatu,VUT,2003,0.402811229,Low SDI,12920.749975619568,16252.588029958366,-3331.838054338797,0.7949964615975482,-0.22941761515840414,14969.45170334056,2225.0680804955605,False,False,Neither
33,Armenia,ARM,2003,0.604141951,Low-middle SDI,7580.663631571439,8553.92328794052,-973.2596563690822,0.8862206704914923,-0.12078929562813598,14969.45170334056,2225.0680804955605,False,False,Neither
34,Azerbaijan,AZE,2003,0.595290433,Low-middle SDI,14828.1488483365,8891.185017730459,5936.963830606041,1.6677359450699514,0.5114669850918093,14969.45170334056,2225.0680804955605,False,True,Excess-only
35,Georgia,GEO,2003,0.650148954,Middle SDI,9079.66049044922,6865.74504909157,2213.91544135765,1.3224581491925018,0.27949223902653575,14969.45170334056,2225.0680804955605,False,False,Neither
36,Kazakhstan,KAZ,2003,0.656856785,Middle SDI,7610.705493456089,6630.236594733219,980.46889872287,1.1478784180193078,0.13791538464007705,14969.45170334056,2225.0680804955605,False,False,Neither
37,Kyrgyzstan,KGZ,2003,0.547837586,Low-middle SDI,9284.36954080138,10742.334197139093,-1457.964656337712,0.864278598153649,-0.1458601105876915,14969.45170334056,2225.0680804955605,False,False,Neither
38,Mongolia,MNG,2003,0.56038309,Low-middle SDI,11533.17727555071,10247.985181024746,1285.1920945259644,1.1254092459955578,0.11814674372485803,14969.45170334056,2225.0680804955605,False,False,Neither
39,Tajikistan,TJK,2003,0.464464165,Low SDI,10801.52210925154,14003.62595525285,-3202.1038460013096,0.7713375195657679,-0.259629232643719,14969.45170334056,2225.0680804955605,False,False,Neither
40,Turkmenistan,TKM,2003,0.591678293,Low-middle SDI,12845.62967443266,9029.7577021436,3815.871972289058,1.422588523209565,0.352478115809384,14969.45170334056,2225.0680804955605,False,True,Excess-only
41,Uzbekistan,UZB,2003,0.580476079,Low-middle SDI,12323.12871519333,9462.55705516781,2860.57166002552,1.3023042971733807,0.2641352316661662,14969.45170334056,2225.0680804955605,False,True,Excess-only
43,Albania,ALB,2003,0.595769347,Low-middle SDI,8851.49448286906,8872.851668498195,-21.35718562913462,0.9975929738908,-0.0024099276535422785,14969.45170334056,2225.0680804955605,False,False,Neither
44,Bosnia and Herzegovina,BIH,2003,0.615674791,Low-middle SDI,5882.29537212621,8119.961756103752,-2237.666383977542,0.7244240242516543,-0.3223783891776153,14969.45170334056,2225.0680804955605,False,False,Neither
45,Bulgaria,BGR,2003,0.690108872,High-middle SDI,8031.826879865191,5511.227815356474,2520.5990645087168,1.4573570806645526,0.3766245765714381,14969.45170334056,2225.0680804955605,False,True,Excess-only
46,Croatia,HRV,2003,0.706297886,High-middle SDI,3987.95596559529,4998.950058418497,-1010.9940928232072,0.7977587131280418,-0.2259490917548914,14969.45170334056,2225.0680804955605,False,False,Neither
47,Czechia,CZE,2003,0.776440353,High SDI,4708.64829884081,3071.75227380247,1636.8960250383398,1.5328867301568083,0.42715270946043904,14969.45170334056,2225.0680804955605,False,False,Neither
48,Hungary,HUN,2003,0.729079161,High SDI,5053.35852546698,4318.584219052829,734.7743064141505,1.1701424052754272,0.15712545531374927,14969.45170334056,2225.0680804955605,False,False,Neither
49,North Macedonia,MKD,2003,0.664970559,Middle SDI,6119.24789845899,6349.523451829423,-230.27555337043304,0.9637334116304294,-0.03694056656875802,14969.45170334056,2225.0680804955605,False,False,Neither
50,Montenegro,MNE,2003,0.684455725,High-middle SDI,6338.056629596291,5695.377974134295,642.6786554619957,1.1128421429413005,0.1069172319931288,14969.45170334056,2225.0680804955605,False,False,Neither
51,Poland,POL,2003,0.737954821,High SDI,3260.21508270748,4067.158282410094,-806.943199702614,0.8015953293009191,-0.22115137538892235,14969.45170334056,2225.0680804955605,False,False,Neither
52,Romania,ROU,2003,0.671250223,Middle SDI,8501.73112795891,6135.534307250869,2366.1968207080417,1.3856545660435329,0.32617263885572023,14969.45170334056,2225.0680804955605,False,True,Excess-only
53,Serbia,SRB,2003,0.664909788,Middle SDI,5294.40257281996,6351.608487547288,-1057.2059147273276,0.8335530414382367,-0.1820579418175519,14969.45170334056,2225.0680804955605,False,False,Neither
54,Slovakia,SVK,2003,0.748266287,High SDI,5378.56545924892,3785.1134978374143,1593.4519614115056,1.4209786476209785,0.3513458226973374,14969.45170334056,2225.0680804955605,False,False,Neither
55,Slovenia,SVN,2003,0.787466527,High SDI,4992.1529172307,2816.079301861629,2176.073615369071,1.7727316535193207,0.5725216639843042,14969.45170334056,2225.0680804955605,False,False,Neither
57,Belarus,BLR,2003,0.693799846,High-middle SDI,4804.79941811245,5392.435155328832,-587.6357372163811,0.8910259056827644,-0.11538177709362862,14969.45170334056,2225.0680804955605,False,False,Neither
58,Estonia,EST,2003,0.757497305,High SDI,4077.44997286156,3542.0226441991167,535.4273286624434,1.1511642873145742,0.14077385397168538,14969.45170334056,2225.0680804955605,False,False,Neither
59,Latvia,LVA,2003,0.752354624,High SDI,4006.0541949752,3676.342417313005,329.7117776621949,1.0896847301572026,0.08588841601567473,14969.45170334056,2225.0680804955605,False,False,Neither
60,Lithuania,LTU,2003,0.733780107,High SDI,4347.85014878493,4184.434583720836,163.41556506409415,1.039053201046528,0.03830991489333584,14969.45170334056,2225.0680804955605,False,False,Neither
61,Republic of Moldova,MDA,2003,0.622402714,Low-middle SDI,6669.32699047458,7869.894902632221,-1200.5679121576404,0.8474480374882656,-0.16552575430544375,14969.45170334056,2225.0680804955605,False,False,Neither
62,Russian Federation,RUS,2003,0.727916784,High SDI,3228.90549369606,4352.09251321563,-1123.1870195195695,0.7419202335178117,-0.2985135435910689,14969.45170334056,2225.0680804955605,False,False,Neither
63,Ukraine,UKR,2003,0.68301633,High-middle SDI,2749.79847077004,5742.684320800885,-2992.885850030845,0.4788350390095181,-0.7363991270871917,14969.45170334056,2225.0680804955605,False,False,Neither
66,Brunei Darussalam,BRN,2003,0.755797095,High SDI,2731.31548447472,3586.119580906096,-854.8040964313759,0.7616353618036924,-0.27228736564314204,14969.45170334056,2225.0680804955605,False,False,Neither
67,Japan,JPN,2003,0.832369287,High SDI,2419.67583322158,1914.220247131664,505.4555860899163,1.2640529932996525,0.23432321992467312,14969.45170334056,2225.0680804955605,False,False,Neither
68,Republic of Korea,KOR,2003,0.811195966,High SDI,2185.34245620503,2311.599649808307,-126.25719360327685,0.9453810292739284,-0.05616722717304415,14969.45170334056,2225.0680804955605,False,False,Neither
69,Singapore,SGP,2003,0.794886206,High SDI,4562.76144460792,2651.6082431332275,1911.153201474692,1.720752474059445,0.5427616800750182,14969.45170334056,2225.0680804955605,False,False,Neither
71,Australia,AUS,2003,0.784482681,High SDI,937.82196440418,2883.943334039513,-1946.121369635333,0.3251873756793207,-1.1233537222362946,14969.45170334056,2225.0680804955605,False,False,Neither
72,New Zealand,NZL,2003,0.799940607,High SDI,1308.27027433433,2543.072838982493,-1234.8025646481635,0.5144446727124736,-0.6646672655206238,14969.45170334056,2225.0680804955605,False,False,Neither
74,Andorra,AND,2003,0.822543461,High SDI,1245.0385625988,2092.479294484685,-847.440731885885,0.5950063954661093,-0.5191831248117372,14969.45170334056,2225.0680804955605,False,False,Neither
75,Austria,AUT,2003,0.800661524,High SDI,1196.80599914854,2527.824003682721,-1331.0180045341815,0.4734530558317922,-0.7477025141816691,14969.45170334056,2225.0680804955605,False,False,Neither
76,Belgium,BEL,2003,0.808291416,High SDI,1354.82975946175,2369.9837203805528,-1015.1539609188028,0.571662053123387,-0.5592072784208703,14969.45170334056,2225.0680804955605,False,False,Neither
77,Cyprus,CYP,2003,0.7738233,High SDI,951.70555024212,3134.40056158742,-2182.6950113453,0.3036323952673515,-1.1919375353739505,14969.45170334056,2225.0680804955605,False,False,Neither
78,Denmark,DNK,2003,0.863373518,High SDI,1236.46528369613,1419.9928670993063,-183.52758340317632,0.870754573733826,-0.13839511711263974,14969.45170334056,2225.0680804955605,False,False,Neither
79,Finland,FIN,2003,0.82108633,High SDI,1297.89067246226,2119.818844151843,-821.9281716895832,0.6122648999195762,-0.4905902471134786,14969.45170334056,2225.0680804955605,False,False,Neither
80,France,FRA,2003,0.798261823,High SDI,1031.7557501472002,2578.806742764348,-1547.0509926171476,0.4000903724337292,-0.916064826308416,14969.45170334056,2225.0680804955605,False,False,Neither
81,Germany,DEU,2003,0.835509767,High SDI,1250.99698035197,1859.4739384731856,-608.4769581212156,0.6727693002135667,-0.39635280124918415,14969.45170334056,2225.0680804955605,False,False,Neither
82,Greece,GRC,2003,0.765063144,High SDI,1173.69629613622,3349.5410411804432,-2175.844745044223,0.3504051097467929,-1.0486653374155155,14969.45170334056,2225.0680804955605,False,False,Neither
83,Iceland,ISL,2003,0.820165875,High SDI,1163.94136681879,2137.209828438591,-973.2684616198012,0.5446079048163209,-0.6076891839445479,14969.45170334056,2225.0680804955605,False,False,Neither
84,Ireland,IRL,2003,0.827442261,High SDI,1425.26913251404,2002.2809478812487,-577.0118153672088,0.7118227509592074,-0.3399263438441937,14969.45170334056,2225.0680804955605,False,False,Neither
85,Israel,ISR,2003,0.778972231,High SDI,1242.10385845195,3011.8581459424486,-1769.7542874904989,0.4124045018937238,-0.8857506105707776,14969.45170334056,2225.0680804955605,False,False,Neither
86,Italy,ITA,2003,0.780140071,High SDI,1126.81492988885,2984.4693042020967,-1857.6543743132468,0.3775595642087215,-0.9740269367565885,14969.45170334056,2225.0680804955605,False,False,Neither
87,Luxembourg,LUX,2003,0.82995451,High SDI,1253.60100657207,1957.04748656028,-703.4464799882101,0.6405572757845583,-0.4454167380921725,14969.45170334056,2225.0680804955605,False,False,Neither
88,Malta,MLT,2003,0.74112015,High SDI,1335.05077148335,3979.41585977933,-2644.365088295979,0.33548913170321,-1.0921657174223511,14969.45170334056,2225.0680804955605,False,False,Neither
89,Netherlands,NLD,2003,0.853598413,High SDI,1019.74871537783,1564.8330120033152,-545.0842966254852,0.6516661570631982,-0.42822287723129376,14969.45170334056,2225.0680804955605,False,False,Neither
90,Norway,NOR,2003,0.862524809,High SDI,1304.9577076079,1432.1764294216375,-127.2187218137376,0.911171054626899,-0.09302463356651895,14969.45170334056,2225.0680804955605,False,False,Neither
91,Portugal,PRT,2003,0.703641357,High-middle SDI,1380.96171988151,5081.431265156125,-3700.469545274615,0.2717662894214275,-1.3028128121041622,14969.45170334056,2225.0680804955605,False,False,Neither
92,Spain,ESP,2003,0.74473757,High SDI,1090.15688873414,3880.398708721976,-2790.241819987836,0.2809394009651104,-1.2696162878336918,14969.45170334056,2225.0680804955605,False,False,Neither
93,Sweden,SWE,2003,0.85503026,High SDI,1015.54835961876,1542.9950526034036,-527.4466929846436,0.6581669577652149,-0.418296644636659,14969.45170334056,2225.0680804955605,False,False,Neither
94,Switzerland,CHE,2003,0.903776151,High SDI,1014.34060794628,922.02907555058,92.31153239570006,1.100117810645589,0.09541727465636546,14969.45170334056,2225.0680804955605,False,False,Neither
95,United Kingdom,GBR,2003,0.816178987,High SDI,1190.1119224474,2213.6200482610043,-1023.5081258136042,0.537631525058846,-0.6205818511300393,14969.45170334056,2225.0680804955605,False,False,Neither
97,Argentina,ARG,2003,0.668494521,Middle SDI,3963.59772405314,6229.079282941766,-2265.481558888626,0.6363055507910116,-0.4520764052374965,14969.45170334056,2225.0680804955605,False,False,Neither
98,Chile,CHL,2003,0.680047162,High-middle SDI,3394.8982252258097,5840.794095624703,-2445.8958703988933,0.5812391550951785,-0.5425929801553999,14969.45170334056,2225.0680804955605,False,False,Neither
99,Uruguay,URY,2003,0.644696747,Middle SDI,6012.68100299373,7059.359404933344,-1046.6784019396146,0.8517318156080625,-0.16048357211649825,14969.45170334056,2225.0680804955605,False,False,Neither
101,Canada,CAN,2003,0.844072857,High SDI,720.88785611784,1715.6271224953912,-994.7392663775512,0.4201891230708126,-0.8670503760304592,14969.45170334056,2225.0680804955605,False,False,Neither
102,United States of America,USA,2003,0.811825421,High SDI,1283.51191917787,2299.0707010192905,-1015.5587818414206,0.558274227325339,-0.5829049905016602,14969.45170334056,2225.0680804955605,False,False,Neither
105,Antigua and Barbuda,ATG,2003,0.678101124,High-middle SDI,6104.98507904332,5905.477191839329,199.50788720399123,1.033783533611761,0.03322540563182454,14969.45170334056,2225.0680804955605,False,False,Neither
106,Bahamas,BHS,2003,0.752596322,High SDI,5883.2221970601095,3669.9669562707936,2213.255240789316,1.6030722530096828,0.4719219462296489,14969.45170334056,2225.0680804955605,False,False,Neither
107,Barbados,BRB,2003,0.696461928,High-middle SDI,6146.62666089457,5307.477656953674,839.1490039408955,1.158106931046892,0.14678671603347043,14969.45170334056,2225.0680804955605,False,False,Neither
108,Belize,BLZ,2003,0.525197631,Low SDI,7231.76711819984,11637.232061604,-4405.464943404159,0.6214336089473033,-0.4757261976355946,14969.45170334056,2225.0680804955605,False,False,Neither
109,Cuba,CUB,2003,0.611700747,Low-middle SDI,6362.39203869407,8268.763157271853,-1906.371118577783,0.7694490599962038,-0.2620805267297854,14969.45170334056,2225.0680804955605,False,False,Neither
110,Dominica,DMA,2003,0.667408478,Middle SDI,5435.479707475411,6266.101412018415,-830.6217045430049,0.8674420265605871,-0.14220659756645845,14969.45170334056,2225.0680804955605,False,False,Neither
111,Dominican Republic,DOM,2003,0.524992142,Low SDI,10681.88135319388,11645.352589574077,-963.4712363801956,0.9172656019670218,-0.08635820638797492,14969.45170334056,2225.0680804955605,False,False,Neither
112,Grenada,GRD,2003,0.585146304,Low-middle SDI,7015.816955998839,9281.595632162063,-2265.778676163224,0.7558847889998596,-0.27986630991880984,14969.45170334056,2225.0680804955605,False,False,Neither
113,Guyana,GUY,2003,0.543386507,Low-middle SDI,6888.71735902933,10918.143299325762,-4029.4259402964326,0.6309422005346582,-0.4605410204230361,14969.45170334056,2225.0680804955605,False,False,Neither
114,Haiti,HTI,2003,0.390024773,Low SDI,18949.64641597132,16690.14854804243,2259.49786792889,1.1353791346688706,0.1269666345104747,14969.45170334056,2225.0680804955605,True,True,Double-high
115,Jamaica,JAM,2003,0.620851247,Low-middle SDI,6273.65550212283,7927.349420841806,-1653.6939187189764,0.7913938403710012,-0.23395953326681226,14969.45170334056,2225.0680804955605,False,False,Neither
116,Saint Lucia,LCA,2003,0.616194878,Low-middle SDI,5980.14404728033,8100.547018271741,-2120.402970991411,0.7382395329341843,-0.3034869366717095,14969.45170334056,2225.0680804955605,False,False,Neither
117,Saint Vincent and the Grenadines,VCT,2003,0.558357909,Low-middle SDI,5798.30897877003,10327.633477633468,-4529.324498863438,0.561436363066855,-0.5772568450343168,14969.45170334056,2225.0680804955605,False,False,Neither
118,Suriname,SUR,2003,0.577971158,Low-middle SDI,6188.5519005295,9559.90060164798,-3371.34870111848,0.6473447955580928,-0.43487621212037597,14969.45170334056,2225.0680804955605,False,False,Neither
119,Trinidad and Tobago,TTO,2003,0.686199987,High-middle SDI,6036.56646247799,5638.278015564496,398.2884469134942,1.0706400865324517,0.06825668132908608,14969.45170334056,2225.0680804955605,False,False,Neither
121,Bolivia (Plurinational State of),BOL,2003,0.510837773,Low SDI,20278.69632462119,12203.809727681755,8074.886596939432,1.661669329260621,0.5078227171078712,14969.45170334056,2225.0680804955605,True,True,Double-high
122,Ecuador,ECU,2003,0.580224023,Low-middle SDI,11702.98794839983,9472.343548335311,2230.644400064517,1.2354902341413212,0.2114678420375633,14969.45170334056,2225.0680804955605,False,True,Excess-only
123,Peru,PER,2003,0.570126426,Low-middle SDI,16502.07513140019,9865.89804672875,6636.177084671441,1.672637914282097,0.5144019695800113,14969.45170334056,2225.0680804955605,True,True,Double-high
125,Colombia,COL,2003,0.564563545,Low-middle SDI,6542.90700221951,10083.806794237613,-3540.899792018101,0.6488528723059681,-0.4325492870444695,14969.45170334056,2225.0680804955605,False,False,Neither
126,Costa Rica,CRI,2003,0.603999071,Low-middle SDI,3380.85718573432,8559.339631467237,-5178.482445732918,0.394990423479057,-0.9288937587317321,14969.45170334056,2225.0680804955605,False,False,Neither
127,El Salvador,SLV,2003,0.483884391,Low SDI,6924.85168282577,13257.597460338086,-6332.745777512316,0.522330814730377,-0.6494541471366544,14969.45170334056,2225.0680804955605,False,False,Neither
128,Guatemala,GTM,2003,0.416534945,Low SDI,10893.79596748811,15770.906398664649,-4877.1104311765375,0.6907526867580996,-0.36997342556171003,14969.45170334056,2225.0680804955605,False,False,Neither
129,Honduras,HND,2003,0.40955537,Low SDI,8428.109274276729,16017.392152270882,-7589.282877994154,0.5261848616899739,-0.6421026799080393,14969.45170334056,2225.0680804955605,False,False,Neither
130,Mexico,MEX,2003,0.588942708,Low-middle SDI,3109.67687190517,9135.038080084065,-6025.361208178892,0.3404120316350727,-1.0775985373286137,14969.45170334056,2225.0680804955605,False,False,Neither
131,Nicaragua,NIC,2003,0.444366678,Low SDI,8207.34306228843,14759.219645605392,-6551.876583316962,0.556082452823459,-0.5868386992813153,14969.45170334056,2225.0680804955605,False,False,Neither
132,Panama,PAN,2003,0.605846665,Low-middle SDI,3902.73021855638,8489.373944706196,-4586.643726149816,0.4597194379675128,-0.7771388930362445,14969.45170334056,2225.0680804955605,False,False,Neither
133,Venezuela (Bolivarian Republic of),VEN,2003,0.563168015,Low-middle SDI,5177.33209186095,10138.575997538022,-4961.243905677073,0.5106567325744932,-0.6720576707220332,14969.45170334056,2225.0680804955605,False,False,Neither
135,Brazil,BRA,2003,0.585238787,Low-middle SDI,22048.644629892868,9278.019401035855,12770.62522885701,2.3764387286613364,0.8656030345646553,14969.45170334056,2225.0680804955605,True,True,Double-high
136,Paraguay,PRY,2003,0.551473792,Low-middle SDI,9769.87869504264,10598.84379722997,-828.9651021873306,0.921787213959698,-0.0814408695234344,14969.45170334056,2225.0680804955605,False,False,Neither
139,Algeria,DZA,2003,0.547526671,Low-middle SDI,12952.23525471016,10754.609497365249,2197.625757344913,1.2043426828173822,0.18593392667017905,14969.45170334056,2225.0680804955605,False,False,Neither
140,Bahrain,BHR,2003,0.668886266,Middle SDI,8346.45487596833,6215.746535756004,2130.7083402123253,1.3427920247319372,0.2947510468239613,14969.45170334056,2225.0680804955605,False,False,Neither
141,Egypt,EGY,2003,0.544687009,Low-middle SDI,20618.87858043628,10866.760548802871,9752.11803163341,1.8974264214101733,0.6404984529403872,14969.45170334056,2225.0680804955605,True,True,Double-high
142,Iran (Islamic Republic of),IRN,2003,0.600678835,Low-middle SDI,7091.92885503569,8685.46674224303,-1593.5378872073406,0.8165282379751755,-0.20269378299918214,14969.45170334056,2225.0680804955605,False,False,Neither
143,Iraq,IRQ,2003,0.492825969,Low SDI,17579.09842680333,12909.940622720142,4669.15780408319,1.3616715165882298,0.30871300139141544,14969.45170334056,2225.0680804955605,True,True,Double-high
144,Jordan,JOR,2003,0.60765722,Low-middle SDI,10556.87017543963,8420.967060354671,2135.9031150849587,1.2536410723111175,0.2260521750130053,14969.45170334056,2225.0680804955605,False,False,Neither
145,Kuwait,KWT,2003,0.753082971,High SDI,9381.26543980229,3657.148911136034,5724.116528666256,2.56518552231666,0.9420308043957225,14969.45170334056,2225.0680804955605,False,True,Excess-only
146,Lebanon,LBN,2003,0.616548361,Low-middle SDI,14531.57989046776,8087.359472888315,6444.220417579444,1.7968262619193256,0.5860219208343025,14969.45170334056,2225.0680804955605,False,True,Excess-only
147,Libya,LBY,2003,0.697156825,High-middle SDI,10460.28940084369,5285.401318439575,5174.888082404115,1.9790908524486297,0.6826375738277326,14969.45170334056,2225.0680804955605,False,True,Excess-only
148,Morocco,MAR,2003,0.451550999,Low SDI,16995.53693776138,14491.28662120417,2504.250316557209,1.1728107642901011,0.1594032303909582,14969.45170334056,2225.0680804955605,True,True,Double-high
149,Palestine,PSE,2003,0.484966339,Low SDI,15040.1031308426,13215.653750950893,1824.4493798917083,1.1380521474210412,0.12931815839858793,14969.45170334056,2225.0680804955605,True,False,Structural high
150,Oman,OMN,2003,0.654504588,Middle SDI,9500.64359278701,6712.474962169961,2788.1686306170486,1.4153711777445066,0.34739181312347556,14969.45170334056,2225.0680804955605,False,True,Excess-only
151,Qatar,QAT,2003,0.747997823,High SDI,8654.04198292305,3792.317251133549,4861.724731789502,2.281993148209396,0.8250492488978635,14969.45170334056,2225.0680804955605,False,True,Excess-only
152,Saudi Arabia,SAU,2003,0.676488749,Middle SDI,9532.96490180215,5959.295315073505,3573.6695867286453,1.599679894649518,0.4698035433858437,14969.45170334056,2225.0680804955605,False,True,Excess-only
153,Syrian Arab Republic,SYR,2003,0.472033427,Low SDI,14447.5386982835,13714.497352354463,733.0413459290376,1.0534501066350197,0.0520705935155636,14969.45170334056,2225.0680804955605,False,False,Neither
154,Tunisia,TUN,2003,0.577910363,Low-middle SDI,13864.01847148998,9562.265483892848,4301.752987597132,1.4498675543827158,0.3714722104555427,14969.45170334056,2225.0680804955605,False,True,Excess-only
155,Türkiye,TUR,2003,0.574111138,Low-middle SDI,15902.881490479958,9710.261569453964,6192.619921025993,1.6377397639324582,0.49331709853091416,14969.45170334056,2225.0680804955605,True,True,Double-high
156,United Arab Emirates,ARE,2003,0.786436866,High SDI,9409.05606864945,2839.386324620711,6569.669744028739,3.3137639591563235,1.1980846911075327,14969.45170334056,2225.0680804955605,False,True,Excess-only
157,Yemen,YEM,2003,0.328494297,Low SDI,25870.1974841465,18629.923180106267,7240.274304040235,1.3886368308685069,0.32832256872755106,14969.45170334056,2225.0680804955605,True,True,Double-high
160,Afghanistan,AFG,2003,0.195235769,Low SDI,25139.959708739752,21894.10973964557,3245.8499690941826,1.1482522015141197,0.13824096149962836,14969.45170334056,2225.0680804955605,True,True,Double-high
161,Bangladesh,BGD,2003,0.324619677,Low SDI,28102.51577566396,18742.48175088537,9360.03402477859,1.499402061540566,0.405066402996221,14969.45170334056,2225.0680804955605,True,True,Double-high
162,Bhutan,BTN,2003,0.338196264,Low SDI,17529.81205896514,18343.03117394208,-813.2191149769351,0.955666045199106,-0.04534675206450095,14969.45170334056,2225.0680804955605,True,False,Structural high
163,India,IND,2003,0.422420444,Low SDI,20307.780521831388,15560.705418968102,4747.075102863286,1.305068117096846,0.26625523642151755,14969.45170334056,2225.0680804955605,True,True,Double-high
164,Nepal,NPL,2003,0.304043928,Low SDI,24547.71574882778,19321.020807369536,5226.694941458245,1.2705185711235634,0.23942514084839733,14969.45170334056,2225.0680804955605,True,True,Double-high
165,Pakistan,PAK,2003,0.386298296,Low SDI,22669.14550368502,16815.54842002681,5853.597083658209,1.3481062251104907,0.29870081139614973,14969.45170334056,2225.0680804955605,True,True,Double-high
168,Angola,AGO,2003,0.333831213,Low SDI,19847.15317791231,18473.00069865061,1374.1524792616983,1.0743870745028488,0.07175033572158405,14969.45170334056,2225.0680804955605,True,False,Structural high
169,Central African Republic,CAF,2003,0.227529824,Low SDI,25756.257485700906,21205.82564542745,4550.431840273457,1.2145840447978338,0.19440166821675506,14969.45170334056,2225.0680804955605,True,True,Double-high
170,Congo,COG,2003,0.464754266,Low SDI,16855.53017385632,13992.587053507736,2862.943120348584,1.2046042743490302,0.186151109976684,14969.45170334056,2225.0680804955605,True,True,Double-high
171,Democratic Republic of the Congo,COD,2003,0.25544842,Low SDI,24222.92673805024,20563.656914799707,3659.269823250532,1.1779483988870163,0.16377428026913665,14969.45170334056,2225.0680804955605,True,True,Double-high
172,Equatorial Guinea,GNQ,2003,0.461042796,Low SDI,17812.745286298552,14133.549322334718,3679.1959639638335,1.2603164909291211,0.2313628726992292,14969.45170334056,2225.0680804955605,True,True,Double-high
173,Gabon,GAB,2003,0.52300734,Low SDI,15359.11848785213,11723.77461320391,3635.3438746482207,1.310083057256484,0.27009053768907326,14969.45170334056,2225.0680804955605,True,True,Double-high
175,Burundi,BDI,2003,0.228953828,Low SDI,28411.24600098751,21174.206308371085,7237.039692616425,1.341785641795476,0.29400129538547465,14969.45170334056,2225.0680804955605,True,True,Double-high
176,Comoros,COM,2003,0.368721536,Low SDI,20754.69304015833,17393.63024758312,3361.0627925752087,1.1932352674360336,0.1766683302414632,14969.45170334056,2225.0680804955605,True,True,Double-high
177,Djibouti,DJI,2003,0.368502847,Low SDI,17348.37609257982,17400.68083774148,-52.30474516166214,0.996994097779886,-0.0030104290178760225,14969.45170334056,2225.0680804955605,True,False,Structural high
178,Eritrea,ERI,2003,0.338224137,Low SDI,26126.77429869064,18342.196564420123,7784.577734270519,1.4244081512773072,0.3537563950092307,14969.45170334056,2225.0680804955605,True,True,Double-high
179,Ethiopia,ETH,2003,0.18250517,Low SDI,24791.53134038844,22152.1143591318,2639.416981256644,1.1191496639312262,0.11256916831414758,14969.45170334056,2225.0680804955605,True,True,Double-high
180,Kenya,KEN,2003,0.396322908,Low SDI,30280.379037498053,16476.01465312449,13804.364384373564,1.837846085658568,0.6085942803066213,14969.45170334056,2225.0680804955605,True,True,Double-high
181,Madagascar,MDG,2003,0.277819003,Low SDI,20457.84548248912,20012.50195651488,445.34352597424,1.0222532658306256,0.022009275005005293,14969.45170334056,2225.0680804955605,True,False,Structural high
182,Malawi,MWI,2003,0.254371186,Low SDI,25537.41987560553,20589.343739816144,4948.076135789386,1.2403221879394186,0.21537117485064328,14969.45170334056,2225.0680804955605,True,True,Double-high
183,Mauritius,MUS,2003,0.633913238,Middle SDI,11065.22935849263,7447.777315692317,3617.4520428003134,1.4857089423415513,0.3958920605846673,14969.45170334056,2225.0680804955605,False,True,Excess-only
184,Mozambique,MOZ,2003,0.220319926,Low SDI,19457.0836473362,21364.17128585068,-1907.0876385144768,0.9107343031003724,-0.09350407837745867,14969.45170334056,2225.0680804955605,True,False,Structural high
185,Rwanda,RWA,2003,0.309213982,Low SDI,28751.53519947873,19178.67492388772,9572.86027559101,1.4991408589791402,0.40489218333753335,14969.45170334056,2225.0680804955605,True,True,Double-high
186,Seychelles,SYC,2003,0.683111303,High-middle SDI,12866.92641352142,5739.557824519354,7127.368589002066,2.2417975054722845,0.8072780018699559,14969.45170334056,2225.0680804955605,False,True,Excess-only
187,Somalia,SOM,2003,0.056771463,Low SDI,20432.96359732105,24550.99052653668,-4118.026929215626,0.8322663631528621,-0.18360274137710378,14969.45170334056,2225.0680804955605,True,False,Structural high
189,United Republic of Tanzania,TZA,2003,0.309518476,Low SDI,24870.44425132625,19170.228413014804,5700.215838311447,1.2973473093539944,0.260321648480968,14969.45170334056,2225.0680804955605,True,True,Double-high
190,Uganda,UGA,2003,0.256003854,Low SDI,22081.00216800111,20550.38270807654,1530.6194599245682,1.0744813116946488,0.07183804438951899,14969.45170334056,2225.0680804955605,True,False,Structural high
191,Zambia,ZMB,2003,0.332366759,Low SDI,17991.365059158008,18516.277723163003,-524.9126640049944,0.971651285865714,-0.028758298288660056,14969.45170334056,2225.0680804955605,True,False,Structural high
193,Botswana,BWA,2003,0.573508763,Low-middle SDI,12090.30371527319,9733.76311769419,2356.540597579,1.2420996452333264,0.21680320994952273,14969.45170334056,2225.0680804955605,False,True,Excess-only
194,Lesotho,LSO,2003,0.416385249,Low SDI,22105.726914161693,15776.225078933372,6329.5018352283205,1.4012050920647905,0.3373326464088068,14969.45170334056,2225.0680804955605,True,True,Double-high
195,Namibia,NAM,2003,0.507102831,Low SDI,18223.14474908042,12350.74837859663,5872.39637048379,1.4754688696160652,0.38897581698517636,14969.45170334056,2225.0680804955605,True,True,Double-high
196,South Africa,ZAF,2003,0.610974736,Low-middle SDI,16435.18856943806,8296.03244658895,8139.156122849112,1.9810901988691787,0.6836472986683443,14969.45170334056,2225.0680804955605,True,True,Double-high
197,Eswatini,SWZ,2003,0.492802331,Low SDI,18621.59539277739,12910.86259077834,5710.732801999051,1.4423200047127738,0.366252931519303,14969.45170334056,2225.0680804955605,True,True,Double-high
198,Zimbabwe,ZWE,2003,0.458573021,Low SDI,12024.64776954871,14227.024076160413,-2202.376306611701,0.8451976819029832,-0.1681847359049251,14969.45170334056,2225.0680804955605,False,False,Neither
200,Benin,BEN,2003,0.266593825,Low SDI,19985.63880753692,20293.353377067782,-307.7145695308609,0.9848366820498682,-0.015279456582735535,14969.45170334056,2225.0680804955605,True,False,Structural high
201,Burkina Faso,BFA,2003,0.187879742,Low SDI,20377.37689654508,22043.994716140387,-1666.617819595307,0.924395834736114,-0.07861490650280084,14969.45170334056,2225.0680804955605,True,False,Structural high
202,Cameroon,CMR,2003,0.362084302,Low SDI,17490.805189931878,17606.035593075052,-115.23040314317404,0.9934550624679812,-0.006566449550251682,14969.45170334056,2225.0680804955605,True,False,Structural high
203,Cabo Verde,CPV,2003,0.407192619,Low SDI,9818.08136727733,16100.128836153845,-6282.047468876515,0.6098138385843357,-0.49460155104111136,14969.45170334056,2225.0680804955605,False,False,Neither
204,Chad,TCD,2003,0.149278869,Low SDI,22358.2312556276,22799.226600208247,-440.9953445806459,0.9806574428021776,-0.019532072241278432,14969.45170334056,2225.0680804955605,True,False,Structural high
205,Côte d'Ivoire,CIV,2003,0.345243488,Low SDI,16038.22205584298,18130.121985775724,-2091.8999299327443,0.8846174376778062,-0.1226000012418533,14969.45170334056,2225.0680804955605,True,False,Structural high
206,Gambia,GMB,2003,0.319574821,Low SDI,16028.26564254015,18887.313728464724,-2859.0480859245745,0.8486260075398782,-0.16413669909942735,14969.45170334056,2225.0680804955605,True,False,Structural high
207,Ghana,GHA,2003,0.44773686,Low SDI,15303.544517698108,14633.84943442681,669.6950832712992,1.0457634258348874,0.04474716973242939,14969.45170334056,2225.0680804955605,True,False,Structural high
208,Guinea,GIN,2003,0.236805936,Low SDI,21831.85882456993,20997.738364504945,834.1204600649835,1.0397243000929566,0.038955581944643575,14969.45170334056,2225.0680804955605,True,False,Structural high
209,Guinea-Bissau,GNB,2003,0.264669108,Low SDI,19931.93982118952,20340.631845211963,-408.6920240224426,0.9799076042901468,-0.02029699309886895,14969.45170334056,2225.0680804955605,True,False,Structural high
210,Liberia,LBR,2003,0.25833726,Low SDI,21975.64414422579,20494.39443960228,1481.2497046235112,1.0722758464022348,0.06978334895272016,14969.45170334056,2225.0680804955605,True,False,Structural high
211,Mali,MLI,2003,0.174293763,Low SDI,13772.12133884032,22315.217392649363,-8543.096053809044,0.6171627681913984,-0.4826224840466434,14969.45170334056,2225.0680804955605,False,False,Neither
212,Mauritania,MRT,2003,0.394600595,Low SDI,18641.65716064148,16534.843880689583,2106.813279951897,1.1274165813208774,0.11992880413291172,14969.45170334056,2225.0680804955605,True,False,Structural high
213,Niger,NER,2003,0.118842004,Low SDI,24884.79282633875,23371.66574889985,1513.127077438901,1.064741944099989,0.06273246379114439,14969.45170334056,2225.0680804955605,True,False,Structural high
214,Nigeria,NGA,2003,0.347577521,Low SDI,21819.35421731397,18058.770643768872,3760.583573545096,1.2082413940421064,0.18916590905442207,14969.45170334056,2225.0680804955605,True,True,Double-high
215,Sao Tome and Principe,STP,2003,0.353623069,Low SDI,18653.79884303417,17872.031676914346,781.7671661198219,1.0437424899559486,0.04281280190525651,14969.45170334056,2225.0680804955605,True,False,Structural high
216,Senegal,SEN,2003,0.298903242,Low SDI,20339.94827789011,19460.56606777139,879.3822101187216,1.0451879049692734,0.044196682620014145,14969.45170334056,2225.0680804955605,True,False,Structural high
217,Sierra Leone,SLE,2003,0.232497286,Low SDI,24311.7957387754,21095.018657160763,3216.7770816146367,1.15248989033355,0.14192472390533387,14969.45170334056,2225.0680804955605,True,True,Double-high
218,Togo,TGO,2003,0.338032793,Low SDI,18938.46051684365,18347.924837025992,590.5356798176581,1.032185420698147,0.031678322139565195,14969.45170334056,2225.0680804955605,True,False,Structural high
298,American Samoa,ASM,2003,0.655521002,Middle SDI,8541.12649869941,6676.892316040261,1864.2341826591487,1.2792068666706813,0.24624025046463321,14969.45170334056,2225.0680804955605,False,False,Neither
305,Bermuda,BMU,2003,0.754304087,High SDI,5205.31585863854,3625.095525490813,1580.2203331477267,1.4359113634484917,0.3617997441029478,14969.45170334056,2225.0680804955605,False,False,Neither
320,Cook Islands,COK,2003,0.692298961,High-middle SDI,11495.9791777031,5440.601497772753,6055.377679930348,2.1129978334949304,0.7481077133115438,14969.45170334056,2225.0680804955605,False,True,Excess-only
349,Greenland,GRL,2003,0.784896715,High SDI,1302.93708965395,2874.467741679863,-1571.5306520259132,0.4532794265739446,-0.7912465079599776,14969.45170334056,2225.0680804955605,False,False,Neither
351,Guam,GUM,2003,0.742835151,High SDI,7144.264168154479,3932.3044037028417,3211.959764451637,1.81681361224912,0.5970842042124074,14969.45170334056,2225.0680804955605,False,True,Excess-only
367,Monaco,MCO,2003,0.882445634,High SDI,1177.08997293565,1165.3448486334337,11.745124302216482,1.0100786684010228,0.010028217325901168,14969.45170334056,2225.0680804955605,False,False,Neither
369,Nauru,NRU,2003,0.523763153,Low SDI,16907.58333141416,11693.91452177128,5213.668809642879,1.445844614302274,0.3686936589736967,14969.45170334056,2225.0680804955605,True,True,Double-high
374,Niue,NIU,2003,0.659490088,Middle SDI,11781.36919371174,6538.622807315351,5242.746386396389,1.8018120238608737,0.5887928384623946,14969.45170334056,2225.0680804955605,False,True,Excess-only
376,Northern Mariana Islands,MNP,2003,0.75576733,High SDI,6903.727007466549,3586.894306764528,3316.8327007020216,1.924708791794284,0.6547746793062472,14969.45170334056,2225.0680804955605,False,True,Excess-only
380,Palau,PLW,2003,0.726093935,High SDI,8811.8814656424,4404.907967660815,4406.973497981585,2.000468915658609,0.6933816109083083,14969.45170334056,2225.0680804955605,False,True,Excess-only
385,Puerto Rico,PRI,2003,0.754752177,High SDI,5152.81068889857,3613.3730416556464,1539.437647242924,1.426038947403436,0.3549006339637545,14969.45170334056,2225.0680804955605,False,False,Neither
393,Saint Kitts and Nevis,KNA,2003,0.671947913,Middle SDI,5995.45661413769,6111.94107696382,-116.48446282612986,0.9809414944680726,-0.019242459861822665,14969.45170334056,2225.0680804955605,False,False,Neither
396,San Marino,SMR,2003,0.842943163,High SDI,1177.91017920936,1734.1519309082937,-556.2417516989335,0.6792427804133679,-0.38677665949422974,14969.45170334056,2225.0680804955605,False,False,Neither
416,Tuvalu,TUV,2003,0.527434452,Low SDI,12412.65425919463,11548.82284627271,863.8314129219216,1.0747982218119068,0.07213294332156961,14969.45170334056,2225.0680804955605,False,False,Neither
422,United States Virgin Islands,VIR,2003,0.742189862,High SDI,4699.02873140226,3949.995190831583,749.0335405706769,1.1896289753236344,0.17364147306592773,14969.45170334056,2225.0680804955605,False,False,Neither
435,South Sudan,SSD,2003,0.312194002,Low SDI,17277.21200451453,19095.708611837137,-1818.496607322606,0.9047693571216652,-0.10007522177222238,14969.45170334056,2225.0680804955605,True,False,Structural high
522,Sudan,SDN,2003,0.390608016,Low SDI,17312.31539236866,16670.433841203692,641.8815511649664,1.0385041899496612,0.03778139894280106,14969.45170334056,2225.0680804955605,True,False,Structural high
6,China,CHN,2004,0.580647616,Low-middle SDI,12515.045886323567,9442.809141133948,3072.236745189619,1.3253519899927455,0.2816780769834354,14949.17132056786,2137.9951490393555,False,True,Excess-only
7,Democratic People's Republic of Korea,PRK,2004,0.512497927,Low SDI,16682.33781486139,12121.626208874568,4560.71160598682,1.376245854095699,0.3193593965856913,14949.17132056786,2137.9951490393555,True,True,Double-high
8,Taiwan,TWN,2004,0.789316575,High SDI,11759.10360674018,2770.657111747371,8988.44649499281,4.244156939118339,1.4455431991251297,14949.17132056786,2137.9951490393555,False,True,Excess-only
10,Cambodia,KHM,2004,0.374663104,Low SDI,30041.911795228338,17176.916663854598,12864.99513137374,1.748969991712515,0.5590270384921997,14949.17132056786,2137.9951490393555,True,True,Double-high
11,Indonesia,IDN,2004,0.551048584,Low-middle SDI,15485.23004035365,10600.921734054358,4884.308306299292,1.460743738028832,0.3789457156240061,14949.17132056786,2137.9951490393555,True,True,Double-high
12,Lao People's Democratic Republic,LAO,2004,0.375032517,Low SDI,17969.23180856031,17164.85431902387,804.3774895364404,1.0468618885186194,0.045797011552738486,14949.17132056786,2137.9951490393555,True,False,Structural high
13,Malaysia,MYS,2004,0.682189849,High-middle SDI,8970.35861011619,5761.9359249711615,3208.4226851450294,1.5568306775575758,0.44265213777804724,14949.17132056786,2137.9951490393555,False,True,Excess-only
14,Maldives,MDV,2004,0.524094464,Low SDI,10798.94303753627,11664.655557065757,-865.7125195294848,0.925783276214694,-0.07711511469297967,14949.17132056786,2137.9951490393555,False,False,Neither
15,Myanmar,MMR,2004,0.410530652,Low SDI,16062.78717330002,15961.011828560177,101.7753447398427,1.0063764970437357,0.006356253197438586,14949.17132056786,2137.9951490393555,True,False,Structural high
16,Philippines,PHL,2004,0.558661379,Low-middle SDI,17018.2315751349,10301.414973030018,6716.816602104884,1.6520285436214426,0.5020039531707318,14949.17132056786,2137.9951490393555,True,True,Double-high
17,Sri Lanka,LKA,2004,0.61754614,Low-middle SDI,10554.248312572,8039.026532480414,2515.221780091585,1.312876412327939,0.2722204647122482,14949.17132056786,2137.9951490393555,False,True,Excess-only
18,Thailand,THA,2004,0.590512844,Low-middle SDI,14443.28354363862,9062.015238301448,5381.268305337171,1.5938268877095616,0.4661379720296747,14949.17132056786,2137.9951490393555,False,True,Excess-only
19,Timor-Leste,TLS,2004,0.372673969,Low SDI,22907.32436814008,17241.696334394932,5665.62803374515,1.3286003838521945,0.2841260451637554,14949.17132056786,2137.9951490393555,True,True,Double-high
20,Viet Nam,VNM,2004,0.529461434,Low SDI,16197.88568305536,11452.813916749388,4745.071766305971,1.4143149273879714,0.34664526360077297,14949.17132056786,2137.9951490393555,True,True,Double-high
22,Fiji,FJI,2004,0.616612775,Low-middle SDI,10293.99300678301,8073.765863633749,2220.227143149261,1.2749927581068106,0.24294049867803166,14949.17132056786,2137.9951490393555,False,True,Excess-only
23,Kiribati,KIR,2004,0.474609829,Low SDI,11305.69923032994,13596.7369496528,-2291.03771932286,0.8315009161531685,-0.1845228785419824,14949.17132056786,2137.9951490393555,False,False,Neither
24,Marshall Islands,MHL,2004,0.495176011,Low SDI,12791.45485775135,12800.466865267035,-9.012007515684672,0.9992959625917912,-0.0007042853589294217,14949.17132056786,2137.9951490393555,False,False,Neither
25,Micronesia (Federated States of),FSM,2004,0.531520502,Low SDI,8981.21817324147,11371.51183791313,-2390.2936646716607,0.7897998349962303,-0.23597573904803185,14949.17132056786,2137.9951490393555,False,False,Neither
26,Papua New Guinea,PNG,2004,0.386392402,Low SDI,13654.805957440569,16789.12199685295,-3134.3160394123825,0.8133126890137616,-0.2066396320452659,14949.17132056786,2137.9951490393555,False,False,Neither
27,Samoa,WSM,2004,0.541317652,Low-middle SDI,10183.284914147567,10984.678763624275,-801.393849476708,0.9270443982276004,-0.0757538200350324,14949.17132056786,2137.9951490393555,False,False,Neither
28,Solomon Islands,SLB,2004,0.379901227,Low SDI,13801.45469186245,17004.953394061537,-3203.498702199088,0.8116137911134874,-0.20873067867424772,14949.17132056786,2137.9951490393555,False,False,Neither
29,Tonga,TON,2004,0.569259015,Low-middle SDI,11528.4382244721,9886.126657940616,1642.3115665314854,1.1661228531006496,0.1536844452430749,14949.17132056786,2137.9951490393555,False,False,Neither
30,Vanuatu,VUT,2004,0.405426881,Low SDI,12542.74867164939,16139.351885737698,-3596.603214088309,0.7771531818903696,-0.25211780275501755,14949.17132056786,2137.9951490393555,False,False,Neither
33,Armenia,ARM,2004,0.612129525,Low-middle SDI,7426.605795106229,8241.246965363898,-814.6411702576688,0.9011507392411098,-0.10408273321284897,14949.17132056786,2137.9951490393555,False,False,Neither
34,Azerbaijan,AZE,2004,0.59952172,Low-middle SDI,14326.700055025398,8717.454838939657,5609.245216085741,1.6434498738129415,0.49679761399953903,14949.17132056786,2137.9951490393555,False,True,Excess-only
35,Georgia,GEO,2004,0.654586556,Middle SDI,8767.09369180687,6700.315403150237,2066.778288656632,1.3084598506638825,0.2688507590353766,14949.17132056786,2137.9951490393555,False,False,Neither
36,Kazakhstan,KAZ,2004,0.660251595,Middle SDI,7383.78755477946,6503.205711614525,880.581843164935,1.1354073486545633,0.12699148403807345,14949.17132056786,2137.9951490393555,False,False,Neither
37,Kyrgyzstan,KGZ,2004,0.54869844,Low-middle SDI,8789.38838066984,10693.52887298051,-1904.140492310671,0.8219352549632246,-0.19609365227965403,14949.17132056786,2137.9951490393555,False,False,Neither
38,Mongolia,MNG,2004,0.567096229,Low-middle SDI,10847.350581214909,9970.690904723158,876.6596764917504,1.0879236639535654,0.08427098416491142,14949.17132056786,2137.9951490393555,False,False,Neither
39,Tajikistan,TJK,2004,0.471257308,Low SDI,10293.87497860795,13725.221201382614,-3431.346222774664,0.7499970184503105,-0.2876860478592688,14949.17132056786,2137.9951490393555,False,False,Neither
40,Turkmenistan,TKM,2004,0.597600346,Low-middle SDI,12219.70045431752,8790.661586322378,3429.038867995143,1.390077451432151,0.3293594660450584,14949.17132056786,2137.9951490393555,False,True,Excess-only
41,Uzbekistan,UZB,2004,0.586438812,Low-middle SDI,11806.86922155016,9218.86383062527,2588.005390924889,1.2807293217985798,0.24742969832216327,14949.17132056786,2137.9951490393555,False,True,Excess-only
43,Albania,ALB,2004,0.603154758,Low-middle SDI,8512.16373183052,8579.473233194663,-67.30950136414322,0.9921545881041136,-0.007876349055870058,14949.17132056786,2137.9951490393555,False,False,Neither
44,Bosnia and Herzegovina,BIH,2004,0.623469789,Low-middle SDI,5849.69754390833,7819.614653276218,-1969.917109367888,0.748080027378006,-0.2902453182572482,14949.17132056786,2137.9951490393555,False,False,Neither
45,Bulgaria,BGR,2004,0.694300291,High-middle SDI,7782.20906680265,5368.975549249238,2413.2335175534126,1.4494774646330553,0.3712031222653095,14949.17132056786,2137.9951490393555,False,True,Excess-only
46,Croatia,HRV,2004,0.711051134,High-middle SDI,3898.51656921825,4846.249795866701,-947.7332266484508,0.8044398727740449,-0.21760905397043276,14949.17132056786,2137.9951490393555,False,False,Neither
47,Czechia,CZE,2004,0.781043704,High SDI,4510.707059946751,2959.2779844765105,1551.4290754702402,1.5242593239325857,0.4215086028496252,14949.17132056786,2137.9951490393555,False,False,Neither
48,Hungary,HUN,2004,0.734493735,High SDI,4946.569142767,4158.498707504027,788.0704352629728,1.1895083997118712,0.1735401122843842,14949.17132056786,2137.9951490393555,False,False,Neither
49,North Macedonia,MKD,2004,0.672561128,Middle SDI,5868.39647792115,6082.803449241949,-214.4069713207992,0.9647519481584568,-0.035884259226249,14949.17132056786,2137.9951490393555,False,False,Neither
50,Montenegro,MNE,2004,0.690354971,High-middle SDI,6191.38276138562,5495.653835211694,695.7289261739261,1.1265962062086696,0.11920088000313647,14949.17132056786,2137.9951490393555,False,False,Neither
51,Poland,POL,2004,0.744225338,High SDI,3216.4664071744205,3888.9471901118336,-672.4807829374131,0.8270789624895691,-0.18985510787608234,14949.17132056786,2137.9951490393555,False,False,Neither
52,Romania,ROU,2004,0.676330157,Middle SDI,8242.90911554433,5956.343598525375,2286.565517018955,1.383887443562699,0.3248965269827015,14949.17132056786,2137.9951490393555,False,True,Excess-only
53,Serbia,SRB,2004,0.672900902,Middle SDI,5148.49872128442,6071.358623446899,-922.8599021624796,0.8479977943324746,-0.1648772442166419,14949.17132056786,2137.9951490393555,False,False,Neither
54,Slovakia,SVK,2004,0.752640323,High SDI,5268.0680515049,3663.728615342063,1604.339436162837,1.4378980008084057,0.36318232549549445,14949.17132056786,2137.9951490393555,False,False,Neither
55,Slovenia,SVN,2004,0.792061606,High SDI,4858.17771038483,2709.743976166817,2148.433734218013,1.792854879691317,0.5838092541981147,14949.17132056786,2137.9951490393555,False,True,Excess-only
57,Belarus,BLR,2004,0.701627922,High-middle SDI,4637.6419713046,5137.245400673029,-499.6034293684288,0.9027487709068802,-0.10231098032438325,14949.17132056786,2137.9951490393555,False,False,Neither
58,Estonia,EST,2004,0.762906944,High SDI,3926.35346817718,3399.0589197330646,527.2945484441152,1.155129569947415,0.14421251945450594,14949.17132056786,2137.9951490393555,False,False,Neither
59,Latvia,LVA,2004,0.759315661,High SDI,3907.96451353048,3490.3641339365413,417.6003795939386,1.1196437860261177,0.11301058652798436,14949.17132056786,2137.9951490393555,False,False,Neither
60,Lithuania,LTU,2004,0.741140115,High SDI,4239.721241144031,3973.358144388536,266.36309675549546,1.0670372735293627,0.06488590472668236,14949.17132056786,2137.9951490393555,False,False,Neither
61,Republic of Moldova,MDA,2004,0.627479313,Low-middle SDI,6217.82176971439,7672.174088125101,-1454.3523184107107,0.810438045108786,-0.21018038106274303,14949.17132056786,2137.9951490393555,False,False,Neither
62,Russian Federation,RUS,2004,0.735381304,High SDI,3054.75159240925,4133.516345588591,-1078.7647531793414,0.7390200829057734,-0.30243018261729937,14949.17132056786,2137.9951490393555,False,False,Neither
63,Ukraine,UKR,2004,0.689464515,High-middle SDI,2632.03921483556,5524.426361804114,-2892.387146968554,0.4764366546784803,-0.7414205034900152,14949.17132056786,2137.9951490393555,False,False,Neither
66,Brunei Darussalam,BRN,2004,0.762165819,High SDI,2670.3047247864897,3417.7881868546806,-747.4834620681909,0.781296142065467,-0.24680101783181,14949.17132056786,2137.9951490393555,False,False,Neither
67,Japan,JPN,2004,0.834784642,High SDI,2290.90495713178,1869.4280858912653,421.4768712405148,1.2254576543604094,0.20331436962355934,14949.17132056786,2137.9951490393555,False,False,Neither
68,Republic of Korea,KOR,2004,0.816835109,High SDI,2120.07560494471,2197.8776849447736,-77.8020800000636,0.964601269427776,-0.03604045533343523,14949.17132056786,2137.9951490393555,False,False,Neither
69,Singapore,SGP,2004,0.800466737,High SDI,4468.37852773204,2528.433729290902,1939.944798441138,1.7672515897757757,0.5694255656445725,14949.17132056786,2137.9951490393555,False,False,Neither
71,Australia,AUS,2004,0.788056417,High SDI,921.89943095686,2798.9001031244725,-1877.0006721676125,0.3293791836042036,-1.1105456581225346,14949.17132056786,2137.9951490393555,False,False,Neither
72,New Zealand,NZL,2004,0.803066314,High SDI,1284.67133690046,2473.9472057096573,-1189.2758688091974,0.5192800129022758,-0.6553120174104526,14949.17132056786,2137.9951490393555,False,False,Neither
74,Andorra,AND,2004,0.828118793,High SDI,1208.31725309052,1987.2771863521093,-778.9599332615894,0.6080265306665822,-0.4975367620032177,14949.17132056786,2137.9951490393555,False,False,Neither
75,Austria,AUT,2004,0.803332992,High SDI,1189.31738027899,2468.4001959272136,-1279.0828156482237,0.4818170822710709,-0.7301907343218078,14949.17132056786,2137.9951490393555,False,False,Neither
76,Belgium,BEL,2004,0.811442959,High SDI,1340.38825567184,2303.485244853195,-963.0969891813552,0.5818957419704527,-0.5414639848055522,14949.17132056786,2137.9951490393555,False,False,Neither
77,Cyprus,CYP,2004,0.780071297,High SDI,927.92900958501,2981.944746946499,-2054.015737361489,0.311182496099301,-1.1673757347273341,14949.17132056786,2137.9951490393555,False,False,Neither
78,Denmark,DNK,2004,0.866226626,High SDI,1208.54867818456,1377.6662214536193,-169.1175432690593,0.8772434566257871,-0.13097072350840097,14949.17132056786,2137.9951490393555,False,False,Neither
79,Finland,FIN,2004,0.824770704,High SDI,1283.7827288834,2048.303854956606,-764.5211260732058,0.6267540461718252,-0.4672010861658889,14949.17132056786,2137.9951490393555,False,False,Neither
80,France,FRA,2004,0.801241106,High SDI,1013.54628971745,2512.124553565337,-1498.5782638478863,0.4034617982133779,-0.9076734718053018,14949.17132056786,2137.9951490393555,False,False,Neither
81,Germany,DEU,2004,0.837783855,High SDI,1254.5671063412,1817.980238050784,-563.4131317095835,0.6900884179502038,-0.3709355476434941,14949.17132056786,2137.9951490393555,False,False,Neither
82,Greece,GRC,2004,0.770657604,High SDI,1135.32842823574,3206.738566761168,-2071.410138525428,0.35404458598645,-1.0383324246650207,14949.17132056786,2137.9951490393555,False,False,Neither
83,Iceland,ISL,2004,0.823059971,High SDI,1104.53815035061,2079.9614148505952,-975.4232644999852,0.5310378079441198,-0.6329220588735421,14949.17132056786,2137.9951490393555,False,False,Neither
84,Ireland,IRL,2004,0.834261936,High SDI,1378.47743095484,1878.4943266702685,-500.0168957154285,0.7338203854989889,-0.30949098671776637,14949.17132056786,2137.9951490393555,False,False,Neither
85,Israel,ISR,2004,0.782494031,High SDI,1219.5880179820902,2925.664397437506,-1706.076379455416,0.4168584814616083,-0.8750084877771274,14949.17132056786,2137.9951490393555,False,False,Neither
86,Italy,ITA,2004,0.782821357,High SDI,1120.78137600306,2918.110172552135,-1797.328796549075,0.3840778139719247,-0.9569101063713463,14949.17132056786,2137.9951490393555,False,False,Neither
87,Luxembourg,LUX,2004,0.832973396,High SDI,1251.1939806694,1900.9707064246663,-649.7767257552664,0.6581868812816362,-0.41826637387536103,14949.17132056786,2137.9951490393555,False,False,Neither
88,Malta,MLT,2004,0.745611405,High SDI,1304.11343401184,3851.343888695445,-2547.230454683605,0.3386125653021285,-1.0828987003965465,14949.17132056786,2137.9951490393555,False,False,Neither
89,Netherlands,NLD,2004,0.856871874,High SDI,1006.45997980319,1513.125612931862,-506.665633128672,0.6651529596760003,-0.4077382502251975,14949.17132056786,2137.9951490393555,False,False,Neither
90,Norway,NOR,2004,0.865468226,High SDI,1309.17585447199,1388.3138551023378,-79.13800063034773,0.942997038933596,-0.058692136402818444,14949.17132056786,2137.9951490393555,False,False,Neither
91,Portugal,PRT,2004,0.708840767,High-middle SDI,1319.1282342954898,4913.784473198716,-3594.656238903226,0.268454638474768,-1.3150733235339533,14949.17132056786,2137.9951490393555,False,False,Neither
92,Spain,ESP,2004,0.748936324,High SDI,1068.6449738614,3761.9525642858,-2693.3075904244,0.2840665733020162,-1.2585466552561055,14949.17132056786,2137.9951490393555,False,False,Neither
93,Sweden,SWE,2004,0.857932753,High SDI,1002.8165095143,1497.3097700853264,-494.4932605710263,0.669745519297021,-0.40085746069249517,14949.17132056786,2137.9951490393555,False,False,Neither
94,Switzerland,CHE,2004,0.905876013,High SDI,1009.74472371775,899.0735509525498,110.67117276520024,1.1230946819066654,0.11608798378435516,14949.17132056786,2137.9951490393555,False,False,Neither
95,United Kingdom,GBR,2004,0.818678382,High SDI,1176.89168385004,2162.514900869633,-985.6232170195937,0.5442236182403944,-0.6083950536475183,14949.17132056786,2137.9951490393555,False,False,Neither
97,Argentina,ARG,2004,0.670479263,Middle SDI,3946.6961236202696,6153.119026939594,-2206.422903319324,0.6414139083513319,-0.4440803075937759,14949.17132056786,2137.9951490393555,False,False,Neither
98,Chile,CHL,2004,0.685007639,High-middle SDI,3255.48975947449,5669.425224041343,-2413.9354645668527,0.5742186607682032,-0.554745013097709,14949.17132056786,2137.9951490393555,False,False,Neither
99,Uruguay,URY,2004,0.647664517,Middle SDI,6133.44315785884,6944.106554659971,-810.6633968011311,0.8832587906853013,-0.12413704013427077,14949.17132056786,2137.9951490393555,False,False,Neither
101,Canada,CAN,2004,0.846773461,High SDI,709.4817596625301,1669.5816664989452,-960.0999068364152,0.4249458255913223,-0.8557935873794974,14949.17132056786,2137.9951490393555,False,False,Neither
102,United States of America,USA,2004,0.813729056,High SDI,1254.40617212569,2258.3174947625,-1003.9113226368092,0.555460503244081,-0.5879577737010487,14949.17132056786,2137.9951490393555,False,False,Neither
105,Antigua and Barbuda,ATG,2004,0.683047487,High-middle SDI,6093.85647205321,5733.710966884109,360.14550516910094,1.0628119392918782,0.06091816864911498,14949.17132056786,2137.9951490393555,False,False,Neither
106,Bahamas,BHS,2004,0.75618531,High SDI,5825.80760812667,3571.073778814164,2254.733829312506,1.6313881955307092,0.4894313060672544,14949.17132056786,2137.9951490393555,False,True,Excess-only
107,Barbados,BRB,2004,0.701189499,High-middle SDI,6104.951211724831,5150.978118438333,953.9730932864986,1.185202319122979,0.16991349345091308,14949.17132056786,2137.9951490393555,False,False,Neither
108,Belize,BLZ,2004,0.532357443,Low-middle SDI,7306.209514475299,11338.463071207589,-4032.253556732288,0.6443738863539961,-0.4394761524700262,14949.17132056786,2137.9951490393555,False,False,Neither
109,Cuba,CUB,2004,0.618227257,Low-middle SDI,6409.188174565281,8013.704121213976,-1604.5159466486948,0.7997784891507037,-0.22342047821654545,14949.17132056786,2137.9951490393555,False,False,Neither
110,Dominica,DMA,2004,0.67305094,Middle SDI,5425.41163379252,6066.307592372574,-640.895958580054,0.8943515558977129,-0.11165634184772992,14949.17132056786,2137.9951490393555,False,False,Neither
111,Dominican Republic,DOM,2004,0.532538153,Low-middle SDI,10195.139562678807,11331.3271639332,-1136.1876012543926,0.8997304036131976,-0.10566011207324244,14949.17132056786,2137.9951490393555,False,False,Neither
112,Grenada,GRD,2004,0.590693523,Low-middle SDI,6971.962022781559,9055.07328918776,-2083.111266406202,0.7699509214471464,-0.26142850454611377,14949.17132056786,2137.9951490393555,False,False,Neither
113,Guyana,GUY,2004,0.549402817,Low-middle SDI,6855.618801089259,10665.766925217436,-3810.148124128177,0.642768480612518,-0.4419706808379398,14949.17132056786,2137.9951490393555,False,False,Neither
114,Haiti,HTI,2004,0.395030634,Low SDI,18332.18009902198,16497.3068221185,1834.8732769034832,1.1112225950991834,0.10546084621381281,14949.17132056786,2137.9951490393555,True,False,Structural high
115,Jamaica,JAM,2004,0.625717022,Low-middle SDI,6126.181288208811,7736.869221785421,-1610.6879335766107,0.7918165749730851,-0.23342551124670288,14949.17132056786,2137.9951490393555,False,False,Neither
116,Saint Lucia,LCA,2004,0.622956236,Low-middle SDI,5913.61881187364,7838.562727714723,-1924.943915841084,0.7544264193950915,-0.2817975278690223,14949.17132056786,2137.9951490393555,False,False,Neither
117,Saint Vincent and the Grenadines,VCT,2004,0.563927928,Low-middle SDI,5721.34384776742,10094.755001558888,-4373.411153791468,0.5667640122899366,-0.5678122659655266,14949.17132056786,2137.9951490393555,False,False,Neither
118,Suriname,SUR,2004,0.583983985,Low-middle SDI,6054.0300434147,9313.656315697368,-3259.626272282668,0.6500164745408473,-0.4307575709661873,14949.17132056786,2137.9951490393555,False,False,Neither
119,Trinidad and Tobago,TTO,2004,0.693159869,High-middle SDI,6011.25580959495,5405.457245866628,605.7985637283218,1.112071659468134,0.10622463571984256,14949.17132056786,2137.9951490393555,False,False,Neither
121,Bolivia (Plurinational State of),BOL,2004,0.516956915,Low SDI,19481.83575789429,11946.081767061818,7535.753990832471,1.6308138633045637,0.48907919284942103,14949.17132056786,2137.9951490393555,True,True,Double-high
122,Ecuador,ECU,2004,0.585295349,Low-middle SDI,11132.83544078765,9262.992760363337,1869.842680424316,1.2018616152249884,0.18387170072062214,14949.17132056786,2137.9951490393555,False,False,Neither
123,Peru,PER,2004,0.575788786,Low-middle SDI,16037.117841962308,9631.509754388084,6405.608087574225,1.665067912603821,0.5098659109512282,14949.17132056786,2137.9951490393555,True,True,Double-high
125,Colombia,COL,2004,0.569160612,Low-middle SDI,6512.11002037504,9889.971846234148,-3377.861825859108,0.6584558704132901,-0.41785777536213475,14949.17132056786,2137.9951490393555,False,False,Neither
126,Costa Rica,CRI,2004,0.608796692,Low-middle SDI,3319.6344393863096,8366.398702041115,-5046.764262654806,0.3967817644856481,-0.9243688610648275,14949.17132056786,2137.9951490393555,False,False,Neither
127,El Salvador,SLV,2004,0.49077503,Low SDI,6740.298852085521,12971.89971137914,-6231.6008592936205,0.5196076906278293,-0.6546811932408982,14949.17132056786,2137.9951490393555,False,False,Neither
128,Guatemala,GTM,2004,0.427793107,Low SDI,9948.48994463879,15345.73474414256,-5397.244799503769,0.648290232465807,-0.4334167932947463,14949.17132056786,2137.9951490393555,False,False,Neither
129,Honduras,HND,2004,0.417112524,Low SDI,7929.6116749250305,15728.570441895044,-7798.958766970012,0.5041533624571184,-0.6848747666082396,14949.17132056786,2137.9951490393555,False,False,Neither
130,Mexico,MEX,2004,0.594898697,Low-middle SDI,2986.94230883945,8893.860125159255,-5906.917816319805,0.3358431847145747,-1.0911109401219548,14949.17132056786,2137.9951490393555,False,False,Neither
131,Nicaragua,NIC,2004,0.450008293,Low SDI,7986.94561001892,14528.895430631032,-6541.949820612112,0.5497283429530488,-0.5983310446787719,14949.17132056786,2137.9951490393555,False,False,Neither
132,Panama,PAN,2004,0.608507521,Low-middle SDI,3873.25613048869,8377.28286439921,-4504.026733910521,0.4623523155638921,-0.7714280907221022,14949.17132056786,2137.9951490393555,False,False,Neither
133,Venezuela (Bolivarian Republic of),VEN,2004,0.558605549,Low-middle SDI,5046.33243755599,10303.60836231844,-5257.275924762449,0.4897636109706039,-0.7138324308732162,14949.17132056786,2137.9951490393555,False,False,Neither
135,Brazil,BRA,2004,0.591333067,Low-middle SDI,20161.24699628151,9030.51099604706,11130.736000234449,2.2325698961118285,0.8031533417271652,14949.17132056786,2137.9951490393555,True,True,Double-high
136,Paraguay,PRY,2004,0.557484687,Low-middle SDI,9658.725839433591,10347.654242667686,-688.9284032340947,0.9334217797504912,-0.06889811195839393,14949.17132056786,2137.9951490393555,False,False,Neither
139,Algeria,DZA,2004,0.555717022,Low-middle SDI,12409.80746456341,10417.156742127088,1992.6507224363231,1.1912854698996729,0.1750329509047376,14949.17132056786,2137.9951490393555,False,False,Neither
140,Bahrain,BHR,2004,0.675245879,Middle SDI,8109.18570658012,5992.611748556815,2116.573958023305,1.3531972446793394,0.3024701217705103,14949.17132056786,2137.9951490393555,False,False,Neither
141,Egypt,EGY,2004,0.551682916,Low-middle SDI,19702.00913027313,10575.936331372168,9126.072798900965,1.862909203777034,0.6221393538655138,14949.17132056786,2137.9951490393555,True,True,Double-high
142,Iran (Islamic Republic of),IRN,2004,0.610996434,Low-middle SDI,6736.454181000261,8283.734864402708,-1547.2806834024468,0.8132146056422567,-0.20676023668798674,14949.17132056786,2137.9951490393555,False,False,Neither
143,Iraq,IRQ,2004,0.497998835,Low SDI,17156.12062890141,12690.256985799717,4465.863643101695,1.3519127822311996,0.30152046535587695,14949.17132056786,2137.9951490393555,True,True,Double-high
144,Jordan,JOR,2004,0.612861585,Low-middle SDI,10331.67383194438,8213.830426610297,2117.8434053340825,1.2578387056144862,0.22939493512517076,14949.17132056786,2137.9951490393555,False,False,Neither
145,Kuwait,KWT,2004,0.759905331,High SDI,9244.226682053131,3475.2775839991577,5768.949098053974,2.6599966358414986,0.9783248580715668,14949.17132056786,2137.9951490393555,False,True,Excess-only
146,Lebanon,LBN,2004,0.621613653,Low-middle SDI,13983.62004145555,7888.165731219376,6095.454310236173,1.772734057312196,0.5725230199657584,14949.17132056786,2137.9951490393555,False,True,Excess-only
147,Libya,LBY,2004,0.703944742,High-middle SDI,10197.15369971667,5064.958934092659,5132.194765624011,2.013274704179492,0.6997626024139559,14949.17132056786,2137.9951490393555,False,True,Excess-only
148,Morocco,MAR,2004,0.458514622,Low SDI,16357.60603793473,14209.535017042735,2148.0710208919936,1.1511710987245976,0.14077977092893207,14949.17132056786,2137.9951490393555,True,True,Double-high
149,Palestine,PSE,2004,0.489770398,Low SDI,15077.283048150008,13010.962107767264,2066.3209403827423,1.1588138466062547,0.1473969359323267,14949.17132056786,2137.9951490393555,True,False,Structural high
150,Oman,OMN,2004,0.664845801,Middle SDI,9067.43525154507,6345.009232460821,2722.4260190842488,1.4290657301421128,0.3570208951901758,14949.17132056786,2137.9951490393555,False,True,Excess-only
151,Qatar,QAT,2004,0.755909303,High SDI,8492.80716628163,3578.2400106104315,4914.567155671198,2.373459337858333,0.8643485271406967,14949.17132056786,2137.9951490393555,False,True,Excess-only
152,Saudi Arabia,SAU,2004,0.687183442,High-middle SDI,9126.36914007278,5598.43364416141,3527.9354959113707,1.6301647425241246,0.4886810787447456,14949.17132056786,2137.9951490393555,False,True,Excess-only
153,Syrian Arab Republic,SYR,2004,0.478151903,Low SDI,14920.32606903977,13460.548706791424,1459.7773622483455,1.108448577695189,0.10296135990953365,14949.17132056786,2137.9951490393555,False,False,Neither
154,Tunisia,TUN,2004,0.584811631,Low-middle SDI,13323.34323405358,9281.67407916063,4041.6691548929502,1.4354461404723715,0.3614757001762993,14949.17132056786,2137.9951490393555,False,True,Excess-only
155,Türkiye,TUR,2004,0.580993376,Low-middle SDI,14963.59394633191,9429.408068957851,5534.185877374057,1.5869070292538203,0.4617868571274322,14949.17132056786,2137.9951490393555,True,True,Double-high
156,United Arab Emirates,ARE,2004,0.793139718,High SDI,9167.03410000597,2686.0489115767423,6480.985188429228,3.4128321567401443,1.2275424910827715,14949.17132056786,2137.9951490393555,False,True,Excess-only
157,Yemen,YEM,2004,0.33822923,Low SDI,25422.55683504776,18316.65504307894,7105.901791968819,1.387947568770414,0.3278260867100472,14949.17132056786,2137.9951490393555,True,True,Double-high
160,Afghanistan,AFG,2004,0.201865424,Low SDI,24895.66793775235,21726.886989673338,3168.780948079013,1.1458460638924075,0.1361432845689621,14949.17132056786,2137.9951490393555,True,True,Double-high
161,Bangladesh,BGD,2004,0.330919545,Low SDI,27353.6007410193,18533.19459807495,8820.40614294435,1.4759247574004608,0.3892847475079289,14949.17132056786,2137.9951490393555,True,True,Double-high
162,Bhutan,BTN,2004,0.348061432,Low SDI,17598.156645334482,18018.9491868279,-420.792541493418,0.9766472208156832,-0.023629776264977045,14949.17132056786,2137.9951490393555,True,False,Structural high
163,India,IND,2004,0.42887314,Low SDI,20494.90502197197,15306.646912338389,5188.258109633582,1.338954582237827,0.29188914696858986,14949.17132056786,2137.9951490393555,True,True,Double-high
164,Nepal,NPL,2004,0.312614765,Low SDI,23480.01150902049,19057.523996364685,4422.487512655804,1.232059920979211,0.2086875010870302,14949.17132056786,2137.9951490393555,True,True,Double-high
165,Pakistan,PAK,2004,0.391782692,Low SDI,22600.66159108784,16607.63565611187,5993.025934975969,1.3608596707605662,0.3081166109034024,14949.17132056786,2137.9951490393555,True,True,Double-high
168,Angola,AGO,2004,0.340466673,Low SDI,18932.90436928506,18249.55674630043,683.347622984631,1.0374446148191057,0.03676058839089076,14949.17132056786,2137.9951490393555,True,False,Structural high
169,Central African Republic,CAF,2004,0.22808002,Low SDI,25182.0889951549,21164.28635827253,4017.80263688237,1.1898387958312575,0.17381783225911407,14949.17132056786,2137.9951490393555,True,True,Double-high
170,Congo,COG,2004,0.46817718,Low SDI,16549.461153707358,13842.891912730674,2706.5692409766834,1.1955205067004515,0.1785816610108265,14949.17132056786,2137.9951490393555,True,True,Double-high
171,Democratic Republic of the Congo,COD,2004,0.255880358,Low SDI,23688.28907659726,20524.88599189832,3163.403084698937,1.154125245126702,0.143342693502446,14949.17132056786,2137.9951490393555,True,True,Double-high
172,Equatorial Guinea,GNQ,2004,0.476023418,Low SDI,16474.214986139297,13542.439096251012,2931.775889888284,1.216488024723692,0.19596803915163266,14949.17132056786,2137.9951490393555,True,True,Double-high
173,Gabon,GAB,2004,0.527842413,Low SDI,14981.59274762697,11516.73235793133,3464.8603896956392,1.3008544682649903,0.26302133183220405,14949.17132056786,2137.9951490393555,True,True,Double-high
175,Burundi,BDI,2004,0.230776346,Low SDI,28156.430361176583,21104.315350263343,7052.11501091324,1.3341551191721197,0.28829822197176336,14949.17132056786,2137.9951490393555,True,True,Double-high
176,Comoros,COM,2004,0.375273144,Low SDI,20421.43533315708,17156.99184907185,3264.44348408523,1.1902689884568447,0.17417932230012118,14949.17132056786,2137.9951490393555,True,True,Double-high
177,Djibouti,DJI,2004,0.37230533,Low SDI,16556.28702406479,17253.669957130478,-697.3829330656881,0.9595806031529264,-0.041258961692207254,14949.17132056786,2137.9951490393555,True,False,Structural high
178,Eritrea,ERI,2004,0.341788733,Low SDI,25373.04390658834,18209.72992521709,7163.313981371251,1.3933783757798293,0.33173128446075534,14949.17132056786,2137.9951490393555,True,True,Double-high
179,Ethiopia,ETH,2004,0.189081307,Low SDI,23942.74118534345,21989.18645413668,1953.5547312067683,1.0888416101833207,0.08511438817826592,14949.17132056786,2137.9951490393555,True,False,Structural high
180,Kenya,KEN,2004,0.400396103,Low SDI,29668.5349058324,16313.471606920382,13355.063298912017,1.818652437734138,0.598095808015908,14949.17132056786,2137.9951490393555,True,True,Double-high
181,Madagascar,MDG,2004,0.279839342,Low SDI,19516.72860654308,19933.380788811017,-416.65218226793513,0.97909776637078,-0.021123777933282614,14949.17132056786,2137.9951490393555,True,False,Structural high
182,Malawi,MWI,2004,0.259384457,Low SDI,25083.672464956257,20440.81684403504,4642.855620921218,1.227136501263455,0.20468340751465341,14949.17132056786,2137.9951490393555,True,True,Double-high
183,Mauritius,MUS,2004,0.639300022,Middle SDI,10978.79281475473,7242.821073656156,3735.971741098574,1.5158172075639398,0.41595470446484384,14949.17132056786,2137.9951490393555,False,True,Excess-only
184,Mozambique,MOZ,2004,0.225100197,Low SDI,19171.224091903,21230.081542267293,-2058.857450364292,0.9030216889998618,-0.10200870702761697,14949.17132056786,2137.9951490393555,True,False,Structural high
185,Rwanda,RWA,2004,0.317132221,Low SDI,27505.59097602408,18930.499352429342,8575.091623594733,1.4529775714814568,0.3736149484617533,14949.17132056786,2137.9951490393555,True,True,Double-high
186,Seychelles,SYC,2004,0.685353003,High-middle SDI,12759.5370847387,5658.130902596257,7101.406182142443,2.255079867255092,0.8131853901789264,14949.17132056786,2137.9951490393555,False,True,Excess-only
187,Somalia,SOM,2004,0.05758847,Low SDI,20628.140649135403,24500.893591463617,-3872.752942328214,0.8419342164859847,-0.17205339548079152,14949.17132056786,2137.9951490393555,True,False,Structural high
189,United Republic of Tanzania,TZA,2004,0.315783381,Low SDI,24363.04527389532,18968.58933152334,5394.45594237198,1.2843888835427046,0.25028302821500165,14949.17132056786,2137.9951490393555,True,True,Double-high
190,Uganda,UGA,2004,0.265408293,Low SDI,22090.13402332885,20294.3742106046,1795.7598127242563,1.0884855967515323,0.0847873694060509,14949.17132056786,2137.9951490393555,True,False,Structural high
191,Zambia,ZMB,2004,0.337637295,Low SDI,18689.22721867308,18334.34245796392,354.88476070916295,1.0193562851530031,0.019171335085925372,14949.17132056786,2137.9951490393555,True,False,Structural high
193,Botswana,BWA,2004,0.581463559,Low-middle SDI,11899.38576001311,9411.190586188735,2488.195173824375,1.2643868648750871,0.23458731288009435,14949.17132056786,2137.9951490393555,False,True,Excess-only
194,Lesotho,LSO,2004,0.421140731,Low SDI,22386.75002106563,15584.987058205345,6801.7629628602845,1.436430453067282,0.36216118411085824,14949.17132056786,2137.9951490393555,True,True,Double-high
195,Namibia,NAM,2004,0.511927169,Low SDI,17974.99488326842,12144.077580416908,5830.917302851512,1.4801449319011462,0.3921400099417258,14949.17132056786,2137.9951490393555,True,True,Double-high
196,South Africa,ZAF,2004,0.614387045,Low-middle SDI,16635.67609701021,8156.786013960794,8478.890083049417,2.0394890914800663,0.7126993311365417,14949.17132056786,2137.9951490393555,True,True,Double-high
197,Eswatini,SWZ,2004,0.498071357,Low SDI,18628.72826928784,12687.42311318135,5941.305156106489,1.468283047164549,0.38409372302658346,14949.17132056786,2137.9951490393555,True,True,Double-high
198,Zimbabwe,ZWE,2004,0.456080504,Low SDI,11867.62303738942,14301.261928848606,-2433.638891459186,0.8298304790467453,-0.1865338411641091,14949.17132056786,2137.9951490393555,False,False,Neither
200,Benin,BEN,2004,0.271081022,Low SDI,20307.34369143028,20154.2042940616,153.13939736868633,1.0075983846910697,0.007569662369854089,14949.17132056786,2137.9951490393555,True,False,Structural high
201,Burkina Faso,BFA,2004,0.192937066,Low SDI,19696.43609947982,21910.822485412504,-2214.386385932685,0.898936409739664,-0.1065429814509536,14949.17132056786,2137.9951490393555,True,False,Structural high
202,Cameroon,CMR,2004,0.36631548,Low SDI,16850.67633637165,17446.82402426303,-596.1476878913818,0.9658305897358552,-0.03476683309350123,14949.17132056786,2137.9951490393555,True,False,Structural high
203,Cabo Verde,CPV,2004,0.416570805,Low SDI,9571.61088726604,15747.80380369948,-6176.19291643344,0.6078060792843681,-0.49789939643632247,14949.17132056786,2137.9951490393555,False,False,Neither
204,Chad,TCD,2004,0.154901916,Low SDI,22451.65547890404,22660.44436212858,-208.7888832245408,0.990786196427221,-0.009256513208811679,14949.17132056786,2137.9951490393555,True,False,Structural high
205,Côte d'Ivoire,CIV,2004,0.348096494,Low SDI,15808.66274283762,18017.874375388416,-2209.211632550796,0.8773877769084417,-0.13080622138371303,14949.17132056786,2137.9951490393555,True,False,Structural high
206,Gambia,GMB,2004,0.32554569,Low SDI,15521.51727709687,18689.77924035104,-3168.2619632541664,0.8304815737783611,-0.185749537076352,14949.17132056786,2137.9951490393555,True,False,Structural high
207,Ghana,GHA,2004,0.452698974,Low SDI,15235.05519204553,14428.24183117135,806.8133608741791,1.055919035064349,0.054411511004093686,14949.17132056786,2137.9951490393555,True,False,Structural high
208,Guinea,GIN,2004,0.241255541,Low SDI,21398.27110905071,20867.18090903094,531.0902000197711,1.0254509798105946,0.02513249613043862,14949.17132056786,2137.9951490393555,True,False,Structural high
209,Guinea-Bissau,GNB,2004,0.2685364,Low SDI,19532.14773036478,20217.354856143687,-685.2071257789066,0.9661079735378596,-0.03447967716713431,14949.17132056786,2137.9951490393555,True,False,Structural high
210,Liberia,LBR,2004,0.261978838,Low SDI,22291.22505515723,20378.04618039233,1913.178874764897,1.0938843134336278,0.0897349520038821,14949.17132056786,2137.9951490393555,True,False,Structural high
211,Mali,MLI,2004,0.17830075,Low SDI,13245.975100207112,22205.149619858534,-8959.174519651422,0.596527171713401,-0.5166304865731552,14949.17132056786,2137.9951490393555,False,False,Neither
212,Mauritania,MRT,2004,0.396962183,Low SDI,18652.06049631008,16431.351576567955,2220.7089197421265,1.1351507153500984,0.12676543097241866,14949.17132056786,2137.9951490393555,True,True,Double-high
213,Niger,NER,2004,0.12130849,Low SDI,24447.005768024323,23293.31590652988,1153.689861494444,1.049528794703335,0.04834129649420369,14949.17132056786,2137.9951490393555,True,False,Structural high
214,Nigeria,NGA,2004,0.355110912,Low SDI,20948.39168412663,17800.975064066406,3147.416620060223,1.1768114728958694,0.16280863948927138,14949.17132056786,2137.9951490393555,True,True,Double-high
215,Sao Tome and Principe,STP,2004,0.359518851,Low SDI,18323.76176586421,17662.771927599064,660.9898382651445,1.0374227692558444,0.03673953108050099,14949.17132056786,2137.9951490393555,True,False,Structural high
216,Senegal,SEN,2004,0.302914732,Low SDI,20181.94081550418,19325.05607910893,856.8847363952482,1.0443406080110458,0.043385689135690964,14949.17132056786,2137.9951490393555,True,False,Structural high
217,Sierra Leone,SLE,2004,0.238081154,Low SDI,24696.7952573135,20939.70915107928,3757.086106234219,1.179423987177996,0.16502617283597784,14949.17132056786,2137.9951490393555,True,True,Double-high
218,Togo,TGO,2004,0.341429435,Low SDI,18736.1177277711,18220.566922589307,515.5508051817924,1.0282949925417868,0.027902083593953592,14949.17132056786,2137.9951490393555,True,False,Structural high
298,American Samoa,ASM,2004,0.660188787,Middle SDI,8295.93330342161,6505.378828787669,1790.554474633942,1.2752421529566214,0.24313608446467735,14949.17132056786,2137.9951490393555,False,False,Neither
305,Bermuda,BMU,2004,0.759602129,High SDI,5165.95869224451,3483.0302883614745,1682.9284038830351,1.483179376735979,0.3941880111588758,14949.17132056786,2137.9951490393555,False,False,Neither
320,Cook Islands,COK,2004,0.699866246,High-middle SDI,11050.93381107754,5192.529152549119,5858.404658528421,2.12823722051756,0.755294041073556,14949.17132056786,2137.9951490393555,False,True,Excess-only
349,Greenland,GRL,2004,0.790179532,High SDI,1257.23297692965,2751.4177819029846,-1494.1848049733346,0.4569400493079972,-0.7832030798266776,14949.17132056786,2137.9951490393555,False,False,Neither
351,Guam,GUM,2004,0.744743045,High SDI,7094.06903220838,3874.8788352356255,3219.1901969727546,1.8307847377573552,0.6047446933836177,14949.17132056786,2137.9951490393555,False,True,Excess-only
367,Monaco,MCO,2004,0.884846218,High SDI,1110.79248315178,1134.257606959243,-23.465123807462987,0.9793123505070694,-0.020904636768417487,14949.17132056786,2137.9951490393555,False,False,Neither
369,Nauru,NRU,2004,0.522570211,Low SDI,16728.906455352248,11724.790616505965,5004.1158388462845,1.4267978851410426,0.355432692262254,14949.17132056786,2137.9951490393555,True,True,Double-high
374,Niue,NIU,2004,0.664147813,Middle SDI,11495.60502188226,6368.946252619438,5126.658769262822,1.804946150574644,0.5905307578631657,14949.17132056786,2137.9951490393555,False,True,Excess-only
376,Northern Mariana Islands,MNP,2004,0.757488268,High SDI,6679.240378234309,3537.3530338300748,3141.887344404234,1.8882029343286528,0.6356255483499476,14949.17132056786,2137.9951490393555,False,True,Excess-only
380,Palau,PLW,2004,0.727027778,High SDI,8667.12313040075,4371.750217001174,4295.372913399577,1.9825293532771893,0.6843734806100369,14949.17132056786,2137.9951490393555,False,True,Excess-only
385,Puerto Rico,PRI,2004,0.757765998,High SDI,5085.83323798295,3530.188669631284,1555.6445683516658,1.4406689596321625,0.3651075610156158,14949.17132056786,2137.9951490393555,False,False,Neither
393,Saint Kitts and Nevis,KNA,2004,0.680299176,High-middle SDI,5941.35672089084,5824.366238411085,116.99048247975496,1.020086388405354,0.01988731822485464,14949.17132056786,2137.9951490393555,False,False,Neither
396,San Marino,SMR,2004,0.845207138,High SDI,1142.57434580548,1694.815425917205,-552.2410801117248,0.6741585710946303,-0.3942899270547723,14949.17132056786,2137.9951490393555,False,False,Neither
416,Tuvalu,TUV,2004,0.531901262,Low-middle SDI,11920.0296450583,11356.476665049084,563.5529800092154,1.0496239279691049,0.04843193617449713,14949.17132056786,2137.9951490393555,False,False,Neither
422,United States Virgin Islands,VIR,2004,0.748866097,High SDI,4650.03667048235,3763.828740309831,886.2079301725189,1.2354538400436277,0.21143838439173768,14949.17132056786,2137.9951490393555,False,False,Neither
435,South Sudan,SSD,2004,0.316867201,Low SDI,17093.415396544788,18937.99419986494,-1844.5788033201527,0.902599040645323,-0.10247685446890253,14949.17132056786,2137.9951490393555,True,False,Structural high
522,Sudan,SDN,2004,0.399431934,Low SDI,16613.30122507591,16346.649920941043,266.6513041348662,1.0163122906176187,0.016180674582129892,14949.17132056786,2137.9951490393555,True,False,Structural high
6,China,CHN,2005,0.589981971,Low-middle SDI,11680.68792950159,9086.9424991807,2593.7454303208888,1.285436540459538,0.2510983808573161,14477.856380955127,2172.4989837508765,False,True,Excess-only
7,Democratic People's Republic of Korea,PRK,2005,0.517295137,Low SDI,16316.94915821835,11938.699615184576,4378.249543033773,1.366727506693038,0.3124192011437629,14477.856380955127,2172.4989837508765,True,True,Double-high
8,Taiwan,TWN,2005,0.796286354,High SDI,11444.56568045177,2618.9328459129906,8825.63283453878,4.369934761142018,1.4747480801956094,14477.856380955127,2172.4989837508765,False,True,Excess-only
10,Cambodia,KHM,2005,0.383431032,Low SDI,28836.46109132586,16896.370026193694,11940.091065132165,1.7066660499635111,0.5345417890337363,14477.856380955127,2172.4989837508765,True,True,Double-high
11,Indonesia,IDN,2005,0.555634905,Low-middle SDI,15660.54375759234,10425.57621939717,5234.967538195171,1.502127405529425,0.40688237366565283,14477.856380955127,2172.4989837508765,True,True,Double-high
12,Lao People's Democratic Republic,LAO,2005,0.384582176,Low SDI,17261.7359324403,16858.00464429116,403.7312881491416,1.0239489368206969,0.023666658987908273,14477.856380955127,2172.4989837508765,True,False,Structural high
13,Malaysia,MYS,2005,0.687714111,High-middle SDI,8812.748300652549,5583.957680736275,3228.7906199162744,1.5782261980700651,0.4563015569353792,14477.856380955127,2172.4989837508765,False,True,Excess-only
14,Maldives,MDV,2005,0.532291043,Low-middle SDI,10180.40621135638,11346.73321481773,-1166.3270034613506,0.8972103264102269,-0.10846496680554328,14477.856380955127,2172.4989837508765,False,False,Neither
15,Myanmar,MMR,2005,0.420319288,Low SDI,15669.79524983855,15622.123522350665,47.67172748788653,1.003051552333438,0.0030469057979803397,14477.856380955127,2172.4989837508765,True,False,Structural high
16,Philippines,PHL,2005,0.560211079,Low-middle SDI,16621.87718285169,10245.652918081374,6376.224264770317,1.6223345955354054,0.4838662201993865,14477.856380955127,2172.4989837508765,True,True,Double-high
17,Sri Lanka,LKA,2005,0.622984243,Low-middle SDI,10304.82289680981,7841.43229417058,2463.3906026392306,1.314150592675594,0.2731905197936355,14477.856380955127,2172.4989837508765,False,True,Excess-only
18,Thailand,THA,2005,0.594837575,Low-middle SDI,14252.063621325458,8900.628870823908,5351.43475050155,1.601242319859381,0.47077977787655884,14477.856380955127,2172.4989837508765,False,True,Excess-only
19,Timor-Leste,TLS,2005,0.376941104,Low SDI,21440.11977904569,17110.893178848364,4329.226600197326,1.2530099717733556,0.22554863420098356,14477.856380955127,2172.4989837508765,True,True,Double-high
20,Viet Nam,VNM,2005,0.537441577,Low-middle SDI,15554.30808863785,11143.248200404252,4411.059888233598,1.3958504566086551,0.333503875828957,14477.856380955127,2172.4989837508765,True,True,Double-high
22,Fiji,FJI,2005,0.620119346,Low-middle SDI,10097.04973149844,7947.443367155348,2149.6063643430925,1.2704777203228448,0.23939298747543916,14477.856380955127,2172.4989837508765,False,False,Neither
23,Kiribati,KIR,2005,0.477549958,Low SDI,11074.3467455,13490.438789671312,-2416.0920441713115,0.8209033759508887,-0.19734986713681302,14477.856380955127,2172.4989837508765,False,False,Neither
24,Marshall Islands,MHL,2005,0.499082661,Low SDI,12522.87604798536,12654.192015613788,-131.31596762842673,0.9896227299643946,-0.01043148932730461,14477.856380955127,2172.4989837508765,False,False,Neither
25,Micronesia (Federated States of),FSM,2005,0.535304488,Low-middle SDI,8683.52264932183,11227.677091849206,-2544.154442527375,0.7734033120373298,-0.2569546173803936,14477.856380955127,2172.4989837508765,False,False,Neither
26,Papua New Guinea,PNG,2005,0.388757091,Low SDI,13488.19755239169,16718.0768894084,-3229.879337016709,0.8068031772803382,-0.21467553478348592,14477.856380955127,2172.4989837508765,False,False,Neither
27,Samoa,WSM,2005,0.546239229,Low-middle SDI,9891.59253391438,10795.86535737678,-904.272823462401,0.9162389680189448,-0.08747806621507692,14477.856380955127,2172.4989837508765,False,False,Neither
28,Solomon Islands,SLB,2005,0.382641106,Low SDI,13482.94471979798,16922.642180128332,-3439.6974603303515,0.7967399284510389,-0.22722696655399505,14477.856380955127,2172.4989837508765,False,False,Neither
29,Tonga,TON,2005,0.57191654,Low-middle SDI,11297.62873997314,9787.24148410136,1510.3872558717776,1.1543220588074063,0.1435132095725732,14477.856380955127,2172.4989837508765,False,False,Neither
30,Vanuatu,VUT,2005,0.408504382,Low SDI,12194.72957128437,16040.00139288314,-3845.271821598772,0.7602698573763904,-0.2740818332308949,14477.856380955127,2172.4989837508765,False,False,Neither
33,Armenia,ARM,2005,0.620526308,Low-middle SDI,7236.57824865525,7932.357766432749,-695.7795177774988,0.9122859131843726,-0.09180183674041545,14477.856380955127,2172.4989837508765,False,False,Neither
34,Azerbaijan,AZE,2005,0.606975334,Low-middle SDI,13764.439793896348,8439.220897811078,5325.218896085271,1.6310083549852925,0.48919844624089576,14477.856380955127,2172.4989837508765,False,True,Excess-only
35,Georgia,GEO,2005,0.658786878,Middle SDI,8441.07288752868,6557.22003862374,1883.8528489049404,1.287294438467606,0.2525426813661924,14477.856380955127,2172.4989837508765,False,False,Neither
36,Kazakhstan,KAZ,2005,0.664244032,Middle SDI,7168.78140093742,6368.814642320819,799.9667586166006,1.125606852066445,0.11832231427858707,14477.856380955127,2172.4989837508765,False,False,Neither
37,Kyrgyzstan,KGZ,2005,0.549432433,Low-middle SDI,8522.03279739598,10669.910996503231,-2147.878199107252,0.798697646136771,-0.22477282018123976,14477.856380955127,2172.4989837508765,False,False,Neither
38,Mongolia,MNG,2005,0.573216234,Low-middle SDI,10308.17688884496,9736.53691074433,571.6399781006312,1.0587108109732346,0.05705195187001799,14477.856380955127,2172.4989837508765,False,False,Neither
39,Tajikistan,TJK,2005,0.477390849,Low SDI,9847.54998924446,13496.565450367674,-3649.0154611232138,0.7296337742707862,-0.31521254980386887,14477.856380955127,2172.4989837508765,False,False,Neither
40,Turkmenistan,TKM,2005,0.604027857,Low-middle SDI,11648.72287430364,8550.658335884653,3098.0645384189866,1.362318831687766,0.30918827114567904,14477.856380955127,2172.4989837508765,False,True,Excess-only
41,Uzbekistan,UZB,2005,0.591942516,Low-middle SDI,11427.9071711281,9011.604800249475,2416.3023708786222,1.2681323054481628,0.23754519240789398,14477.856380955127,2172.4989837508765,False,True,Excess-only
43,Albania,ALB,2005,0.610273062,Low-middle SDI,8199.7642039099,8315.031400407968,-115.2671964980691,0.9861374911353415,-0.013959490758689375,14477.856380955127,2172.4989837508765,False,False,Neither
44,Bosnia and Herzegovina,BIH,2005,0.630470515,Low-middle SDI,5828.03359987493,7566.528961556024,-1738.4953616810944,0.7702387223370146,-0.26105478317436004,14477.856380955127,2172.4989837508765,False,False,Neither
45,Bulgaria,BGR,2005,0.699034665,High-middle SDI,7547.10049484237,5221.319108212984,2325.781386629385,1.4454394260199492,0.36841337638691063,14477.856380955127,2172.4989837508765,False,True,Excess-only
46,Croatia,HRV,2005,0.716358434,High-middle SDI,3822.57511361865,4688.273745348346,-865.698631729696,0.8153481049205727,-0.2041401343302376,14477.856380955127,2172.4989837508765,False,False,Neither
47,Czechia,CZE,2005,0.785226645,High SDI,4361.14177735391,2864.3879581821843,1496.7538191717254,1.522538790493172,0.4203791984337871,14477.856380955127,2172.4989837508765,False,False,Neither
48,Hungary,HUN,2005,0.739571827,High SDI,4854.16068637548,4018.64031493765,835.5203714378295,1.2079112102499256,0.18889259536252231,14477.856380955127,2172.4989837508765,False,False,Neither
49,North Macedonia,MKD,2005,0.679136102,High-middle SDI,5729.11894141513,5865.832189690048,-136.71324827491753,0.9766932902521132,-0.023582606366869225,14477.856380955127,2172.4989837508765,False,False,Neither
50,Montenegro,MNE,2005,0.695887144,High-middle SDI,6066.99790702363,5321.046437723104,745.9514693005267,1.140188866613185,0.1311939211519425,14477.856380955127,2172.4989837508765,False,False,Neither
51,Poland,POL,2005,0.749612433,High SDI,3210.83852851961,3745.780626154937,-534.9420976353272,0.857188086803565,-0.1540979132819445,14477.856380955127,2172.4989837508765,False,False,Neither
52,Romania,ROU,2005,0.681495083,High-middle SDI,7971.67031736119,5787.72502390642,2183.9452934547708,1.3773408868655477,0.3201547467457456,14477.856380955127,2172.4989837508765,False,True,Excess-only
53,Serbia,SRB,2005,0.681552417,High-middle SDI,5018.795137347,5785.832179288929,-767.0370419419296,0.8674283978219021,-0.1422223091014455,14477.856380955127,2172.4989837508765,False,False,Neither
54,Slovakia,SVK,2005,0.758297843,High SDI,5151.60368398609,3518.243329363615,1633.360354622475,1.4642545161644405,0.38134625026808644,14477.856380955127,2172.4989837508765,False,False,Neither
55,Slovenia,SVN,2005,0.796736085,High SDI,4742.78020227252,2609.2390113280053,2133.5411909445147,1.8176871423743668,0.5975648920433042,14477.856380955127,2172.4989837508765,False,False,Neither
57,Belarus,BLR,2005,0.708463604,High-middle SDI,4528.39098213098,4927.8058041871245,-399.4148220561447,0.9189467203198703,-0.08452713401997891,14477.856380955127,2172.4989837508765,False,False,Neither
58,Estonia,EST,2005,0.768771132,High SDI,3790.94880598506,3254.5696721291456,536.3791338559145,1.1648080047108085,0.15255627061284605,14477.856380955127,2172.4989837508765,False,False,Neither
59,Latvia,LVA,2005,0.765886656,High SDI,3821.25231328114,3326.0094205149617,495.2428927661781,1.1489000270749383,0.1388049864431478,14477.856380955127,2172.4989837508765,False,False,Neither
60,Lithuania,LTU,2005,0.748020552,High SDI,4130.84210454203,3788.344344586237,342.49775995579284,1.0904082968184352,0.08655221033898831,14477.856380955127,2172.4989837508765,False,False,Neither
61,Republic of Moldova,MDA,2005,0.633377706,Middle SDI,5924.72529296173,7460.626847712403,-1535.9015547506733,0.7941323717025714,-0.23050511663975687,14477.856380955127,2172.4989837508765,False,False,Neither
62,Russian Federation,RUS,2005,0.742631817,High SDI,2905.11828671424,3934.381891058243,-1029.263604344003,0.738392552415099,-0.3032796819560892,14477.856380955127,2172.4989837508765,False,False,Neither
63,Ukraine,UKR,2005,0.695749724,High-middle SDI,2535.24823543903,5325.420052297054,-2790.171816858024,0.4760654015161643,-0.7422000360457751,14477.856380955127,2172.4989837508765,False,False,Neither
66,Brunei Darussalam,BRN,2005,0.767961842,High SDI,2627.82608759032,3274.5223770936423,-646.6962895033221,0.8025066818821656,-0.22001509767971325,14477.856380955127,2172.4989837508765,False,False,Neither
67,Japan,JPN,2005,0.836923153,High SDI,2212.16877859485,1833.5575277240423,378.6112508708079,1.2064899765325443,0.18771529815995489,14477.856380955127,2172.4989837508765,False,False,Neither
68,Republic of Korea,KOR,2005,0.821854437,High SDI,2070.99994703109,2103.510772112438,-32.510825081348685,0.984544493181416,-0.015576188240650142,14477.856380955127,2172.4989837508765,False,False,Neither
69,Singapore,SGP,2005,0.807120976,High SDI,4441.05709432168,2391.65295186421,2049.40414245747,1.856898631910633,0.6189076938642907,14477.856380955127,2172.4989837508765,False,False,Neither
71,Australia,AUS,2005,0.791003794,High SDI,910.01922686532,2734.4793810905544,-1824.4601542252344,0.3327943275631465,-1.1002306147622356,14477.856380955127,2172.4989837508765,False,False,Neither
72,New Zealand,NZL,2005,0.804585897,High SDI,1273.16617915181,2443.661515743337,-1170.4953365915271,0.5210075826579957,-0.6519906832886222,14477.856380955127,2172.4989837508765,False,False,Neither
74,Andorra,AND,2005,0.832831998,High SDI,1174.42969234662,1904.3961193479088,-729.9664270012888,0.6166940167619963,-0.4833822990554352,14477.856380955127,2172.4989837508765,False,False,Neither
75,Austria,AUT,2005,0.806858258,High SDI,1180.95889057261,2397.009561642288,-1216.0506710696775,0.4926800916736801,-0.7078952168374246,14477.856380955127,2172.4989837508765,False,False,Neither
76,Belgium,BEL,2005,0.814714977,High SDI,1326.31050630477,2240.1320326614064,-913.8215263566364,0.5920680062456124,-0.5241337752809208,14477.856380955127,2172.4989837508765,False,False,Neither
77,Cyprus,CYP,2005,0.785794597,High SDI,906.45506914996,2851.4528611293417,-1944.9977919793816,0.3178923563866845,-1.1460424554353354,14477.856380955127,2172.4989837508765,False,False,Neither
78,Denmark,DNK,2005,0.868562543,High SDI,1186.09009105098,1345.907446773228,-159.81735572224807,0.8812568010486863,-0.126406207383383,14477.856380955127,2172.4989837508765,False,False,Neither
79,Finland,FIN,2005,0.828382436,High SDI,1267.63755152862,1983.511247206765,-715.8736956781454,0.639087654942084,-0.44771365882902736,14477.856380955127,2172.4989837508765,False,False,Neither
80,France,FRA,2005,0.804287059,High SDI,998.39929250943,2449.8394436389253,-1451.4401511294957,0.4075366224924661,-0.8976244791922332,14477.856380955127,2172.4989837508765,False,False,Neither
81,Germany,DEU,2005,0.840116427,High SDI,1255.28555808975,1779.526204825468,-524.240646735718,0.7054043681322837,-0.3489840687804702,14477.856380955127,2172.4989837508765,False,False,Neither
82,Greece,GRC,2005,0.77497082,High SDI,1105.14779510721,3104.082960801288,-1998.9351656940785,0.3560303667985494,-1.032739251772019,14477.856380955127,2172.4989837508765,False,False,Neither
83,Iceland,ISL,2005,0.826131142,High SDI,1064.0371857223402,2024.3659933958,-960.3288076734598,0.5256150267261982,-0.6431862225586964,14477.856380955127,2172.4989837508765,False,False,Neither
84,Ireland,IRL,2005,0.839129143,High SDI,1332.15420181176,1796.1137695863242,-463.9595677745642,0.741686982400106,-0.29882798142491723,14477.856380955127,2172.4989837508765,False,False,Neither
85,Israel,ISR,2005,0.785979932,High SDI,1198.69300451991,2847.2395792070056,-1648.5465746870957,0.4210018058451414,-0.8651181558905671,14477.856380955127,2172.4989837508765,False,False,Neither
86,Italy,ITA,2005,0.785684268,High SDI,1114.58521004268,2853.962810704401,-1739.3776006617209,0.3905395003264193,-0.9402261616133779,14477.856380955127,2172.4989837508765,False,False,Neither
87,Luxembourg,LUX,2005,0.836222381,High SDI,1248.83069616811,1845.5624461699188,-596.7317500018087,0.6766667249649551,-0.39057640945931144,14477.856380955127,2172.4989837508765,False,False,Neither
88,Malta,MLT,2005,0.74995727,High SDI,1276.9297028014798,3736.5952654673615,-2459.6655626658817,0.3417361560676723,-1.0737163131446819,14477.856380955127,2172.4989837508765,False,False,Neither
89,Netherlands,NLD,2005,0.860072751,High SDI,993.52198423384,1466.4914514215886,-472.9694671877486,0.6774822882675101,-0.38937186934859236,14477.856380955127,2172.4989837508765,False,False,Neither
90,Norway,NOR,2005,0.867862444,High SDI,1310.2323006254198,1355.573538680722,-45.34123805530203,0.96655198942624,-0.0340201903409971,14477.856380955127,2172.4989837508765,False,False,Neither
91,Portugal,PRT,2005,0.71385816,High-middle SDI,1261.65261055074,4763.506089689683,-3501.853479138943,0.2648579820820445,-1.3285615133221114,14477.856380955127,2172.4989837508765,False,False,Neither
92,Spain,ESP,2005,0.752772724,High SDI,1053.2122263827,3662.067113716225,-2608.854887333525,0.2876004709028699,-1.2461830157830744,14477.856380955127,2172.4989837508765,False,False,Neither
93,Sweden,SWE,2005,0.8603461,High SDI,993.89522059177,1462.493812574175,-468.5985919824051,0.6795893507695516,-0.38626655915770497,14477.856380955127,2172.4989837508765,False,False,Neither
94,Switzerland,CHE,2005,0.908253954,High SDI,1004.56695253664,875.4263331241964,129.14061941244358,1.1475174032651845,0.13760082908172633,14477.856380955127,2172.4989837508765,False,False,Neither
95,United Kingdom,GBR,2005,0.820958592,High SDI,1164.72099021972,2120.3445947371324,-955.6236045174124,0.5493074064992324,-0.599097055201376,14477.856380955127,2172.4989837508765,False,False,Neither
97,Argentina,ARG,2005,0.675055156,Middle SDI,3937.56715432908,6001.988311474478,-2064.421157145398,0.6560437891558902,-0.42152774050381997,14477.856380955127,2172.4989837508765,False,False,Neither
98,Chile,CHL,2005,0.689474008,High-middle SDI,3141.2478213140903,5526.870419838189,-2385.622598524099,0.5683592309381584,-0.5650016113376793,14477.856380955127,2172.4989837508765,False,False,Neither
99,Uruguay,URY,2005,0.650441866,Middle SDI,6168.77118756654,6849.318377484569,-680.5471899180293,0.9006401582739738,-0.10464948153143225,14477.856380955127,2172.4989837508765,False,False,Neither
101,Canada,CAN,2005,0.848656485,High SDI,703.5184392462401,1640.407897356196,-936.889458109956,0.4288679909308428,-0.8466061208555363,14477.856380955127,2172.4989837508765,False,False,Neither
102,United States of America,USA,2005,0.814287963,High SDI,1239.69968249123,2248.482256949594,-1008.782574458364,0.5513495508623982,-0.5953862773920949,14477.856380955127,2172.4989837508765,False,False,Neither
105,Antigua and Barbuda,ATG,2005,0.688199351,High-middle SDI,6073.680819886839,5568.191870203008,505.4889496838314,1.0907815250384685,0.08689443477075112,14477.856380955127,2172.4989837508765,False,False,Neither
106,Bahamas,BHS,2005,0.759205548,High SDI,5768.05985540079,3494.925151001981,2273.1347043988094,1.6504101250200196,0.5010238176446105,14477.856380955127,2172.4989837508765,False,True,Excess-only
107,Barbados,BRB,2005,0.704937477,High-middle SDI,6082.88797725447,5036.638619271548,1046.2493579829215,1.2077277003713722,0.18874066050330177,14477.856380955127,2172.4989837508765,False,False,Neither
108,Belize,BLZ,2005,0.539964801,Low-middle SDI,7302.20085225086,11043.578525089852,-3741.377672838991,0.6612169086008693,-0.4136733407656451,14477.856380955127,2172.4989837508765,False,False,Neither
109,Cuba,CUB,2005,0.62361552,Low-middle SDI,6410.10627851189,7818.132034892594,-1408.0257563807036,0.8199025355293776,-0.1985698048986572,14477.856380955127,2172.4989837508765,False,False,Neither
110,Dominica,DMA,2005,0.678266333,High-middle SDI,5406.7765227473,5894.741851859375,-487.96532911207487,0.9172202377347268,-0.08640766355065498,14477.856380955127,2172.4989837508765,False,False,Neither
111,Dominican Republic,DOM,2005,0.540220838,Low-middle SDI,9793.58484795678,11033.466063019252,-1239.8812150624726,0.8876254109107048,-0.11920545954721108,14477.856380955127,2172.4989837508765,False,False,Neither
112,Grenada,GRD,2005,0.596978099,Low-middle SDI,6909.194377254101,8818.793360053944,-1909.5989827998428,0.7834625549284713,-0.24403201037858943,14477.856380955127,2172.4989837508765,False,False,Neither
113,Guyana,GUY,2005,0.55485091,Low-middle SDI,6817.54104946084,10456.432931627713,-3638.891882166872,0.6519949101227182,-0.42771852364620366,14477.856380955127,2172.4989837508765,False,False,Neither
114,Haiti,HTI,2005,0.399878071,Low SDI,17762.9241474581,16339.438908203532,1423.4852392545672,1.0871195912694334,0.0835316216544597,14477.856380955127,2172.4989837508765,True,False,Structural high
115,Jamaica,JAM,2005,0.630239711,Low-middle SDI,6031.7249394438,7574.957424296695,-1543.2324848528942,0.7962717942277837,-0.22781470138364676,14477.856380955127,2172.4989837508765,False,False,Neither
116,Saint Lucia,LCA,2005,0.62920213,Low-middle SDI,5869.63142515396,7612.885069513618,-1743.2536443596582,0.7710127463580593,-0.26005037331414155,14477.856380955127,2172.4989837508765,False,False,Neither
117,Saint Vincent and the Grenadines,VCT,2005,0.568320008,Low-middle SDI,5638.85861320135,9927.770227837556,-4288.911614636205,0.5679884288004512,-0.5656542322986858,14477.856380955127,2172.4989837508765,False,False,Neither
118,Suriname,SUR,2005,0.589426517,Low-middle SDI,5905.72083478944,9108.313129586142,-3202.592294796702,0.648387989166308,-0.43326601309491664,14477.856380955127,2172.4989837508765,False,False,Neither
119,Trinidad and Tobago,TTO,2005,0.699539302,High-middle SDI,5967.98710549204,5205.410260005863,762.5768454861773,1.1464969728409684,0.1367111829642931,14477.856380955127,2172.4989837508765,False,False,Neither
121,Bolivia (Plurinational State of),BOL,2005,0.523083016,Low SDI,18675.5869448162,11710.39031584893,6965.196628967271,1.594787743286449,0.46674065107193385,14477.856380955127,2172.4989837508765,True,True,Double-high
122,Ecuador,ECU,2005,0.589152249,Low-middle SDI,10638.27161843081,9118.8695672845,1519.4020511463095,1.166621755025143,0.15411218339354552,14477.856380955127,2172.4989837508765,False,False,Neither
123,Peru,PER,2005,0.581799654,Low-middle SDI,15617.316477484388,9402.853214239834,6214.463263244554,1.660912504071984,0.5073671525862491,14477.856380955127,2172.4989837508765,True,True,Double-high
125,Colombia,COL,2005,0.574109986,Low-middle SDI,6471.622802102631,9701.694798036868,-3230.071995934237,0.6670610585907278,-0.4048736951412028,14477.856380955127,2172.4989837508765,False,False,Neither
126,Costa Rica,CRI,2005,0.612971478,Low-middle SDI,3291.9523166131103,8213.805739464633,-4921.853422851523,0.4007828308863409,-0.914335567238945,14477.856380955127,2172.4989837508765,False,False,Neither
127,El Salvador,SLV,2005,0.497413696,Low SDI,6609.82103552071,12719.44896127917,-6109.627925758459,0.5196625306365452,-0.6545756576301499,14477.856380955127,2172.4989837508765,False,False,Neither
128,Guatemala,GTM,2005,0.437747407,Low SDI,9303.393770845709,14990.446103605169,-5687.05233275946,0.6206215416503358,-0.47703381656425065,14477.856380955127,2172.4989837508765,False,False,Neither
129,Honduras,HND,2005,0.424516856,Low SDI,7562.37769610038,15471.59318788437,-7909.21549178399,0.4887911415627443,-0.7158199941147815,14477.856380955127,2172.4989837508765,False,False,Neither
130,Mexico,MEX,2005,0.599714131,Low-middle SDI,2875.38209275131,8714.470351143033,-5839.088258391723,0.3299548884659595,-1.1087993354844334,14477.856380955127,2172.4989837508765,False,False,Neither
131,Nicaragua,NIC,2005,0.455239572,Low SDI,7722.92367099868,14340.027268379466,-6617.103597380787,0.5385571119539042,-0.6188617305276746,14477.856380955127,2172.4989837508765,False,False,Neither
132,Panama,PAN,2005,0.610886067,Low-middle SDI,3866.72578338373,8292.004274451863,-4425.278491068133,0.4663198010277601,-0.762883611930986,14477.856380955127,2172.4989837508765,False,False,Neither
133,Venezuela (Bolivarian Republic of),VEN,2005,0.56196539,Low-middle SDI,4908.160740434761,10176.771501229536,-5268.610760794775,0.4822905515606562,-0.7292085424771761,14477.856380955127,2172.4989837508765,False,False,Neither
135,Brazil,BRA,2005,0.597355151,Low-middle SDI,18484.46421153084,8804.397742550826,9680.066468980016,2.0994581062821784,0.7416792668025998,14477.856380955127,2172.4989837508765,True,True,Double-high
136,Paraguay,PRY,2005,0.563351011,Low-middle SDI,9535.30177998396,10122.406754229069,-587.1049742451069,0.9419994682588884,-0.05975056888694354,14477.856380955127,2172.4989837508765,False,False,Neither
139,Algeria,DZA,2005,0.563606356,Low-middle SDI,12016.15311436766,10112.392359349564,1903.7607550180965,1.1882601749780748,0.17249019946970184,14477.856380955127,2172.4989837508765,False,False,Neither
140,Bahrain,BHR,2005,0.68144904,High-middle SDI,7981.106012962789,5789.245293844407,2191.860719118382,1.3786090600529477,0.3210750633707468,14477.856380955127,2172.4989837508765,False,True,Excess-only
141,Egypt,EGY,2005,0.55766884,Low-middle SDI,19133.74277065149,10345.566091958084,8788.176678693406,1.8494631033795927,0.6148953825804787,14477.856380955127,2172.4989837508765,True,True,Double-high
142,Iran (Islamic Republic of),IRN,2005,0.62124215,Low-middle SDI,6426.42546563386,7905.843628290655,-1479.4181626567952,0.8128702979448299,-0.20718371728461832,14477.856380955127,2172.4989837508765,False,False,Neither
143,Iraq,IRQ,2005,0.502727154,Low SDI,16700.795576109358,12511.481910765368,4189.313665343991,1.3348375272588089,0.28880958201801293,14477.856380955127,2172.4989837508765,True,True,Double-high
144,Jordan,JOR,2005,0.618551522,Low-middle SDI,10239.97763221125,8005.642151142087,2234.3354810691635,1.2790950980428737,0.2461528732672419,14477.856380955127,2172.4989837508765,False,True,Excess-only
145,Kuwait,KWT,2005,0.768442976,High SDI,9147.511011432249,3262.651657757812,5884.8593536744365,2.803704462191554,1.0309415649697107,14477.856380955127,2172.4989837508765,False,True,Excess-only
146,Lebanon,LBN,2005,0.626915049,Low-middle SDI,13439.99364548826,7696.701168449713,5743.292477038548,1.7462018274246414,0.5574430449091076,14477.856380955127,2172.4989837508765,False,True,Excess-only
147,Libya,LBY,2005,0.711523422,High-middle SDI,10007.84998466228,4834.284364459311,5173.565620202969,2.0701823124510392,0.7276366770468667,14477.856380955127,2172.4989837508765,False,True,Excess-only
148,Morocco,MAR,2005,0.46553525,Low SDI,15674.90153848602,13950.468753531111,1724.432784954908,1.1236110997717137,0.11654769495646711,14477.856380955127,2172.4989837508765,True,False,Structural high
149,Palestine,PSE,2005,0.495628409,Low SDI,15032.2529551841,12789.183020367283,2243.0699348168164,1.1753880549871434,0.16159835263596323,14477.856380955127,2172.4989837508765,True,True,Double-high
150,Oman,OMN,2005,0.674136435,Middle SDI,8709.5845531615,6032.818555100547,2676.7659980609524,1.4437007301997895,0.36720976843710823,14477.856380955127,2172.4989837508765,False,True,Excess-only
151,Qatar,QAT,2005,0.763772269,High SDI,8351.56313232336,3378.9475903143784,4972.615542008981,2.471646247566192,0.9048844256197686,14477.856380955127,2172.4989837508765,False,True,Excess-only
152,Saudi Arabia,SAU,2005,0.698129853,High-middle SDI,8741.374993150861,5249.899349529877,3491.475643620984,1.6650557298653053,0.5098585942628264,14477.856380955127,2172.4989837508765,False,True,Excess-only
153,Syrian Arab Republic,SYR,2005,0.486437088,Low SDI,15105.61935139271,13146.910812253276,1958.708539139434,1.148986219432923,0.13888000526373223,14477.856380955127,2172.4989837508765,True,False,Structural high
154,Tunisia,TUN,2005,0.591427141,Low-middle SDI,12933.86648274939,9031.39492255973,3902.471560189661,1.4321006437711616,0.3591423480318941,14477.856380955127,2172.4989837508765,False,True,Excess-only
155,Türkiye,TUR,2005,0.588306569,Low-middle SDI,14023.0774516384,9151.436692598185,4871.640759040216,1.532336170011477,0.42679347936906675,14477.856380955127,2172.4989837508765,False,True,Excess-only
156,United Arab Emirates,ARE,2005,0.800416744,High SDI,8917.18229274134,2530.7486827243447,6386.433610016995,3.5235352896210994,1.2594648292367292,14477.856380955127,2172.4989837508765,False,True,Excess-only
157,Yemen,YEM,2005,0.348748672,Low SDI,24902.402138528552,18006.82846699881,6895.573671529743,1.3829421535373256,0.324213225009104,14477.856380955127,2172.4989837508765,True,True,Double-high
160,Afghanistan,AFG,2005,0.208744023,Low SDI,24470.48769503101,21593.41195556037,2877.075739470638,1.1332385889451704,0.12507954146994377,14477.856380955127,2172.4989837508765,True,True,Double-high
161,Bangladesh,BGD,2005,0.338055422,Low SDI,26539.49070738122,18330.97605112328,8208.51465625794,1.447794740081772,0.3700415298282903,14477.856380955127,2172.4989837508765,True,True,Double-high
162,Bhutan,BTN,2005,0.357848305,Low SDI,17554.01195148868,17724.143576348495,-170.13162485981593,0.9904011370632968,-0.009645228967552492,14477.856380955127,2172.4989837508765,True,False,Structural high
163,India,IND,2005,0.435758748,Low SDI,20547.66479192129,15063.391717549755,5484.273074371531,1.3640795630363929,0.3104798883919452,14477.856380955127,2172.4989837508765,True,True,Double-high
164,Nepal,NPL,2005,0.321382371,Low SDI,22476.42665697012,18818.940169650712,3657.486487319409,1.1943513531765106,0.17760323732473687,14477.856380955127,2172.4989837508765,True,True,Double-high
165,Pakistan,PAK,2005,0.397639405,Low SDI,22601.72241409801,16416.338538522054,6185.383875575957,1.3767821832536855,0.3197490251383216,14477.856380955127,2172.4989837508765,True,True,Double-high
168,Angola,AGO,2005,0.348222316,Low SDI,18054.797063198148,18022.988003756847,31.80905944130064,1.0017649159747912,0.0017633603406988776,14477.856380955127,2172.4989837508765,True,False,Structural high
169,Central African Republic,CAF,2005,0.228724627,Low SDI,24581.67068025373,21160.52030136449,3421.1503788892405,1.161676099177421,0.14986387531980896,14477.856380955127,2172.4989837508765,True,True,Double-high
170,Congo,COG,2005,0.472536669,Low SDI,16196.602210477002,13683.05028145387,2513.5519290231314,1.1836982162106078,0.16864361901586558,14477.856380955127,2172.4989837508765,True,True,Double-high
171,Democratic Republic of the Congo,COD,2005,0.258155739,Low SDI,23182.199816030068,20480.583260599065,2701.616555431003,1.1319111141052522,0.12390745558961316,14477.856380955127,2172.4989837508765,True,True,Double-high
172,Equatorial Guinea,GNQ,2005,0.48991032,Low SDI,15257.79480556954,13012.00033961996,2245.7944659495806,1.1725940983194882,0.15921847254835003,14477.856380955127,2172.4989837508765,True,True,Double-high
173,Gabon,GAB,2005,0.533025565,Low-middle SDI,14590.75276076998,11317.713709457104,3273.039051312877,1.289196134072372,0.2540188722518666,14477.856380955127,2172.4989837508765,True,True,Double-high
175,Burundi,BDI,2005,0.232796958,Low SDI,27869.5671691579,21069.58578664463,6799.98138251327,1.32273920576187,0.27970474231662074,14477.856380955127,2172.4989837508765,True,True,Double-high
176,Comoros,COM,2005,0.382125577,Low SDI,19986.84028064506,16939.764167047142,3047.076113597919,1.1798771271872477,0.1654103035533879,14477.856380955127,2172.4989837508765,True,True,Double-high
177,Djibouti,DJI,2005,0.376185533,Low SDI,16091.12649130503,17135.671114588655,-1044.544623283624,0.939042677914474,-0.06289435041856047,14477.856380955127,2172.4989837508765,True,False,Structural high
178,Eritrea,ERI,2005,0.344889402,Low SDI,24633.58370152317,18124.82160338981,6508.762098133364,1.359107650301841,0.30682834491030253,14477.856380955127,2172.4989837508765,True,True,Double-high
179,Ethiopia,ETH,2005,0.197103948,Low SDI,23072.03272303231,21836.2913851392,1235.7413378931087,1.0565911727452997,0.055047851317287455,14477.856380955127,2172.4989837508765,True,False,Structural high
180,Kenya,KEN,2005,0.405070665,Low SDI,29043.730821419376,16159.779785669312,12883.951035750064,1.7972850624595582,0.5862772276410854,14477.856380955127,2172.4989837508765,True,True,Double-high
181,Madagascar,MDG,2005,0.282171443,Low SDI,19011.45449702692,19883.56123791472,-872.1067408878007,0.9561393087258012,-0.044851656122447243,14477.856380955127,2172.4989837508765,True,False,Structural high
182,Malawi,MWI,2005,0.264872786,Low SDI,24585.25103599854,20317.60578698857,4267.645249009969,1.2100466607016749,0.19065892142850085,14477.856380955127,2172.4989837508765,True,True,Double-high
183,Mauritius,MUS,2005,0.645210026,Middle SDI,10874.10099418351,7034.806290411662,3839.294703771847,1.545756989642309,0.43551375129157643,14477.856380955127,2172.4989837508765,False,True,Excess-only
184,Mozambique,MOZ,2005,0.229922206,Low SDI,18839.00469950112,21133.878093492705,-2294.873393991584,0.8914125753995811,-0.11494791109826769,14477.856380955127,2172.4989837508765,True,False,Structural high
185,Rwanda,RWA,2005,0.324841523,Low SDI,26631.786443198107,18719.451793539192,7912.334649658915,1.4226798272153338,0.3525422953485734,14477.856380955127,2172.4989837508765,True,True,Double-high
186,Seychelles,SYC,2005,0.688852833,High-middle SDI,12664.596105637722,5546.990604043263,7117.6055015944585,2.28314720713721,0.8255548451610963,14477.856380955127,2172.4989837508765,False,True,Excess-only
187,Somalia,SOM,2005,0.058402198,Low SDI,20651.87795858437,24497.06457223541,-3845.18661365104,0.8430348010753455,-0.1707470394179696,14477.856380955127,2172.4989837508765,True,False,Structural high
189,United Republic of Tanzania,TZA,2005,0.322550251,Low SDI,23861.02539555988,18785.453150494304,5075.572245065574,1.2701863087573173,0.23916358952004646,14477.856380955127,2172.4989837508765,True,True,Double-high
190,Uganda,UGA,2005,0.275614628,Low SDI,22027.30049215684,20050.55463671584,1976.7458554409968,1.0985880885220627,0.0940257994518587,14477.856380955127,2172.4989837508765,True,False,Structural high
191,Zambia,ZMB,2005,0.343503709,Low SDI,18940.24648628603,18166.910823148603,773.3356631374263,1.042568363474985,0.04168724901558213,14477.856380955127,2172.4989837508765,True,False,Structural high
193,Botswana,BWA,2005,0.589431839,Low-middle SDI,11673.106906189889,9108.108315880118,2564.998590309772,1.2816170494852,0.2481226005246808,14477.856380955127,2172.4989837508765,False,True,Excess-only
194,Lesotho,LSO,2005,0.425708277,Low SDI,22505.62582821852,15428.67626647572,7076.9495617428,1.4586880584901498,0.3775374416709207,14477.856380955127,2172.4989837508765,True,True,Double-high
195,Namibia,NAM,2005,0.516695859,Low SDI,17671.61522339368,11962.320314229142,5709.294909164539,1.477273201117458,0.3901979567337577,14477.856380955127,2172.4989837508765,True,True,Double-high
196,South Africa,ZAF,2005,0.618178714,Low-middle SDI,16695.81910905181,8019.4999645371745,8676.319144514633,2.08190275988303,0.7332822639546179,14477.856380955127,2172.4989837508765,True,True,Double-high
197,Eswatini,SWZ,2005,0.503666867,Low SDI,18584.01795393691,12474.640979972386,6109.376973964523,1.4897437115643586,0.39860409950119313,14477.856380955127,2172.4989837508765,True,True,Double-high
198,Zimbabwe,ZWE,2005,0.45180691,Low SDI,11798.813272349,14468.852888731575,-2670.039616382577,0.8154629370472058,-0.2039993060872741,14477.856380955127,2172.4989837508765,False,False,Neither
200,Benin,BEN,2005,0.275760651,Low SDI,20433.95660286562,20046.86887898125,387.0877238843641,1.019309136315558,0.01912508047547575,14477.856380955127,2172.4989837508765,True,False,Structural high
201,Burkina Faso,BFA,2005,0.198218891,Low SDI,18959.23264520345,21813.29934474212,-2854.066699538671,0.8691593300750895,-0.14022882176002632,14477.856380955127,2172.4989837508765,True,False,Structural high
202,Cameroon,CMR,2005,0.370571067,Low SDI,16271.586757024888,17318.48698126085,-1046.9002242359602,0.9395501336018128,-0.06235409954932412,14477.856380955127,2172.4989837508765,True,False,Structural high
203,Cabo Verde,CPV,2005,0.425715974,Low SDI,9288.67837187481,15428.39873655542,-6139.72036468061,0.6020507073016329,-0.5074136058225197,14477.856380955127,2172.4989837508765,False,False,Neither
204,Chad,TCD,2005,0.160947792,Low SDI,22474.363233140022,22555.54664255757,-81.18340941755014,0.9964007341207872,-0.0036057588212124753,14477.856380955127,2172.4989837508765,True,False,Structural high
205,Côte d'Ivoire,CIV,2005,0.350305042,Low SDI,15577.44398259718,17958.92355241801,-2381.479569820831,0.867392966907519,-0.14226315585962862,14477.856380955127,2172.4989837508765,True,False,Structural high
206,Gambia,GMB,2005,0.330955035,Low SDI,14960.35577233445,18541.382600053013,-3581.026827718564,0.8068630098972055,-0.21460137741764393,14477.856380955127,2172.4989837508765,True,False,Structural high
207,Ghana,GHA,2005,0.457685143,Low SDI,15130.06009287538,14247.91511010494,882.1449827704382,1.0619139695845603,0.06007291161428515,14477.856380955127,2172.4989837508765,True,False,Structural high
208,Guinea,GIN,2005,0.245552931,Low SDI,20995.72103063378,20778.34932640096,217.3717042328208,1.010461452005556,0.010407109687647955,14477.856380955127,2172.4989837508765,True,False,Structural high
209,Guinea-Bissau,GNB,2005,0.272634146,Low SDI,19036.55859833878,20125.45682433125,-1088.898225992467,0.9458944840111152,-0.05562425525150787,14477.856380955127,2172.4989837508765,True,False,Structural high
210,Liberia,LBR,2005,0.265951158,Low SDI,22420.005052024862,20291.15650237995,2128.848549644914,1.104915091921706,0.09976849212752165,14477.856380955127,2172.4989837508765,True,False,Structural high
211,Mali,MLI,2005,0.182527831,Low SDI,12742.54475603106,22132.01535834741,-9389.470602316347,0.5757516678762391,-0.5520788434097432,14477.856380955127,2172.4989837508765,False,False,Neither
212,Mauritania,MRT,2005,0.400007755,Low SDI,18600.36927995287,16334.97383704704,2265.3954429058304,1.13868375092025,0.12987299088124146,14477.856380955127,2172.4989837508765,True,True,Double-high
213,Niger,NER,2005,0.123968009,Low SDI,23905.91909613684,23255.26306384896,650.6560322878831,1.027978872159023,0.027594614447279238,14477.856380955127,2172.4989837508765,True,False,Structural high
214,Nigeria,NGA,2005,0.363823566,Low SDI,20152.42483158807,17535.127490172992,2617.2973414150765,1.1492602402167795,0.1391184660119296,14477.856380955127,2172.4989837508765,True,True,Double-high
215,Sao Tome and Principe,STP,2005,0.365888982,Low SDI,17910.77195317984,17469.17194219373,441.6000109861088,1.0252788175906324,0.02496459276200381,14477.856380955127,2172.4989837508765,True,False,Structural high
216,Senegal,SEN,2005,0.306968425,Low SDI,19974.08282211854,19223.68514697839,750.3976751401497,1.039035058543814,0.03829245413089625,14477.856380955127,2172.4989837508765,True,False,Structural high
217,Sierra Leone,SLE,2005,0.244272473,Low SDI,24832.58215662716,20808.034461013413,4024.5476956137454,1.1934131598616038,0.176817403245987,14477.856380955127,2172.4989837508765,True,True,Double-high
218,Togo,TGO,2005,0.344295432,Low SDI,18490.17003988868,18142.88086067936,347.2891792093178,1.0191418982396554,0.01896099698910024,14477.856380955127,2172.4989837508765,True,False,Structural high
298,American Samoa,ASM,2005,0.665398434,Middle SDI,8090.43012158853,6329.232637352199,1761.1974842363306,1.278263983194828,0.2455028942452081,14477.856380955127,2172.4989837508765,False,False,Neither
305,Bermuda,BMU,2005,0.764844843,High SDI,5117.42196260586,3352.033162813011,1765.388799792849,1.5266620925406784,0.4230837133011014,14477.856380955127,2172.4989837508765,False,False,Neither
320,Cook Islands,COK,2005,0.706067101,High-middle SDI,10586.94793619301,5001.650647072121,5585.297289120889,2.1166908053425173,0.7498539282702914,14477.856380955127,2172.4989837508765,False,True,Excess-only
349,Greenland,GRL,2005,0.796523641,High SDI,1213.99808569675,2613.815384182436,-1399.817298485686,0.4644544113724662,-0.7668918711369449,14477.856380955127,2172.4989837508765,False,False,Neither
351,Guam,GUM,2005,0.745650485,High SDI,7091.665916501989,3852.2040841036433,3239.461832398346,1.8409372301343487,0.6102748061424338,14477.856380955127,2172.4989837508765,False,True,Excess-only
367,Monaco,MCO,2005,0.887240173,High SDI,1069.03075823804,1105.964429270757,-36.9336710327168,0.9666050100209193,-0.033965336446866695,14477.856380955127,2172.4989837508765,False,False,Neither
369,Nauru,NRU,2005,0.521401324,Low SDI,16546.16632601814,11776.756410117852,4769.409915900289,1.404985018778406,0.3400266399376911,14477.856380955127,2172.4989837508765,True,True,Double-high
374,Niue,NIU,2005,0.670234405,Middle SDI,11205.94408791197,6164.479153203347,5041.464934708623,1.817824962890636,0.5976407110819126,14477.856380955127,2172.4989837508765,False,True,Excess-only
376,Northern Mariana Islands,MNP,2005,0.758305936,High SDI,6603.67810950073,3518.0350387862622,3085.643070714468,1.8770927624925045,0.6297241769972276,14477.856380955127,2172.4989837508765,False,True,Excess-only
380,Palau,PLW,2005,0.728164468,High SDI,8540.30566247836,4341.087902463901,4199.21776001446,1.96731921913654,0.6766718135486276,14477.856380955127,2172.4989837508765,False,True,Excess-only
385,Puerto Rico,PRI,2005,0.761182905,High SDI,5003.49528733147,3444.433262856231,1559.0620244752386,1.4526323796973253,0.37337734479742424,14477.856380955127,2172.4989837508765,False,False,Neither
393,Saint Kitts and Nevis,KNA,2005,0.687116494,High-middle SDI,5892.78334163944,5603.401454083663,289.3818875557763,1.0516439683872516,0.050354623942148784,14477.856380955127,2172.4989837508765,False,False,Neither
396,San Marino,SMR,2005,0.847401666,High SDI,1111.84982921245,1660.3610571867623,-548.5112279743123,0.6696434034030623,-0.40100994201054385,14477.856380955127,2172.4989837508765,False,False,Neither
416,Tuvalu,TUV,2005,0.535605683,Low-middle SDI,11476.711243164553,11215.777537622804,260.9337055417491,1.023264878842903,0.022998377054659916,14477.856380955127,2172.4989837508765,False,False,Neither
422,United States Virgin Islands,VIR,2005,0.75490311,High SDI,4591.34393713859,3606.228201738938,985.1157353996524,1.2731706592845748,0.24151037130052055,14477.856380955127,2172.4989837508765,False,False,Neither
435,South Sudan,SSD,2005,0.321977189,Low SDI,16910.618870024828,18801.897774210465,-1891.2789041856377,0.8994102123680408,-0.10601605006462912,14477.856380955127,2172.4989837508765,True,False,Structural high
522,Sudan,SDN,2005,0.408949545,Low SDI,16252.30833260623,16024.416720380048,227.89161222618168,1.0142215230796106,0.014121345884633816,14477.856380955127,2172.4989837508765,True,False,Structural high
6,China,CHN,2006,0.600578258,Low-middle SDI,10825.08127634008,8678.090977689119,2146.9902986509624,1.247403525057614,0.2210642110299055,14071.392474719467,2106.5836559863255,False,True,Excess-only
7,Democratic People's Republic of Korea,PRK,2006,0.521864977,Low SDI,15872.40386710416,11753.723380612912,4118.680486491247,1.3504149581472005,0.30041192162522257,14071.392474719467,2106.5836559863255,True,True,Double-high
8,Taiwan,TWN,2006,0.803257147,High SDI,11001.65433486222,2470.211422101032,8531.442912761187,4.4537298453202,1.4937419125996199,14071.392474719467,2106.5836559863255,False,True,Excess-only
10,Cambodia,KHM,2006,0.392321966,Low SDI,27672.360966118697,16590.941962595112,11081.419003523584,1.6679198220635725,0.5115772344740261,14071.392474719467,2106.5836559863255,True,True,Double-high
11,Indonesia,IDN,2006,0.560499732,Low-middle SDI,15578.57013770542,10230.191877382156,5348.378260323263,1.5228033182982563,0.4205529246007002,14071.392474719467,2106.5836559863255,True,True,Double-high
12,Lao People's Democratic Republic,LAO,2006,0.394483654,Low SDI,16634.22945298311,16517.5053920627,116.7240609204091,1.0070666882286292,0.007041836199706473,14071.392474719467,2106.5836559863255,True,False,Structural high
13,Malaysia,MYS,2006,0.692925839,High-middle SDI,8713.7630738975,5413.471211944333,3300.2918619531674,1.6096442989613342,0.47601322226507825,14071.392474719467,2106.5836559863255,False,True,Excess-only
14,Maldives,MDV,2006,0.541772426,Low-middle SDI,9654.86756483099,10967.769751136806,-1312.9021863058151,0.8802945160140936,-0.1274987502130935,14071.392474719467,2106.5836559863255,False,False,Neither
15,Myanmar,MMR,2006,0.430046557,Low SDI,15456.98770575751,15265.552179954851,191.43552580265896,1.012540360384345,0.012462381312079529,14071.392474719467,2106.5836559863255,True,False,Structural high
16,Philippines,PHL,2006,0.56199045,Low-middle SDI,16360.68478176576,10171.687980651684,6188.996801114077,1.608453268807166,0.47527301462160687,14071.392474719467,2106.5836559863255,True,True,Double-high
17,Sri Lanka,LKA,2006,0.628759369,Low-middle SDI,10050.39538271904,7626.014410220552,2424.380972498488,1.317909309120801,0.27604662424455084,14071.392474719467,2106.5836559863255,False,True,Excess-only
18,Thailand,THA,2006,0.599385846,Low-middle SDI,13969.20672772486,8723.45445588584,5245.752271839021,1.6013388730767817,0.4708400750004181,14071.392474719467,2106.5836559863255,False,True,Excess-only
19,Timor-Leste,TLS,2006,0.380654583,Low SDI,20171.52090730016,16981.670117435147,3189.850789865013,1.187840817057798,0.17213721958708203,14071.392474719467,2106.5836559863255,True,True,Double-high
20,Viet Nam,VNM,2006,0.544835463,Low-middle SDI,14771.7221746111,10846.89162762554,3924.83054698556,1.361839196124128,0.30883613623742684,14071.392474719467,2106.5836559863255,True,True,Double-high
22,Fiji,FJI,2006,0.623501074,Low-middle SDI,9922.1253234825,7819.202867469667,2102.922456012833,1.2689433298580408,0.23818453041281384,14071.392474719467,2106.5836559863255,False,False,Neither
23,Kiribati,KIR,2006,0.480432827,Low SDI,10854.60044225882,13373.891330740533,-2519.290888481712,0.811626188206644,-0.20871540416978163,14071.392474719467,2106.5836559863255,False,False,Neither
24,Marshall Islands,MHL,2006,0.50340084,Low SDI,12300.32233647795,12480.041756459876,-179.7194199819278,0.9855994536325248,-0.014505240553152287,14071.392474719467,2106.5836559863255,False,False,Neither
25,Micronesia (Federated States of),FSM,2006,0.539013007,Low-middle SDI,8427.94920293762,11076.708105678705,-2648.758902741083,0.7608712915904011,-0.273291066054871,14071.392474719467,2106.5836559863255,False,False,Neither
26,Papua New Guinea,PNG,2006,0.391220637,Low SDI,13321.99895373956,16628.2321581734,-3306.23320443384,0.80116748593694,-0.2216852577201992,14071.392474719467,2106.5836559863255,False,False,Neither
27,Samoa,WSM,2006,0.550782198,Low-middle SDI,9634.093496786909,10612.422780757452,-978.3292839705446,0.907812824254942,-0.09671706231914566,14071.392474719467,2106.5836559863255,False,False,Neither
28,Solomon Islands,SLB,2006,0.385955399,Low SDI,13167.505790745929,16805.341072559568,-3637.835281813639,0.7835310056423882,-0.2439446447177688,14071.392474719467,2106.5836559863255,False,False,Neither
29,Tonga,TON,2006,0.574182516,Low-middle SDI,11072.82516766412,9694.960401224378,1377.8647664397413,1.142121752891918,0.1328877192917114,14071.392474719467,2106.5836559863255,False,False,Neither
30,Vanuatu,VUT,2006,0.412342311,Low SDI,11858.25754567584,15898.813520652204,-4040.5559749763634,0.7458580182899955,-0.2932200209003375,14071.392474719467,2106.5836559863255,False,False,Neither
33,Armenia,ARM,2006,0.629131117,Low-middle SDI,6967.56887472986,7612.414717534348,-644.8458428044878,0.9152902374959738,-0.08851406455457343,14071.392474719467,2106.5836559863255,False,False,Neither
34,Azerbaijan,AZE,2006,0.617954128,Low-middle SDI,13052.373743169852,8024.6171019330895,5027.756641236762,1.6265416252727625,0.48645605853295126,14071.392474719467,2106.5836559863255,False,True,Excess-only
35,Georgia,GEO,2006,0.662987086,Middle SDI,8039.62199307996,6409.438594202643,1630.183398877317,1.2543410588802306,0.22661038201024306,14071.392474719467,2106.5836559863255,False,False,Neither
36,Kazakhstan,KAZ,2006,0.668121041,Middle SDI,6988.62514191424,6233.752700281031,754.8724416332088,1.1210943837408207,0.11430533656787831,14071.392474719467,2106.5836559863255,False,False,Neither
37,Kyrgyzstan,KGZ,2006,0.550911929,Low-middle SDI,8428.152456567941,10607.311615747392,-2179.159159179452,0.7945606541864654,-0.22996595333093667,14071.392474719467,2106.5836559863255,False,False,Neither
38,Mongolia,MNG,2006,0.579102142,Low-middle SDI,9897.31283172783,9503.656057655417,393.6567740724131,1.0414216141329435,0.04058671641215739,14071.392474719467,2106.5836559863255,False,False,Neither
39,Tajikistan,TJK,2006,0.482763519,Low SDI,9404.07824995148,13283.861341133152,-3879.783091181671,0.7079325813821906,-0.34540641385896764,14071.392474719467,2106.5836559863255,False,False,Neither
40,Turkmenistan,TKM,2006,0.609966253,Low-middle SDI,11109.31011624761,8323.208479005021,2786.1016372425893,1.334738898379204,0.2887356909851864,14071.392474719467,2106.5836559863255,False,True,Excess-only
41,Uzbekistan,UZB,2006,0.597003003,Low-middle SDI,11165.606417205789,8814.289522510524,2351.3168946952646,1.2667619311449112,0.2364639840348046,14071.392474719467,2106.5836559863255,False,True,Excess-only
43,Albania,ALB,2006,0.617235756,Low-middle SDI,7907.07595039028,8051.337951267804,-144.26200087752386,0.9820822325741764,-0.018080234241423583,14071.392474719467,2106.5836559863255,False,False,Neither
44,Bosnia and Herzegovina,BIH,2006,0.636801209,Middle SDI,5826.175075013361,7333.593937674008,-1507.4188626606474,0.7944501869790251,-0.23010499229122114,14071.392474719467,2106.5836559863255,False,False,Neither
45,Bulgaria,BGR,2006,0.703732365,High-middle SDI,7287.59323535501,5072.04668193612,2215.5465534188897,1.436815095040325,0.3624289245241995,14071.392474719467,2106.5836559863255,False,True,Excess-only
46,Croatia,HRV,2006,0.721766451,High SDI,3744.55995492183,4525.747238815211,-781.1872838933809,0.8273904302048722,-0.18947859112653345,14071.392474719467,2106.5836559863255,False,False,Neither
47,Czechia,CZE,2006,0.788743569,High SDI,4249.8507399602,2783.741846470605,1466.1088934895952,1.5266684104879968,0.4230878516983775,14071.392474719467,2106.5836559863255,False,False,Neither
48,Hungary,HUN,2006,0.744453722,High SDI,4771.63108120409,3883.106100428813,888.5249807752771,1.2288181053505485,0.20605281747471965,14071.392474719467,2106.5836559863255,False,False,Neither
49,North Macedonia,MKD,2006,0.684802177,High-middle SDI,5683.10989378895,5676.687709930855,6.422183858095195,1.0011313259045165,0.0011306864376168999,14071.392474719467,2106.5836559863255,False,False,Neither
50,Montenegro,MNE,2006,0.701732637,High-middle SDI,5965.19421570338,5134.455191856951,830.7390238464286,1.161796917648429,0.14996787348999813,14071.392474719467,2106.5836559863255,False,False,Neither
51,Poland,POL,2006,0.754351202,High SDI,3279.44414323713,3619.189271961468,-339.7451287243375,0.9061267308243848,-0.09857610322426894,14071.392474719467,2106.5836559863255,False,False,Neither
52,Romania,ROU,2006,0.687235767,High-middle SDI,7656.299067999011,5597.262366183692,2059.0367018153183,1.367864960959335,0.3132511015789105,14071.392474719467,2106.5836559863255,False,False,Neither
53,Serbia,SRB,2006,0.689692662,High-middle SDI,4898.79300864048,5517.571754301504,-618.7787456610231,0.8878530677596312,-0.1189490139153332,14071.392474719467,2106.5836559863255,False,False,Neither
54,Slovakia,SVK,2006,0.764065409,High SDI,5012.268473451751,3370.22097242316,1642.047501028591,1.487222503943999,0.3969102890642437,14071.392474719467,2106.5836559863255,False,False,Neither
55,Slovenia,SVN,2006,0.800884537,High SDI,4642.50881426615,2519.865194688068,2122.643619578082,1.8423639582199327,0.6110495069252264,14071.392474719467,2106.5836559863255,False,True,Excess-only
57,Belarus,BLR,2006,0.714662819,High-middle SDI,4464.1691076921,4737.320741529295,-273.1516338371948,0.9423404813099026,-0.05938862458404315,14071.392474719467,2106.5836559863255,False,False,Neither
58,Estonia,EST,2006,0.774036139,High SDI,3666.69390379258,3125.242547808889,541.451355983691,1.173250986987651,0.15977851693444062,14071.392474719467,2106.5836559863255,False,False,Neither
59,Latvia,LVA,2006,0.772264696,High SDI,3738.0782172526,3167.9771534481365,570.1010638044636,1.179957441670293,0.16547837144605815,14071.392474719467,2106.5836559863255,False,False,Neither
60,Lithuania,LTU,2006,0.754228373,High SDI,4008.09973659092,3622.401552766527,385.69818382439325,1.106475822242795,0.10118002960850749,14071.392474719467,2106.5836559863255,False,False,Neither
61,Republic of Moldova,MDA,2006,0.639482765,Middle SDI,5761.51843604414,7236.935210718701,-1475.4167746745616,0.7961268504256738,-0.22799674600293465,14071.392474719467,2106.5836559863255,False,False,Neither
62,Russian Federation,RUS,2006,0.748874949,High SDI,2764.29651159168,3763.949423766189,-999.6529121745089,0.734413829829238,-0.3086826083863389,14071.392474719467,2106.5836559863255,False,False,Neither
63,Ukraine,UKR,2006,0.701638888,High-middle SDI,2452.81300536018,5137.389671670497,-2684.576666310317,0.4774434415372295,-0.7393095731192083,14071.392474719467,2106.5836559863255,False,False,Neither
66,Brunei Darussalam,BRN,2006,0.77311121,High SDI,2599.49862784936,3147.5129704902124,-548.0143426408522,0.8258897269752946,-0.1912940168246216,14071.392474719467,2106.5836559863255,False,False,Neither
67,Japan,JPN,2006,0.838590106,High SDI,2174.04431899472,1804.4872922207728,369.5570267739472,1.2047989079042698,0.18631267160912193,14071.392474719467,2106.5836559863255,False,False,Neither
68,Republic of Korea,KOR,2006,0.82659766,High SDI,2030.29222381745,2015.042080946634,15.250142870815807,1.0075681510649404,0.007539656287880093,14071.392474719467,2106.5836559863255,False,False,Neither
69,Singapore,SGP,2006,0.814123488,High SDI,4450.45196353504,2250.796702583645,2199.6552609513947,1.9772785158368384,0.6817214122817027,14071.392474719467,2106.5836559863255,False,True,Excess-only
71,Australia,AUS,2006,0.792788709,High SDI,902.539949669,2694.0049917704187,-1791.4650421014187,0.3350179203179122,-1.093571255101491,14071.392474719467,2106.5836559863255,False,False,Neither
72,New Zealand,NZL,2006,0.804487125,High SDI,1273.31292384583,2444.7169383804894,-1171.4040145346594,0.5208426807437839,-0.652307239172671,14071.392474719467,2106.5836559863255,False,False,Neither
74,Andorra,AND,2006,0.837507074,High SDI,1148.02933543105,1822.8602632855784,-674.8309278545282,0.6297955792627831,-0.46235998961138963,14071.392474719467,2106.5836559863255,False,False,Neither
75,Austria,AUT,2006,0.810503564,High SDI,1170.62213313488,2322.4339323961594,-1151.8117992612797,0.5040497026871703,-0.6850803993302519,14071.392474719467,2106.5836559863255,False,False,Neither
76,Belgium,BEL,2006,0.817636883,High SDI,1311.5892187895902,2182.656783540008,-871.0675647504177,0.6009140917988717,-0.5093032967625081,14071.392474719467,2106.5836559863255,False,False,Neither
77,Cyprus,CYP,2006,0.791872171,High SDI,885.8751573681101,2714.178333818837,-1828.3031764507264,0.3263879702855367,-1.1196685123142158,14071.392474719467,2106.5836559863255,False,False,Neither
78,Denmark,DNK,2006,0.870792461,High SDI,1168.32752200606,1314.9188538026026,-146.5913317965426,0.888516822636913,-0.11820169781662944,14071.392474719467,2106.5836559863255,False,False,Neither
79,Finland,FIN,2006,0.831821082,High SDI,1248.70926764125,1921.4063240122264,-672.6970563709765,0.6498933890431517,-0.4309469464013795,14071.392474719467,2106.5836559863255,False,False,Neither
80,France,FRA,2006,0.807580221,High SDI,983.86645421495,2381.3478815545595,-1397.4814273396096,0.4131552814419855,-0.8839317725643918,14071.392474719467,2106.5836559863255,False,False,Neither
81,Germany,DEU,2006,0.842784089,High SDI,1246.57431917256,1734.5320081501416,-487.9576889775815,0.7186804932484453,-0.33033839659245257,14071.392474719467,2106.5836559863255,False,False,Neither
82,Greece,GRC,2006,0.779187701,High SDI,1080.3166003228,3002.916508969475,-1922.5999086466752,0.3597557897783636,-1.0223298394501732,14071.392474719467,2106.5836559863255,False,False,Neither
83,Iceland,ISL,2006,0.829438503,High SDI,1039.79830880041,1963.746467788864,-923.9481589884538,0.5294972267836594,-0.6358273513790194,14071.392474719467,2106.5836559863255,False,False,Neither
84,Ireland,IRL,2006,0.841917786,High SDI,1279.64336195265,1748.826849683834,-469.183487731184,0.7317152994214341,-0.31236377589236414,14071.392474719467,2106.5836559863255,False,False,Neither
85,Israel,ISR,2006,0.789224553,High SDI,1179.47616411247,2772.976736537545,-1593.500572425075,0.4253465774059156,-0.8548509661286098,14071.392474719467,2106.5836559863255,False,False,Neither
86,Italy,ITA,2006,0.788340198,High SDI,1107.89511027759,2792.7896235463613,-1684.894513268771,0.3966983767544775,-0.9245790433419725,14071.392474719467,2106.5836559863255,False,False,Neither
87,Luxembourg,LUX,2006,0.840502498,High SDI,1239.55870468481,1772.3539315642615,-532.7952268794515,0.699385536155743,-0.35755313492737956,14071.392474719467,2106.5836559863255,False,False,Neither
88,Malta,MLT,2006,0.754041673,High SDI,1251.7506557189502,3627.2872699797017,-2375.536614260752,0.3450927821677479,-1.0639419642874355,14071.392474719467,2106.5836559863255,False,False,Neither
89,Netherlands,NLD,2006,0.86301058,High SDI,981.32171423324,1423.3562682329791,-442.0345539997392,0.6894420856778876,-0.37187257994239287,14071.392474719467,2106.5836559863255,False,False,Neither
90,Norway,NOR,2006,0.869880912,High SDI,1307.02974153297,1327.304306111468,-20.2745645784978,0.9847250065526456,-0.015392857953191202,14071.392474719467,2106.5836559863255,False,False,Neither
91,Portugal,PRT,2006,0.718541217,High-middle SDI,1203.86493071425,4621.213408896309,-3417.34847818206,0.2605084042205639,-1.3451201564259558,14071.392474719467,2106.5836559863255,False,False,Neither
92,Spain,ESP,2006,0.755996258,High SDI,1043.01547266171,3576.3208385059284,-2533.3053658442186,0.2916448271172024,-1.2322185625514699,14071.392474719467,2106.5836559863255,False,False,Neither
93,Sweden,SWE,2006,0.862684578,High SDI,989.62347392992,1428.0335182354715,-438.41004430555154,0.6929973710650249,-0.366729073356392,14071.392474719467,2106.5836559863255,False,False,Neither
94,Switzerland,CHE,2006,0.910909024,High SDI,996.13422769675,848.7613899982683,147.3728376984817,1.1736328247669023,0.16010391675245297,14071.392474719467,2106.5836559863255,False,False,Neither
95,United Kingdom,GBR,2006,0.822989776,High SDI,1154.16930367931,2081.4648039712574,-927.2955002919476,0.5544985922785017,-0.5896910109172071,14071.392474719467,2106.5836559863255,False,False,Neither
97,Argentina,ARG,2006,0.678851473,High-middle SDI,4034.65771944798,5872.918985500891,-1838.2612660529107,0.6869935937152846,-0.37543031181740777,14071.392474719467,2106.5836559863255,False,False,Neither
98,Chile,CHL,2006,0.692840278,High-middle SDI,3051.34968320491,5416.214703496362,-2364.865020291452,0.5633731028489609,-0.5738131654516591,14071.392474719467,2106.5836559863255,False,False,Neither
99,Uruguay,URY,2006,0.654126728,Middle SDI,6137.13507496465,6717.048718539119,-579.9136435744695,0.9136654105285998,-0.09029084618029239,14071.392474719467,2106.5836559863255,False,False,Neither
101,Canada,CAN,2006,0.849997522,High SDI,702.80486201927,1618.61595943876,-915.81109741949,0.4342011197411899,-0.834247442680861,14071.392474719467,2106.5836559863255,False,False,Neither
102,United States of America,USA,2006,0.814910325,High SDI,1238.54529247275,2235.41771337493,-996.87242090218,0.5540554166061661,-0.5904905672624886,14071.392474719467,2106.5836559863255,False,False,Neither
105,Antigua and Barbuda,ATG,2006,0.693855242,High-middle SDI,6017.12438279548,5383.710236845642,633.4141459498387,1.1176538331529822,0.11123169633399707,14071.392474719467,2106.5836559863255,False,False,Neither
106,Bahamas,BHS,2006,0.761550295,High SDI,5655.22633160091,3433.7140072442794,2221.512324356631,1.6469706911145758,0.49893765572118165,14071.392474719467,2106.5836559863255,False,True,Excess-only
107,Barbados,BRB,2006,0.707955611,High-middle SDI,6112.41282481258,4941.423522556024,1170.9893022565557,1.2369740818432913,0.2126681407601999,14071.392474719467,2106.5836559863255,False,False,Neither
108,Belize,BLZ,2006,0.547648746,Low-middle SDI,7201.9131593580005,10735.928735746922,-3534.015576388921,0.670823487806707,-0.3992492350266607,14071.392474719467,2106.5836559863255,False,False,Neither
109,Cuba,CUB,2006,0.628701485,Low-middle SDI,6352.0739475545,7628.132687283178,-1276.058739728678,0.8327167614879079,-0.18306171685935774,14071.392474719467,2106.5836559863255,False,False,Neither
110,Dominica,DMA,2006,0.683297191,High-middle SDI,5368.3928208663,5726.047719210019,-357.65489834371874,0.937538959526334,-0.0644969651729426,14071.392474719467,2106.5836559863255,False,False,Neither
111,Dominican Republic,DOM,2006,0.547960287,Low-middle SDI,9482.42958188086,10723.64492852053,-1241.2153466396703,0.8842543412325652,-0.12301054140046724,14071.392474719467,2106.5836559863255,False,False,Neither
112,Grenada,GRD,2006,0.60205014,Low-middle SDI,6797.323469796281,8622.18206202242,-1824.85859222614,0.788353043452425,-0.2378092647715323,14071.392474719467,2106.5836559863255,False,False,Neither
113,Guyana,GUY,2006,0.560564848,Low-middle SDI,6776.03430848723,10227.635534834511,-3451.601226347283,0.6625220741791782,-0.41170140216110185,14071.392474719467,2106.5836559863255,False,False,Neither
114,Haiti,HTI,2006,0.40448626,Low SDI,17253.620752686267,16173.56965457426,1080.051098112006,1.066778770622634,0.06464361307393948,14071.392474719467,2106.5836559863255,True,False,Structural high
115,Jamaica,JAM,2006,0.634748688,Middle SDI,5988.75611408378,7407.869760853207,-1419.1136467694269,0.8084316149470236,-0.2126591861681086,14071.392474719467,2106.5836559863255,False,False,Neither
116,Saint Lucia,LCA,2006,0.635116433,Middle SDI,5853.45858007775,7394.543583494419,-1541.0850034166688,0.7915915991276905,-0.23370967783190608,14071.392474719467,2106.5836559863255,False,False,Neither
117,Saint Vincent and the Grenadines,VCT,2006,0.572460724,Low-middle SDI,5532.32876183646,9762.07124702056,-4229.7424851841,0.5667166958574451,-0.5678957546957341,14071.392474719467,2106.5836559863255,False,False,Neither
118,Suriname,SUR,2006,0.594301416,Low-middle SDI,5722.2240741853,8917.56183734648,-3195.33776316118,0.6416803357864924,-0.44366501863085395,14071.392474719467,2106.5836559863255,False,False,Neither
119,Trinidad and Tobago,TTO,2006,0.706403794,High-middle SDI,5773.780173458979,4989.23344241778,784.5467310411996,1.1572479500299766,0.14604472951266123,14071.392474719467,2106.5836559863255,False,False,Neither
121,Bolivia (Plurinational State of),BOL,2006,0.529399147,Low SDI,17819.13678326697,11456.360362134155,6362.776421132814,1.555392482429517,0.4417279140598233,14071.392474719467,2106.5836559863255,True,True,Double-high
122,Ecuador,ECU,2006,0.591838328,Low-middle SDI,10210.64479597935,9011.972225287314,1198.6725706920352,1.1330089064554143,0.1248768429641463,14071.392474719467,2106.5836559863255,False,False,Neither
123,Peru,PER,2006,0.588388714,Low-middle SDI,15253.71055992118,9144.586180378452,6109.124379542729,1.6680591400244096,0.511660758958144,14071.392474719467,2106.5836559863255,True,True,Double-high
125,Colombia,COL,2006,0.579697618,Low-middle SDI,6397.33453986369,9480.54822175608,-3083.21368189239,0.674785296190257,-0.39336071842582837,14071.392474719467,2106.5836559863255,False,False,Neither
126,Costa Rica,CRI,2006,0.616359251,Low-middle SDI,3340.4675692376,8083.97679111916,-4743.509221881561,0.4132208262778968,-0.8837731405917671,14071.392474719467,2106.5836559863255,False,False,Neither
127,El Salvador,SLV,2006,0.50368723,Low SDI,6528.689123898281,12468.816580976838,-5940.127457078557,0.523601344321548,-0.6470246774906583,14071.392474719467,2106.5836559863255,False,False,Neither
128,Guatemala,GTM,2006,0.4459276,Low SDI,8911.20991768583,14682.268589629271,-5771.058671943443,0.606936854702427,-0.49933052183080356,14071.392474719467,2106.5836559863255,False,False,Neither
129,Honduras,HND,2006,0.431886571,Low SDI,7328.61714536988,15198.67652051642,-7870.059375146539,0.4821878494141981,-0.7294215117810868,14071.392474719467,2106.5836559863255,False,False,Neither
130,Mexico,MEX,2006,0.603518561,Low-middle SDI,2773.1848004797803,8566.501820387635,-5793.317019907855,0.3237242994427208,-1.127863053080171,14071.392474719467,2106.5836559863255,False,False,Neither
131,Nicaragua,NIC,2006,0.459936176,Low SDI,7356.8502813636,14157.186966998832,-6800.336685635232,0.5196548084384853,-0.6545905177652976,14071.392474719467,2106.5836559863255,False,False,Neither
132,Panama,PAN,2006,0.613340132,Low-middle SDI,3913.30216193681,8196.700544345942,-4283.398382409132,0.477424073353051,-0.7393501403892833,14071.392474719467,2106.5836559863255,False,False,Neither
133,Venezuela (Bolivarian Republic of),VEN,2006,0.571773721,Low-middle SDI,4715.6700487545295,9788.87020742823,-5073.200158673701,0.481737927751465,-0.7303550311579211,14071.392474719467,2106.5836559863255,False,False,Neither
135,Brazil,BRA,2006,0.603554676,Low-middle SDI,16951.86361703676,8565.133636244711,8386.72998079205,1.9791709431481928,0.682678041438876,14071.392474719467,2106.5836559863255,True,True,Double-high
136,Paraguay,PRY,2006,0.569397987,Low-middle SDI,9313.692047875147,9881.634358782285,-567.9423109071377,0.9425254679250118,-0.05919233835394996,14071.392474719467,2106.5836559863255,False,False,Neither
139,Algeria,DZA,2006,0.570859314,Low-middle SDI,11758.707394481313,9824.55827255077,1934.1491219305424,1.196868812650279,0.17970882378627706,14071.392474719467,2106.5836559863255,False,False,Neither
140,Bahrain,BHR,2006,0.68748009,High-middle SDI,7930.96594830254,5589.315237858385,2341.6507104441544,1.4189512687678332,0.34991805563460127,14071.392474719467,2106.5836559863255,False,True,Excess-only
141,Egypt,EGY,2006,0.562480753,Low-middle SDI,18874.3841993259,10152.454773453128,8721.929425872773,1.859095619778487,0.6200901435534087,14071.392474719467,2106.5836559863255,True,True,Double-high
142,Iran (Islamic Republic of),IRN,2006,0.629746767,Low-middle SDI,6166.37074109352,7589.909518751777,-1423.5387776582563,0.8124432479542432,-0.2077092158894773,14071.392474719467,2106.5836559863255,False,False,Neither
143,Iraq,IRQ,2006,0.507379675,Low SDI,16210.74767830554,12323.953445683876,3886.794232621664,1.315385338783709,0.27412965599945344,14071.392474719467,2106.5836559863255,True,True,Double-high
144,Jordan,JOR,2006,0.624987558,Low-middle SDI,10271.0398414924,7764.435445202129,2506.604396290272,1.3228315070658712,0.2797745203071246,14071.392474719467,2106.5836559863255,False,True,Excess-only
145,Kuwait,KWT,2006,0.776000098,High SDI,9076.67234352877,3078.2644972428384,5998.407846285931,2.9486330208656946,1.081341680199369,14071.392474719467,2106.5836559863255,False,True,Excess-only
146,Lebanon,LBN,2006,0.631910162,Middle SDI,12858.44227297597,7510.997527823793,5347.444745152177,1.7119486759705438,0.5376322982810031,14071.392474719467,2106.5836559863255,False,True,Excess-only
147,Libya,LBY,2006,0.71880534,High-middle SDI,9883.54633392218,4613.358113601792,5270.188220320389,2.142375703456021,0.7619153550839013,14071.392474719467,2106.5836559863255,False,True,Excess-only
148,Morocco,MAR,2006,0.473082555,Low SDI,14896.87776158903,13656.61666870156,1240.261092887471,1.090817595820048,0.08692750297401343,14071.392474719467,2106.5836559863255,True,False,Structural high
149,Palestine,PSE,2006,0.501109911,Low SDI,14911.50132022778,12569.777160633834,2341.7241595939468,1.186297985212322,0.17083752130391336,14071.392474719467,2106.5836559863255,True,True,Double-high
150,Oman,OMN,2006,0.683227687,High-middle SDI,8405.40863818078,5728.331716068156,2677.076922112623,1.4673397168329716,0.38345104483535575,14071.392474719467,2106.5836559863255,False,True,Excess-only
151,Qatar,QAT,2006,0.771015523,High SDI,8227.90488163334,3198.318154241189,5029.58672739215,2.5725723598581256,0.9449063165552095,14071.392474719467,2106.5836559863255,False,True,Excess-only
152,Saudi Arabia,SAU,2006,0.708997589,High-middle SDI,8323.10201428866,4909.444144537095,3413.657869751564,1.6953247188991971,0.5278742970561463,14071.392474719467,2106.5836559863255,False,True,Excess-only
153,Syrian Arab Republic,SYR,2006,0.49453211,Low SDI,14993.91699619971,12826.7968835132,2167.120112686509,1.1689525555263134,0.15610809614562682,14071.392474719467,2106.5836559863255,True,True,Double-high
154,Tunisia,TUN,2006,0.597993291,Low-middle SDI,12675.3550755631,8776.50997241897,3898.845103144131,1.4442363895667671,0.3675807317586114,14071.392474719467,2106.5836559863255,False,True,Excess-only
155,Türkiye,TUR,2006,0.595994282,Low-middle SDI,12933.80478622633,8852.814428335785,4080.990357890545,1.4609822549570508,0.37910898687484984,14071.392474719467,2106.5836559863255,False,True,Excess-only
156,United Arab Emirates,ARE,2006,0.809295666,High SDI,8658.67991773053,2346.6615318255645,6312.018385904965,3.6897864478114943,1.305568583155899,14071.392474719467,2106.5836559863255,False,True,Excess-only
157,Yemen,YEM,2006,0.358979159,Low SDI,24255.7810219029,17681.449461636916,6574.331560265986,1.371820849559318,0.3161389446549433,14071.392474719467,2106.5836559863255,True,True,Double-high
160,Afghanistan,AFG,2006,0.215879628,Low SDI,24076.04359816512,21432.60947598952,2643.434122175604,1.123337017134427,0.11630373503893823,14071.392474719467,2106.5836559863255,True,True,Double-high
161,Bangladesh,BGD,2006,0.345580613,Low SDI,25568.6370556139,18096.477667756066,7472.159387857839,1.4129068388359125,0.3456491700609547,14071.392474719467,2106.5836559863255,True,True,Double-high
162,Bhutan,BTN,2006,0.367738722,Low SDI,17276.64495363832,17402.820153789184,-126.17520015086484,0.992749726823822,-0.0072766841419830315,14071.392474719467,2106.5836559863255,True,False,Structural high
163,India,IND,2006,0.443197957,Low SDI,20093.15044676412,14783.474661943632,5309.675784820489,1.3591629103602365,0.30686900315764754,14071.392474719467,2106.5836559863255,True,True,Double-high
164,Nepal,NPL,2006,0.330221634,Low SDI,21551.81794874403,18555.41629805413,2996.4016506899025,1.1614839356099025,0.1496984424050899,14071.392474719467,2106.5836559863255,True,True,Double-high
165,Pakistan,PAK,2006,0.403747317,Low SDI,22828.001050417508,16199.206639947955,6628.7944104695525,1.4092048800786734,0.3430256304924842,14071.392474719467,2106.5836559863255,True,True,Double-high
168,Angola,AGO,2006,0.35696695,Low SDI,17173.80095769131,17744.644438319676,-570.8434806283658,0.9678300975478762,-0.032698726172944635,14071.392474719467,2106.5836559863255,True,False,Structural high
169,Central African Republic,CAF,2006,0.229871446,Low SDI,23937.45460824192,21126.493414279183,2810.961193962736,1.1330538456544252,0.12491650576604796,14071.392474719467,2106.5836559863255,True,True,Double-high
170,Congo,COG,2006,0.477449101,Low SDI,15788.69306580582,13488.885442036177,2299.807623769646,1.1704964901401436,0.1574280093455659,14071.392474719467,2106.5836559863255,True,True,Double-high
171,Democratic Republic of the Congo,COD,2006,0.261814892,Low SDI,22717.51667733618,20383.96065750712,2333.5560198290623,1.1144800099959793,0.10838793738501917,14071.392474719467,2106.5836559863255,True,True,Double-high
172,Equatorial Guinea,GNQ,2006,0.501847552,Low SDI,14122.485348216778,12540.895422654812,1581.589925561966,1.126114593277356,0.11877329476781795,14071.392474719467,2106.5836559863255,True,False,Structural high
173,Gabon,GAB,2006,0.537157472,Low-middle SDI,14180.95209296662,11149.977430338911,3030.9746626277065,1.2718368428603697,0.24046218849932913,14071.392474719467,2106.5836559863255,True,True,Double-high
175,Burundi,BDI,2006,0.235415648,Low SDI,27418.59440743871,21002.13315953714,6416.4612479015705,1.305514739820028,0.26659739964867285,14071.392474719467,2106.5836559863255,True,True,Double-high
176,Comoros,COM,2006,0.388795811,Low SDI,19249.73966539759,16710.037977235712,2539.7016881618765,1.1519865898343105,0.1414879214371175,14071.392474719467,2106.5836559863255,True,True,Double-high
177,Djibouti,DJI,2006,0.381009829,Low SDI,15907.32653574708,16969.91568184058,-1062.5891460935,0.937383946625582,-0.0646623190662644,14071.392474719467,2106.5836559863255,True,False,Structural high
178,Eritrea,ERI,2006,0.347318443,Low SDI,23890.88954231852,18043.41556749741,5847.473974821111,1.3240779969261742,0.280716365844773,14071.392474719467,2106.5836559863255,True,True,Double-high
179,Ethiopia,ETH,2006,0.205915335,Low SDI,22075.50320862524,21644.302180230672,431.2010283945674,1.0199221497096087,0.01972630056926009,14071.392474719467,2106.5836559863255,True,False,Structural high
180,Kenya,KEN,2006,0.410308459,Low SDI,28225.22516262981,15970.326444484626,12254.898718145185,1.767354303041027,0.5694836842967759,14071.392474719467,2106.5836559863255,True,True,Double-high
181,Madagascar,MDG,2006,0.285124748,Low SDI,18839.63227262158,19799.357521736987,-959.7252491154068,0.9515274549660634,-0.049686738257522296,14071.392474719467,2106.5836559863255,True,False,Structural high
182,Malawi,MWI,2006,0.271116911,Low SDI,23996.276559741986,20155.223155432057,3841.0534043099287,1.1905735984508174,0.17443520649616998,14071.392474719467,2106.5836559863255,True,True,Double-high
183,Mauritius,MUS,2006,0.651077173,Middle SDI,10747.43502378143,6824.16538265575,3923.26964112568,1.574908347194667,0.454197078327007,14071.392474719467,2106.5836559863255,False,True,Excess-only
184,Mozambique,MOZ,2006,0.234890169,Low SDI,18345.77738834262,21013.99757061429,-2668.22018227167,0.8730265303731225,-0.13578933371526897,14071.392474719467,2106.5836559863255,True,False,Structural high
185,Rwanda,RWA,2006,0.332604639,Low SDI,26127.87809528712,18485.39296254329,7642.485132743826,1.413433739181509,0.34602201992611153,14071.392474719467,2106.5836559863255,True,True,Double-high
186,Seychelles,SYC,2006,0.692557111,High-middle SDI,12585.90250457555,5425.298809124287,7160.603695451263,2.319854250867903,0.8415043608030116,14071.392474719467,2106.5836559863255,False,True,Excess-only
187,Somalia,SOM,2006,0.07488429,Low SDI,20323.03197131343,24167.51522735107,-3844.483256037638,0.8409235198624505,-0.17325456266589992,14071.392474719467,2106.5836559863255,True,False,Structural high
189,United Republic of Tanzania,TZA,2006,0.329405335,Low SDI,23290.9962825652,18579.3028374214,4711.693445143803,1.2535990443976064,0.2260186497728538,14071.392474719467,2106.5836559863255,True,True,Double-high
190,Uganda,UGA,2006,0.286072028,Low SDI,21655.91102460785,19774.78510636414,1881.1259182437093,1.095127502429258,0.09087079706445142,14071.392474719467,2106.5836559863255,True,False,Structural high
191,Zambia,ZMB,2006,0.350341563,Low SDI,18403.13390695874,17950.56177882693,452.57212813181104,1.0252121428681764,0.024899559827194277,14071.392474719467,2106.5836559863255,True,False,Structural high
193,Botswana,BWA,2006,0.597314939,Low-middle SDI,11314.6051985456,8802.38469264336,2512.22050590224,1.2854022624121213,0.25107171403761475,14071.392474719467,2106.5836559863255,False,True,Excess-only
194,Lesotho,LSO,2006,0.430345829,Low SDI,22440.452426909647,15254.688153926509,7185.7642729831405,1.4710528462119723,0.3859783663390389,14071.392474719467,2106.5836559863255,True,True,Double-high
195,Namibia,NAM,2006,0.522241206,Low SDI,17283.82346715863,11738.882423830444,5544.941043328185,1.4723568090324946,0.3868643883737249,14071.392474719467,2106.5836559863255,True,True,Double-high
196,South Africa,ZAF,2006,0.622737505,Low-middle SDI,16625.04774362353,7847.38207607015,8777.665667553381,2.1185469985359884,0.7507304756559515,14071.392474719467,2106.5836559863255,True,True,Double-high
197,Eswatini,SWZ,2006,0.509558364,Low SDI,18414.97901149755,12238.367930486513,6176.611081011039,1.504692383501948,0.40858848096483874,14071.392474719467,2106.5836559863255,True,True,Double-high
198,Zimbabwe,ZWE,2006,0.446091078,Low SDI,11881.87287888798,14676.195390193876,-2794.322511305896,0.8096017096383873,-0.21121286874367143,14071.392474719467,2106.5836559863255,False,False,Neither
200,Benin,BEN,2006,0.280599139,Low SDI,19776.99421190679,19915.857787684014,-138.86357577722447,0.9930274870780058,-0.006996934476158747,14071.392474719467,2106.5836559863255,True,False,Structural high
201,Burkina Faso,BFA,2006,0.2035666,Low SDI,17962.80123310235,21693.487635078807,-3730.686401976458,0.8280273571159732,-0.18870908514754928,14071.392474719467,2106.5836559863255,True,False,Structural high
202,Cameroon,CMR,2006,0.375266641,Low SDI,15731.84526194401,17158.832771680605,-1426.9875097365948,0.9168365629105184,-0.08682605280628794,14071.392474719467,2106.5836559863255,True,False,Structural high
203,Cabo Verde,CPV,2006,0.435130994,Low SDI,8917.35728583294,15080.29496376384,-6162.9376779309005,0.5913251237631818,-0.5253892880284211,14071.392474719467,2106.5836559863255,False,False,Neither
204,Chad,TCD,2006,0.166477739,Low SDI,22289.42354738763,22439.373553232217,-149.9500058445883,0.9933175493741452,-0.0067048781688424305,14071.392474719467,2106.5836559863255,True,False,Structural high
205,Côte d'Ivoire,CIV,2006,0.352154567,Low SDI,15322.25107303264,17894.543464177666,-2572.292391145027,0.8562526953373026,-0.1551897415714709,14071.392474719467,2106.5836559863255,True,False,Structural high
206,Gambia,GMB,2006,0.335707769,Low SDI,14225.8300279169,18393.557466225506,-4167.727438308606,0.7734137376110389,-0.25694113734574875,14071.392474719467,2106.5836559863255,True,False,Structural high
207,Ghana,GHA,2006,0.462796349,Low SDI,14742.987898609768,14048.88327507195,694.104623537818,1.0494063912374745,0.048224662624974095,14071.392474719467,2106.5836559863255,True,False,Structural high
208,Guinea,GIN,2006,0.249445051,Low SDI,20638.25098914459,20679.14733908836,-40.89634994377048,0.9980223386741645,-0.0019796194801320072,14071.392474719467,2106.5836559863255,True,False,Structural high
209,Guinea-Bissau,GNB,2006,0.276624176,Low SDI,18207.53227959672,20016.973516613136,-1809.4412370164173,0.909604654494114,-0.09474521948094124,14071.392474719467,2106.5836559863255,True,False,Structural high
210,Liberia,LBR,2006,0.270277131,Low SDI,22116.12139828462,20176.11789823223,1940.0035000523887,1.0961534577582126,0.0918071949272189,14071.392474719467,2106.5836559863255,True,False,Structural high
211,Mali,MLI,2006,0.186953281,Low SDI,12230.813403594131,22034.265301985128,-9803.451898390997,0.5550815167180647,-0.5886402990515825,14071.392474719467,2106.5836559863255,False,False,Neither
212,Mauritania,MRT,2006,0.40508228,Low SDI,18121.61267743804,16152.86507481862,1968.747602619418,1.1218822539221591,0.11500785856522101,14071.392474719467,2106.5836559863255,True,False,Structural high
213,Niger,NER,2006,0.126739276,Low SDI,23014.48571581439,23194.129085857272,-179.64337004288245,0.9922547913147376,-0.007775358593167757,14071.392474719467,2106.5836559863255,True,False,Structural high
214,Nigeria,NGA,2006,0.372532829,Low SDI,19356.33291630389,17247.91866033082,2108.414255973072,1.122241662747535,0.11532816960132641,14071.392474719467,2106.5836559863255,True,True,Double-high
215,Sao Tome and Principe,STP,2006,0.373176572,Low SDI,17325.07959210397,17226.990312922822,98.08927918114932,1.005693930129372,0.005677780981626283,14071.392474719467,2106.5836559863255,True,False,Structural high
216,Senegal,SEN,2006,0.311042812,Low SDI,19254.237796236488,19103.17472317312,151.06307306336748,1.0079077470238558,0.007876644651225133,14071.392474719467,2106.5836559863255,True,False,Structural high
217,Sierra Leone,SLE,2006,0.25131295,Low SDI,24493.43007264801,20635.21339393172,3858.216678716293,1.1869724632869991,0.17140591677966904,14071.392474719467,2106.5836559863255,True,True,Double-high
218,Togo,TGO,2006,0.34743624,Low SDI,18055.68225182509,18039.8104904281,15.871761396989314,1.0008798186325412,0.0008794318189952959,14071.392474719467,2106.5836559863255,True,False,Structural high
298,American Samoa,ASM,2006,0.669728751,Middle SDI,7923.03450927739,6179.134120445374,1743.9003888320158,1.2822240713406494,0.2485961258627848,14071.392474719467,2106.5836559863255,False,False,Neither
305,Bermuda,BMU,2006,0.769129408,High SDI,5050.860142978509,3244.451459329136,1806.4086836493736,1.5567685959533173,0.44261226006816023,14071.392474719467,2106.5836559863255,False,False,Neither
320,Cook Islands,COK,2006,0.71206906,High-middle SDI,10090.15061007979,4815.756769524597,5274.3938405551935,2.0952367598656507,0.7396665588577865,14071.392474719467,2106.5836559863255,False,True,Excess-only
349,Greenland,GRL,2006,0.803572273,High SDI,1190.77960013731,2463.66358883136,-1272.88398869405,0.4833369318504061,-0.7270412870556053,14071.392474719467,2106.5836559863255,False,False,Neither
351,Guam,GUM,2006,0.745716037,High SDI,7125.20608080921,3848.8786000611553,3276.3274807480548,1.8512420944365449,0.6158568161986101,14071.392474719467,2106.5836559863255,False,True,Excess-only
367,Monaco,MCO,2006,0.889567112,High SDI,1048.96095536672,1078.000896766929,-29.03994140020881,0.9730613012593,-0.027308196458701074,14071.392474719467,2106.5836559863255,False,False,Neither
369,Nauru,NRU,2006,0.520375915,Low SDI,16324.13659052151,11812.450603387892,4511.685987133618,1.3819432680496997,0.32349067388761066,14071.392474719467,2106.5836559863255,True,True,Double-high
374,Niue,NIU,2006,0.675765038,Middle SDI,10902.89657921708,5975.802088601071,4927.094490616009,1.82450764224848,0.6013101655665903,14071.392474719467,2106.5836559863255,False,True,Excess-only
376,Northern Mariana Islands,MNP,2006,0.759031061,High SDI,6630.858671238089,3497.99079194674,3132.8678792913497,1.895619247055768,0.6395455646025685,14071.392474719467,2106.5836559863255,False,True,Excess-only
380,Palau,PLW,2006,0.729523164,High SDI,8434.48066516954,4300.267956733437,4134.212708436103,1.9613849067155635,0.6736508087876922,14071.392474719467,2106.5836559863255,False,True,Excess-only
385,Puerto Rico,PRI,2006,0.765488751,High SDI,4892.0631057727305,3334.590876632736,1557.4722291399949,1.4670654622292758,0.38326412136176646,14071.392474719467,2106.5836559863255,False,False,Neither
393,Saint Kitts and Nevis,KNA,2006,0.692091927,High-middle SDI,5836.985534547351,5440.236833637568,396.7487009097822,1.0729285715020056,0.07039189246910153,14071.392474719467,2106.5836559863255,False,False,Neither
396,San Marino,SMR,2006,0.849555421,High SDI,1086.62727047666,1625.5611979264124,-538.9339274497524,0.668462849545607,-0.4027744568406025,14071.392474719467,2106.5836559863255,False,False,Neither
416,Tuvalu,TUV,2006,0.539142495,Low-middle SDI,11068.12154259491,11071.595406629183,-3.4738640342729923,0.999686236363714,-0.0003138128703945698,14071.392474719467,2106.5836559863255,False,False,Neither
422,United States Virgin Islands,VIR,2006,0.760528608,High SDI,4514.52663839833,3459.6999283186,1054.8267100797298,1.3048896528411849,0.2661184799896743,14071.392474719467,2106.5836559863255,False,False,Neither
435,South Sudan,SSD,2006,0.327468105,Low SDI,16708.70387074036,18635.785891553507,-1927.082020813148,0.8965923931500748,-0.1091539314033298,14071.392474719467,2106.5836559863255,True,False,Structural high
522,Sudan,SDN,2006,0.419389683,Low SDI,16173.30056544953,15649.009021442123,524.2915440074048,1.033503178590352,0.032954175694077714,14071.392474719467,2106.5836559863255,True,False,Structural high
6,China,CHN,2007,0.611022841,Low-middle SDI,9895.07908961567,8250.025021715446,1645.0540679002245,1.1993998883118735,0.18182133863226924,13267.900768284668,1883.364476489177,False,False,Neither
7,Democratic People's Republic of Korea,PRK,2007,0.526160765,Low SDI,15362.23478266974,11537.355991710816,3824.8787909589246,1.331521259611558,0.28632209280721393,13267.900768284668,1883.364476489177,True,True,Double-high
8,Taiwan,TWN,2007,0.81065491,High SDI,10421.10867092857,2310.028211411551,8111.080459517019,4.511247360291203,1.506573691835583,13267.900768284668,1883.364476489177,False,True,Excess-only
10,Cambodia,KHM,2007,0.401173689,Low SDI,26519.62573391885,16222.332039063582,10297.293694855269,1.6347603827895554,0.4914962387402291,13267.900768284668,1883.364476489177,True,True,Double-high
11,Indonesia,IDN,2007,0.566123393,Low-middle SDI,15320.45991488028,9969.225416245898,5351.234498634383,1.5367753536713078,0.4296862949095301,13267.900768284668,1883.364476489177,True,True,Double-high
12,Lao People's Democratic Republic,LAO,2007,0.404468777,Low SDI,16041.278608646153,16108.755669044023,-67.47706039787045,0.9958111562566226,-0.00419764152628446,13267.900768284668,1883.364476489177,True,False,Structural high
13,Malaysia,MYS,2007,0.697664336,High-middle SDI,8644.26260496487,5241.224525937066,3403.038079027804,1.6492830181548812,0.5003406590234487,13267.900768284668,1883.364476489177,False,True,Excess-only
14,Maldives,MDV,2007,0.551285911,Low-middle SDI,9162.76541960063,10549.733839695044,-1386.968420094414,0.8685304822690668,-0.1409525963128922,13267.900768284668,1883.364476489177,False,False,Neither
15,Myanmar,MMR,2007,0.439426857,Low SDI,15292.02334306648,14862.302652340437,429.7206907260425,1.028913466558856,0.028503358620766094,13267.900768284668,1883.364476489177,True,False,Structural high
16,Philippines,PHL,2007,0.564212299,Low-middle SDI,16159.04009632314,10043.778312863236,6115.261783459904,1.6088606889727928,0.47552628189558205,13267.900768284668,1883.364476489177,True,True,Double-high
17,Sri Lanka,LKA,2007,0.63477272,Middle SDI,9782.16810690734,7377.038989089629,2405.1291178177107,1.3260290641509158,0.28218881018930936,13267.900768284668,1883.364476489177,False,True,Excess-only
18,Thailand,THA,2007,0.604279491,Low-middle SDI,13544.08941752658,8503.154344058332,5040.935073468248,1.592831185875234,0.46551305285495365,13267.900768284668,1883.364476489177,True,True,Double-high
19,Timor-Leste,TLS,2007,0.385311309,Low SDI,18944.17715404401,16758.811941845473,2185.365212198536,1.1304009627759977,0.12257240410048394,13267.900768284668,1883.364476489177,True,True,Double-high
20,Viet Nam,VNM,2007,0.551895877,Low-middle SDI,13838.33977495626,10525.804675178471,3312.535099777786,1.3147061153043502,0.2736131541923373,13267.900768284668,1883.364476489177,True,True,Double-high
22,Fiji,FJI,2007,0.626347302,Low-middle SDI,9750.523820895229,7683.240265154029,2067.2835557412,1.269064025645143,0.23827964108058364,13267.900768284668,1883.364476489177,False,True,Excess-only
23,Kiribati,KIR,2007,0.483331173,Low SDI,10638.69191269047,13208.26631072468,-2569.5743980342104,0.8054571025761497,-0.21634533343047846,13267.900768284668,1883.364476489177,False,False,Neither
24,Marshall Islands,MHL,2007,0.508254766,Low SDI,12091.9697543451,12239.877883090743,-147.9081287456429,0.987915881991766,-0.012157724543305217,13267.900768284668,1883.364476489177,False,False,Neither
25,Micronesia (Federated States of),FSM,2007,0.542516596,Low-middle SDI,8192.23693796487,10894.153631500598,-2701.916693535728,0.7519847080434869,-0.2850392902876117,13267.900768284668,1883.364476489177,False,False,Neither
26,Papua New Guinea,PNG,2007,0.394085641,Low SDI,13156.30373412508,16464.18633873805,-3307.8826046129707,0.7990861779285162,-0.22428648179984995,13267.900768284668,1883.364476489177,False,False,Neither
27,Samoa,WSM,2007,0.554946834,Low-middle SDI,9395.5665373612,10406.183891039793,-1010.6173536785936,0.9028830006983846,-0.10216230129263108,13267.900768284668,1883.364476489177,False,False,Neither
28,Solomon Islands,SLB,2007,0.389776528,Low SDI,12848.98045239302,16609.546314132513,-3760.565861739493,0.7735900914680763,-0.2567131432652088,13267.900768284668,1883.364476489177,False,False,Neither
29,Tonga,TON,2007,0.576156562,Low-middle SDI,10845.9883711288,9579.212216725731,1266.7761544030673,1.13224220590825,0.12419991971068757,13267.900768284668,1883.364476489177,False,False,Neither
30,Vanuatu,VUT,2007,0.416294653,Low SDI,11509.48694111532,15695.35489334844,-4185.86795223312,0.7333053007927169,-0.31019315522622865,13267.900768284668,1883.364476489177,False,False,Neither
33,Armenia,ARM,2007,0.638011617,Middle SDI,6629.70370182789,7260.424009373563,-630.7203075456737,0.9131289981506062,-0.09087811795084516,13267.900768284668,1883.364476489177,False,False,Neither
34,Azerbaijan,AZE,2007,0.62983132,Low-middle SDI,12220.06659011275,7556.133340228424,4663.933249884327,1.617238081950435,0.4807198065844192,13267.900768284668,1883.364476489177,False,True,Excess-only
35,Georgia,GEO,2007,0.667625939,Middle SDI,7542.94619658023,6225.328998516159,1317.617198064071,1.2116542271706656,0.19198655583055915,13267.900768284668,1883.364476489177,False,False,Neither
36,Kazakhstan,KAZ,2007,0.672037469,Middle SDI,6828.65091790607,6076.360998820972,752.2899190850985,1.1238059949418853,0.11672113420912614,13267.900768284668,1883.364476489177,False,False,Neither
37,Kyrgyzstan,KGZ,2007,0.552796362,Low-middle SDI,8362.8136848229,10490.486464386287,-2127.672779563387,0.7971807325821797,-0.226673859798866,13267.900768284668,1883.364476489177,False,False,Neither
38,Mongolia,MNG,2007,0.584819385,Low-middle SDI,9516.39625684366,9244.710780525029,271.6854763186311,1.0293882072428882,0.028964652218777646,13267.900768284668,1883.364476489177,False,False,Neither
39,Tajikistan,TJK,2007,0.487453034,Low SDI,8949.743908081451,13049.207506304412,-4099.463598222961,0.6858457805776785,-0.3771024861832597,13267.900768284668,1883.364476489177,False,False,Neither
40,Turkmenistan,TKM,2007,0.615424055,Low-middle SDI,10560.71093837584,8086.005570379584,2474.7053679962555,1.306047942517072,0.267005739611607,13267.900768284668,1883.364476489177,False,True,Excess-only
41,Uzbekistan,UZB,2007,0.602053362,Low-middle SDI,10905.32646026521,8587.185461541625,2318.1409987235857,1.2699535265781274,0.2389803065553818,13267.900768284668,1883.364476489177,False,True,Excess-only
43,Albania,ALB,2007,0.623889244,Low-middle SDI,7620.60658051351,7773.320646487739,-152.71406597422902,0.9803540760867454,-0.019841470442084622,13267.900768284668,1883.364476489177,False,False,Neither
44,Bosnia and Herzegovina,BIH,2007,0.64267513,Middle SDI,5837.75291925448,7093.628100783171,-1255.8751815286914,0.8229572845255255,-0.19485098180813581,13267.900768284668,1883.364476489177,False,False,Neither
45,Bulgaria,BGR,2007,0.708618362,High-middle SDI,6992.06221534822,4901.166901748792,2090.895313599428,1.4266117346163774,0.35530221641073917,13267.900768284668,1883.364476489177,False,True,Excess-only
46,Croatia,HRV,2007,0.726206932,High SDI,3664.71037877632,4378.168333057582,-713.4579542812617,0.8370419088516398,-0.1778811394335457,13267.900768284668,1883.364476489177,False,False,Neither
47,Czechia,CZE,2007,0.791940357,High SDI,4149.08296472569,2701.702158912349,1447.3808058133404,1.5357292257544877,0.429005333869309,13267.900768284668,1883.364476489177,False,False,Neither
48,Hungary,HUN,2007,0.748620649,High SDI,4693.37059306789,3755.496147970224,937.874445097666,1.2497338322672944,0.22293059445434274,13267.900768284668,1883.364476489177,False,False,Neither
49,North Macedonia,MKD,2007,0.690184196,High-middle SDI,5658.61731556377,5479.435800452742,179.1815151110277,1.032700723511757,0.03217743229704506,13267.900768284668,1883.364476489177,False,False,Neither
50,Montenegro,MNE,2007,0.708283806,High-middle SDI,5867.82721645095,4911.394019566294,956.4331968846554,1.1947376229792117,0.17792659891563786,13267.900768284668,1883.364476489177,False,False,Neither
51,Poland,POL,2007,0.758833996,High SDI,3431.5451272970104,3488.8783371574496,-57.33320986043918,0.9835668646711392,-0.01656965701647375,13267.900768284668,1883.364476489177,False,False,Neither
52,Romania,ROU,2007,0.692499465,High-middle SDI,7315.717519474931,5405.197333258192,1910.5201862167387,1.353459840302463,0.30266415863273743,13267.900768284668,1883.364476489177,False,True,Excess-only
53,Serbia,SRB,2007,0.697346136,High-middle SDI,4780.8039314875805,5251.260512717156,-470.45658122957593,0.9104107327963914,-0.09385942657983454,13267.900768284668,1883.364476489177,False,False,Neither
54,Slovakia,SVK,2007,0.769099283,High SDI,4870.49240986583,3232.065355614426,1638.427054251404,1.5069288129973268,0.41007368096879354,13267.900768284668,1883.364476489177,False,False,Neither
55,Slovenia,SVN,2007,0.804228485,High SDI,4549.908718294049,2440.153989125481,2109.754729168568,1.8645990124273573,0.6230460232371524,13267.900768284668,1883.364476489177,False,True,Excess-only
57,Belarus,BLR,2007,0.721379177,High SDI,4407.53678865155,4518.806052763625,-111.26926411207567,0.975376401905095,-0.024931829247672312,13267.900768284668,1883.364476489177,False,False,Neither
58,Estonia,EST,2007,0.780590522,High SDI,3538.9788851398403,2958.0971142599524,580.8817708798879,1.1963700813200688,0.1792920402059282,13267.900768284668,1883.364476489177,False,False,Neither
59,Latvia,LVA,2007,0.780210584,High SDI,3647.656699853541,2966.925004275241,680.7316955783003,1.2294401424361547,0.20655889701249194,13267.900768284668,1883.364476489177,False,False,Neither
60,Lithuania,LTU,2007,0.761193616,High SDI,3858.67527476621,3428.847940935312,429.8273338308977,1.125356195793754,0.11809960402666579,13267.900768284668,1883.364476489177,False,False,Neither
61,Republic of Moldova,MDA,2007,0.64516266,Middle SDI,5613.323587382401,7005.208944404794,-1391.8853570223937,0.8013070890434865,-0.2215110233091461,13267.900768284668,1883.364476489177,False,False,Neither
62,Russian Federation,RUS,2007,0.754913576,High SDI,2610.46538607394,3589.922761726665,-979.4573756527252,0.7271647774445069,-0.3186021731493107,13267.900768284668,1883.364476489177,False,False,Neither
63,Ukraine,UKR,2007,0.707485649,High-middle SDI,2369.38322381558,4935.834072094674,-2566.4508482790943,0.4800370493026032,-0.7338919920118001,13267.900768284668,1883.364476489177,False,False,Neither
66,Brunei Darussalam,BRN,2007,0.777885602,High SDI,2579.02426620513,3021.2904996126977,-442.2662334075676,0.8536167794972837,-0.15827292185733272,13267.900768284668,1883.364476489177,False,False,Neither
67,Japan,JPN,2007,0.840385724,High SDI,2142.60281651312,1767.1280815800924,375.4747349330278,1.2124773743606032,0.19266568333424325,13267.900768284668,1883.364476489177,False,False,Neither
68,Republic of Korea,KOR,2007,0.831256013,High SDI,1990.85815475092,1923.5798761804365,67.27827857048374,1.034975557502751,0.03437781049910075,13267.900768284668,1883.364476489177,False,False,Neither
69,Singapore,SGP,2007,0.821357791,High SDI,4480.49741912157,2103.4385226483987,2377.058896473171,2.1300824202269824,0.756160673914949,13267.900768284668,1883.364476489177,False,True,Excess-only
71,Australia,AUS,2007,0.794159336,High SDI,896.15286541112,2653.235634824254,-1757.0827694131335,0.3377584914241813,-1.0854241613055862,13267.900768284668,1883.364476489177,False,False,Neither
72,New Zealand,NZL,2007,0.804610885,High SDI,1275.29709054446,2432.283006839648,-1156.985916295188,0.5243210132037632,-0.6456511616186323,13267.900768284668,1883.364476489177,False,False,Neither
74,Andorra,AND,2007,0.841798988,High SDI,1125.92234982802,1743.711842485609,-617.7894926575889,0.6457043660511312,-0.43741351763937,13267.900768284668,1883.364476489177,False,False,Neither
75,Austria,AUT,2007,0.813556806,High SDI,1157.1193284669,2252.766257213307,-1095.6469287464072,0.513643758983796,-0.6662253297221218,13267.900768284668,1883.364476489177,False,False,Neither
76,Belgium,BEL,2007,0.820434656,High SDI,1295.05962092434,2120.7597882763416,-825.7001673520017,0.6106583254187907,-0.4932176817581647,13267.900768284668,1883.364476489177,False,False,Neither
77,Cyprus,CYP,2007,0.79924172,High SDI,865.59641611555,2544.279875054658,-1678.683458939108,0.3402127354786213,-1.0781841644517418,13267.900768284668,1883.364476489177,False,False,Neither
78,Denmark,DNK,2007,0.872436772,High SDI,1152.31868570679,1287.558653074388,-135.23996736759818,0.8949640336425243,-0.11097174738903008,13267.900768284668,1883.364476489177,False,False,Neither
79,Finland,FIN,2007,0.835631271,High SDI,1227.51344138803,1847.4794558140504,-619.9660144260201,0.664426030571016,-0.4088317229451306,13267.900768284668,1883.364476489177,False,False,Neither
80,France,FRA,2007,0.810816694,High SDI,968.70375259631,2306.811291463613,-1338.107538867303,0.419931945097118,-0.8676626163169426,13267.900768284668,1883.364476489177,False,False,Neither
81,Germany,DEU,2007,0.845743993,High SDI,1228.4130418259,1679.4764644614802,-451.0634226355801,0.7314261722743388,-0.3127589901029538,13267.900768284668,1883.364476489177,False,False,Neither
82,Greece,GRC,2007,0.783384589,High SDI,1056.19826713201,2893.663194073364,-1837.4649269413544,0.365003870974084,-1.0078473200474332,13267.900768284668,1883.364476489177,False,False,Neither
83,Iceland,ISL,2007,0.833319456,High SDI,1018.00023684995,1887.4311372277664,-869.4309003778166,0.5393575515264494,-0.6173765670972248,13267.900768284668,1883.364476489177,False,False,Neither
84,Ireland,IRL,2007,0.84445595,High SDI,1218.78904799704,1700.2669531292163,-481.4779051321764,0.7168221706326459,-0.33292748778767756,13267.900768284668,1883.364476489177,False,False,Neither
85,Israel,ISR,2007,0.791289091,High SDI,1162.14215988298,2716.0302954943663,-1553.8881356113864,0.4278826203856644,-0.848906372449506,13267.900768284668,1883.364476489177,False,False,Neither
86,Italy,ITA,2007,0.790607034,High SDI,1100.2094727799902,2731.0860788367195,-1630.876606056729,0.4028468678836421,-0.9091987696839262,13267.900768284668,1883.364476489177,False,False,Neither
87,Luxembourg,LUX,2007,0.845065845,High SDI,1216.30783852629,1690.400556908028,-474.092718381738,0.7195382381742006,-0.3291456085850224,13267.900768284668,1883.364476489177,False,False,Neither
88,Malta,MLT,2007,0.758269169,High SDI,1227.49340342297,3503.3357596853,-2275.8423562623298,0.3503784643048984,-1.048741382125734,13267.900768284668,1883.364476489177,False,False,Neither
89,Netherlands,NLD,2007,0.865836609,High SDI,970.87856854443,1377.670867573284,-406.7922990288539,0.704724612675157,-0.34994817280078483,13267.900768284668,1883.364476489177,False,False,Neither
90,Norway,NOR,2007,0.871546219,High SDI,1302.40455567136,1299.4628974830175,2.941658188342217,1.002263749272134,0.0022611908521039644,13267.900768284668,1883.364476489177,False,False,Neither
91,Portugal,PRT,2007,0.722736532,High SDI,1144.80594390133,4479.037907881461,-3334.2319639801312,0.2555919301077787,-1.364173129325458,13267.900768284668,1883.364476489177,False,False,Neither
92,Spain,ESP,2007,0.7591514,High SDI,1034.72753599095,3480.7688714267647,-2446.0413354358147,0.2972698200345649,-1.2131150676372704,13267.900768284668,1883.364476489177,False,False,Neither
93,Sweden,SWE,2007,0.865005056,High SDI,988.43223968159,1389.335378745793,-400.90313906420295,0.7114425032304915,-0.3404606753563888,13267.900768284668,1883.364476489177,False,False,Neither
94,Switzerland,CHE,2007,0.913836161,High SDI,985.65239514478,817.1347440855876,168.51765105919242,1.2062299422205718,0.18749974532188346,13267.900768284668,1883.364476489177,False,False,Neither
95,United Kingdom,GBR,2007,0.825207473,High SDI,1143.91195498705,2032.2133228506148,-888.3013678635648,0.5628897036175653,-0.5746715783519232,13267.900768284668,1883.364476489177,False,False,Neither
97,Argentina,ARG,2007,0.681253867,High-middle SDI,4266.83641509846,5769.92348283984,-1503.0870677413805,0.7394961870444786,-0.3017861529710411,13267.900768284668,1883.364476489177,False,False,Neither
98,Chile,CHL,2007,0.695692505,High-middle SDI,2972.8034825137,5303.556368499448,-2330.7528859857475,0.560530194450409,-0.5788721673581613,13267.900768284668,1883.364476489177,False,False,Neither
99,Uruguay,URY,2007,0.660261248,Middle SDI,6085.78628452045,6477.18376216222,-391.3974776417699,0.9395728927858744,-0.06232987635186115,13267.900768284668,1883.364476489177,False,False,Neither
101,Canada,CAN,2007,0.851200552,High SDI,704.16904753597,1593.3504722993946,-889.1814247634246,0.4419423471345699,-0.8165758417591259,13267.900768284668,1883.364476489177,False,False,Neither
102,United States of America,USA,2007,0.817764573,High SDI,1242.43190345717,2171.3876067151527,-928.9557032579828,0.5721833815459162,-0.5582957418743657,13267.900768284668,1883.364476489177,False,False,Neither
105,Antigua and Barbuda,ATG,2007,0.699843978,High-middle SDI,5913.38053646754,5172.7151309647725,740.6654055027675,1.1431869698505173,0.13381994960715438,13267.900768284668,1883.364476489177,False,False,Neither
106,Bahamas,BHS,2007,0.764304621,High SDI,5458.74686120837,3350.6100718985326,2108.1367893098377,1.6291799833680196,0.48807681054430235,13267.900768284668,1883.364476489177,False,True,Excess-only
107,Barbados,BRB,2007,0.710365572,High-middle SDI,6193.48916113033,4847.921716660708,1345.5674444696224,1.2775555223685546,0.24494850388792622,13267.900768284668,1883.364476489177,False,False,Neither
108,Belize,BLZ,2007,0.554869932,Low-middle SDI,7038.839971150241,10409.197526995244,-3370.357555845003,0.6762135076114842,-0.3912464131440604,13267.900768284668,1883.364476489177,False,False,Neither
109,Cuba,CUB,2007,0.630938345,Middle SDI,6254.657182632541,7515.888811497789,-1261.2316288652482,0.83219128695254,-0.1836929523841165,13267.900768284668,1883.364476489177,False,False,Neither
110,Dominica,DMA,2007,0.688291024,High-middle SDI,5311.21879500309,5540.472238582489,-229.25344357939863,0.958622039113754,-0.042258401582281176,13267.900768284668,1883.364476489177,False,False,Neither
111,Dominican Republic,DOM,2007,0.55549526,Low-middle SDI,9220.56427473371,10384.694569933685,-1164.130295199975,0.8878994189612059,-0.11889680934072965,13267.900768284668,1883.364476489177,False,False,Neither
112,Grenada,GRD,2007,0.607308754,Low-middle SDI,6629.575514448161,8389.175496606675,-1759.5999821585135,0.7902535257642123,-0.23540146631558168,13267.900768284668,1883.364476489177,False,False,Neither
113,Guyana,GUY,2007,0.566362466,Low-middle SDI,6729.8753450514905,9959.90442776032,-3230.02908270883,0.6756967794082372,-0.3920108547395889,13267.900768284668,1883.364476489177,False,False,Neither
114,Haiti,HTI,2007,0.409447709,Low SDI,16771.07974294261,15935.793437599828,835.2863053427809,1.052415733713764,0.05108822038939137,13267.900768284668,1883.364476489177,True,False,Structural high
115,Jamaica,JAM,2007,0.639110055,Middle SDI,5963.92251741756,7221.017733828672,-1257.0952164111122,0.8259116286999361,-0.19126749823076347,13267.900768284668,1883.364476489177,False,False,Neither
116,Saint Lucia,LCA,2007,0.640990539,Middle SDI,5849.964442766261,7153.725763391179,-1303.761320624918,0.8177507268594431,-0.20119772371115827,13267.900768284668,1883.364476489177,False,False,Neither
117,Saint Vincent and the Grenadines,VCT,2007,0.576270772,Low-middle SDI,5395.32448083343,9574.78755947406,-4179.46307864063,0.5634928657497852,-0.5736006061862051,13267.900768284668,1883.364476489177,False,False,Neither
118,Suriname,SUR,2007,0.598882496,Low-middle SDI,5498.09501718953,8707.260217247374,-3209.165200057844,0.631438004608945,-0.45975551365136774,13267.900768284668,1883.364476489177,False,False,Neither
119,Trinidad and Tobago,TTO,2007,0.712955991,High-middle SDI,5382.62089860252,4769.495388616077,613.1255099864429,1.128551442035118,0.12093490067170987,13267.900768284668,1883.364476489177,False,False,Neither
121,Bolivia (Plurinational State of),BOL,2007,0.535614343,Low-middle SDI,16902.15035877167,11165.570870957505,5736.579487814164,1.5137739533529309,0.4146058396099648,13267.900768284668,1883.364476489177,True,True,Double-high
122,Ecuador,ECU,2007,0.594276122,Low-middle SDI,9802.66381816048,8882.45666339324,920.2071547672384,1.1035982712484975,0.09857599689410697,13267.900768284668,1883.364476489177,False,False,Neither
123,Peru,PER,2007,0.595522189,Low-middle SDI,14939.86966453579,8834.978290871522,6104.891373664268,1.690991100676723,0.5253148071448912,13267.900768284668,1883.364476489177,True,True,Double-high
125,Colombia,COL,2007,0.586610435,Low-middle SDI,6282.0603562887,9175.853718243194,-2893.793361954494,0.6846295232234219,-0.37887742903730987,13267.900768284668,1883.364476489177,False,False,Neither
126,Costa Rica,CRI,2007,0.61982035,Low-middle SDI,3464.71381696793,7923.148228618949,-4458.434411651019,0.4372900414071705,-0.8271585937309371,13267.900768284668,1883.364476489177,False,False,Neither
127,El Salvador,SLV,2007,0.509391097,Low SDI,6471.8486820730295,12195.413321972828,-5723.564639899799,0.5306789127361935,-0.6335981247479991,13267.900768284668,1883.364476489177,False,False,Neither
128,Guatemala,GTM,2007,0.45368175,Low SDI,8556.25337275434,14334.542707272412,-5778.289334518073,0.5968975465407386,-0.5160097941514828,13267.900768284668,1883.364476489177,False,False,Neither
129,Honduras,HND,2007,0.438941645,Low SDI,7138.53470391293,14880.08466485659,-7741.549960943659,0.4797375058471638,-0.7345161874826174,13267.900768284668,1883.364476489177,False,False,Neither
130,Mexico,MEX,2007,0.606636473,Low-middle SDI,2677.40056610605,8414.433456307377,-5737.032890201327,0.3181914242959633,-1.1451021141142748,13267.900768284668,1883.364476489177,False,False,Neither
131,Nicaragua,NIC,2007,0.464574904,Low SDI,6888.57778818847,13924.809911522289,-7036.232123333819,0.494698156165738,-0.7038074879320161,13267.900768284668,1883.364476489177,False,False,Neither
132,Panama,PAN,2007,0.616108634,Low-middle SDI,4013.8826393457903,8060.580709003646,-4046.698069657856,0.4979644499883606,-0.6972265900710959,13267.900768284668,1883.364476489177,False,False,Neither
133,Venezuela (Bolivarian Republic of),VEN,2007,0.584489407,Low-middle SDI,4455.0093008071,9257.40872233764,-4802.399421530541,0.4812371835822044,-0.7313950252522655,13267.900768284668,1883.364476489177,False,False,Neither
135,Brazil,BRA,2007,0.61007127,Low-middle SDI,15477.852955375529,8285.612728257045,7192.240227118484,1.8680396324330064,0.6248895560874761,13267.900768284668,1883.364476489177,True,True,Double-high
136,Paraguay,PRY,2007,0.575845399,Low-middle SDI,8950.38772659759,9591.26896291636,-640.8812363187717,0.9331807669249322,-0.06915634885764987,13267.900768284668,1883.364476489177,False,False,Neither
139,Algeria,DZA,2007,0.577492944,Low-middle SDI,11551.95130729483,9527.462017100814,2024.4892901940168,1.2124898830937627,0.19267599995449547,13267.900768284668,1883.364476489177,False,True,Excess-only
140,Bahrain,BHR,2007,0.693782079,High-middle SDI,7897.84634831768,5364.264987087575,2533.5813612301054,1.4723072717937569,0.38683074294770503,13267.900768284668,1883.364476489177,False,True,Excess-only
141,Egypt,EGY,2007,0.566003043,Low-middle SDI,18735.98552407313,9973.918089369174,8762.067434703957,1.8784980341921111,0.6304725395538895,13267.900768284668,1883.364476489177,True,True,Double-high
142,Iran (Islamic Republic of),IRN,2007,0.636314577,Middle SDI,5954.37517862879,7321.447431559116,-1367.0722529303257,0.8132784171832529,-0.20668177149922362,13267.900768284668,1883.364476489177,False,False,Neither
143,Iraq,IRQ,2007,0.511669021,Low SDI,15668.72324176517,12106.218318380992,3562.5049233841783,1.2942706656772571,0.2579473439718044,13267.900768284668,1883.364476489177,True,True,Double-high
144,Jordan,JOR,2007,0.63199653,Middle SDI,10400.5494972068,7477.485145634351,2923.0643515724496,1.3909154340853551,0.3299621160431437,13267.900768284668,1883.364476489177,False,True,Excess-only
145,Kuwait,KWT,2007,0.784360718,High SDI,9003.427838570351,2871.3548202622696,6132.073018308081,3.135602669177604,1.1428213945814631,13267.900768284668,1883.364476489177,False,True,Excess-only
146,Lebanon,LBN,2007,0.637746546,Middle SDI,12218.0300689358,7269.944273061228,4948.085795874571,1.6806222455115232,0.5191641090729093,13267.900768284668,1883.364476489177,False,True,Excess-only
147,Libya,LBY,2007,0.725849905,High SDI,9786.97370840077,4388.491737883041,5398.481970517729,2.230145182664032,0.8020666876864789,13267.900768284668,1883.364476489177,False,True,Excess-only
148,Morocco,MAR,2007,0.480812634,Low SDI,14040.49550344044,13305.196989051885,735.2985143885544,1.055264008116046,0.053790980281816884,13267.900768284668,1883.364476489177,True,False,Structural high
149,Palestine,PSE,2007,0.50687133,Low SDI,14761.62062755767,12293.98304009041,2467.6375874672594,1.2007191306039993,0.18292065280343017,13267.900768284668,1883.364476489177,True,True,Double-high
150,Oman,OMN,2007,0.691400008,High-middle SDI,8122.55637600132,5440.395057495456,2682.161318505864,1.4930085573124952,0.4007932501631964,13267.900768284668,1883.364476489177,False,True,Excess-only
151,Qatar,QAT,2007,0.777629842,High SDI,8116.06110650107,3027.3070889763108,5088.75401752476,2.6809507155897854,0.9861714762388226,13267.900768284668,1883.364476489177,False,True,Excess-only
152,Saudi Arabia,SAU,2007,0.719365265,High SDI,7871.092062271639,4578.134562572331,3292.9574996993088,1.719279316650117,0.5419052010719112,13267.900768284668,1883.364476489177,False,True,Excess-only
153,Syrian Arab Republic,SYR,2007,0.503112409,Low SDI,14731.30668314395,12440.820598070126,2290.486085073824,1.184110530894492,0.16899188590064307,13267.900768284668,1883.364476489177,True,True,Double-high
154,Tunisia,TUN,2007,0.604675537,Low-middle SDI,12465.17295544576,8488.228361614705,3976.944593831055,1.4685246937765617,0.384258287161436,13267.900768284668,1883.364476489177,False,True,Excess-only
155,Türkiye,TUR,2007,0.603612734,Low-middle SDI,11657.84915385322,8528.299116398473,3129.5500374547464,1.3669606324474657,0.31258975882490797,13267.900768284668,1883.364476489177,False,True,Excess-only
156,United Arab Emirates,ARE,2007,0.818639702,High SDI,8464.18874550122,2154.707712473293,6309.481033027927,3.9282305885402686,1.3681890925727493,13267.900768284668,1883.364476489177,False,True,Excess-only
157,Yemen,YEM,2007,0.368887115,Low SDI,23499.87724388755,17295.627698919547,6204.249544968003,1.3587178015722194,0.30654146207753885,13267.900768284668,1883.364476489177,True,True,Double-high
160,Afghanistan,AFG,2007,0.223992169,Low SDI,23704.06458559776,21170.45969587604,2533.604889721726,1.1196764230025325,0.1130397355315842,13267.900768284668,1883.364476489177,True,True,Double-high
161,Bangladesh,BGD,2007,0.353730907,Low SDI,24406.12859524432,17773.453680196733,6632.674915047588,1.3731787324169722,0.317128294873668,13267.900768284668,1883.364476489177,True,True,Double-high
162,Bhutan,BTN,2007,0.378618585,Low SDI,16757.43137637294,16979.903855328856,-222.472478955915,0.9868978952500904,-0.013188694494573747,13267.900768284668,1883.364476489177,True,False,Structural high
163,India,IND,2007,0.451147786,Low SDI,18999.78727722276,14429.086683803698,4570.700593419062,1.3167699171527996,0.2751817052611169,13267.900768284668,1883.364476489177,True,True,Double-high
164,Nepal,NPL,2007,0.339102973,Low SDI,20692.88997183861,18218.24596480094,2474.6440070376702,1.13583327460936,0.12736654421921584,13267.900768284668,1883.364476489177,True,True,Double-high
165,Pakistan,PAK,2007,0.409952257,Low SDI,23303.97245996818,15918.176825828716,7385.795634139464,1.4639850225909872,0.381162185016151,13267.900768284668,1883.364476489177,True,True,Double-high
168,Angola,AGO,2007,0.366513629,Low SDI,16233.29676813374,17371.582409409137,-1138.2856412753972,0.9344742686965088,-0.06777118730080658,13267.900768284668,1883.364476489177,True,False,Structural high
169,Central African Republic,CAF,2007,0.231263543,Low SDI,23230.0165230623,21010.11013771416,2219.9063853481457,1.1056589599386872,0.10044150106330706,13267.900768284668,1883.364476489177,True,True,Double-high
170,Congo,COG,2007,0.481490003,Low SDI,15344.89166863012,13279.147069283335,2065.7445993467827,1.1555630484826214,0.14458771305389181,13267.900768284668,1883.364476489177,True,True,Double-high
171,Democratic Republic of the Congo,COD,2007,0.267137804,Low SDI,22269.756485590213,20171.87368018574,2097.882805404472,1.1040003937494989,0.09894030451199474,13267.900768284668,1883.364476489177,True,True,Double-high
172,Equatorial Guinea,GNQ,2007,0.513488415,Low SDI,13006.35353171534,12034.92418858558,971.4293431297592,1.0807175290768432,0.07762519930910826,13267.900768284668,1883.364476489177,False,False,Neither
173,Gabon,GAB,2007,0.541442479,Low-middle SDI,13749.51234159833,10936.378964898684,2813.1333766996468,1.2572271302712403,0.22890860562510468,13267.900768284668,1883.364476489177,True,True,Double-high
175,Burundi,BDI,2007,0.238347209,Low SDI,26755.472611325808,20850.96062785243,5904.511983473378,1.2831769762965362,0.24933901555684562,13267.900768284668,1883.364476489177,True,True,Double-high
176,Comoros,COM,2007,0.39438881,Low SDI,18200.68814316468,16453.911450966927,1746.7766921977527,1.106161790003744,0.10089617631104787,13267.900768284668,1883.364476489177,True,False,Structural high
177,Djibouti,DJI,2007,0.38595839,Low SDI,15803.864370603049,16737.26754146804,-933.4031708649928,0.9442320457295432,-0.057383331889071,13267.900768284668,1883.364476489177,True,False,Structural high
178,Eritrea,ERI,2007,0.349446935,Low SDI,23182.37331111028,17905.394721481553,5276.9785896287285,1.2947144518013782,0.25829017029820667,13267.900768284668,1883.364476489177,True,True,Double-high
179,Ethiopia,ETH,2007,0.216351971,Low SDI,20932.65725484143,21335.79948796925,-403.1422331278227,0.9811048921154726,-0.01907590146759194,13267.900768284668,1883.364476489177,True,False,Structural high
180,Kenya,KEN,2007,0.41629406,Low SDI,27115.31716389326,15695.375844217397,11419.941319675863,1.7275990988061165,0.5467326404592836,13267.900768284668,1883.364476489177,True,True,Double-high
181,Madagascar,MDG,2007,0.288559906,Low SDI,18730.3062858783,19630.216854802515,-899.9105689242133,0.9541568707273832,-0.046927186327037684,13267.900768284668,1883.364476489177,True,False,Structural high
182,Malawi,MWI,2007,0.278918697,Low SDI,23294.14423031596,19878.01370286989,3416.1305274460683,1.1718547224340057,0.1585877265039491,13267.900768284668,1883.364476489177,True,True,Double-high
183,Mauritius,MUS,2007,0.656976822,Middle SDI,10609.16893487215,6590.73989082859,4018.42904404356,1.609708334816163,0.47605300408591095,13267.900768284668,1883.364476489177,False,True,Excess-only
184,Mozambique,MOZ,2007,0.240139952,Low SDI,17637.566813331377,20810.208240200893,-3172.641426869516,0.8475439846516938,-0.16541254178021952,13267.900768284668,1883.364476489177,True,False,Structural high
185,Rwanda,RWA,2007,0.340178807,Low SDI,25774.53345300496,18186.08641106092,7588.44704194404,1.417266632876477,0.34873011017491373,13267.900768284668,1883.364476489177,True,True,Double-high
186,Seychelles,SYC,2007,0.695340318,High-middle SDI,12518.957510107432,5314.724570516511,7204.232939590921,2.3555232908129384,0.8567629069515446,13267.900768284668,1883.364476489177,False,True,Excess-only
187,Somalia,SOM,2007,0.088520968,Low SDI,19644.383489481,23811.85586386843,-4167.472374387431,0.8249833025106179,-0.1923921322333443,13267.900768284668,1883.364476489177,True,False,Structural high
189,United Republic of Tanzania,TZA,2007,0.336411507,Low SDI,22607.57916730691,18298.31497544874,4309.264191858172,1.235500601975647,0.21147623367882254,13267.900768284668,1883.364476489177,True,True,Double-high
190,Uganda,UGA,2007,0.296685921,Low SDI,20884.5377902307,19416.1240195755,1468.4137706551992,1.0756285739200435,0.07290521062316115,13267.900768284668,1883.364476489177,True,False,Structural high
191,Zambia,ZMB,2007,0.358534318,Low SDI,17171.14200038237,17623.87207800047,-452.7300776181,0.9743115431379444,-0.02602416699919867,13267.900768284668,1883.364476489177,True,False,Structural high
193,Botswana,BWA,2007,0.605127726,Low-middle SDI,10827.67312983764,8471.195404861268,2356.477724976372,1.278175347439641,0.2454335511130161,13267.900768284668,1883.364476489177,False,True,Excess-only
194,Lesotho,LSO,2007,0.435245899,Low SDI,22258.91484552334,15015.112211204128,7243.802634319212,1.482434132521098,0.3936854209000696,13267.900768284668,1883.364476489177,True,True,Double-high
195,Namibia,NAM,2007,0.5281083,Low SDI,16824.11082524357,11460.783326351782,5363.327498891787,1.4679721574143965,0.3838819636734936,13267.900768284668,1883.364476489177,True,True,Double-high
196,South Africa,ZAF,2007,0.628045264,Low-middle SDI,16495.655978166902,7621.209115149082,8874.44686301782,2.164440803149937,0.7721620385538303,13267.900768284668,1883.364476489177,True,True,Double-high
197,Eswatini,SWZ,2007,0.515504689,Low SDI,18097.52052545531,11955.864658729191,6141.655866726118,1.5136939938711989,0.4145530169323051,13267.900768284668,1883.364476489177,True,True,Double-high
198,Zimbabwe,ZWE,2007,0.440432424,Low SDI,12101.68296772871,14825.411104357165,-2723.728136628455,0.8162797565979162,-0.2029981438058457,13267.900768284668,1883.364476489177,False,False,Neither
200,Benin,BEN,2007,0.28573862,Low SDI,18188.3873601566,19703.42148490745,-1515.0341247508477,0.923108069026928,-0.08000896679692755,13267.900768284668,1883.364476489177,True,False,Structural high
201,Burkina Faso,BFA,2007,0.208831985,Low SDI,16639.679527269298,21495.55446009606,-4855.874932826762,0.7740986424964699,-0.2560559684269666,13267.900768284668,1883.364476489177,True,False,Structural high
202,Cameroon,CMR,2007,0.380294402,Low SDI,15155.3377490254,16924.843346885158,-1769.5055978597577,0.8954492185485772,-0.11042976646106749,13267.900768284668,1883.364476489177,True,False,Structural high
203,Cabo Verde,CPV,2007,0.444997334,Low SDI,8475.013737267,14657.27608707592,-6182.2623498089215,0.578212055699753,-0.5478145992198988,13267.900768284668,1883.364476489177,False,False,Neither
204,Chad,TCD,2007,0.171971129,Low SDI,21866.23779071737,22241.76516981193,-375.5273790945612,0.9831161161792926,-0.017028041518834292,13267.900768284668,1883.364476489177,True,False,Structural high
205,Côte d'Ivoire,CIV,2007,0.354087946,Low SDI,15018.89296564347,17762.394859844968,-2743.5018942014976,0.8455443696726015,-0.16777463458384637,13267.900768284668,1883.364476489177,True,False,Structural high
206,Gambia,GMB,2007,0.340513834,Low SDI,13323.699285364472,18176.053569167656,-4852.354283803184,0.7330358724275376,-0.3105606391012393,13267.900768284668,1883.364476489177,True,False,Structural high
207,Ghana,GHA,2007,0.468339613,Low SDI,13979.3945205344,13782.037222319212,197.35729821518728,1.0143198929905357,0.014218331738827352,13267.900768284668,1883.364476489177,True,False,Structural high
208,Guinea,GIN,2007,0.253455659,Low SDI,20312.17256865854,20501.278649618835,-189.1060809602932,0.9907758884608006,-0.00926691708815428,13267.900768284668,1883.364476489177,True,False,Structural high
209,Guinea-Bissau,GNB,2007,0.280836719,Low SDI,16997.697892361728,19829.24786126916,-2831.549968907432,0.857203359970195,-0.15408009568648318,13267.900768284668,1883.364476489177,True,False,Structural high
210,Liberia,LBR,2007,0.275047991,Low SDI,21220.25106395891,19975.633287650504,1244.6177763084052,1.0623067994083504,0.06044276943132778,13267.900768284668,1883.364476489177,True,False,Structural high
211,Mali,MLI,2007,0.191436976,Low SDI,11686.49112761918,21854.71002685519,-10168.218899236012,0.534735583920297,-0.6259828899238292,13267.900768284668,1883.364476489177,False,False,Neither
212,Mauritania,MRT,2007,0.409890496,Low SDI,17076.77011265991,15920.334124231274,1156.435988428635,1.072638927010238,0.0701218991048957,13267.900768284668,1883.364476489177,True,False,Structural high
213,Niger,NER,2007,0.129521714,Low SDI,21709.51926573989,23048.49259212684,-1338.973326386949,0.9419062517414118,-0.0598495298026231,13267.900768284668,1883.364476489177,True,False,Structural high
214,Nigeria,NGA,2007,0.380861575,Low SDI,18452.97219175733,16906.16284071057,1546.8093510467588,1.091493815930957,0.08754723133075533,13267.900768284668,1883.364476489177,True,False,Structural high
215,Sao Tome and Principe,STP,2007,0.380593253,Low SDI,16566.94372672285,16915.00320345287,-348.05947673002083,0.9794230321718784,-0.020791623376301794,13267.900768284668,1883.364476489177,True,False,Structural high
216,Senegal,SEN,2007,0.315216528,Low SDI,17850.45993072741,18909.56163278401,-1059.1017020566032,0.9439912081187324,-0.05763842631355286,13267.900768284668,1883.364476489177,True,False,Structural high
217,Sierra Leone,SLE,2007,0.259123743,Low SDI,23704.36557419359,20366.32866267188,3338.0369115217145,1.163899786103314,0.15177625118994892,13267.900768284668,1883.364476489177,True,True,Double-high
218,Togo,TGO,2007,0.350802215,Low SDI,17375.87193969487,17863.803567509385,-487.9316278145161,0.9726860169520692,-0.027693944709125833,13267.900768284668,1883.364476489177,True,False,Structural high
298,American Samoa,ASM,2007,0.672265578,Middle SDI,7780.09367829281,6068.697816276357,1711.395862016453,1.2820038027641545,0.2484243247687704,13267.900768284668,1883.364476489177,False,False,Neither
305,Bermuda,BMU,2007,0.772949474,High SDI,4967.72311561739,3138.670058583328,1829.0530570340625,1.582747795370255,0.4591624475302173,13267.900768284668,1883.364476489177,False,False,Neither
320,Cook Islands,COK,2007,0.71656031,High-middle SDI,9564.782272170309,4661.407532671443,4903.374739498866,2.051908614540028,0.7187703914922705,13267.900768284668,1883.364476489177,False,True,Excess-only
349,Greenland,GRL,2007,0.808319473,High SDI,1145.27959299333,2356.788688967821,-1211.5090959744912,0.4859492063732351,-0.7216511741788926,13267.900768284668,1883.364476489177,False,False,Neither
351,Guam,GUM,2007,0.746261513,High SDI,7163.91375808256,3818.6308772591615,3345.2828808233985,1.8760424844269024,0.6291644966106067,13267.900768284668,1883.364476489177,False,True,Excess-only
367,Monaco,MCO,2007,0.891864141,High SDI,1033.40092370764,1047.0835587754516,-13.682635067811589,0.9869326235206928,-0.013153505788881255,13267.900768284668,1883.364476489177,False,False,Neither
369,Nauru,NRU,2007,0.519445517,Low SDI,16031.319618739051,11801.207749903357,4230.111868835696,1.358447368988173,0.3063424071302215,13267.900768284668,1883.364476489177,True,True,Double-high
374,Niue,NIU,2007,0.681065981,High-middle SDI,10581.3370340642,5776.104275445761,4805.232758618438,1.8319158604953687,0.60536233752003,13267.900768284668,1883.364476489177,False,True,Excess-only
376,Northern Mariana Islands,MNP,2007,0.759779708,High SDI,6678.34946180922,3464.747593367095,3213.601868442125,1.927513991089636,0.6562310851006693,13267.900768284668,1883.364476489177,False,True,Excess-only
380,Palau,PLW,2007,0.731192337,High SDI,8340.24352757616,4235.318185265803,4104.925342310357,1.969212975920188,0.6776339583176286,13267.900768284668,1883.364476489177,False,True,Excess-only
385,Puerto Rico,PRI,2007,0.769868967,High SDI,4758.1470814984405,3213.266453843265,1544.8806276551754,1.4807819861335816,0.39257031724744496,13267.900768284668,1883.364476489177,False,False,Neither
393,Saint Kitts and Nevis,KNA,2007,0.696194587,High-middle SDI,5764.80383740723,5287.653230705029,477.150606702201,1.0902386343967152,0.08639660291842545,13267.900768284668,1883.364476489177,False,False,Neither
396,San Marino,SMR,2007,0.851660251,High SDI,1063.66142711423,1586.237951619914,-522.5765245056839,0.6705560322951465,-0.39964801182486986,13267.900768284668,1883.364476489177,False,False,Neither
416,Tuvalu,TUV,2007,0.543081215,Low-middle SDI,10679.26905319409,10871.960072026084,-192.6910188319944,0.9822763312635966,-0.017882613813437462,13267.900768284668,1883.364476489177,False,False,Neither
422,United States Virgin Islands,VIR,2007,0.765608017,High SDI,4422.89578604934,3318.1396025558174,1104.7561834935227,1.332944455574617,0.28739037159218445,13267.900768284668,1883.364476489177,False,False,Neither
435,South Sudan,SSD,2007,0.33348919,Low SDI,16483.343288701417,18384.626520423,-1901.283231721576,0.8965829830913622,-0.10916442681703817,13267.900768284668,1883.364476489177,True,False,Structural high
522,Sudan,SDN,2007,0.430133964,Low SDI,16161.66234121657,15200.64675877058,961.0155824459908,1.06322201927964,0.061303938585850065,13267.900768284668,1883.364476489177,True,False,Structural high
6,China,CHN,2008,0.62081969,Low-middle SDI,8994.62745455424,7840.557826194739,1154.0696283595007,1.1471922857967882,0.13731746646542556,12747.832477968348,1660.5616596116913,False,False,Neither
7,Democratic People's Republic of Korea,PRK,2008,0.530845475,Low SDI,14817.1115147023,11287.335186290453,3529.7763284118464,1.3127200769849643,0.27210137913013693,12747.832477968348,1660.5616596116913,True,True,Double-high
8,Taiwan,TWN,2008,0.817530453,High SDI,9814.99552229992,2163.2524121984093,7651.74311010151,4.537147614838627,1.5122985359336005,12747.832477968348,1660.5616596116913,False,True,Excess-only
10,Cambodia,KHM,2008,0.409702589,Low SDI,25362.10946168332,15834.58024039985,9527.529221283472,1.6016913032513005,0.4710601354784902,12747.832477968348,1660.5616596116913,True,True,Double-high
11,Indonesia,IDN,2008,0.572708302,Low-middle SDI,14963.692655047513,9656.671595188438,5307.021059859075,1.5495704195328923,0.4379777438299034,12747.832477968348,1660.5616596116913,True,True,Double-high
12,Lao People's Democratic Republic,LAO,2008,0.4139362,Low SDI,15466.0072706687,15687.051373112074,-221.04410244337305,0.9859091363197644,-0.014191082459837415,12747.832477968348,1660.5616596116913,True,False,Structural high
13,Malaysia,MYS,2008,0.702313384,High-middle SDI,8586.44135223371,5066.064782070682,3520.376570163029,1.6948937136812778,0.5276200330735668,12747.832477968348,1660.5616596116913,False,True,Excess-only
14,Maldives,MDV,2008,0.560687394,Low-middle SDI,8723.50419410559,10122.461569029469,-1398.957374923879,0.8617967215401333,-0.14873585800799127,12747.832477968348,1660.5616596116913,False,False,Neither
15,Myanmar,MMR,2008,0.447945784,Low SDI,15136.80203024664,14463.792579425648,673.0094508209913,1.0465306348335173,0.045480536086076884,12747.832477968348,1660.5616596116913,True,False,Structural high
16,Philippines,PHL,2008,0.566956716,Low-middle SDI,15966.606117812673,9879.145499601564,6087.460618211109,1.61619303192332,0.480073403412866,12747.832477968348,1660.5616596116913,True,True,Double-high
17,Sri Lanka,LKA,2008,0.64093105,Middle SDI,9509.6556038069,7114.374277063697,2395.281326743202,1.3366819390519615,0.2901903783097545,12747.832477968348,1660.5616596116913,False,True,Excess-only
18,Thailand,THA,2008,0.609785036,Low-middle SDI,13054.41365109962,8248.238768809137,4806.174882290483,1.5826910467802071,0.4591265924131964,12747.832477968348,1660.5616596116913,True,True,Double-high
19,Timor-Leste,TLS,2008,0.391138884,Low SDI,17831.591468441173,16467.72104899052,1363.8704194506536,1.0828208357059983,0.07956952100545646,12747.832477968348,1660.5616596116913,True,False,Structural high
20,Viet Nam,VNM,2008,0.558568199,Low-middle SDI,12854.32571109206,10204.873477853116,2649.452233238944,1.2596261716511092,0.2308149877766625,12747.832477968348,1660.5616596116913,True,True,Double-high
22,Fiji,FJI,2008,0.628978112,Low-middle SDI,9584.69957046173,7543.220867323392,2041.4787031383376,1.270637535218126,0.23951877074728684,12747.832477968348,1660.5616596116913,False,True,Excess-only
23,Kiribati,KIR,2008,0.485519266,Low SDI,10431.1856985101,13047.82399150504,-2616.6382929949395,0.7994578793599195,-0.22382143182339467,12747.832477968348,1660.5616596116913,False,False,Neither
24,Marshall Islands,MHL,2008,0.512034228,Low SDI,11893.89480080926,12021.82362356324,-127.92882275398188,0.9893586175642074,-0.010698406852409215,12747.832477968348,1660.5616596116913,False,False,Neither
25,Micronesia (Federated States of),FSM,2008,0.545595541,Low-middle SDI,7969.94736489143,10710.710366866671,-2740.7630019752432,0.7441100629092046,-0.2955663210724549,12747.832477968348,1660.5616596116913,False,False,Neither
26,Papua New Guinea,PNG,2008,0.39658265,Low SDI,12988.08956678286,16284.43342990875,-3296.3438631258887,0.7975770003105132,-0.2261768968704966,12747.832477968348,1660.5616596116913,True,False,Structural high
27,Samoa,WSM,2008,0.559182538,Low-middle SDI,9179.40146530816,10180.975101727354,-1001.5736364191944,0.9016230148476384,-0.10355878991018944,12747.832477968348,1660.5616596116913,False,False,Neither
28,Solomon Islands,SLB,2008,0.394352899,Low SDI,12534.84601172096,16359.75116735688,-3824.905155635921,0.7662002852911435,-0.26631167437012987,12747.832477968348,1660.5616596116913,False,False,Neither
29,Tonga,TON,2008,0.578673516,Low-middle SDI,10627.0396060915,9426.829678290707,1200.2099278007936,1.1273185120300613,0.11984181449837135,12747.832477968348,1660.5616596116913,False,False,Neither
30,Vanuatu,VUT,2008,0.420750444,Low SDI,11177.23814129821,15447.264206021622,-4270.026064723412,0.7235739605554957,-0.3235525120738256,12747.832477968348,1660.5616596116913,False,False,Neither
33,Armenia,ARM,2008,0.646149311,Middle SDI,6276.403102122829,6929.845422360451,-653.442320237622,0.9057060756176224,-0.09904044542275985,12747.832477968348,1660.5616596116913,False,False,Neither
34,Azerbaijan,AZE,2008,0.640148057,Middle SDI,11360.47326072131,7142.207559215907,4218.265701505403,1.5906109093766656,0.46411816217239155,12747.832477968348,1660.5616596116913,False,True,Excess-only
35,Georgia,GEO,2008,0.671682241,Middle SDI,7019.54467917346,6053.0132830622415,966.5313961112188,1.1596777259378896,0.14814214405112566,12747.832477968348,1660.5616596116913,False,False,Neither
36,Kazakhstan,KAZ,2008,0.676745893,High-middle SDI,6661.5710822193005,5884.679737317754,776.8913449015463,1.1320193076905922,0.12400303589930883,12747.832477968348,1660.5616596116913,False,False,Neither
37,Kyrgyzstan,KGZ,2008,0.554725245,Low-middle SDI,8319.04404161084,10354.500786095568,-2035.456744484729,0.803422995803137,-0.21887393436086652,12747.832477968348,1660.5616596116913,False,False,Neither
38,Mongolia,MNG,2008,0.589871466,Low-middle SDI,9145.18761181596,8998.312805813974,146.87480600198614,1.0163224828000077,0.016190703124908293,12747.832477968348,1660.5616596116913,False,False,Neither
39,Tajikistan,TJK,2008,0.491268581,Low SDI,8510.25362212315,12826.752646067223,-4316.499023944076,0.6634768640940819,-0.41026129530677924,12747.832477968348,1660.5616596116913,False,False,Neither
40,Turkmenistan,TKM,2008,0.620593544,Low-middle SDI,10029.25626215961,7848.850602352369,2180.405659807241,1.2777993581829363,0.24513934690310002,12747.832477968348,1660.5616596116913,False,True,Excess-only
41,Uzbekistan,UZB,2008,0.60684794,Low-middle SDI,10630.06850044309,8357.760302925233,2272.308197517857,1.271880039048565,0.24049615154648005,12747.832477968348,1660.5616596116913,False,True,Excess-only
43,Albania,ALB,2008,0.630319471,Low-middle SDI,7345.86589088884,7494.684464756056,-148.8185738672164,0.9801434503924696,-0.020056340078226816,12747.832477968348,1660.5616596116913,False,False,Neither
44,Bosnia and Herzegovina,BIH,2008,0.648839114,Middle SDI,5864.961225432659,6835.398177933593,-970.4369525009332,0.8580277363162615,-0.15311885330774208,12747.832477968348,1660.5616596116913,False,False,Neither
45,Bulgaria,BGR,2008,0.713560744,High-middle SDI,6681.60484160578,4723.735881753491,1957.8689598522888,1.4144746888612052,0.34675821754580016,12747.832477968348,1660.5616596116913,False,True,Excess-only
46,Croatia,HRV,2008,0.730869619,High SDI,3594.59055226124,4219.889204470047,-625.2986522088067,0.8518210735138638,-0.16037878182034376,12747.832477968348,1660.5616596116913,False,False,Neither
47,Czechia,CZE,2008,0.795330146,High SDI,4046.05033754896,2612.65066686972,1433.399670679241,1.5486380896059986,0.43737589282324174,12747.832477968348,1660.5616596116913,False,False,Neither
48,Hungary,HUN,2008,0.752779327,High SDI,4615.909084011731,3624.4814935495215,991.4275904622082,1.2735363919574838,0.24179759136004397,12747.832477968348,1660.5616596116913,False,False,Neither
49,North Macedonia,MKD,2008,0.695609764,High-middle SDI,5644.14926282553,5275.423384379563,368.7258784459673,1.0698950305178838,0.06756054134173274,12747.832477968348,1660.5616596116913,False,False,Neither
50,Montenegro,MNE,2008,0.71527136,High-middle SDI,5766.4804825555,4672.680061226366,1093.8004213291342,1.2340841673294578,0.21032913006925077,12747.832477968348,1660.5616596116913,False,False,Neither
51,Poland,POL,2008,0.764143013,High SDI,3635.72156448716,3335.204479007751,300.5170854794087,1.090104546024361,0.08627360542543691,12747.832477968348,1660.5616596116913,False,False,Neither
52,Romania,ROU,2008,0.698468691,High-middle SDI,6976.924770021251,5185.66184863761,1791.2629213836408,1.3454260948106838,0.29671076199930824,12747.832477968348,1660.5616596116913,False,True,Excess-only
53,Serbia,SRB,2008,0.705086963,High-middle SDI,4664.74977149711,4980.592420770465,-315.8426492733552,0.936585325079763,-0.06551465064525562,12747.832477968348,1660.5616596116913,False,False,Neither
54,Slovakia,SVK,2008,0.773272854,High SDI,4756.6514953101405,3112.7515438549976,1643.8999514551429,1.528117945905586,0.4240368774941416,12747.832477968348,1660.5616596116913,False,False,Neither
55,Slovenia,SVN,2008,0.80768162,High SDI,4456.08131698832,2355.929683509168,2100.151633479152,1.8914322223534985,0.6373343316990039,12747.832477968348,1660.5616596116913,False,True,Excess-only
57,Belarus,BLR,2008,0.729476765,High SDI,4367.19533464765,4259.367990344069,107.8273443035814,1.0253153389301006,0.02500021301319385,12747.832477968348,1660.5616596116913,False,False,Neither
58,Estonia,EST,2008,0.788049001,High SDI,3419.09251966837,2771.849868747873,647.242650920497,1.2335056664569195,0.20986025078046788,12747.832477968348,1660.5616596116913,False,False,Neither
59,Latvia,LVA,2008,0.790032161,High SDI,3562.39245513674,2727.91198852173,834.4804666150098,1.3059044683722436,0.2668958799186245,12747.832477968348,1660.5616596116913,False,False,Neither
60,Lithuania,LTU,2008,0.769727956,High SDI,3705.2617698391,3198.060974654177,507.2007951849228,1.1585963492268214,0.14720922865420819,12747.832477968348,1660.5616596116913,False,False,Neither
61,Republic of Moldova,MDA,2008,0.65122494,Middle SDI,5476.33252806237,6752.015142182677,-1275.6826141203064,0.8110663872551794,-0.20940536970254822,12747.832477968348,1660.5616596116913,False,False,Neither
62,Russian Federation,RUS,2008,0.761092222,High SDI,2458.76103030088,3411.526011408181,-952.7649811073012,0.7207217597282728,-0.32750212501651316,12747.832477968348,1660.5616596116913,False,False,Neither
63,Ukraine,UKR,2008,0.713885067,High-middle SDI,2289.27533360821,4714.035193707722,-2424.759860099512,0.4856296653584442,-0.7223089509906561,12747.832477968348,1660.5616596116913,False,False,Neither
66,Brunei Darussalam,BRN,2008,0.782248549,High SDI,2563.17833339133,2902.834419584361,-339.6560861930311,0.8829915740624075,-0.12443962082188555,12747.832477968348,1660.5616596116913,False,False,Neither
67,Japan,JPN,2008,0.842259495,High SDI,2113.0782960218,1726.0649336575095,387.0133623642903,1.2242171512888649,0.2023015795383445,12747.832477968348,1660.5616596116913,False,False,Neither
68,Republic of Korea,KOR,2008,0.83575997,High SDI,1950.6935075878,1834.576707714948,116.11679987285196,1.0632935103692016,0.06137117636388816,12747.832477968348,1660.5616596116913,False,False,Neither
69,Singapore,SGP,2008,0.829026863,High SDI,4520.76534777952,1951.7728322190733,2568.992515560447,2.316235410777608,0.8399431999586788,12747.832477968348,1660.5616596116913,False,True,Excess-only
71,Australia,AUS,2008,0.796805636,High SDI,886.44621734102,2581.099814977416,-1694.653597636396,0.3434374030005407,-1.0687504168212425,12747.832477968348,1660.5616596116913,False,False,Neither
72,New Zealand,NZL,2008,0.806269858,High SDI,1273.64580566068,2384.4224604867086,-1110.7766548260286,0.5341527463219347,-0.6270734391227228,12747.832477968348,1660.5616596116913,False,False,Neither
74,Andorra,AND,2008,0.845617782,High SDI,1108.75931754829,1671.7594671557158,-563.0001496074258,0.6632289748205833,-0.41063498669956927,12747.832477968348,1660.5616596116913,False,False,Neither
75,Austria,AUT,2008,0.816474716,High SDI,1143.41427708449,2183.3967696338154,-1039.9824925493251,0.5236859800228869,-0.6468630490634717,12747.832477968348,1660.5616596116913,False,False,Neither
76,Belgium,BEL,2008,0.823351907,High SDI,1276.59882033847,2054.3643399186226,-777.7655195801526,0.621408187210375,-0.47576710668292527,12747.832477968348,1660.5616596116913,False,False,Neither
77,Cyprus,CYP,2008,0.806583108,High SDI,846.7976520242099,2378.0813795424583,-1531.2837275182485,0.3560843877374513,-1.0325875320143214,12747.832477968348,1660.5616596116913,False,False,Neither
78,Denmark,DNK,2008,0.874260303,High SDI,1136.75657490016,1256.105560021927,-119.34898512176687,0.904984908179466,-0.09983701146604669,12747.832477968348,1660.5616596116913,False,False,Neither
79,Finland,FIN,2008,0.839210604,High SDI,1205.70449023165,1776.4051347183852,-570.7006444867352,0.6787328333312835,-0.387527699646782,12747.832477968348,1660.5616596116913,False,False,Neither
80,France,FRA,2008,0.813476409,High SDI,955.23629837071,2241.273495243111,-1286.0371968724012,0.4262024694434248,-0.8528407652390873,12747.832477968348,1660.5616596116913,False,False,Neither
81,Germany,DEU,2008,0.848831886,High SDI,1206.78061758942,1620.9012179168826,-414.1206003274626,0.7445121295795719,-0.29502613474153355,12747.832477968348,1660.5616596116913,False,False,Neither
82,Greece,GRC,2008,0.787590036,High SDI,1033.85782583011,2782.0799235320296,-1748.2220977019197,0.3716132728917294,-0.9899015544571657,12747.832477968348,1660.5616596116913,False,False,Neither
83,Iceland,ISL,2008,0.83769769,High SDI,999.00852913,1801.753176983344,-802.7446478533437,0.5544646968807512,-0.5897521407996702,12747.832477968348,1660.5616596116913,False,False,Neither
84,Ireland,IRL,2008,0.847426936,High SDI,1157.2670514983502,1642.9985904888415,-485.7315389904916,0.7043627780313726,-0.3504617458468909,12747.832477968348,1660.5616596116913,False,False,Neither
85,Israel,ISR,2008,0.792434498,High SDI,1146.14179897297,2675.265260094894,-1529.123461121924,0.4284217404790414,-0.8476471936125204,12747.832477968348,1660.5616596116913,False,False,Neither
86,Italy,ITA,2008,0.792994628,High SDI,1091.82848388214,2663.0812719407363,-1571.2527880585965,0.4099869183062759,-0.8916300263628677,12747.832477968348,1660.5616596116913,False,False,Neither
87,Luxembourg,LUX,2008,0.848698349,High SDI,1187.40110952479,1622.9925992609144,-435.59148973612446,0.7316121528006436,-0.31250475133952693,12747.832477968348,1660.5616596116913,False,False,Neither
88,Malta,MLT,2008,0.762520032,High SDI,1204.7710863495502,3375.6833282791285,-2170.912241929578,0.3568969506875291,-1.0303081924072819,12747.832477968348,1660.5616596116913,False,False,Neither
89,Netherlands,NLD,2008,0.868692968,High SDI,961.51300495022,1330.3800220187336,-368.8670170685136,0.7227356011338846,-0.32471182061705045,12747.832477968348,1660.5616596116913,False,False,Neither
90,Norway,NOR,2008,0.872374279,High SDI,1297.42292240885,1280.9236277420805,16.4992946667694,1.0128807793918622,0.012798527710512203,12747.832477968348,1660.5616596116913,False,False,Neither
91,Portugal,PRT,2008,0.726755266,High SDI,1090.37726046302,4337.052350892554,-3246.675090429534,0.2514097530408235,-1.3806711886667051,12747.832477968348,1660.5616596116913,False,False,Neither
92,Spain,ESP,2008,0.763337016,High SDI,1026.4802659429,3355.271832391156,-2328.791566448256,0.3059305824444549,-1.184397057521872,12747.832477968348,1660.5616596116913,False,False,Neither
93,Sweden,SWE,2008,0.867338836,High SDI,988.43010309652,1348.9118341331275,-360.4817310366074,0.7327610879266475,-0.3109355675688801,12747.832477968348,1660.5616596116913,False,False,Neither
94,Switzerland,CHE,2008,0.916705329,High SDI,974.68298626352,785.6196372854573,189.06334897806263,1.2406550702211712,0.21563952256133284,12747.832477968348,1660.5616596116913,False,False,Neither
95,United Kingdom,GBR,2008,0.827727139,High SDI,1132.95617189927,1974.9602162309825,-842.0040443317123,0.5736602502613474,-0.5557179564030356,12747.832477968348,1660.5616596116913,False,False,Neither
97,Argentina,ARG,2008,0.683912161,High-middle SDI,4535.11982785339,5649.838369529007,-1114.7185416756165,0.802699038668509,-0.21977543146771122,12747.832477968348,1660.5616596116913,False,False,Neither
98,Chile,CHL,2008,0.69917447,High-middle SDI,2901.00623613609,5163.610809310017,-2262.604573173928,0.5618173683627667,-0.5765784492278073,12747.832477968348,1660.5616596116913,False,False,Neither
99,Uruguay,URY,2008,0.668341529,Middle SDI,6020.88147535556,6165.124123779973,-144.24264842441335,0.9766034477930388,-0.023674596956304875,12747.832477968348,1660.5616596116913,False,False,Neither
101,Canada,CAN,2008,0.852869685,High SDI,704.78035592445,1558.54494685028,-853.76459092583,0.452204062095717,-0.7936217362159493,12747.832477968348,1660.5616596116913,False,False,Neither
102,United States of America,USA,2008,0.822611339,High SDI,1245.02868695849,2068.0108647840007,-822.9821778255107,0.6020416566276263,-0.5074286390114642,12747.832477968348,1660.5616596116913,False,False,Neither
105,Antigua and Barbuda,ATG,2008,0.706046783,High-middle SDI,5778.958882155081,4951.173053162383,827.785828992698,1.1671898396813216,0.15459901332333675,12747.832477968348,1660.5616596116913,False,False,Neither
106,Bahamas,BHS,2008,0.767931822,High SDI,5216.48578476784,3241.802070475181,1974.6837142926595,1.6091314865510007,0.4756945840940192,12747.832477968348,1660.5616596116913,False,True,Excess-only
107,Barbados,BRB,2008,0.713107146,High-middle SDI,6277.91161936357,4737.319534292065,1540.5920850715047,1.32520332941859,0.2815659038299663,12747.832477968348,1660.5616596116913,False,False,Neither
108,Belize,BLZ,2008,0.561024415,Low-middle SDI,6836.00330068191,10109.362519617833,-3273.3592189359224,0.6762051798435589,-0.3912587285135576,12747.832477968348,1660.5616596116913,False,False,Neither
109,Cuba,CUB,2008,0.632256731,Middle SDI,6130.01738657456,7424.765232864447,-1294.747846289887,0.8256176719825553,-0.1916234794662929,12747.832477968348,1660.5616596116913,False,False,Neither
110,Dominica,DMA,2008,0.693307754,High-middle SDI,5247.1136533138,5348.205845124409,-101.09219181060962,0.981097924287494,-0.01908300351425132,12747.832477968348,1660.5616596116913,False,False,Neither
111,Dominican Republic,DOM,2008,0.56224687,Low-middle SDI,8981.80029022063,10061.866352997878,-1080.0660627772486,0.8926574827287933,-0.11355232965728816,12747.832477968348,1660.5616596116913,False,False,Neither
112,Grenada,GRD,2008,0.612212662,Low-middle SDI,6430.08322356364,8158.027868082917,-1727.944644519277,0.7881908872511203,-0.23801497575581695,12747.832477968348,1660.5616596116913,False,False,Neither
113,Guyana,GUY,2008,0.572018765,Low-middle SDI,6672.80559035307,9683.301041664325,-3010.4954513112525,0.6891044243736718,-0.3723624601292512,12747.832477968348,1660.5616596116913,False,False,Neither
114,Haiti,HTI,2008,0.414135682,Low SDI,16296.08108432969,15680.07230996596,616.0087743637305,1.0392860927032974,0.03853402811531502,12747.832477968348,1660.5616596116913,True,False,Structural high
115,Jamaica,JAM,2008,0.643443903,Middle SDI,5941.73414214354,7025.303028512218,-1083.568886368677,0.8457619718365159,-0.16751731613150625,12747.832477968348,1660.5616596116913,False,False,Neither
116,Saint Lucia,LCA,2008,0.646919835,Middle SDI,5846.36105437874,6902.742725645488,-1056.3816712667476,0.8469620391120743,-0.16609940338394044,12747.832477968348,1660.5616596116913,False,False,Neither
117,Saint Vincent and the Grenadines,VCT,2008,0.580100285,Low-middle SDI,5238.06961621091,9372.00605011275,-4133.93643390184,0.558905914934604,-0.5817741295908918,12747.832477968348,1660.5616596116913,False,False,Neither
118,Suriname,SUR,2008,0.603741156,Low-middle SDI,5256.70518914428,8474.050576352434,-3217.3453872081545,0.6203296926045694,-0.4775041800130164,12747.832477968348,1660.5616596116913,False,False,Neither
119,Trinidad and Tobago,TTO,2008,0.71946382,High SDI,4915.993168078679,4548.703179919631,367.28998815904833,1.0807460881994806,0.07765162503509396,12747.832477968348,1660.5616596116913,False,False,Neither
121,Bolivia (Plurinational State of),BOL,2008,0.541861048,Low-middle SDI,15978.88215546266,10856.629220359742,5122.252935102917,1.471808775185673,0.3864921037059814,12747.832477968348,1660.5616596116913,True,True,Double-high
122,Ecuador,ECU,2008,0.597513965,Low-middle SDI,9403.6263347019,8708.44771839905,695.1786163028501,1.0798280748512836,0.07680183851154782,12747.832477968348,1660.5616596116913,False,False,Neither
123,Peru,PER,2008,0.603038851,Low-middle SDI,14644.54033971572,8500.400232505968,6144.140107209752,1.7228059784425496,0.5439543443813432,12747.832477968348,1660.5616596116913,True,True,Double-high
125,Colombia,COL,2008,0.593978096,Low-middle SDI,6142.522805960591,8842.270820261094,-2699.748014300503,0.6946770723065475,-0.36430818556113476,12747.832477968348,1660.5616596116913,False,False,Neither
126,Costa Rica,CRI,2008,0.624552485,Low-middle SDI,3614.11534608728,7704.067559724231,-4089.952213636951,0.4691178157602564,-0.7569013357710328,12747.832477968348,1660.5616596116913,False,False,Neither
127,El Salvador,SLV,2008,0.51499349,Low SDI,6420.96535585555,11906.498754707936,-5485.533398852386,0.5392824110712348,-0.6175158915390064,12747.832477968348,1660.5616596116913,False,False,Neither
128,Guatemala,GTM,2008,0.461790809,Low SDI,8239.91381159619,13948.699149753991,-5708.7853381578025,0.5907299113080028,-0.5263963688966128,12747.832477968348,1660.5616596116913,False,False,Neither
129,Honduras,HND,2008,0.445647691,Low SDI,6964.566638766851,14548.41792283931,-7583.851284072459,0.4787164264667774,-0.7366468684308664,12747.832477968348,1660.5616596116913,False,False,Neither
130,Mexico,MEX,2008,0.609822687,Low-middle SDI,2582.94346116201,8246.83747322041,-5663.8940120584,0.3132041184938454,-1.1609001652270245,12747.832477968348,1660.5616596116913,False,False,Neither
131,Nicaragua,NIC,2008,0.469080254,Low SDI,6380.2772631566695,13674.162253671837,-7293.884990515166,0.4665936490144699,-0.762296530686605,12747.832477968348,1660.5616596116913,False,False,Neither
132,Panama,PAN,2008,0.619386053,Low-middle SDI,4130.71873982613,7893.17454492047,-3762.45580509434,0.5233279355876389,-0.6475469835248316,12747.832477968348,1660.5616596116913,False,False,Neither
133,Venezuela (Bolivarian Republic of),VEN,2008,0.595867656,Low-middle SDI,4173.29537323601,8770.692910243544,-4597.397537007534,0.4758227674762046,-0.7427098313203007,12747.832477968348,1660.5616596116913,False,False,Neither
135,Brazil,BRA,2008,0.616714449,Low-middle SDI,14100.235849510078,7991.51030812614,6108.7255413839375,1.7644018847316385,0.5678117574478269,12747.832477968348,1660.5616596116913,True,True,Double-high
136,Paraguay,PRY,2008,0.582704669,Low-middle SDI,8510.538866854691,9272.093658922537,-761.5547920678437,0.9178659297369156,-0.085703945065626,12747.832477968348,1660.5616596116913,False,False,Neither
139,Algeria,DZA,2008,0.583663946,Low-middle SDI,11363.49033720984,9235.347089695002,2128.1432475148376,1.2304345713102072,0.20736741699334074,12747.832477968348,1660.5616596116913,False,True,Excess-only
140,Bahrain,BHR,2008,0.699948155,High-middle SDI,7878.06564361807,5139.487736813521,2738.5779068045485,1.532850363118575,0.4271289846352968,12747.832477968348,1660.5616596116913,False,True,Excess-only
141,Egypt,EGY,2008,0.568479052,Low-middle SDI,18660.86424830681,9820.185627370874,8840.678620935936,1.900255754463047,0.641988484725733,12747.832477968348,1660.5616596116913,True,True,Double-high
142,Iran (Islamic Republic of),IRN,2008,0.641061524,Middle SDI,5769.6908801879,7109.739912056793,-1340.0490318688935,0.8115192611200277,-0.20884715710272467,12747.832477968348,1660.5616596116913,False,False,Neither
143,Iraq,IRQ,2008,0.517048791,Low SDI,15100.93720485358,11826.338698388035,3274.598506465544,1.2768903030751082,0.24442767130509502,12747.832477968348,1660.5616596116913,True,True,Double-high
144,Jordan,JOR,2008,0.639025079,Middle SDI,10515.55779073991,7182.191304766969,3333.3664859729406,1.4641155247090838,0.3812513227462767,12747.832477968348,1660.5616596116913,False,True,Excess-only
145,Kuwait,KWT,2008,0.79248169,High SDI,8944.33458892851,2674.237406176256,6270.097182752254,3.34462997498697,1.2073560671285672,12747.832477968348,1660.5616596116913,False,True,Excess-only
146,Lebanon,LBN,2008,0.644364606,Middle SDI,11568.11714310962,6992.765434390683,4575.3517087189375,1.654297895681898,0.5033766866007054,12747.832477968348,1660.5616596116913,False,True,Excess-only
147,Libya,LBY,2008,0.732585151,High SDI,9701.61482489629,4171.526522538224,5530.088302358067,2.325674971135796,0.8440103070734112,12747.832477968348,1660.5616596116913,False,True,Excess-only
148,Morocco,MAR,2008,0.488979444,Low SDI,13174.09244154236,12914.884649563375,259.20779197898264,1.0200704689985556,0.01987171216325119,12747.832477968348,1660.5616596116913,True,False,Structural high
149,Palestine,PSE,2008,0.51338182,Low SDI,14585.29727539728,11969.321022589362,2615.976252807919,1.218556779275187,0.19766719067921482,12747.832477968348,1660.5616596116913,True,True,Double-high
150,Oman,OMN,2008,0.69932325,High-middle SDI,7873.85558900664,5158.967897355699,2714.8876916509407,1.5262462852390484,0.422811312526006,12747.832477968348,1660.5616596116913,False,True,Excess-only
151,Qatar,QAT,2008,0.783577487,High SDI,8008.4424763629795,2872.499680540615,5135.942795822364,2.7879698405591333,1.025313675249786,12747.832477968348,1660.5616596116913,False,True,Excess-only
152,Saudi Arabia,SAU,2008,0.72988537,High SDI,7457.100873910021,4247.766864742672,3209.334009167349,1.7555344046316368,0.5627733146294868,12747.832477968348,1660.5616596116913,False,True,Excess-only
153,Syrian Arab Republic,SYR,2008,0.511697823,Low SDI,14376.69635921996,12034.926178074898,2341.7701811450625,1.19458118367284,0.17779565003919676,12747.832477968348,1660.5616596116913,True,True,Double-high
154,Tunisia,TUN,2008,0.611181664,Low-middle SDI,12275.019806424967,8196.304888169772,4078.714918255195,1.497628501368007,0.4038828579222807,12747.832477968348,1660.5616596116913,False,True,Excess-only
155,Türkiye,TUR,2008,0.610915801,Low-middle SDI,10379.71503428552,8206.18377238228,2173.531261903241,1.2648650483819543,0.23496543536766332,12747.832477968348,1660.5616596116913,False,True,Excess-only
156,United Arab Emirates,ARE,2008,0.826664414,High SDI,8331.52189126858,1994.0557190853856,6337.4661721831935,4.178179080717966,1.4298755250013262,12747.832477968348,1660.5616596116913,False,True,Excess-only
157,Yemen,YEM,2008,0.378528064,Low SDI,22678.0703795032,16884.435658326427,5793.634721176772,1.3431346382204776,0.2950061643557424,12747.832477968348,1660.5616596116913,True,True,Double-high
160,Afghanistan,AFG,2008,0.231762928,Low SDI,23291.59059086699,20877.27199227684,2414.318598590148,1.115643394380419,0.1094312738099813,12747.832477968348,1660.5616596116913,True,True,Double-high
161,Bangladesh,BGD,2008,0.362159454,Low SDI,23135.6429774462,17408.348371439693,5727.294606006508,1.32899701245655,0.28442453176511284,12747.832477968348,1660.5616596116913,True,True,Double-high
162,Bhutan,BTN,2008,0.389602383,Low SDI,16092.52375488667,16519.087173000324,-426.5634181136538,0.9741775430054724,-0.026161709604529317,12747.832477968348,1660.5616596116913,True,False,Structural high
163,India,IND,2008,0.458909772,Low SDI,17568.251800246628,14056.596690257533,3511.6551099890967,1.24982256995557,0.22300159720365778,12747.832477968348,1660.5616596116913,True,True,Double-high
164,Nepal,NPL,2008,0.34841189,Low SDI,19875.66656112844,17833.09755692421,2042.5690042042297,1.114538093995406,0.1084400536054624,12747.832477968348,1660.5616596116913,True,True,Double-high
165,Pakistan,PAK,2008,0.416124142,Low SDI,23846.30948925558,15610.36942101944,8235.940068236137,1.527594180900447,0.4236940670535417,12747.832477968348,1660.5616596116913,True,True,Double-high
168,Angola,AGO,2008,0.376559093,Low SDI,15285.71528051732,16948.48404452607,-1662.7687640087515,0.9018927734397708,-0.10325964243846115,12747.832477968348,1660.5616596116913,True,False,Structural high
169,Central African Republic,CAF,2008,0.232842919,Low SDI,22522.199162147,20853.30664845704,1668.892513689967,1.0800301142559303,0.07698892431769465,12747.832477968348,1660.5616596116913,True,True,Double-high
170,Congo,COG,2008,0.486325281,Low SDI,14875.4738095163,13016.887941968844,1858.585867547456,1.142782658638017,0.13346621680889015,12747.832477968348,1660.5616596116913,True,True,Double-high
171,Democratic Republic of the Congo,COD,2008,0.273163187,Low SDI,21810.6058925918,19906.7302835404,1903.875609051407,1.0956397952819803,0.0913384805674828,12747.832477968348,1660.5616596116913,True,True,Double-high
172,Equatorial Guinea,GNQ,2008,0.525618483,Low SDI,11956.66314899265,11491.677365808748,464.9857831839017,1.0404628296098335,0.039665642628474586,12747.832477968348,1660.5616596116913,False,False,Neither
173,Gabon,GAB,2008,0.545379691,Low-middle SDI,13297.8474289612,10719.141763556789,2578.705665404412,1.2405701615190463,0.21557108161443947,12747.832477968348,1660.5616596116913,True,True,Double-high
175,Burundi,BDI,2008,0.241864509,Low SDI,25967.64358005374,20650.42896575613,5317.214614297609,1.2574868843216265,0.2291151929744435,12747.832477968348,1660.5616596116913,True,True,Double-high
176,Comoros,COM,2008,0.400057617,Low SDI,17062.92735174066,16166.387702218046,896.5396495226123,1.0554570177356075,0.053973865293844056,12747.832477968348,1660.5616596116913,True,False,Structural high
177,Djibouti,DJI,2008,0.391380208,Low SDI,15717.532390973429,16459.63868588278,-742.1062949093503,0.9549135731912606,-0.046134441872880315,12747.832477968348,1660.5616596116913,True,False,Structural high
178,Eritrea,ERI,2008,0.34921884,Low SDI,22491.04383477154,17808.55664435906,4682.4871904124775,1.262934682687812,0.23343812602771957,12747.832477968348,1660.5616596116913,True,True,Double-high
179,Ethiopia,ETH,2008,0.227592987,Low SDI,19769.54497959804,20969.17683931797,-1199.6318597199315,0.9427907032826116,-0.05891096872120577,12747.832477968348,1660.5616596116913,True,False,Structural high
180,Kenya,KEN,2008,0.422313475,Low SDI,25882.07589436099,15391.866486088122,10490.209408272867,1.681542385892861,0.5197114590722017,12747.832477968348,1660.5616596116913,True,True,Double-high
181,Madagascar,MDG,2008,0.292516625,Low SDI,18650.122957215008,19413.39493253556,-763.2719753205492,0.9606832304203858,-0.040110549302862744,12747.832477968348,1660.5616596116913,True,False,Structural high
182,Malawi,MWI,2008,0.287664749,Low SDI,22517.36595729719,19539.5899855676,2977.7759717295885,1.1523970551034617,0.14184416877847839,12747.832477968348,1660.5616596116913,True,True,Double-high
183,Mauritius,MUS,2008,0.662865422,Middle SDI,10469.23514718851,6350.658956047322,4118.576191141188,1.6485273763944346,0.49988239024309683,12747.832477968348,1660.5616596116913,False,True,Excess-only
184,Mozambique,MOZ,2008,0.24559215,Low SDI,16792.54612307661,20565.165338561183,-3772.619215484574,0.8165529353459348,-0.20266353665115655,12747.832477968348,1660.5616596116913,True,False,Structural high
185,Rwanda,RWA,2008,0.347864271,Low SDI,25478.74720443,17849.723802317585,7629.023402112416,1.4274028823416234,0.3558566268477494,12747.832477968348,1660.5616596116913,True,True,Double-high
186,Seychelles,SYC,2008,0.6957752,High-middle SDI,12451.40395327176,5270.21013184691,7181.193821424849,2.3626010427990747,0.8597631489099362,12747.832477968348,1660.5616596116913,False,True,Excess-only
187,Somalia,SOM,2008,0.099892102,Low SDI,18781.48195695386,23462.463755097648,-4680.981798143788,0.8004906114292127,-0.22253047499739026,12747.832477968348,1660.5616596116913,True,False,Structural high
189,United Republic of Tanzania,TZA,2008,0.3434123,Low SDI,21864.35971915113,17984.051196443244,3880.308522707885,1.2157638721288395,0.19537258058322818,12747.832477968348,1660.5616596116913,True,True,Double-high
190,Uganda,UGA,2008,0.307534466,Low SDI,19888.75306438465,19011.847949021765,876.9051153628861,1.0461241388903495,0.045092038228346495,12747.832477968348,1660.5616596116913,True,False,Structural high
191,Zambia,ZMB,2008,0.367340045,Low SDI,15601.22472572775,17244.64643372575,-1643.421707997999,0.904699599709744,-0.10015232440688474,12747.832477968348,1660.5616596116913,True,False,Structural high
193,Botswana,BWA,2008,0.61236393,Low-middle SDI,10309.75766911634,8152.41624144355,2157.34142767279,1.2646260156229203,0.23477643864563727,12747.832477968348,1660.5616596116913,False,True,Excess-only
194,Lesotho,LSO,2008,0.440727472,Low SDI,22005.2812230552,14728.707821090353,7276.57340196485,1.494040175849328,0.40148397781447026,12747.832477968348,1660.5616596116913,True,True,Double-high
195,Namibia,NAM,2008,0.534223627,Low-middle SDI,16311.011826249647,11155.236005049748,5155.775821199899,1.4621843786062425,0.37993146733364835,12747.832477968348,1660.5616596116913,True,True,Double-high
196,South Africa,ZAF,2008,0.633457816,Middle SDI,16324.588218584871,7381.523653228522,8943.06456535635,2.2115472340788127,0.7936923764878533,12747.832477968348,1660.5616596116913,True,True,Double-high
197,Eswatini,SWZ,2008,0.521449848,Low SDI,17674.01286524673,11654.543850522166,6019.469014724562,1.516491172192455,0.41639922695741916,12747.832477968348,1660.5616596116913,True,True,Double-high
198,Zimbabwe,ZWE,2008,0.433360424,Low SDI,12354.12847299891,14996.284860441128,-2642.156387442217,0.8238126034527397,-0.19381219793144402,12747.832477968348,1660.5616596116913,False,False,Neither
200,Benin,BEN,2008,0.291116889,Low SDI,16204.83506249453,19449.97672231328,-3245.141659818746,0.8331544707662362,-0.1825362149118766,12747.832477968348,1660.5616596116913,True,False,Structural high
201,Burkina Faso,BFA,2008,0.214297746,Low SDI,15214.627639228707,21255.80447867785,-6041.176839449145,0.7157869585454092,-0.33437270022746235,12747.832477968348,1660.5616596116913,True,False,Structural high
202,Cameroon,CMR,2008,0.385382462,Low SDI,14568.376950157492,16659.3201757613,-2090.943225603807,0.8744880821339845,-0.1341166128221947,12747.832477968348,1660.5616596116913,True,False,Structural high
203,Cabo Verde,CPV,2008,0.454393162,Low SDI,8022.7740706368095,14225.01329630768,-6202.23922567087,0.5639906201507202,-0.5727176585608131,12747.832477968348,1660.5616596116913,False,False,Neither
204,Chad,TCD,2008,0.177074798,Low SDI,21315.37691743847,22013.28445282713,-697.9075353886619,0.9682960742689612,-0.03221737662365888,12747.832477968348,1660.5616596116913,True,False,Structural high
205,Côte d'Ivoire,CIV,2008,0.356501363,Low SDI,14674.19819836987,17584.870881467974,-2910.672683098104,0.8344785865806071,-0.1809481963884961,12747.832477968348,1660.5616596116913,True,False,Structural high
206,Gambia,GMB,2008,0.345463422,Low SDI,12416.00707545675,17922.349294097938,-5506.342218641188,0.692766716668417,-0.36706196464832197,12747.832477968348,1660.5616596116913,False,False,Neither
207,Ghana,GHA,2008,0.474587034,Low SDI,13047.99926278091,13465.394415288776,-417.3951525078664,0.9690023819848936,-0.03148820890564744,12747.832477968348,1660.5616596116913,True,False,Structural high
208,Guinea,GIN,2008,0.257834497,Low SDI,19994.73089979895,20278.9827393408,-284.25183954185195,0.9859829339964667,-0.014116232849305774,12747.832477968348,1660.5616596116913,True,False,Structural high
209,Guinea-Bissau,GNB,2008,0.285424241,Low SDI,15658.361595226032,19597.290479518564,-3938.928884292533,0.7990064550806567,-0.22438625429898915,12747.832477968348,1660.5616596116913,True,False,Structural high
210,Liberia,LBR,2008,0.280021449,Low SDI,19976.8871780688,19734.9529475191,241.9342305496976,1.0122591744299096,0.01218463929228126,12747.832477968348,1660.5616596116913,True,False,Structural high
211,Mali,MLI,2008,0.196187964,Low SDI,11153.06747676611,21631.855607523503,-10478.788130757395,0.5155853329978358,-0.6624524547960426,12747.832477968348,1660.5616596116913,False,False,Neither
212,Mauritania,MRT,2008,0.414676731,Low SDI,15770.7760990347,15661.130764587737,109.64533444696464,1.0070011122501377,0.0069767182543233695,12747.832477968348,1660.5616596116913,True,False,Structural high
213,Niger,NER,2008,0.132681245,Low SDI,20242.19381572456,22856.3076086272,-2614.1137929026336,0.8856283421773722,-0.12145789473782355,12747.832477968348,1660.5616596116913,True,False,Structural high
214,Nigeria,NGA,2008,0.388408216,Low SDI,17537.41882137,16558.896298876036,978.522522493964,1.059093462802855,0.05741331844059553,12747.832477968348,1660.5616596116913,True,False,Structural high
215,Sao Tome and Principe,STP,2008,0.38869559,Low SDI,15711.053495682869,16549.325329866053,-838.2718341831842,0.9493470689907594,-0.05198082648278537,12747.832477968348,1660.5616596116913,True,False,Structural high
216,Senegal,SEN,2008,0.319819612,Low SDI,16191.45555687567,18670.866482208712,-2479.4109253330425,0.867204292436259,-0.14248069854394657,12747.832477968348,1660.5616596116913,True,False,Structural high
217,Sierra Leone,SLE,2008,0.267363377,Low SDI,22649.9901666405,20049.44864829799,2600.5415183425102,1.1297063856448375,0.12195776324856855,12747.832477968348,1660.5616596116913,True,True,Double-high
218,Togo,TGO,2008,0.354777726,Low SDI,16576.46120283876,17638.171742764047,-1061.7105399252869,0.9398060890091487,-0.06208171328658266,12747.832477968348,1660.5616596116913,True,False,Structural high
298,American Samoa,ASM,2008,0.672710642,Middle SDI,7662.17462016293,6018.668515905775,1643.5061042571551,1.2730680548220583,0.24142977833647236,12747.832477968348,1660.5616596116913,False,False,Neither
305,Bermuda,BMU,2008,0.777249318,High SDI,4877.10829473942,3018.6729742961047,1858.435320443315,1.615646456660866,0.4797351593449933,12747.832477968348,1660.5616596116913,False,True,Excess-only
320,Cook Islands,COK,2008,0.719736355,High SDI,9048.74114732021,4540.701095210683,4508.040052109527,1.992807048423512,0.6895442219043358,12747.832477968348,1660.5616596116913,False,True,Excess-only
349,Greenland,GRL,2008,0.811762927,High SDI,1116.18113411313,2274.7922282422587,-1158.6110941291288,0.4906738823244563,-0.7119755626452552,12747.832477968348,1660.5616596116913,False,False,Neither
351,Guam,GUM,2008,0.747062962,High SDI,7201.16283309201,3775.109055831053,3426.053777260957,1.9075376966843,0.6458132463320805,12747.832477968348,1660.5616596116913,False,True,Excess-only
367,Monaco,MCO,2008,0.894163406,High SDI,1020.09183540931,1015.0731113379512,5.018724071358633,1.004944199600306,0.004932017183826872,12747.832477968348,1660.5616596116913,False,False,Neither
369,Nauru,NRU,2008,0.525625124,Low SDI,15693.49558179087,11491.417818542,4202.07776324887,1.3656709580665145,0.3116458522396353,12747.832477968348,1660.5616596116913,True,True,Double-high
374,Niue,NIU,2008,0.685869795,High-middle SDI,10268.11885738166,5586.395458297055,4681.723399084605,1.8380579989429844,0.608709578899715,12747.832477968348,1660.5616596116913,False,True,Excess-only
376,Northern Mariana Islands,MNP,2008,0.760095661,High SDI,6691.40961480124,3436.671086915014,3254.7385278862266,1.9470613991191976,0.6663212611363902,12747.832477968348,1660.5616596116913,False,True,Excess-only
380,Palau,PLW,2008,0.732152892,High SDI,8243.872866373351,4183.685031133801,4060.1878352395497,1.9704812396307991,0.6782777969939482,12747.832477968348,1660.5616596116913,False,True,Excess-only
385,Puerto Rico,PRI,2008,0.773103032,High SDI,4622.17346150035,3116.8074535303285,1505.3660079700212,1.48298331880108,0.3940558148127484,12747.832477968348,1660.5616596116913,False,False,Neither
393,Saint Kitts and Nevis,KNA,2008,0.701281966,High-middle SDI,5674.2927586327,5098.022565223801,576.2701934088982,1.1130379840489388,0.10709319933815248,12747.832477968348,1660.5616596116913,False,False,Neither
396,San Marino,SMR,2008,0.853780413,High SDI,1044.47339522555,1544.7154523992183,-500.2420571736684,0.6761590904028937,-0.39132688979479974,12747.832477968348,1660.5616596116913,False,False,Neither
416,Tuvalu,TUV,2008,0.547444646,Low-middle SDI,10320.93057584535,10638.497045494418,-317.5664696490676,0.9701493107258452,-0.030305290747151773,12747.832477968348,1660.5616596116913,False,False,Neither
422,United States Virgin Islands,VIR,2008,0.769730182,High SDI,4324.0372623234,3198.006980189989,1126.0302821334112,1.3521037599694403,0.30166172021551096,12747.832477968348,1660.5616596116913,False,False,Neither
435,South Sudan,SSD,2008,0.33976699,Low SDI,16245.60625337446,18092.92499698606,-1847.3187436116004,0.8978982810176172,-0.10769848990467615,12747.832477968348,1660.5616596116913,True,False,Structural high
522,Sudan,SDN,2008,0.440950985,Low SDI,16168.17191227074,14720.544643850068,1447.6272684206724,1.0983406051504665,0.0938005000387682,12747.832477968348,1660.5616596116913,True,False,Structural high
6,China,CHN,2009,0.630191044,Low-middle SDI,8238.43274881117,7444.497327319643,793.9354214915274,1.1066472841058002,0.10133497974468048,12322.368861476412,1651.7037331104525,False,False,Neither
7,Democratic People's Republic of Korea,PRK,2009,0.535085519,Low-middle SDI,14266.6635770863,11040.219097470264,3226.444479616035,1.2922446059386028,0.2563807109228721,12322.368861476412,1651.7037331104525,True,True,Double-high
8,Taiwan,TWN,2009,0.823190427,High SDI,9297.30118861388,2042.293059490252,7255.008129123627,4.552383481602023,1.5156509379158125,12322.368861476412,1651.7037331104525,False,True,Excess-only
10,Cambodia,KHM,2009,0.417191562,Low SDI,24180.59369584952,15458.994167987616,8721.599527861903,1.5641763903322077,0.44735941730609163,12322.368861476412,1651.7037331104525,True,True,Double-high
11,Indonesia,IDN,2009,0.57958349,Low-middle SDI,14591.068895146158,9323.190178079938,5267.87871706622,1.565029632180163,0.44790475811328867,12322.368861476412,1651.7037331104525,True,True,Double-high
12,Lao People's Democratic Republic,LAO,2009,0.423126397,Low SDI,14887.7215668244,15250.673657031231,-362.9520902068307,0.976200914243582,-0.02408685899645942,12322.368861476412,1651.7037331104525,True,False,Structural high
13,Malaysia,MYS,2009,0.7068684,High-middle SDI,8518.4798914398,4890.039276201709,3628.44061523809,1.7420064360007446,0.555037573027817,12322.368861476412,1651.7037331104525,False,True,Excess-only
14,Maldives,MDV,2009,0.568555529,Low-middle SDI,8359.90445629446,9745.448388073277,-1385.5439317788168,0.8578265589632099,-0.15335334565890135,12322.368861476412,1651.7037331104525,False,False,Neither
15,Myanmar,MMR,2009,0.455906456,Low SDI,14981.27039063114,14065.095755122356,916.1746355087852,1.0651381726409594,0.06310453031491443,12322.368861476412,1651.7037331104525,True,False,Structural high
16,Philippines,PHL,2009,0.570030549,Low-middle SDI,15742.42886836085,9688.791296793515,6053.637571567335,1.6248083363681054,0.48538986197502737,12322.368861476412,1651.7037331104525,True,True,Double-high
17,Sri Lanka,LKA,2009,0.647096328,Middle SDI,9249.70154482903,6846.117345777216,2403.584199051814,1.3510872042727078,0.30090960483920215,12322.368861476412,1651.7037331104525,False,True,Excess-only
18,Thailand,THA,2009,0.615756341,Low-middle SDI,12600.57687599803,7968.178092737282,4632.398783260747,1.581362355277051,0.45828672569009093,12322.368861476412,1651.7037331104525,True,True,Double-high
19,Timor-Leste,TLS,2009,0.398176211,Low SDI,16899.02349064453,16111.734634508442,787.2888561360869,1.048864313743714,0.04770797285321729,12322.368861476412,1651.7037331104525,True,False,Structural high
20,Viet Nam,VNM,2009,0.564598517,Low-middle SDI,11927.03008775396,9897.67911983945,2029.35096791451,1.2050330126228044,0.18650696293481722,12322.368861476412,1651.7037331104525,False,True,Excess-only
22,Fiji,FJI,2009,0.631132114,Middle SDI,9426.86644646454,7410.747477198572,2016.118969265969,1.2720533894143844,0.24063243684714727,12322.368861476412,1651.7037331104525,False,True,Excess-only
23,Kiribati,KIR,2009,0.487607592,Low SDI,10236.03434749284,12872.821704057733,-2636.7873565648933,0.7951663266078072,-0.22920397035151394,12322.368861476412,1651.7037331104525,False,False,Neither
24,Marshall Islands,MHL,2009,0.516310227,Low SDI,11703.798405635467,11768.472882473428,-64.67447683796127,0.9945044291231464,-0.005510727079981834,12322.368861476412,1651.7037331104525,False,False,Neither
25,Micronesia (Federated States of),FSM,2009,0.54881786,Low-middle SDI,7756.205455327609,10507.4988187401,-2751.29336341249,0.7381590604125917,-0.3035959485903539,12322.368861476412,1651.7037331104525,False,False,Neither
26,Papua New Guinea,PNG,2009,0.399650686,Low SDI,12816.17636006058,16061.95428619442,-3245.777926133842,0.797921356996785,-0.22574523651805345,12322.368861476412,1651.7037331104525,True,False,Structural high
27,Samoa,WSM,2009,0.562834602,Low-middle SDI,8988.97385626623,9965.64255681502,-976.6687005487892,0.901996414683678,-0.10314473377921139,12322.368861476412,1651.7037331104525,False,False,Neither
28,Solomon Islands,SLB,2009,0.399112702,Low SDI,12233.386823350793,16080.134063377118,-3846.747240026325,0.7607764198441989,-0.2734157621269149,12322.368861476412,1651.7037331104525,False,False,Neither
29,Tonga,TON,2009,0.580481718,Low-middle SDI,10424.648462608013,9288.94543994241,1135.7030226656025,1.1222639351268109,0.11534801573519021,12322.368861476412,1651.7037331104525,False,False,Neither
30,Vanuatu,VUT,2009,0.425300457,Low SDI,10889.84194504021,15173.84085207324,-4283.998907033028,0.7176720812616342,-0.33174252559307116,12322.368861476412,1651.7037331104525,False,False,Neither
33,Armenia,ARM,2009,0.651061823,Middle SDI,5956.25620852207,6708.296548740303,-752.0403402182328,0.8878939929452802,-0.11890292042987935,12322.368861476412,1651.7037331104525,False,False,Neither
34,Azerbaijan,AZE,2009,0.64757933,Middle SDI,10540.1577325195,6829.276803688037,3710.8809288314624,1.543378315962748,0.4339737254174324,12322.368861476412,1651.7037331104525,False,True,Excess-only
35,Georgia,GEO,2009,0.675123791,Middle SDI,6538.6790813407,5894.974386033321,643.7046953073786,1.109195503348153,0.10363498079179609,12322.368861476412,1651.7037331104525,False,False,Neither
36,Kazakhstan,KAZ,2009,0.682370052,High-middle SDI,6465.00631568669,5658.356922916556,806.649392770134,1.1425589448949702,0.13327043536123656,12322.368861476412,1651.7037331104525,False,False,Neither
37,Kyrgyzstan,KGZ,2009,0.556558721,Low-middle SDI,8258.95714939398,10207.903299674976,-1948.9461502809968,0.8090747832277122,-0.21186392710105173,12322.368861476412,1651.7037331104525,False,False,Neither
38,Mongolia,MNG,2009,0.593282781,Low-middle SDI,8773.2092373549,8803.804220479447,-30.59498312454707,0.9965247996935942,-0.0034812528415738004,12322.368861476412,1651.7037331104525,False,False,Neither
39,Tajikistan,TJK,2009,0.494424622,Low SDI,8104.924338247079,12612.129190644282,-4507.204852397204,0.6426293463802557,-0.44218716515102,12322.368861476412,1651.7037331104525,False,False,Neither
40,Turkmenistan,TKM,2009,0.625626189,Low-middle SDI,9543.562471612491,7608.905141923042,1934.6573296894487,1.2542622484580603,0.22654754989807477,12322.368861476412,1651.7037331104525,False,True,Excess-only
41,Uzbekistan,UZB,2009,0.611549286,Low-middle SDI,10333.84284551008,8122.82472618899,2211.01811932109,1.272198181525756,0.2407462558681762,12322.368861476412,1651.7037331104525,False,True,Excess-only
43,Albania,ALB,2009,0.636020023,Middle SDI,7066.495062825879,7236.262278715298,-169.76721588941837,0.9765393777408028,-0.02374020409104315,12322.368861476412,1651.7037331104525,False,False,Neither
44,Bosnia and Herzegovina,BIH,2009,0.654302145,Middle SDI,5889.0591266463,6596.437653065106,-707.3785264188064,0.8927635545694705,-0.11343350968307911,12322.368861476412,1651.7037331104525,False,False,Neither
45,Bulgaria,BGR,2009,0.720180291,High SDI,6359.592938768919,4494.578189026866,1865.014749742053,1.414947670572364,0.3470925484836947,12322.368861476412,1651.7037331104525,False,True,Excess-only
46,Croatia,HRV,2009,0.735882685,High SDI,3534.47228666806,4049.5577118791375,-515.0854252110785,0.8728045228988573,-0.13604366242026678,12322.368861476412,1651.7037331104525,False,False,Neither
47,Czechia,CZE,2009,0.798397502,High SDI,3939.997468185321,2528.7048505499724,1411.2926176353485,1.5581088743229183,0.4434728258304448,12322.368861476412,1651.7037331104525,False,False,Neither
48,Hungary,HUN,2009,0.756903839,High SDI,4536.52803810302,3492.1927181085075,1044.3353199945122,1.299048593331974,0.2616321452505107,12322.368861476412,1651.7037331104525,False,False,Neither
49,North Macedonia,MKD,2009,0.700456038,High-middle SDI,5622.61048684276,5086.219751163821,536.3907356789396,1.1054596069224505,0.10026118235967471,12322.368861476412,1651.7037331104525,False,False,Neither
50,Montenegro,MNE,2009,0.721445595,High SDI,5654.45036921483,4457.842612481187,1196.607756733643,1.268427546854918,0.23777798124417585,12322.368861476412,1651.7037331104525,False,False,Neither
51,Poland,POL,2009,0.770768233,High SDI,3862.95201312451,3149.687923869521,713.2640892549884,1.2264554795570712,0.20412828528634824,12322.368861476412,1651.7037331104525,False,False,Neither
52,Romania,ROU,2009,0.705117999,High-middle SDI,6636.708976106829,4943.232217927471,1693.4767581793585,1.342584908723826,0.2945967921225512,12322.368861476412,1651.7037331104525,False,True,Excess-only
53,Serbia,SRB,2009,0.713424876,High-middle SDI,4540.78387153315,4693.2362780161175,-152.4524064829675,0.967516571199051,-0.033022726370563936,12322.368861476412,1651.7037331104525,False,False,Neither
54,Slovakia,SVK,2009,0.776974212,High SDI,4674.34470744022,3003.008855088616,1671.3358523516044,1.5565537542520116,0.44247424564017623,12322.368861476412,1651.7037331104525,False,True,Excess-only
55,Slovenia,SVN,2009,0.810407163,High SDI,4354.85981855653,2284.714733263846,2070.145085292684,1.906084709461896,0.6450512478235927,12322.368861476412,1651.7037331104525,False,True,Excess-only
57,Belarus,BLR,2009,0.738043581,High SDI,4345.88822446158,3990.200628909836,355.68759555174347,1.0891402785550963,0.0853886497551799,12322.368861476412,1651.7037331104525,False,False,Neither
58,Estonia,EST,2009,0.794269107,High SDI,3318.23248486342,2616.218389133292,702.0140957301282,1.2683316112469851,0.23770234488928405,12322.368861476412,1651.7037331104525,False,False,Neither
59,Latvia,LVA,2009,0.798280708,High SDI,3492.78344893572,2531.155051881205,961.6283970545146,1.379916827434105,0.3220232273775191,12322.368861476412,1651.7037331104525,False,False,Neither
60,Lithuania,LTU,2009,0.778936635,High SDI,3571.13649752135,2957.4891604792347,613.6473370421154,1.2074892937030002,0.1885432400067325,12322.368861476412,1651.7037331104525,False,False,Neither
61,Republic of Moldova,MDA,2009,0.655853541,Middle SDI,5346.5260697761005,6543.128358122093,-1196.6022883459927,0.8171207681016023,-0.20196837607247276,12322.368861476412,1651.7037331104525,False,False,Neither
62,Russian Federation,RUS,2009,0.766399073,High SDI,2327.77136006844,3255.426011448078,-927.654651379638,0.7150435463385025,-0.33541183417276726,12322.368861476412,1651.7037331104525,False,False,Neither
63,Ukraine,UKR,2009,0.718935069,High SDI,2218.16355102515,4530.877605169327,-2312.7140541441768,0.4895659835292005,-0.7142360282835181,12322.368861476412,1651.7037331104525,False,False,Neither
66,Brunei Darussalam,BRN,2009,0.786377252,High SDI,2549.99235753647,2788.6841699862134,-238.6918124497433,0.9144070113716308,-0.08947949880167798,12322.368861476412,1651.7037331104525,False,False,Neither
67,Japan,JPN,2009,0.843821173,High SDI,2083.68008859121,1688.2289759647842,395.4511126264256,1.234240211639795,0.2104555675114886,12322.368861476412,1651.7037331104525,False,False,Neither
68,Republic of Korea,KOR,2009,0.839699168,High SDI,1910.49628252277,1755.343411156115,155.15287136665484,1.088388898936002,0.08469852844090982,12322.368861476412,1651.7037331104525,False,False,Neither
69,Singapore,SGP,2009,0.834443287,High SDI,4547.51166355026,1843.532492820713,2703.979170729547,2.4667380050309284,0.902896632082296,12322.368861476412,1651.7037331104525,False,True,Excess-only
71,Australia,AUS,2009,0.800624162,High SDI,873.14531249525,2482.277275280617,-1609.1319627853673,0.3517517245919042,-1.044829680108672,12322.368861476412,1651.7037331104525,False,False,Neither
72,New Zealand,NZL,2009,0.809488506,High SDI,1268.09741196507,2302.821704710745,-1034.724292745675,0.5506711220286828,-0.5966175227509352,12322.368861476412,1651.7037331104525,False,False,Neither
74,Andorra,AND,2009,0.848861744,High SDI,1094.27677078758,1608.5863782794218,-514.3096074918417,0.6802723096275637,-0.38526210563816987,12322.368861476412,1651.7037331104525,False,False,Neither
75,Austria,AUT,2009,0.818953686,High SDI,1131.29140843471,2120.6700968275954,-989.3786883928854,0.5334594051790795,-0.6283723026460637,12322.368861476412,1651.7037331104525,False,False,Neither
76,Belgium,BEL,2009,0.826620799,High SDI,1256.72007719221,1980.257146408112,-723.537069215902,0.6346246897640091,-0.4547214945640043,12322.368861476412,1651.7037331104525,False,False,Neither
77,Cyprus,CYP,2009,0.812552864,High SDI,830.5351286118799,2242.781179927986,-1412.2460513161063,0.3703148287692283,-0.9934017465788405,12322.368861476412,1651.7037331104525,False,False,Neither
78,Denmark,DNK,2009,0.876259035,High SDI,1121.54159406208,1221.191374584755,-99.64978052267496,0.9183995378639492,-0.08512275661388108,12322.368861476412,1651.7037331104525,False,False,Neither
79,Finland,FIN,2009,0.842123642,High SDI,1183.91867685523,1715.6509097340936,-531.7322328788637,0.6900696815057347,-0.3709626988002749,12322.368861476412,1651.7037331104525,False,False,Neither
80,France,FRA,2009,0.81578977,High SDI,945.43325830241,2180.471964948743,-1235.038706646333,0.4335911094021493,-0.8356533332132482,12322.368861476412,1651.7037331104525,False,False,Neither
81,Germany,DEU,2009,0.851062755,High SDI,1186.97559026172,1574.6415335475583,-387.66594328583824,0.7538068601477482,-0.2826190974373321,12322.368861476412,1651.7037331104525,False,False,Neither
82,Greece,GRC,2009,0.791939745,High SDI,1013.89512179299,2666.417281675768,-1652.5221598827782,0.3802462310609484,-0.9669362596316371,12322.368861476412,1651.7037331104525,False,False,Neither
83,Iceland,ISL,2009,0.841513835,High SDI,982.28108939548,1725.5759309811017,-743.2948415856215,0.5692482560515257,-0.5634386376327468,12322.368861476412,1651.7037331104525,False,False,Neither
84,Ireland,IRL,2009,0.851319229,High SDI,1105.7043883639,1570.7188170742818,-465.0144287103817,0.7039480117921129,-0.3510507724371135,12322.368861476412,1651.7037331104525,False,False,Neither
85,Israel,ISR,2009,0.79365671,High SDI,1130.34252515174,2629.3584749434635,-1499.0159497917236,0.429892894378369,-0.8442191841618144,12322.368861476412,1651.7037331104525,False,False,Neither
86,Italy,ITA,2009,0.795518313,High SDI,1082.63997480798,2589.5413541791177,-1506.9013793711376,0.4180817475885323,-0.8720782971847681,12322.368861476412,1651.7037331104525,False,False,Neither
87,Luxembourg,LUX,2009,0.851638088,High SDI,1155.00977377417,1565.8514411434446,-410.84166736927455,0.7376241087920433,-0.30432092181832066,12322.368861476412,1651.7037331104525,False,False,Neither
88,Malta,MLT,2009,0.766440274,High SDI,1181.3998064642,3254.419411524531,-2073.019605060331,0.3630139994496819,-1.0133138794838494,12322.368861476412,1651.7037331104525,False,False,Neither
89,Netherlands,NLD,2009,0.87105029,High SDI,951.60961867656,1289.0616049400844,-337.4519862635244,0.7382188834340394,-0.30351490833676603,12322.368861476412,1651.7037331104525,False,False,Neither
90,Norway,NOR,2009,0.874652389,High SDI,1292.1162685555,1241.8436961806196,50.27257237488038,1.0404822060372794,0.03968426534758971,12322.368861476412,1651.7037331104525,False,False,Neither
91,Portugal,PRT,2009,0.730737361,High SDI,1045.92660888206,4192.749503744137,-3146.8228948620767,0.2494607912893543,-1.3884535252806482,12322.368861476412,1651.7037331104525,False,False,Neither
92,Spain,ESP,2009,0.767925333,High SDI,1017.53044531252,3218.257780232784,-2200.727334920264,0.3161743138049431,-1.1514615915198894,12322.368861476412,1651.7037331104525,False,False,Neither
93,Sweden,SWE,2009,0.869331487,High SDI,988.34228760757,1312.0418583941216,-323.6995707865516,0.7532856374088973,-0.2833107905623089,12322.368861476412,1651.7037331104525,False,False,Neither
94,Switzerland,CHE,2009,0.919021746,High SDI,964.45610968437,758.9065583666462,205.5495513177237,1.2708496178503412,0.23968566722949128,12322.368861476412,1651.7037331104525,False,False,Neither
95,United Kingdom,GBR,2009,0.830373261,High SDI,1121.57892802201,1913.850035825147,-792.271107803137,0.5860328171106921,-0.534379489077793,12322.368861476412,1651.7037331104525,False,False,Neither
97,Argentina,ARG,2009,0.68657446,High-middle SDI,4750.86093220898,5522.957169737812,-772.0962375288327,0.8602023854612861,-0.15058758548907106,12322.368861476412,1651.7037331104525,False,False,Neither
98,Chile,CHL,2009,0.703661233,High-middle SDI,2831.95597195046,4987.708414564695,-2155.752442614235,0.5677869948613707,-0.5660089396413451,12322.368861476412,1651.7037331104525,False,False,Neither
99,Uruguay,URY,2009,0.675743504,Middle SDI,5945.50171890593,5874.580468916007,70.92124998992313,1.012072564222277,0.012000272071634408,12322.368861476412,1651.7037331104525,False,False,Neither
101,Canada,CAN,2009,0.855053441,High SDI,702.52817037933,1514.3750933488566,-811.8469229695265,0.463906315855852,-0.7680726526246154,12322.368861476412,1651.7037331104525,False,False,Neither
102,United States of America,USA,2009,0.828378799,High SDI,1243.31337001669,1948.9571879204705,-705.6438179037802,0.6379377534420346,-0.44951456553501157,12322.368861476412,1651.7037331104525,False,False,Neither
105,Antigua and Barbuda,ATG,2009,0.71144008,High-middle SDI,5632.30513592836,4752.402620204378,879.9025157239821,1.1851489837967772,0.16986849140742266,12322.368861476412,1651.7037331104525,False,False,Neither
106,Bahamas,BHS,2009,0.771898626,High SDI,4979.275533211449,3122.663161385715,1856.6123718257345,1.5945605644516083,0.466598190096647,12322.368861476412,1651.7037331104525,False,True,Excess-only
107,Barbados,BRB,2009,0.716575989,High-middle SDI,6328.7944882949405,4600.044116558257,1728.7503717366835,1.3758116939604768,0.3190438798268716,12322.368861476412,1651.7037331104525,False,True,Excess-only
108,Belize,BLZ,2009,0.566366722,Low-middle SDI,6614.46405481984,9829.61302851761,-3215.148973697769,0.6729119483778253,-0.3961407924024499,12322.368861476412,1651.7037331104525,False,False,Neither
109,Cuba,CUB,2009,0.634282824,Middle SDI,5995.82434808848,7298.118175267356,-1302.2938271788753,0.8215575856811653,-0.19655324574957023,12322.368861476412,1651.7037331104525,False,False,Neither
110,Dominica,DMA,2009,0.697675848,High-middle SDI,5184.3302247805095,5172.388960261361,11.941264519148715,1.0023086555575946,0.0023059947068910774,12322.368861476412,1651.7037331104525,False,False,Neither
111,Dominican Republic,DOM,2009,0.56850414,Low-middle SDI,8738.53670542246,9747.42319528885,-1008.8864898663888,0.8964971080404095,-0.10926021177549383,12322.368861476412,1651.7037331104525,False,False,Neither
112,Grenada,GRD,2009,0.616183932,Low-middle SDI,6223.17808110234,7952.509461186765,-1729.3313800844253,0.7825426818383999,-0.2452068125749961,12322.368861476412,1651.7037331104525,False,False,Neither
113,Guyana,GUY,2009,0.577935131,Low-middle SDI,6599.08045892781,9386.095854613875,-2787.015395686068,0.7030697918649458,-0.3522991149085918,12322.368861476412,1651.7037331104525,False,False,Neither
114,Haiti,HTI,2009,0.419166573,Low SDI,15809.45346846783,15389.902396525658,419.5510719421709,1.027261451121151,0.026896476074958812,12322.368861476412,1651.7037331104525,True,False,Structural high
115,Jamaica,JAM,2009,0.647541667,Middle SDI,5909.18520753041,6830.589444834783,-921.404237304373,0.865106189627437,-0.1449030170098943,12322.368861476412,1651.7037331104525,False,False,Neither
116,Saint Lucia,LCA,2009,0.652236296,Middle SDI,5831.67202964625,6667.672917114724,-836.0008874684736,0.8746187916142963,-0.13396715428136238,12322.368861476412,1651.7037331104525,False,False,Neither
117,Saint Vincent and the Grenadines,VCT,2009,0.584096268,Low-middle SDI,5075.79901621449,9151.39478273076,-4075.595766516272,0.5546475850646102,-0.5894223487876372,12322.368861476412,1651.7037331104525,False,False,Neither
118,Suriname,SUR,2009,0.60860751,Low-middle SDI,5026.349658909679,8231.472271100452,-3205.122612190773,0.610625838655436,-0.49327088274826686,12322.368861476412,1651.7037331104525,False,False,Neither
119,Trinidad and Tobago,TTO,2009,0.724479814,High SDI,4498.09035190218,4370.367239491487,127.72311241069384,1.0292248008946625,0.028805898389939584,12322.368861476412,1651.7037331104525,False,False,Neither
121,Bolivia (Plurinational State of),BOL,2009,0.547745217,Low-middle SDI,15104.03719569772,10549.066127317772,4554.971068379948,1.4317890335889008,0.3589247347725888,12322.368861476412,1651.7037331104525,True,True,Double-high
122,Ecuador,ECU,2009,0.601699175,Low-middle SDI,9005.96885752169,8488.208046933252,517.7608105884374,1.060997657895002,0.059209652178893166,12322.368861476412,1651.7037331104525,False,False,Neither
123,Peru,PER,2009,0.60988693,Low-middle SDI,14336.87703170193,8184.169018954647,6152.708012747283,1.7517816406891802,0.56063335043687,12322.368861476412,1651.7037331104525,True,True,Double-high
125,Colombia,COL,2009,0.601206332,Low-middle SDI,5994.01750460162,8506.606227759408,-2512.588723157788,0.7046308885253774,-0.3500811756518581,12322.368861476412,1651.7037331104525,False,False,Neither
126,Costa Rica,CRI,2009,0.630440637,Low-middle SDI,3740.34436682611,7435.541259797729,-3695.196892971619,0.5030359238337223,-0.6870936922800946,12322.368861476412,1651.7037331104525,False,False,Neither
127,El Salvador,SLV,2009,0.520520825,Low SDI,6357.668296912081,11605.347833229016,-5247.679536316935,0.5478222960890914,-0.6018043218330325,12322.368861476412,1651.7037331104525,False,False,Neither
128,Guatemala,GTM,2009,0.468129639,Low SDI,7970.132421265699,13609.846538028229,-5639.714116762528,0.585615157305102,-0.5350924332938052,12322.368861476412,1651.7037331104525,False,False,Neither
129,Honduras,HND,2009,0.451549525,Low SDI,6780.0471874756,14225.795136612198,-7445.747949136597,0.4766023355718192,-0.7410728138431006,12322.368861476412,1651.7037331104525,False,False,Neither
130,Mexico,MEX,2009,0.612003171,Low-middle SDI,2489.54534538797,8106.0986465376,-5616.55330114963,0.3071200405945395,-1.1805165961114987,12322.368861476412,1651.7037331104525,False,False,Neither
131,Nicaragua,NIC,2009,0.472798445,Low SDI,5894.37675576743,13434.37848311657,-7540.00172734914,0.4387532153552982,-0.8238181757837902,12322.368861476412,1651.7037331104525,False,False,Neither
132,Panama,PAN,2009,0.622472048,Low-middle SDI,4227.34799041537,7723.165347110479,-3495.817356695109,0.5473595087533607,-0.6026494552368745,12322.368861476412,1651.7037331104525,False,False,Neither
133,Venezuela (Bolivarian Republic of),VEN,2009,0.603103274,Low-middle SDI,3928.56985610983,8435.850935939461,-4507.281079829631,0.4656992976692901,-0.7642151371132806,12322.368861476412,1651.7037331104525,False,False,Neither
135,Brazil,BRA,2009,0.622774005,Low-middle SDI,12860.081323742232,7712.203886737254,5147.877437004978,1.667497580796305,0.5113240480097707,12322.368861476412,1651.7037331104525,True,True,Double-high
136,Paraguay,PRY,2009,0.589127933,Low-middle SDI,8059.179968547291,8960.636510289223,-901.4565417419326,0.8993981576301172,-0.10602945309090449,12322.368861476412,1651.7037331104525,False,False,Neither
139,Algeria,DZA,2009,0.588821157,Low-middle SDI,11164.35414670867,8972.241566696808,2192.1125800118625,1.244321618373334,0.21859049657228324,12322.368861476412,1651.7037331104525,False,True,Excess-only
140,Bahrain,BHR,2009,0.704747891,High-middle SDI,7860.67799512804,4954.514179620816,2906.163815507224,1.5865688764119432,0.46157374516237637,12322.368861476412,1651.7037331104525,False,True,Excess-only
141,Egypt,EGY,2009,0.569914841,Low-middle SDI,18575.78744704218,9693.23393373312,8882.55351330906,1.9163663617358044,0.650430873031932,12322.368861476412,1651.7037331104525,True,True,Double-high
142,Iran (Islamic Republic of),IRN,2009,0.645154026,Middle SDI,5581.20271103253,6913.987059996552,-1332.7843489640218,0.807233606687617,-0.21414217715278272,12322.368861476412,1651.7037331104525,False,False,Neither
143,Iraq,IRQ,2009,0.523673812,Low SDI,14558.32285709141,11483.094424971114,3075.228432120297,1.2678048545375462,0.23728694396419964,12322.368861476412,1651.7037331104525,True,True,Double-high
144,Jordan,JOR,2009,0.645943537,Middle SDI,10569.6567056416,6886.370628763272,3683.286076878329,1.5348660819233038,0.4284431341865569,12322.368861476412,1651.7037331104525,False,True,Excess-only
145,Kuwait,KWT,2009,0.799752069,High SDI,8904.683541497101,2500.39652866162,6404.287012835481,3.5613085522333074,1.2701280481783754,12322.368861476412,1651.7037331104525,False,True,Excess-only
146,Lebanon,LBN,2009,0.652217414,Middle SDI,10949.21782222634,6668.325309389827,4280.892512836512,1.6419741560611156,0.495899271601327,12322.368861476412,1651.7037331104525,False,True,Excess-only
147,Libya,LBY,2009,0.738333089,High SDI,9611.17191446762,3982.283505800344,5628.888408667279,2.4134825911988926,0.8810707629989188,12322.368861476412,1651.7037331104525,False,True,Excess-only
148,Morocco,MAR,2009,0.497506756,Low SDI,12366.85988053923,12493.881308824197,-127.02142828496471,0.9898333091898952,-0.010218724585749687,12322.368861476412,1651.7037331104525,True,False,Structural high
149,Palestine,PSE,2009,0.52096838,Low SDI,14385.61216010886,11587.999128122005,2797.613031986857,1.2414233036312154,0.21625854687794505,12322.368861476412,1651.7037331104525,True,True,Double-high
150,Oman,OMN,2009,0.706383121,High-middle SDI,7669.746660750271,4904.759173539427,2764.987487210844,1.5637356268433344,0.44707759128964975,12322.368861476412,1651.7037331104525,False,True,Excess-only
151,Qatar,QAT,2009,0.789182993,High SDI,7898.747763332729,2726.5911550715127,5172.156608261216,2.8969314848105863,1.0636520681142303,12322.368861476412,1651.7037331104525,False,True,Excess-only
152,Saudi Arabia,SAU,2009,0.739033402,High SDI,7153.2377667928495,3963.166766278289,3190.0710005145606,1.804929791917456,0.5905216945837353,12322.368861476412,1651.7037331104525,False,True,Excess-only
153,Syrian Arab Republic,SYR,2009,0.520018053,Low SDI,13990.55647325195,11624.834885061911,2365.721588190037,1.2035058227992577,0.18523881645052154,12322.368861476412,1651.7037331104525,True,True,Double-high
154,Tunisia,TUN,2009,0.617471106,Low-middle SDI,12077.2841643632,7905.397876451498,4171.886287911702,1.527726289443175,0.4237805447530777,12322.368861476412,1651.7037331104525,False,True,Excess-only
155,Türkiye,TUR,2009,0.617298285,Low-middle SDI,9286.774022347689,7911.718392428688,1375.0556299190002,1.1737998702323498,0.1602462385886319,12322.368861476412,1651.7037331104525,False,False,Neither
156,United Arab Emirates,ARE,2009,0.832273469,High SDI,8237.06948189061,1880.799425392358,6356.270056498252,4.379557634207728,1.4769477225316126,12322.368861476412,1651.7037331104525,False,True,Excess-only
157,Yemen,YEM,2009,0.387813419,Low SDI,21834.09639259582,16457.476023450698,5376.620369145123,1.3266977488822609,0.28269295915951076,12322.368861476412,1651.7037331104525,True,True,Double-high
160,Afghanistan,AFG,2009,0.240912659,Low SDI,22898.16079181513,20520.9247785544,2377.236013260732,1.1158444874640876,0.10961150609880449,12322.368861476412,1651.7037331104525,True,True,Double-high
161,Bangladesh,BGD,2009,0.371067852,Low SDI,21843.33131957195,17000.4229233738,4842.908396198149,1.2848698775334382,0.2506574505998854,12322.368861476412,1651.7037331104525,True,True,Double-high
162,Bhutan,BTN,2009,0.401067961,Low SDI,15355.13993503768,16013.969755204203,-658.8298201665257,0.9588590567961812,-0.042011183829636894,12322.368861476412,1651.7037331104525,True,False,Structural high
163,India,IND,2009,0.467266448,Low SDI,16103.89099613103,13642.196839138956,2461.6941569920746,1.1804470486695784,0.16589322153493996,12322.368861476412,1651.7037331104525,True,True,Double-high
164,Nepal,NPL,2009,0.357845368,Low SDI,19070.31096199341,17414.892533141596,1655.4184288518154,1.0950576310305362,0.0908069929616128,12322.368861476412,1651.7037331104525,True,True,Double-high
165,Pakistan,PAK,2009,0.4224525,Low SDI,24271.27965388712,15274.433592461875,8996.846061425242,1.5890133998726668,0.463113320415603,12322.368861476412,1651.7037331104525,True,True,Double-high
168,Angola,AGO,2009,0.385531091,Low SDI,14380.1839865539,16532.636830743602,-2152.452844189702,0.8698058351958071,-0.13948527017726306,12322.368861476412,1651.7037331104525,True,False,Structural high
169,Central African Republic,CAF,2009,0.234926176,Low SDI,21877.59986779767,20654.761483173552,1222.8383846241195,1.0592037039798454,0.057517403154316214,12322.368861476412,1651.7037331104525,True,False,Structural high
170,Congo,COG,2009,0.491024908,Low SDI,14386.56625842373,12742.291916796004,1644.274341627728,1.1290407057352343,0.12136833919891184,12322.368861476412,1651.7037331104525,True,False,Structural high
171,Democratic Republic of the Congo,COD,2009,0.279214056,Low SDI,21311.81287653603,19610.9098764842,1700.9030000518324,1.0867324877205935,0.08317547639814457,12322.368861476412,1651.7037331104525,True,True,Double-high
172,Equatorial Guinea,GNQ,2009,0.536026659,Low-middle SDI,11023.18297799827,11003.685784084317,19.497193913954103,1.0017718784684086,0.0017703105435968353,12322.368861476412,1651.7037331104525,False,False,Neither
173,Gabon,GAB,2009,0.54875665,Low-middle SDI,12827.344638096842,10509.870550643927,2317.4740874529143,1.2205045320287913,0.19926432409985517,12322.368861476412,1651.7037331104525,True,True,Double-high
175,Burundi,BDI,2009,0.245883345,Low SDI,25137.50415532995,20408.159448859984,4729.344706469965,1.23173793395338,0.20842612653715037,12322.368861476412,1651.7037331104525,True,True,Double-high
176,Comoros,COM,2009,0.405723072,Low SDI,16061.57963828092,15855.43857691812,206.1410613628013,1.0130012840933265,0.012917492880082945,12322.368861476412,1651.7037331104525,True,False,Structural high
177,Djibouti,DJI,2009,0.396342465,Low SDI,15610.47688715266,16173.442873106262,-562.9659859536023,0.9651919513754414,-0.03542828408136061,12322.368861476412,1651.7037331104525,True,False,Structural high
178,Eritrea,ERI,2009,0.350142124,Low SDI,21817.9543135383,17650.41977574143,4167.53453779687,1.2361153213774945,0.2119736567684817,12322.368861476412,1651.7037331104525,True,True,Double-high
179,Ethiopia,ETH,2009,0.239301025,Low SDI,18714.21357364288,20557.16486949324,-1842.9512958503583,0.9103499287207016,-0.09392621633095065,12322.368861476412,1651.7037331104525,True,False,Structural high
180,Kenya,KEN,2009,0.428752978,Low SDI,24697.54157439548,15051.266453315076,9646.275121080404,1.6408945819277414,0.4952415699029328,12322.368861476412,1651.7037331104525,True,True,Double-high
181,Madagascar,MDG,2009,0.295876347,Low SDI,18564.65746961016,19183.71503644985,-619.0575668396887,0.96773004782111,-0.03280210681662509,12322.368861476412,1651.7037331104525,True,False,Structural high
182,Malawi,MWI,2009,0.296451162,Low SDI,21704.850006791192,19168.62092677135,2536.2290800198425,1.132311504813457,0.12426112285627927,12322.368861476412,1651.7037331104525,True,True,Double-high
183,Mauritius,MUS,2009,0.668245187,Middle SDI,10336.76755102563,6123.270687637458,4213.496863388173,1.6881121345647825,0.5236108243967357,12322.368861476412,1651.7037331104525,False,True,Excess-only
184,Mozambique,MOZ,2009,0.250916669,Low SDI,15898.19331555766,20292.417024877355,-4394.223709319695,0.78345488839833,-0.24404179587197836,12322.368861476412,1651.7037331104525,True,False,Structural high
185,Rwanda,RWA,2009,0.355266675,Low SDI,25128.62105011084,17494.226711772237,7634.394338338603,1.4363950727356962,0.3621365530768676,12322.368861476412,1651.7037331104525,True,True,Double-high
186,Seychelles,SYC,2009,0.69628912,High-middle SDI,12371.296619715573,5215.616483972158,7155.680135743415,2.371972068447357,0.8637217055380513,12322.368861476412,1651.7037331104525,True,True,Double-high
187,Somalia,SOM,2009,0.110144739,Low SDI,17883.39100988465,23102.765894687847,-5219.374884803197,0.7740800859691298,-0.2560799405007327,12322.368861476412,1651.7037331104525,True,False,Structural high
189,United Republic of Tanzania,TZA,2009,0.350578165,Low SDI,21110.65971871072,17637.205612743786,3473.4541059669355,1.1969390266368038,0.17976748679622526,12322.368861476412,1651.7037331104525,True,True,Double-high
190,Uganda,UGA,2009,0.318324679,Low SDI,18840.69700462218,18576.150231870783,264.5467727513933,1.0142412054946408,0.014140752122425236,12322.368861476412,1651.7037331104525,True,False,Structural high
191,Zambia,ZMB,2009,0.376787826,Low SDI,14052.51399852944,16817.19673822848,-2764.682739699037,0.8356038296552467,-0.17960066619001971,12322.368861476412,1651.7037331104525,True,False,Structural high
193,Botswana,BWA,2009,0.617639439,Low-middle SDI,9845.53360566484,7899.242955837192,1946.290649827647,1.2463895161484335,0.2202509847931576,12322.368861476412,1651.7037331104525,False,True,Excess-only
194,Lesotho,LSO,2009,0.445713919,Low SDI,21732.38790536324,14439.632764730804,7292.755140632436,1.5050512890082073,0.40882697669538137,12322.368861476412,1651.7037331104525,True,True,Double-high
195,Namibia,NAM,2009,0.540179374,Low-middle SDI,15764.34246336836,10842.506674086406,4921.835789281955,1.4539389218034926,0.37427637121627977,12322.368861476412,1651.7037331104525,True,True,Double-high
196,South Africa,ZAF,2009,0.638409694,Middle SDI,16123.08336147351,7151.4628176083015,8971.620543865207,2.254515442879088,0.8129350686577546,12322.368861476412,1651.7037331104525,True,True,Double-high
197,Eswatini,SWZ,2009,0.527700977,Low SDI,17178.53816880672,11326.853583741771,5851.684585064948,1.5166204843915596,0.4164844939794243,12322.368861476412,1651.7037331104525,True,True,Double-high
198,Zimbabwe,ZWE,2009,0.429201644,Low SDI,12551.30858553306,15035.287739367392,-2483.9791538343325,0.8347900487909887,-0.1805750243209257,12322.368861476412,1651.7037331104525,True,False,Structural high
200,Benin,BEN,2009,0.296628252,Low SDI,14359.027419847482,19163.965855509552,-4804.93843566207,0.7492722293553516,-0.28865290441619673,12322.368861476412,1651.7037331104525,True,False,Structural high
201,Burkina Faso,BFA,2009,0.219786726,Low SDI,13908.90936184884,20984.06760950284,-7075.158247653995,0.662831898022958,-0.41123386842155496,12322.368861476412,1651.7037331104525,True,False,Structural high
202,Cameroon,CMR,2009,0.390569291,Low SDI,13995.08583766761,16366.24204920946,-2371.156211541851,0.8551190796022484,-0.15651454535455941,12322.368861476412,1651.7037331104525,True,False,Structural high
203,Cabo Verde,CPV,2009,0.463024453,Low SDI,7612.99179322796,13800.745459188798,-6187.753665960838,0.5516362732535645,-0.5948663751569879,12322.368861476412,1651.7037331104525,False,False,Neither
204,Chad,TCD,2009,0.181807784,Low SDI,20747.63448268556,21759.879719907643,-1012.2452372220832,0.9534811198291688,-0.04763565505100357,12322.368861476412,1651.7037331104525,True,False,Structural high
205,Côte d'Ivoire,CIV,2009,0.359491526,Low SDI,14295.522418874049,17363.990954281075,-3068.468535407026,0.8232855255749544,-0.19445220581741957,12322.368861476412,1651.7037331104525,True,False,Structural high
206,Gambia,GMB,2009,0.350829783,Low SDI,11664.716123331991,17629.573913504977,-5964.857790172986,0.6616561568964715,-0.41300925843877484,12322.368861476412,1651.7037331104525,False,False,Neither
207,Ghana,GHA,2009,0.480729092,Low SDI,12158.64579857285,13134.532419933306,-975.886621360456,0.9257006956806908,-0.07720431939073728,12322.368861476412,1651.7037331104525,False,False,Neither
208,Guinea,GIN,2009,0.262100895,Low SDI,19642.17038901565,20029.4432415221,-387.2728525064522,0.9806648218906248,-0.01952454763547546,12322.368861476412,1651.7037331104525,True,False,Structural high
209,Guinea-Bissau,GNB,2009,0.290017767,Low SDI,14456.64266325327,19336.188336517,-4879.54567326373,0.7476469721776264,-0.2908243747463118,12322.368861476412,1651.7037331104525,True,False,Structural high
210,Liberia,LBR,2009,0.285091736,Low SDI,18687.23436363115,19462.47881609852,-775.2444524673701,0.9601672294781832,-0.04064781231774824,12322.368861476412,1651.7037331104525,True,False,Structural high
211,Mali,MLI,2009,0.201329546,Low SDI,10673.52833761799,21369.26902687724,-10695.740689259252,0.4994802734802644,-0.6941871742053826,12322.368861476412,1651.7037331104525,False,False,Neither
212,Mauritania,MRT,2009,0.419486428,Low SDI,14508.45587591901,15378.690824575233,-870.2349486562234,0.9434129368628972,-0.05825119520617942,12322.368861476412,1651.7037331104525,True,False,Structural high
213,Niger,NER,2009,0.1359023,Low SDI,18855.44263704939,22629.79049695114,-3774.347859901751,0.8332133096676144,-0.1824655955659032,12322.368861476412,1651.7037331104525,True,False,Structural high
214,Nigeria,NGA,2009,0.395927099,Low SDI,16698.58267834187,16187.389348726185,511.1933296156876,1.031579726576226,0.031091342424250695,12322.368861476412,1651.7037331104525,True,False,Structural high
215,Sao Tome and Principe,STP,2009,0.397317775,Low SDI,14838.348519308567,16140.650172996431,-1302.3016536878658,0.9193154154430138,-0.08412599957792692,12322.368861476412,1651.7037331104525,True,False,Structural high
216,Senegal,SEN,2009,0.32502384,Low SDI,14707.041513197131,18387.56184661332,-3680.520333416189,0.7998364131080229,-0.22334805583880604,12322.368861476412,1651.7037331104525,True,False,Structural high
217,Sierra Leone,SLE,2009,0.275704447,Low SDI,21517.22196217569,19698.38244137777,1818.8395207979192,1.092334460771628,0.08831711318562577,12322.368861476412,1651.7037331104525,True,True,Double-high
218,Togo,TGO,2009,0.359138935,Low SDI,15784.206326238682,17374.910405734434,-1590.704079495752,0.908448213984991,-0.09601739443816183,12322.368861476412,1651.7037331104525,True,False,Structural high
298,American Samoa,ASM,2009,0.67258745,Middle SDI,7558.56053173716,5978.744148317238,1579.8163834199222,1.2642388341478994,0.2344702289420374,12322.368861476412,1651.7037331104525,False,False,Neither
305,Bermuda,BMU,2009,0.781846368,High SDI,4787.405081906681,2890.7618439686944,1896.6432379379864,1.656104978656459,0.5044684468623122,12322.368861476412,1651.7037331104525,False,True,Excess-only
320,Cook Islands,COK,2009,0.722312683,High SDI,8578.73506478829,4432.755677839171,4145.97938694912,1.9353051889767483,0.6602650344466106,12322.368861476412,1651.7037331104525,False,True,Excess-only
349,Greenland,GRL,2009,0.81668814,High SDI,1082.19504808059,2163.380987427249,-1081.185939346659,0.5002332249242725,-0.6926808394653134,12322.368861476412,1651.7037331104525,False,False,Neither
351,Guam,GUM,2009,0.746848943,High SDI,7240.44843959156,3753.1714278614654,3487.2770117300934,1.9291547372023776,0.6570819469855351,12322.368861476412,1651.7037331104525,False,True,Excess-only
367,Monaco,MCO,2009,0.896408018,High SDI,1007.83802528454,982.974912274058,24.863113010481925,1.025293741172867,0.024979148289113674,12322.368861476412,1651.7037331104525,False,False,Neither
369,Nauru,NRU,2009,0.530755345,Low SDI,15336.95018773036,11208.30857577468,4128.641611955678,1.3683554556018565,0.31360962141510984,12322.368861476412,1651.7037331104525,True,True,Double-high
374,Niue,NIU,2009,0.689222791,High-middle SDI,9988.80923739475,5438.400492383325,4550.408745011424,1.8367182136336653,0.607980399602158,12322.368861476412,1651.7037331104525,False,True,Excess-only
376,Northern Mariana Islands,MNP,2009,0.759140611,High SDI,6650.67152294588,3435.563981149186,3215.1075417966936,1.9358310773537828,0.6605367316146196,12322.368861476412,1651.7037331104525,False,True,Excess-only
380,Palau,PLW,2009,0.732419878,High SDI,8131.15317092024,4145.639865267542,3985.5133056526975,1.9613747057585984,0.6736456078791621,12322.368861476412,1651.7037331104525,False,True,Excess-only
385,Puerto Rico,PRI,2009,0.775904115,High SDI,4499.0887722813495,3028.005400580546,1471.0833717008036,1.4858258744910957,0.39597076210210697,12322.368861476412,1651.7037331104525,False,False,Neither
393,Saint Kitts and Nevis,KNA,2009,0.706364211,High-middle SDI,5569.6387110369,4905.333191736947,664.3055192999527,1.1354251573407854,0.1270071687582591,12322.368861476412,1651.7037331104525,False,False,Neither
396,San Marino,SMR,2009,0.855969943,High SDI,1026.72694322236,1500.7659454540026,-474.0390022316426,0.6841352886054199,-0.37959959055871967,12322.368861476412,1651.7037331104525,False,False,Neither
416,Tuvalu,TUV,2009,0.550631912,Low-middle SDI,10003.489907312569,10437.226038985402,-433.7361316728329,0.9584433517054504,-0.04244481922841555,12322.368861476412,1651.7037331104525,False,False,Neither
422,United States Virgin Islands,VIR,2009,0.772115799,High SDI,4225.471013952179,3117.486785152207,1107.9842287999722,1.3554094388072526,0.3041035775492894,12322.368861476412,1651.7037331104525,False,False,Neither
435,South Sudan,SSD,2009,0.346452255,Low SDI,16001.01353222067,17761.672447511646,-1760.6589152909764,0.9008731345263808,-0.10439083647492681,12322.368861476412,1651.7037331104525,True,False,Structural high
522,Sudan,SDN,2009,0.451729427,Low SDI,16147.28904962314,14219.177048639734,1928.1120009834049,1.1355994087694306,0.1271606249837772,12322.368861476412,1651.7037331104525,True,True,Double-high
6,China,CHN,2010,0.642159877,Middle SDI,7736.31284031163,6993.286533621618,743.0263066900116,1.1062485146458343,0.10097457464606965,11828.406890724233,1412.9679741846446,False,False,Neither
7,Democratic People's Republic of Korea,PRK,2010,0.539063576,Low-middle SDI,13740.22907834763,10845.818974778773,2894.4101035688564,1.2668687454861285,0.23654830124983184,11828.406890724233,1412.9679741846446,True,True,Double-high
8,Taiwan,TWN,2010,0.828470702,High SDI,8981.85048338197,1940.1763506247328,7041.674132757236,4.629399013388566,1.5324270569491882,11828.406890724233,1412.9679741846446,False,True,Excess-only
10,Cambodia,KHM,2010,0.424048789,Low SDI,22955.2079762564,15162.203924198497,7793.004052057904,1.5139756786690135,0.41473909059891556,11828.406890724233,1412.9679741846446,True,True,Double-high
11,Indonesia,IDN,2010,0.586939615,Low-middle SDI,14285.27219126324,9010.269471968872,5275.002719294367,1.5854433916438353,0.4608641105706862,11828.406890724233,1412.9679741846446,True,True,Double-high
12,Lao People's Democratic Republic,LAO,2010,0.431761757,Low SDI,14295.042342405,14888.998384103468,-593.9560416984677,0.9601077234092108,-0.04070978893094314,11828.406890724233,1412.9679741846446,True,False,Structural high
13,Malaysia,MYS,2010,0.711871777,High-middle SDI,8431.90458341547,4722.092211229869,3709.812372185601,1.7856289556063922,0.579770709250789,11828.406890724233,1412.9679741846446,False,True,Excess-only
14,Maldives,MDV,2010,0.576605507,Low-middle SDI,8094.19679061041,9402.227482834289,-1308.0306922238788,0.860880765264193,-0.14979926815791578,11828.406890724233,1412.9679741846446,False,False,Neither
15,Myanmar,MMR,2010,0.463434344,Low SDI,14802.76085305964,13734.814914308548,1067.9459387510942,1.0777546654551955,0.07487986352016834,11828.406890724233,1412.9679741846446,True,False,Structural high
16,Philippines,PHL,2010,0.574283166,Low-middle SDI,15447.85485420484,9490.745065930403,5957.109788274436,1.62767567213022,0.48715302914045766,11828.406890724233,1412.9679741846446,True,True,Double-high
17,Sri Lanka,LKA,2010,0.653597091,Middle SDI,9017.84728444556,6596.395916470116,2421.4513679754427,1.3670870273158524,0.31268221871164437,11828.406890724233,1412.9679741846446,False,True,Excess-only
18,Thailand,THA,2010,0.621066407,Low-middle SDI,12230.87807769117,7745.69567050485,4485.18240718632,1.5790548193451015,0.4568264524321631,11828.406890724233,1412.9679741846446,True,True,Double-high
19,Timor-Leste,TLS,2010,0.405463443,Low SDI,16206.55553958629,15806.0380128872,400.51752669909,1.0253395269815582,0.02502380357624836,11828.406890724233,1412.9679741846446,True,False,Structural high
20,Viet Nam,VNM,2010,0.57033267,Low-middle SDI,11167.4193553042,9641.642571663524,1525.7767836406765,1.1582486357796424,0.14690906748499757,11828.406890724233,1412.9679741846446,False,True,Excess-only
22,Fiji,FJI,2010,0.633732983,Middle SDI,9276.36083731884,7290.850115256366,1985.510722062474,1.2723291098671363,0.24084916562429382,11828.406890724233,1412.9679741846446,False,True,Excess-only
23,Kiribati,KIR,2010,0.489482663,Low SDI,10055.07965593313,12754.213123961064,-2699.1334680279324,0.7883731876051899,-0.23778371290035866,11828.406890724233,1412.9679741846446,False,False,Neither
24,Marshall Islands,MHL,2010,0.521171316,Low SDI,11518.47093028933,11537.591249551284,-19.120319261954137,0.9983427806681314,-0.0016585940388294362,11828.406890724233,1412.9679741846446,False,False,Neither
25,Micronesia (Federated States of),FSM,2010,0.552379356,Low-middle SDI,7546.23255549181,10331.473591931875,-2785.2410364400657,0.7304120257718961,-0.314146485198507,11828.406890724233,1412.9679741846446,False,False,Neither
26,Papua New Guinea,PNG,2010,0.403362612,Low SDI,12644.22352829281,15877.4581459515,-3233.234617658689,0.7963632095302917,-0.2276999038281583,11828.406890724233,1412.9679741846446,True,False,Structural high
27,Samoa,WSM,2010,0.566537279,Low-middle SDI,8831.86738074356,9786.96494485878,-955.09756411522,0.9024112613566736,-0.10268491897592345,11828.406890724233,1412.9679741846446,False,False,Neither
28,Solomon Islands,SLB,2010,0.404756448,Low SDI,11953.18606106197,15830.10485556846,-3876.9187945064896,0.7550920331937834,-0.280915638892191,11828.406890724233,1412.9679741846446,True,False,Structural high
29,Tonga,TON,2010,0.58244656,Low-middle SDI,10245.82645980165,9180.273545158974,1065.552914642676,1.1160698436055398,0.1098134458767619,11828.406890724233,1412.9679741846446,False,False,Neither
30,Vanuatu,VUT,2010,0.429656034,Low SDI,10678.10100977134,14963.919356874076,-4285.818347102735,0.713589852705673,-0.33744691768056706,11828.406890724233,1412.9679741846446,False,False,Neither
33,Armenia,ARM,2010,0.655787875,Middle SDI,5721.08410923435,6521.336352186961,-800.2522429526116,0.8772870774125547,-0.13092099990891906,11828.406890724233,1412.9679741846446,False,False,Neither
34,Azerbaijan,AZE,2010,0.653723591,Middle SDI,9828.2607249009,6592.05317826048,3236.2075466404194,1.4909255825351813,0.39939712342712874,11828.406890724233,1412.9679741846446,False,True,Excess-only
35,Georgia,GEO,2010,0.67919488,High-middle SDI,6174.02429322476,5740.371991320651,433.6523019041088,1.07554428572918,0.07282684575301263,11828.406890724233,1412.9679741846446,False,False,Neither
36,Kazakhstan,KAZ,2010,0.687956708,High-middle SDI,6236.82319515176,5458.626399571023,778.1967955807368,1.1425627508858076,0.13327376646683536,11828.406890724233,1412.9679741846446,False,False,Neither
37,Kyrgyzstan,KGZ,2010,0.557215581,Low-middle SDI,8151.88160886173,10145.110642286316,-1993.2290334245863,0.8035281128313658,-0.21874310644978212,11828.406890724233,1412.9679741846446,False,False,Neither
38,Mongolia,MNG,2010,0.596724127,Low-middle SDI,8401.41118159181,8642.54204627344,-241.13086468163056,0.9720995439315676,-0.028297068313162692,11828.406890724233,1412.9679741846446,False,False,Neither
39,Tajikistan,TJK,2010,0.49765847,Low SDI,7768.340125166,12442.1788178343,-4673.8386926683015,0.6243552868755639,-0.47103570264941275,11828.406890724233,1412.9679741846446,False,False,Neither
40,Turkmenistan,TKM,2010,0.630795158,Middle SDI,9131.65067368175,7395.557551067151,1736.0931226145997,1.2347481052816751,0.21086698594191475,11828.406890724233,1412.9679741846446,False,True,Excess-only
41,Uzbekistan,UZB,2010,0.616133572,Low-middle SDI,10016.30522210338,7925.133197740447,2091.1720243629325,1.2638658521170536,0.23417516043828568,11828.406890724233,1412.9679741846446,False,True,Excess-only
43,Albania,ALB,2010,0.641442904,Middle SDI,6775.12944195833,7018.438978468312,-243.30953650998163,0.9653328130006652,-0.03528235316343296,11828.406890724233,1412.9679741846446,False,False,Neither
44,Bosnia and Herzegovina,BIH,2010,0.659220652,Middle SDI,5875.763522047389,6404.372105047472,-528.608583000083,0.9174612945141848,-0.08614488575886067,11828.406890724233,1412.9679741846446,False,False,Neither
45,Bulgaria,BGR,2010,0.727718198,High SDI,6046.62983047013,4262.259832776138,1784.3699976939924,1.4186441154930198,0.34970156721083473,11828.406890724233,1412.9679741846446,False,True,Excess-only
46,Croatia,HRV,2010,0.740611022,High SDI,3492.75330927762,3905.880016168819,-413.1267068911993,0.8942295448961525,-0.11179277513744264,11828.406890724233,1412.9679741846446,False,False,Neither
47,Czechia,CZE,2010,0.802092161,High SDI,3839.315456336101,2442.9572307918097,1396.3582255442911,1.5715852115395832,0.45208479884597297,11828.406890724233,1412.9679741846446,False,False,Neither
48,Hungary,HUN,2010,0.760667622,High SDI,4457.445901890171,3384.7256648690072,1072.7202370211637,1.316929743569832,0.27530307552942207,11828.406890724233,1412.9679741846446,False,False,Neither
49,North Macedonia,MKD,2010,0.705332926,High-middle SDI,5581.13461487842,4918.55072829087,662.5838865875494,1.1347112031957811,0.1263781720328162,11828.406890724233,1412.9679741846446,False,False,Neither
50,Montenegro,MNE,2010,0.72801376,High SDI,5530.52749934257,4253.908413551661,1276.619085790909,1.3001049768076782,0.26244501259779474,11828.406890724233,1412.9679741846446,False,False,Neither
51,Poland,POL,2010,0.778215842,High SDI,4090.13825962014,2963.234244235583,1126.9040153845572,1.3802952863334168,0.32229745188352416,11828.406890724233,1412.9679741846446,False,False,Neither
52,Romania,ROU,2010,0.711516113,High-middle SDI,6317.0653903539405,4732.679373656892,1584.386016697049,1.3347756929227197,0.2887632574526169,11828.406890724233,1412.9679741846446,False,True,Excess-only
53,Serbia,SRB,2010,0.723822003,High SDI,4404.66206855624,4373.132996471657,31.52907208458328,1.0072097217509786,0.007183855956162047,11828.406890724233,1412.9679741846446,False,False,Neither
54,Slovakia,SVK,2010,0.78221372,High SDI,4623.30093768803,2871.81389145547,1751.4870462325594,1.6098887714986587,0.4761650905841444,11828.406890724233,1412.9679741846446,False,True,Excess-only
55,Slovenia,SVN,2010,0.81288369,High SDI,4253.66811548072,2228.1450029100147,2025.5231125707053,1.909062520583409,0.6466122946438951,11828.406890724233,1412.9679741846446,False,True,Excess-only
57,Belarus,BLR,2010,0.746117473,High SDI,4332.75966386452,3758.703793523968,574.0558703405522,1.1527270840893655,0.14213051256582376,11828.406890724233,1412.9679741846446,False,False,Neither
58,Estonia,EST,2010,0.800521959,High SDI,3245.3946052538795,2475.2697228500365,770.124882403843,1.311127662288503,0.2708875778350872,11828.406890724233,1412.9679741846446,False,False,Neither
59,Latvia,LVA,2010,0.802037071,High SDI,3436.4451742714296,2444.086358251282,992.3588160201476,1.406024448632891,0.34076618202312997,11828.406890724233,1412.9679741846446,False,False,Neither
60,Lithuania,LTU,2010,0.787099662,High SDI,3481.3368350895803,2762.429360066149,718.9074750234313,1.2602446547289146,0.231305872534524,11828.406890724233,1412.9679741846446,False,False,Neither
61,Republic of Moldova,MDA,2010,0.661064551,Middle SDI,5221.22061537884,6341.877266641244,-1120.656651262404,0.8232925986825473,-0.19444361453652156,11828.406890724233,1412.9679741846446,False,False,Neither
62,Russian Federation,RUS,2010,0.771620914,High SDI,2236.4333738078503,3117.7940777211884,-881.360703913338,0.717312727543081,-0.3322433723251902,11828.406890724233,1412.9679741846446,False,False,Neither
63,Ukraine,UKR,2010,0.723464574,High SDI,2160.44987294502,4383.3766934053,-2222.92682046028,0.4928734224907872,-0.7075028874168334,11828.406890724233,1412.9679741846446,False,False,Neither
66,Brunei Darussalam,BRN,2010,0.790256031,High SDI,2534.17775465894,2693.140610259607,-158.9628556006669,0.9409749141967958,-0.060838798416509965,11828.406890724233,1412.9679741846446,False,False,Neither
67,Japan,JPN,2010,0.8459057,High SDI,2053.8986986474,1648.8904038227245,405.00829482467566,1.2456247509753953,0.21963721206550044,11828.406890724233,1412.9679741846446,False,False,Neither
68,Republic of Korea,KOR,2010,0.843820392,High SDI,1873.7287923537,1682.039585503375,191.68920685032504,1.1139623636104612,0.10792335602454996,11828.406890724233,1412.9679741846446,False,False,Neither
69,Singapore,SGP,2010,0.838312167,High SDI,4579.70002807874,1771.797866912247,2807.902161166493,2.584775675376497,0.9496387248433948,11828.406890724233,1412.9679741846446,False,True,Excess-only
71,Australia,AUS,2010,0.804767546,High SDI,857.49896599099,2388.520199320574,-1531.0212333295842,0.359008463162635,-1.0244093165025485,11828.406890724233,1412.9679741846446,False,False,Neither
72,New Zealand,NZL,2010,0.813977937,High SDI,1261.05811474131,2207.0705815870074,-946.0124668456974,0.5713719014072212,-0.5597149653907069,11828.406890724233,1412.9679741846446,False,False,Neither
74,Andorra,AND,2010,0.852476888,High SDI,1072.82999334102,1547.3919727900611,-474.561979449041,0.6933149532930748,-0.3662709049797205,11828.406890724233,1412.9679741846446,False,False,Neither
75,Austria,AUT,2010,0.821671865,High SDI,1123.52355414935,2062.556749952781,-939.0331958034316,0.544723704778097,-0.6074765765783569,11828.406890724233,1412.9679741846446,False,False,Neither
76,Belgium,BEL,2010,0.830710617,High SDI,1235.27283217188,1900.944988533696,-665.6721563618157,0.6498203996553916,-0.43105926249507875,11828.406890724233,1412.9679741846446,False,False,Neither
77,Cyprus,CYP,2010,0.817734554,High SDI,817.57522455001,2135.709575857298,-1318.1343513072882,0.3828119861389983,-0.9602113081406715,11828.406890724233,1412.9679741846446,False,False,Neither
78,Denmark,DNK,2010,0.878872888,High SDI,1105.1732614847,1183.761154407826,-78.58789292312576,0.9336116980773548,-0.06869466801400408,11828.406890724233,1412.9679741846446,False,False,Neither
79,Finland,FIN,2010,0.845804887,High SDI,1162.2990064361302,1650.4825229131652,-488.183516477035,0.704217700157544,-0.3506677374484898,11828.406890724233,1412.9679741846446,False,False,Neither
80,France,FRA,2010,0.818562785,High SDI,941.31512228237,2120.182239266342,-1178.8671169839722,0.4439784018793112,-0.8119793621490561,11828.406890724233,1412.9679741846446,False,False,Neither
81,Germany,DEU,2010,0.853633338,High SDI,1174.63621408853,1529.991489896389,-355.35527580785924,0.7677403579336747,-0.2643036786021008,11828.406890724233,1412.9679741846446,False,False,Neither
82,Greece,GRC,2010,0.796500785,High SDI,997.62997695038,2559.24387041766,-1561.6138934672804,0.3898143465271131,-0.9420846877447239,11828.406890724233,1412.9679741846446,False,False,Neither
83,Iceland,ISL,2010,0.844978217,High SDI,965.76348948756,1663.578006189181,-697.814516701621,0.5805339370288201,-0.5438070178323904,11828.406890724233,1412.9679741846446,False,False,Neither
84,Ireland,IRL,2010,0.855788337,High SDI,1076.53183124871,1497.9326586950783,-421.40082744636834,0.7186783898459955,-0.3303413233527412,11828.406890724233,1412.9679741846446,False,False,Neither
85,Israel,ISR,2010,0.795741638,High SDI,1114.06520942753,2575.294655574728,-1461.229446147198,0.4325971814587966,-0.8379482808362376,11828.406890724233,1412.9679741846446,False,False,Neither
86,Italy,ITA,2010,0.798264371,High SDI,1072.87821222933,2522.198171798881,-1449.319959569551,0.425374272420526,-0.8547858566050196,11828.406890724233,1412.9679741846446,False,False,Neither
87,Luxembourg,LUX,2010,0.854471175,High SDI,1126.77676378065,1517.4708546374804,-390.6940908568304,0.7425360166471427,-0.29768390221284274,11828.406890724233,1412.9679741846446,False,False,Neither
88,Malta,MLT,2010,0.770869936,High SDI,1156.58734651965,3135.6891068656187,-1979.1017603459688,0.3688463068571728,-0.9973752342892565,11828.406890724233,1412.9679741846446,False,False,Neither
89,Netherlands,NLD,2010,0.873810427,High SDI,939.64333631718,1248.1646565084943,-308.52132019131454,0.7528200157066257,-0.2839291027187539,11828.406890724233,1412.9679741846446,False,False,Neither
90,Norway,NOR,2010,0.878240994,High SDI,1286.29694574176,1191.665178403734,94.63176733802608,1.0794113724668768,0.07641586706211219,11828.406890724233,1412.9679741846446,False,False,Neither
91,Portugal,PRT,2010,0.735526083,High SDI,1016.82707537126,4044.4850271842847,-3027.6579518130247,0.25141076516215,-1.3806671628909468,11828.406890724233,1412.9679741846446,False,False,Neither
92,Spain,ESP,2010,0.772315148,High SDI,1006.83845639501,3101.3047124214404,-2094.4662560264305,0.3246499617926577,-1.125007717715442,11828.406890724233,1412.9679741846446,False,False,Neither
93,Sweden,SWE,2010,0.872324051,High SDI,986.3863775816,1267.54565219582,-281.15927461421995,0.7781860762749203,-0.25078961081107776,11828.406890724233,1412.9679741846446,False,False,Neither
94,Switzerland,CHE,2010,0.921543612,High SDI,955.93910409877,733.865548773016,222.073555325754,1.3026079582248398,0.2643683766039316,11828.406890724233,1412.9679741846446,False,False,Neither
95,United Kingdom,GBR,2010,0.833569643,High SDI,1110.88527273583,1851.6495677295484,-740.7642949937183,0.5999435811701525,-0.5109196595702976,11828.406890724233,1412.9679741846446,False,False,Neither
97,Argentina,ARG,2010,0.690710073,High-middle SDI,4829.7661075585,5371.360421782606,-541.5943142241058,0.8991699920139848,-0.10628317227013215,11828.406890724233,1412.9679741846446,False,False,Neither
98,Chile,CHL,2010,0.709722835,High-middle SDI,2761.7174310016203,4786.234458407366,-2024.517027405746,0.5770125669774627,-0.5498912328542607,11828.406890724233,1412.9679741846446,False,False,Neither
99,Uruguay,URY,2010,0.681531239,High-middle SDI,5861.83494675927,5664.651839026145,197.1831077331244,1.0348093957645637,0.03421725107645922,11828.406890724233,1412.9679741846446,False,False,Neither
101,Canada,CAN,2010,0.857877384,High SDI,697.03740421081,1467.3081370467935,-770.2707328359837,0.4750450069838199,-0.744345727891256,11828.406890724233,1412.9679741846446,False,False,Neither
102,United States of America,USA,2010,0.833914311,High SDI,1236.36184022391,1845.7656918561709,-609.403851632261,0.669836830145314,-0.40072113335364584,11828.406890724233,1412.9679741846446,False,False,Neither
105,Antigua and Barbuda,ATG,2010,0.716175909,High-middle SDI,5496.279101107391,4594.883420694632,901.3956804127592,1.1961737867718285,0.1791279516378575,11828.406890724233,1412.9679741846446,False,False,Neither
106,Bahamas,BHS,2010,0.776326927,High SDI,4804.14686177272,3007.0267692621665,1797.1200925105531,1.5976402042312088,0.46852766819541963,11828.406890724233,1412.9679741846446,False,True,Excess-only
107,Barbados,BRB,2010,0.720614893,High SDI,6318.410316154679,4465.478487953018,1852.931828201661,1.4149458637412555,0.34709127152321073,11828.406890724233,1412.9679741846446,False,True,Excess-only
108,Belize,BLZ,2010,0.571143877,Low-middle SDI,6395.633923886369,9610.62526669668,-3214.991342810312,0.6654753199096115,-0.40725372686903055,11828.406890724233,1412.9679741846446,False,False,Neither
109,Cuba,CUB,2010,0.637576147,Middle SDI,5876.03525309289,7154.62344312792,-1278.5881900350296,0.8212920358145298,-0.19687652533094355,11828.406890724233,1412.9679741846446,False,False,Neither
110,Dominica,DMA,2010,0.701965694,High-middle SDI,5129.75714929639,5021.195176076474,108.56197321991569,1.021620743550691,0.021390330493529328,11828.406890724233,1412.9679741846446,False,False,Neither
111,Dominican Republic,DOM,2010,0.57515999,Low-middle SDI,8464.14945826594,9457.307212422536,-993.1577541565948,0.8949851440955577,-0.11094815962095603,11828.406890724233,1412.9679741846446,False,False,Neither
112,Grenada,GRD,2010,0.620001191,Low-middle SDI,6034.18583736085,7784.338636816571,-1750.152799455721,0.7751700072272998,-0.2546729095213325,11828.406890724233,1412.9679741846446,False,False,Neither
113,Guyana,GUY,2010,0.584046507,Low-middle SDI,6504.3715509308095,9119.660003681323,-2615.288452750514,0.7132252242194552,-0.3379580259524831,11828.406890724233,1412.9679741846446,False,False,Neither
114,Haiti,HTI,2010,0.423423221,Low SDI,15297.34972264798,15184.213416027564,113.13630662041578,1.007450916522353,0.007423295559978967,11828.406890724233,1412.9679741846446,True,False,Structural high
115,Jamaica,JAM,2010,0.651324139,Middle SDI,5853.676860079509,6674.605248006026,-820.9283879265167,0.8770072000629908,-0.13124007676567218,11828.406890724233,1412.9679741846446,False,False,Neither
116,Saint Lucia,LCA,2010,0.657082481,Middle SDI,5799.70414387813,6477.131915629281,-677.4277717511513,0.8954123861339736,-0.1104709001974908,11828.406890724233,1412.9679741846446,False,False,Neither
117,Saint Vincent and the Grenadines,VCT,2010,0.587769953,Low-middle SDI,4929.7115524122,8978.926462329411,-4049.214909917211,0.5490312871025876,-0.5995998498385315,11828.406890724233,1412.9679741846446,False,False,Neither
118,Suriname,SUR,2010,0.613717123,Low-middle SDI,4835.04678015485,8013.48163531326,-3178.43485515841,0.6033640557492637,-0.5052345235554359,11828.406890724233,1412.9679741846446,False,False,Neither
119,Trinidad and Tobago,TTO,2010,0.729757358,High SDI,4252.61400322357,4204.812587135035,47.80141608853501,1.0113682631741512,0.011304130067348712,11828.406890724233,1412.9679741846446,False,False,Neither
121,Bolivia (Plurinational State of),BOL,2010,0.553747397,Low-middle SDI,14330.938270068067,10278.724784047516,4052.2134860205497,1.394233095170477,0.3323445115380145,11828.406890724233,1412.9679741846446,True,True,Double-high
122,Ecuador,ECU,2010,0.607581211,Low-middle SDI,8600.857470056419,8239.094266999153,361.76320305726586,1.043908127681737,0.04297148528334338,11828.406890724233,1412.9679741846446,False,False,Neither
123,Peru,PER,2010,0.617005869,Low-middle SDI,13985.11809032825,7893.3124083699395,6091.80568195831,1.771767968476537,0.5719779003114018,11828.406890724233,1412.9679741846446,True,True,Double-high
125,Colombia,COL,2010,0.608596176,Low-middle SDI,5853.35682146749,8201.650923718336,-2348.2941022508467,0.7136803158179019,-0.33732015385638703,11828.406890724233,1412.9679741846446,False,False,Neither
126,Costa Rica,CRI,2010,0.635678664,Middle SDI,3793.1531485535297,7221.775291896781,-3428.622143343251,0.5252383237137898,-0.6439031694635838,11828.406890724233,1412.9679741846446,False,False,Neither
127,El Salvador,SLV,2010,0.526446009,Low SDI,6263.141138462711,11333.761842531818,-5070.620704069107,0.5526092065001081,-0.5931042062984356,11828.406890724233,1412.9679741846446,False,False,Neither
128,Guatemala,GTM,2010,0.473458254,Low SDI,7758.59849627511,13360.254371227236,-5601.655874952125,0.5807223635639827,-0.5434824959560052,11828.406890724233,1412.9679741846446,False,False,Neither
129,Honduras,HND,2010,0.457423386,Low SDI,6557.82669476423,13957.480784409045,-7399.654089644815,0.4698431469158484,-0.7553563699445509,11828.406890724233,1412.9679741846446,False,False,Neither
130,Mexico,MEX,2010,0.614591813,Low-middle SDI,2399.24032548849,7981.46846439476,-5582.22813890627,0.3006013663013859,-1.2019702564261345,11828.406890724233,1412.9679741846446,False,False,Neither
131,Nicaragua,NIC,2010,0.476563133,Low SDI,5493.324409859711,13243.479393372358,-7750.154983512647,0.4147946507629121,-0.879971698652753,11828.406890724233,1412.9679741846446,False,False,Neither
132,Panama,PAN,2010,0.624319236,Low-middle SDI,4268.62106415318,7628.059761517801,-3359.438697364621,0.559594601721346,-0.5805426829111324,11828.406890724233,1412.9679741846446,False,False,Neither
133,Venezuela (Bolivarian Republic of),VEN,2010,0.609258166,Low-middle SDI,3782.63353807886,8177.255423430735,-4394.621885351875,0.4625798439951226,-0.7709361012643489,11828.406890724233,1412.9679741846446,False,False,Neither
135,Brazil,BRA,2010,0.629107792,Low-middle SDI,11797.55909634928,7455.916547597148,4341.642548752132,1.582308361559027,0.45888476916227466,11828.406890724233,1412.9679741846446,False,True,Excess-only
136,Paraguay,PRY,2010,0.59660224,Low-middle SDI,7661.41515401427,8647.100110595888,-985.6849565816174,0.8860097669768169,-0.12102730476195082,11828.406890724233,1412.9679741846446,False,False,Neither
139,Algeria,DZA,2010,0.594047655,Low-middle SDI,10924.85836466133,8742.76822589747,2182.0901387638605,1.249588011758125,0.22281390639379273,11828.406890724233,1412.9679741846446,False,True,Excess-only
140,Bahrain,BHR,2010,0.708493156,High-middle SDI,7824.19124612899,4823.1250910328,3001.0661550961904,1.6222244081282071,0.4837982988534556,11828.406890724233,1412.9679741846446,False,True,Excess-only
141,Egypt,EGY,2010,0.571562889,Low-middle SDI,18396.47830306532,9594.610159858155,8801.868143207164,1.9173763182200296,0.6509577505987908,11828.406890724233,1412.9679741846446,True,True,Double-high
142,Iran (Islamic Republic of),IRN,2010,0.6498556,Middle SDI,5379.0076663522095,6725.314546945319,-1346.3068805931098,0.7998150315207768,-0.22337478864653004,11828.406890724233,1412.9679741846446,False,False,Neither
143,Iraq,IRQ,2010,0.531615693,Low-middle SDI,13999.36735188928,11133.860582571546,2865.5067693177334,1.2573686591516398,0.2290211715342215,11828.406890724233,1412.9679741846446,True,True,Double-high
144,Jordan,JOR,2010,0.652796128,Middle SDI,10584.19739198848,6623.917397162932,3960.279994825549,1.5978758123586752,0.4686751299053094,11828.406890724233,1412.9679741846446,False,True,Excess-only
145,Kuwait,KWT,2010,0.80602749,High SDI,8887.94023312181,2363.1536383272,6524.78659479461,3.761050525438243,1.3246983134416335,11828.406890724233,1412.9679741846446,False,True,Excess-only
146,Lebanon,LBN,2010,0.660314076,Middle SDI,10414.19302014899,6367.284671225264,4046.9083489237264,1.6355783599895142,0.49199647879568054,11828.406890724233,1412.9679741846446,False,True,Excess-only
147,Libya,LBY,2010,0.744253292,High SDI,9497.48940462119,3808.187091107209,5689.302313513981,2.4939660729378312,0.9138742436921135,11828.406890724233,1412.9679741846446,False,True,Excess-only
148,Morocco,MAR,2010,0.506130457,Low SDI,11688.17180642917,12117.265264067397,-429.093457638226,0.964588259125542,-0.0360539431759117,11828.406890724233,1412.9679741846446,False,False,Neither
149,Palestine,PSE,2010,0.529281425,Low SDI,14164.784908797,11224.132237976,2940.6526708210004,1.2619937656179356,0.23269282402594407,11828.406890724233,1412.9679741846446,True,True,Double-high
150,Oman,OMN,2010,0.712849225,High-middle SDI,7522.202781833261,4693.055301729046,2829.147480104215,1.6028370215586172,0.4717751975656403,11828.406890724233,1412.9679741846446,False,True,Excess-only
151,Qatar,QAT,2010,0.794426928,High SDI,7782.83654275749,2603.2401442289392,5179.596398528551,2.989672912048116,1.095163987454798,11828.406890724233,1412.9679741846446,False,True,Excess-only
152,Saudi Arabia,SAU,2010,0.748057901,High SDI,7033.603828560809,3707.571333546936,3326.0324950138747,1.8970919763348013,0.6403221749302783,11828.406890724233,1412.9679741846446,False,True,Excess-only
153,Syrian Arab Republic,SYR,2010,0.528704369,Low SDI,13611.70357754583,11246.446165783163,2365.257411762665,1.2103115399208382,0.19087779747763492,11828.406890724233,1412.9679741846446,True,True,Double-high
154,Tunisia,TUN,2010,0.623532547,Low-middle SDI,11843.830787911713,7656.458523230032,4187.3722646816805,1.546907196320206,0.43625758034107365,11828.406890724233,1412.9679741846446,True,True,Double-high
155,Türkiye,TUR,2010,0.62406865,Low-middle SDI,8564.47666236924,7637.102116487046,927.3745458821932,1.1214301618254088,0.11460480092626074,11828.406890724233,1412.9679741846446,False,False,Neither
156,United Arab Emirates,ARE,2010,0.835135961,High SDI,8067.36064753113,1825.012596375465,6242.3480511556645,4.420441077257863,1.4862394823456033,11828.406890724233,1412.9679741846446,False,True,Excess-only
157,Yemen,YEM,2010,0.39761788,Low SDI,21012.030069544347,16071.289718493052,4940.740351051294,1.307426500149894,0.2680607013423749,11828.406890724233,1412.9679741846446,True,True,Double-high
160,Afghanistan,AFG,2010,0.24993224,Low SDI,22505.80587476824,20240.549154767024,2265.2567200012163,1.1119167618763794,0.10608533859894181,11828.406890724233,1412.9679741846446,True,True,Double-high
161,Bangladesh,BGD,2010,0.380370349,Low SDI,20634.13638998205,16639.896482636832,3994.239907345218,1.2400399492576817,0.21514359624127616,11828.406890724233,1412.9679741846446,True,True,Double-high
162,Bhutan,BTN,2010,0.41320353,Low SDI,14610.029505907622,15540.483132610336,-930.4536267027142,0.9401271106719816,-0.06174018874091515,11828.406890724233,1412.9679741846446,True,False,Structural high
163,India,IND,2010,0.476477073,Low SDI,14906.31418248988,13246.720645218971,1659.5935372709064,1.1252833498734565,0.11803487049751128,11828.406890724233,1412.9679741846446,True,True,Double-high
164,Nepal,NPL,2010,0.367349222,Low SDI,18256.30752414197,17055.390234813,1200.9172893289688,1.0704127711412716,0.06804434150644281,11828.406890724233,1412.9679741846446,True,False,Structural high
165,Pakistan,PAK,2010,0.428907193,Low SDI,24390.49265963324,14990.503271862484,9399.989387770756,1.6270629622832444,0.4867765258798057,11828.406890724233,1412.9679741846446,True,True,Double-high
168,Angola,AGO,2010,0.394875393,Low SDI,13569.6260076468,16163.054402960432,-2593.428395313631,0.839545897040437,-0.1748941320823568,11828.406890724233,1412.9679741846446,True,False,Structural high
169,Central African Republic,CAF,2010,0.237439071,Low SDI,21333.14749297758,20523.16856799616,809.9789249814203,1.0394665629869893,0.0387076613598968,11828.406890724233,1412.9679741846446,True,False,Structural high
170,Congo,COG,2010,0.497338928,Low SDI,13875.67736219012,12454.404513685296,1421.2728485048228,1.1141180894632965,0.10806314079118533,11828.406890724233,1412.9679741846446,True,True,Double-high
171,Democratic Republic of the Congo,COD,2010,0.286688477,Low SDI,20745.55436317021,19350.38485515397,1395.169508016235,1.0721003493449708,0.06961966773110996,11828.406890724233,1412.9679741846446,True,False,Structural high
172,Equatorial Guinea,GNQ,2010,0.545506183,Low-middle SDI,10255.28933196549,10596.794045436503,-341.50471347101484,0.9677728271393476,-0.03275790195514129,11828.406890724233,1412.9679741846446,False,False,Neither
173,Gabon,GAB,2010,0.552869198,Low-middle SDI,12339.5152832955,10312.58364266588,2026.93164062962,1.1965493527968751,0.17944187515196586,11828.406890724233,1412.9679741846446,True,True,Double-high
175,Burundi,BDI,2010,0.250496495,Low SDI,24350.97225095228,20227.557746026367,4123.414504925913,1.203851327812224,0.185525857378579,11828.406890724233,1412.9679741846446,True,True,Double-high
176,Comoros,COM,2010,0.411092938,Low SDI,15418.04318865648,15613.268622829515,-195.2254341730368,0.9874961842462904,-0.012582646268715088,11828.406890724233,1412.9679741846446,True,False,Structural high
177,Djibouti,DJI,2010,0.401079471,Low SDI,15456.4812628391,15954.75191330511,-498.2706504660109,0.96876976507228,-0.0317282958674549,11828.406890724233,1412.9679741846446,True,False,Structural high
178,Eritrea,ERI,2010,0.352523867,Low SDI,21146.75815330175,17513.49380025981,3633.264353041941,1.2074551425591644,0.18851495683522326,11828.406890724233,1412.9679741846446,True,True,Double-high
179,Ethiopia,ETH,2010,0.251601816,Low SDI,17899.39342547239,20202.05071861832,-2302.657293145927,0.8860186361662885,-0.12101729455053889,11828.406890724233,1412.9679741846446,True,False,Structural high
180,Kenya,KEN,2010,0.436008311,Low SDI,23735.479899389946,14737.167473643953,8998.312425745993,1.6105862908756812,0.4765982685311367,11828.406890724233,1412.9679741846446,True,True,Double-high
181,Madagascar,MDG,2010,0.299512201,Low SDI,18441.44813146647,19017.713434043508,-576.2653025770378,0.969698496899976,-0.030770083739893633,11828.406890724233,1412.9679741846446,True,False,Structural high
182,Malawi,MWI,2010,0.305451883,Low SDI,20887.545598494587,18859.57593644363,2027.969662050957,1.1075299714524425,0.10213228483051905,11828.406890724233,1412.9679741846446,True,True,Double-high
183,Mauritius,MUS,2010,0.673385654,Middle SDI,10217.85822485164,5930.46256687801,4287.39565797363,1.722944561174535,0.5440347812733741,11828.406890724233,1412.9679741846446,False,True,Excess-only
184,Mozambique,MOZ,2010,0.256152419,Low SDI,15041.26936424548,20096.22036828131,-5054.951004035829,0.7484626008573102,-0.2897340418252643,11828.406890724233,1412.9679741846446,True,False,Structural high
185,Rwanda,RWA,2010,0.362262409,Low SDI,24627.80560066989,17214.388283842145,7413.417316827745,1.43065238186745,0.358130551335292,11828.406890724233,1412.9679741846446,True,True,Double-high
186,Seychelles,SYC,2010,0.698488436,High-middle SDI,12277.57497766164,5128.226395155317,7149.348582506323,2.394117192107661,0.873014558363574,11828.406890724233,1412.9679741846446,True,True,Double-high
187,Somalia,SOM,2010,0.119659075,Low SDI,17112.11101326841,22844.184288086748,-5732.073274818336,0.7490795380333359,-0.2889101088020718,11828.406890724233,1412.9679741846446,True,False,Structural high
189,United Republic of Tanzania,TZA,2010,0.358014321,Low SDI,20394.97072216018,17345.721152539787,3049.2495696203914,1.1757926086096406,0.16194248070128237,11828.406890724233,1412.9679741846446,True,True,Double-high
190,Uganda,UGA,2010,0.328798589,Low SDI,17911.36409037356,18212.66054415843,-301.2964537848675,0.9834567578386286,-0.01668160974684826,11828.406890724233,1412.9679741846446,True,False,Structural high
191,Zambia,ZMB,2010,0.386883837,Low SDI,12884.47561318681,16427.561273157673,-3543.0856599708623,0.7843206547182267,-0.2429373438836768,11828.406890724233,1412.9679741846446,True,False,Structural high
193,Botswana,BWA,2010,0.623520046,Low-middle SDI,9531.67392225187,7656.910063380577,1874.7638588712923,1.2448460075086178,0.2190118335184888,11828.406890724233,1412.9679741846446,False,True,Excess-only
194,Lesotho,LSO,2010,0.450940801,Low SDI,21479.08705477042,14195.834898528406,7283.252156242015,1.5130555693485153,0.4141311620554369,11828.406890724233,1412.9679741846446,True,True,Double-high
195,Namibia,NAM,2010,0.546875248,Low-middle SDI,15204.9158535018,10543.909986114732,4661.005867387068,1.4420566823431862,0.36607034623389223,11828.406890724233,1412.9679741846446,True,True,Double-high
196,South Africa,ZAF,2010,0.643479947,Middle SDI,15901.509441624608,6947.058604682997,8954.45083694161,2.288955707226284,0.8280956905107266,11828.406890724233,1412.9679741846446,True,True,Double-high
197,Eswatini,SWZ,2010,0.53410232,Low-middle SDI,16663.18726065759,11037.688112803176,5625.499147854414,1.5096628107591763,0.4118863217577569,11828.406890724233,1412.9679741846446,True,True,Double-high
198,Zimbabwe,ZWE,2010,0.428180845,Low SDI,12613.2101284215,15016.258554881411,-2403.048426459911,0.8399702284242608,-0.1743888301249432,11828.406890724233,1412.9679741846446,True,False,Structural high
200,Benin,BEN,2010,0.3022899,Low SDI,13184.2552832376,18944.08235664226,-5759.827073404658,0.6959563960412618,-0.36246826997627407,11828.406890724233,1412.9679741846446,True,False,Structural high
201,Burkina Faso,BFA,2010,0.225678338,Low SDI,12944.09938034321,20780.806332512293,-7836.706952169083,0.6228872534215247,-0.4733897502136016,11828.406890724233,1412.9679741846446,True,False,Structural high
202,Cameroon,CMR,2010,0.39608436,Low SDI,13459.34123387445,16122.66373232437,-2663.322498449921,0.8348087795746667,-0.18055258685467868,11828.406890724233,1412.9679741846446,True,False,Structural high
203,Cabo Verde,CPV,2010,0.471445247,Low SDI,7292.175887655961,13435.77998781356,-6143.604100157599,0.5427430260297553,-0.6111193196296326,11828.406890724233,1412.9679741846446,False,False,Neither
204,Chad,TCD,2010,0.187206165,Low SDI,20272.87589189113,21573.86646445624,-1300.990572565108,0.9396959940069834,-0.06219886665745261,11828.406890724233,1412.9679741846446,True,False,Structural high
205,Côte d'Ivoire,CIV,2010,0.363288385,Low SDI,13895.91221671332,17182.471254747605,-3286.559038034285,0.8087260563799172,-0.21229503931790614,11828.406890724233,1412.9679741846446,True,False,Structural high
206,Gambia,GMB,2010,0.35675721,Low SDI,11231.488195597509,17384.331350134715,-6152.843154537206,0.6460696111565127,-0.43684802379670207,11828.406890724233,1412.9679741846446,False,False,Neither
207,Ghana,GHA,2010,0.486967173,Low SDI,11522.31743439097,12849.86802097671,-1327.5505865857394,0.8966876092097923,-0.1090477393310581,11828.406890724233,1412.9679741846446,False,False,Neither
208,Guinea,GIN,2010,0.267030226,Low SDI,19222.42254290585,19837.78480370356,-615.3622607977122,0.9689802935717484,-0.03151100416942845,11828.406890724233,1412.9679741846446,True,False,Structural high
209,Guinea-Bissau,GNB,2010,0.295082176,Low SDI,13657.682968818948,19133.97974705797,-5476.296778239021,0.713792067795982,-0.3371635806300448,11828.406890724233,1412.9679741846446,True,False,Structural high
210,Liberia,LBR,2010,0.290599344,Low SDI,17623.52493016626,19250.18497408938,-1626.6600439231224,0.9154989915103364,-0.08828601644072188,11828.406890724233,1412.9679741846446,True,False,Structural high
211,Mali,MLI,2010,0.206701177,Low SDI,10289.66283790383,21180.78271003246,-10891.119872128633,0.4858018222825185,-0.721954511324932,11828.406890724233,1412.9679741846446,False,False,Neither
212,Mauritania,MRT,2010,0.424951332,Low SDI,13595.3578092128,15130.409555121318,-1535.0517459085186,0.8985452614275774,-0.10697819959479898,11828.406890724233,1412.9679741846446,True,False,Structural high
213,Niger,NER,2010,0.139597908,Low SDI,17796.59992237472,22478.583095876624,-4681.983173501903,0.7917135989607482,-0.23355557004087948,11828.406890724233,1412.9679741846446,True,False,Structural high
214,Nigeria,NGA,2010,0.403975715,Low SDI,16022.07383767949,15856.644432385769,165.4294052937239,1.0104328129447016,0.010378766729430895,11828.406890724233,1412.9679741846446,True,False,Structural high
215,Sao Tome and Principe,STP,2010,0.4061429,Low SDI,14031.02802844509,15782.87837185552,-1751.8503434104314,0.8890031145057558,-0.1176545400933167,11828.406890724233,1412.9679741846446,True,False,Structural high
216,Senegal,SEN,2010,0.330559337,Low SDI,13828.49795767842,18162.22017624445,-4333.722218566025,0.7613880805038151,-0.27261208986626434,11828.406890724233,1412.9679741846446,True,False,Structural high
217,Sierra Leone,SLE,2010,0.283971591,Low SDI,20500.72054258621,19419.35259071183,1081.3679518743777,1.0556850670908355,0.05418990888252917,11828.406890724233,1412.9679741846446,True,False,Structural high
218,Togo,TGO,2010,0.363951766,Low SDI,15125.57038559228,17161.79325624124,-2036.2228706489584,0.8813513925819818,-0.126298876061847,11828.406890724233,1412.9679741846446,True,False,Structural high
298,American Samoa,ASM,2010,0.673329898,Middle SDI,7455.268628654039,5932.2993839883175,1522.9692446657218,1.256724946953338,0.22850908860238048,11828.406890724233,1412.9679741846446,False,True,Excess-only
305,Bermuda,BMU,2010,0.78663433,High SDI,4706.33874394436,2772.73571472243,1933.6030292219305,1.6973629037037514,0.5290758135389348,11828.406890724233,1412.9679741846446,False,True,Excess-only
320,Cook Islands,COK,2010,0.724309644,High SDI,8187.46917660357,4359.177053729447,3828.2921228741234,1.878214414254835,0.6303215458636845,11828.406890724233,1412.9679741846446,False,True,Excess-only
349,Greenland,GRL,2010,0.822639511,High SDI,1067.01286033272,2044.8349804233249,-977.8221200906048,0.5218087867960012,-0.6504540670268838,11828.406890724233,1412.9679741846446,False,False,Neither
351,Guam,GUM,2010,0.74659148,High SDI,7274.75605093704,3746.177822069233,3528.5782288678065,1.9419142380483063,0.6636742072298722,11828.406890724233,1412.9679741846446,False,True,Excess-only
367,Monaco,MCO,2010,0.898593381,High SDI,994.9409789894,955.8605001957918,39.08047879360822,1.0408851278880162,0.040071435693931394,11828.406890724233,1412.9679741846446,False,False,Neither
369,Nauru,NRU,2010,0.535555512,Low-middle SDI,14988.59315075022,10981.484312595476,4007.108838154744,1.3648968321667312,0.3110788449503146,11828.406890724233,1412.9679741846446,True,True,Double-high
374,Niue,NIU,2010,0.692547546,High-middle SDI,9764.907814569053,5313.469197816777,4451.438616752276,1.83776501773668,0.6085501690447817,11828.406890724233,1412.9679741846446,False,True,Excess-only
376,Northern Mariana Islands,MNP,2010,0.758892904,High SDI,6564.397062934239,3429.165565478696,3135.2314974555434,1.914284083865131,0.6493437061889447,11828.406890724233,1412.9679741846446,False,True,Excess-only
380,Palau,PLW,2010,0.732724421,High SDI,7996.56263581715,4121.9441858409855,3874.618449976165,1.9399977960122816,0.6626868369984479,11828.406890724233,1412.9679741846446,False,True,Excess-only
385,Puerto Rico,PRI,2010,0.779218286,High SDI,4399.45082136066,2940.149413884857,1459.301407475802,1.496335798644875,0.40301931869874547,11828.406890724233,1412.9679741846446,False,True,Excess-only
393,Saint Kitts and Nevis,KNA,2010,0.71201726,High-middle SDI,5463.16243084128,4717.764875536914,745.3975553043665,1.1579980297809005,0.14669267775117,11828.406890724233,1412.9679741846446,False,False,Neither
396,San Marino,SMR,2010,0.858231263,High SDI,1008.09406694928,1462.1644512642831,-454.0703843150032,0.689453273246806,-0.37185635308537096,11828.406890724233,1412.9679741846446,False,False,Neither
416,Tuvalu,TUV,2010,0.553339883,Low-middle SDI,9735.90833455223,10294.435230501673,-558.5268959494406,0.945744775362269,-0.05578253981704219,11828.406890724233,1412.9679741846446,False,False,Neither
422,United States Virgin Islands,VIR,2010,0.775054171,High SDI,4135.08773009966,3036.750246107594,1098.3374839920652,1.361681862181415,0.30872059907834504,11828.406890724233,1412.9679741846446,False,False,Neither
435,South Sudan,SSD,2010,0.353182878,Low SDI,15756.641838525553,17493.474017922505,-1736.8321793969517,0.9007154223559298,-0.10456591770560116,11828.406890724233,1412.9679741846446,True,False,Structural high
522,Sudan,SDN,2010,0.462980095,Low SDI,16058.466566946,13751.694914743586,2306.771652202413,1.1677445337831962,0.15507413940706175,11828.406890724233,1412.9679741846446,True,True,Double-high
6,China,CHN,2011,0.65208923,Middle SDI,7475.91971190723,6639.972760551899,835.9469513553304,1.125896141671197,0.11857928893698062,11499.048219880095,1276.180040074553,False,False,Neither
7,Democratic People's Republic of Korea,PRK,2011,0.542982816,Low-middle SDI,13262.45907188149,10681.000482956018,2581.458588925472,1.241686964909774,0.21647091060813436,11499.048219880095,1276.180040074553,True,True,Double-high
8,Taiwan,TWN,2011,0.832663652,High SDI,8830.338492521101,1864.8538934437383,6965.484599077363,4.735136904593919,1.5550106395450687,11499.048219880095,1276.180040074553,False,True,Excess-only
10,Cambodia,KHM,2011,0.43070489,Low SDI,21690.4809683211,14908.0666777754,6782.414290545699,1.4549492859900317,0.37497104502633766,11499.048219880095,1276.180040074553,True,True,Double-high
11,Indonesia,IDN,2011,0.594739414,Low-middle SDI,13963.53390430004,8705.994682791961,5257.539221508079,1.6038987402438911,0.4724373779278118,11499.048219880095,1276.180040074553,True,True,Double-high
12,Lao People's Democratic Republic,LAO,2011,0.44000962,Low SDI,13696.76900016663,14575.07192479158,-878.302924624948,0.9397393763024257,-0.06215270141427878,11499.048219880095,1276.180040074553,True,False,Structural high
13,Malaysia,MYS,2011,0.716779072,High-middle SDI,8335.15700820398,4571.499668248293,3763.6573399556864,1.8232872389987167,0.6006410471895838,11499.048219880095,1276.180040074553,False,True,Excess-only
14,Maldives,MDV,2011,0.585114376,Low-middle SDI,7911.92512956976,9067.957821388256,-1156.0326918184956,0.8725145490761101,-0.13637594988571825,11499.048219880095,1276.180040074553,False,False,Neither
15,Myanmar,MMR,2011,0.470286227,Low SDI,14497.97181266322,13462.432195949285,1035.5396167139352,1.0769206932032325,0.0741057586971309,11499.048219880095,1276.180040074553,True,False,Structural high
16,Philippines,PHL,2011,0.57973768,Low-middle SDI,15007.33151778641,9271.5357102814,5735.795807505008,1.618645711642405,0.4815898191501027,11499.048219880095,1276.180040074553,True,True,Double-high
17,Sri Lanka,LKA,2011,0.660727611,Middle SDI,8832.16897755625,6345.377485314319,2486.791492241932,1.3919059973968984,0.3306740290262574,11499.048219880095,1276.180040074553,False,True,Excess-only
18,Thailand,THA,2011,0.624933568,Low-middle SDI,11932.81464519246,7596.445777041483,4336.3688681509775,1.5708418114767118,0.4516116613180084,11499.048219880095,1276.180040074553,True,True,Double-high
19,Timor-Leste,TLS,2011,0.4128863,Low SDI,15736.94033871294,15532.09809353231,204.84224518063093,1.0131883177628094,0.013102109038257682,11499.048219880095,1276.180040074553,True,False,Structural high
20,Viet Nam,VNM,2011,0.575735438,Low-middle SDI,10595.881787158927,9423.63804098142,1172.243746177508,1.1243939698319976,0.1172441970262515,11499.048219880095,1276.180040074553,False,False,Neither
22,Fiji,FJI,2011,0.636822829,Middle SDI,9143.16635830659,7172.326177111067,1970.8401811955216,1.2747839588619148,0.2427767202232572,11499.048219880095,1276.180040074553,False,True,Excess-only
23,Kiribati,KIR,2011,0.491694677,Low SDI,9896.39243450743,12654.1975168414,-2757.805082333969,0.7820640085107237,-0.24581868947104055,11499.048219880095,1276.180040074553,False,False,Neither
24,Marshall Islands,MHL,2011,0.52599206,Low SDI,11349.179418774049,11337.19173488262,11.987683891429697,1.0010573768329722,0.0010568182038417804,11499.048219880095,1276.180040074553,False,False,Neither
25,Micronesia (Federated States of),FSM,2011,0.556248104,Low-middle SDI,7349.941093612119,10169.701546190385,-2819.7604525782635,0.7227292817030054,-0.3247205644211431,11499.048219880095,1276.180040074553,False,False,Neither
26,Papua New Guinea,PNG,2011,0.406534361,Low SDI,12481.75834198233,15749.90794448504,-3268.149602502712,0.7924972251252376,-0.23256627465608995,11499.048219880095,1276.180040074553,True,False,Structural high
27,Samoa,WSM,2011,0.570193013,Low-middle SDI,8715.610358732789,9634.985325096844,-919.3749663640538,0.9045795156564173,-0.1002850668372629,11499.048219880095,1276.180040074553,False,False,Neither
28,Solomon Islands,SLB,2011,0.410816725,Low SDI,11702.60349087944,15603.342190672807,-3900.738699793368,0.7500062068673269,-0.28767379666292286,11499.048219880095,1276.180040074553,True,False,Structural high
29,Tonga,TON,2011,0.585368711,Low-middle SDI,10101.6324442931,9058.35099235268,1043.28145194042,1.1151734408195475,0.10900994511960373,11499.048219880095,1276.180040074553,False,False,Neither
30,Vanuatu,VUT,2011,0.434125299,Low SDI,10537.33259379865,14786.199538104029,-4248.866944305377,0.7126464489163663,-0.33876984562150414,11499.048219880095,1276.180040074553,False,False,Neither
33,Armenia,ARM,2011,0.660427085,Middle SDI,5562.30328519615,6355.541492425276,-793.2382072291257,0.8751895163969065,-0.13331482590889365,11499.048219880095,1276.180040074553,False,False,Neither
34,Azerbaijan,AZE,2011,0.659052156,Middle SDI,9181.22512357451,6402.121782547092,2779.1033410274176,1.4340909834929365,0.36053118750987495,11499.048219880095,1276.180040074553,False,True,Excess-only
35,Georgia,GEO,2011,0.683328205,High-middle SDI,5915.70290867393,5599.730098572408,315.9728101015225,1.056426435656618,0.05489192541457805,11499.048219880095,1276.180040074553,False,False,Neither
36,Kazakhstan,KAZ,2011,0.692123254,High-middle SDI,5972.80398267355,5320.186713813716,652.6172688598344,1.1226681137271617,0.11570809666051196,11499.048219880095,1276.180040074553,False,False,Neither
37,Kyrgyzstan,KGZ,2011,0.559148683,Low-middle SDI,7912.64147936844,10058.188105244926,-2145.5466258764864,0.7866865678563246,-0.23992537182813653,11499.048219880095,1276.180040074553,False,False,Neither
38,Mongolia,MNG,2011,0.601143161,Low-middle SDI,8053.360159899101,8467.162187356284,-413.8020274571827,0.9511286050389942,-0.05010599420324531,11499.048219880095,1276.180040074553,False,False,Neither
39,Tajikistan,TJK,2011,0.500933399,Low SDI,7496.39282885651,12301.431980010042,-4805.039151153532,0.6093918855169242,-0.4952937280476937,11499.048219880095,1276.180040074553,False,False,Neither
40,Turkmenistan,TKM,2011,0.636400433,Middle SDI,8804.60157803031,7187.256577468969,1617.3450005613404,1.2250295343054105,0.20296495334312747,11499.048219880095,1276.180040074553,False,True,Excess-only
41,Uzbekistan,UZB,2011,0.620353836,Low-middle SDI,9630.29917366779,7761.873078126956,1868.4260955408345,1.2407184550345305,0.21569061105141946,11499.048219880095,1276.180040074553,False,True,Excess-only
43,Albania,ALB,2011,0.646311435,Middle SDI,6442.8853529466,6839.746870727773,-396.8615177811735,0.9419771630029716,-0.0597742477962757,11499.048219880095,1276.180040074553,False,False,Neither
44,Bosnia and Herzegovina,BIH,2011,0.663788633,Middle SDI,5804.18368850524,6242.208858402311,-438.02516989707146,0.9298284982394543,-0.0727551203357519,11499.048219880095,1276.180040074553,False,False,Neither
45,Bulgaria,BGR,2011,0.732995586,High SDI,5777.35229780341,4109.296052104175,1668.0562456992348,1.405922626296322,0.3406937607905105,11499.048219880095,1276.180040074553,False,True,Excess-only
46,Croatia,HRV,2011,0.744076837,High SDI,3468.33424271391,3808.146767264336,-339.81252455042613,0.9107669569168056,-0.093468224637301,11499.048219880095,1276.180040074553,False,False,Neither
47,Czechia,CZE,2011,0.805296641,High SDI,3756.44823159415,2374.889305576902,1381.5589260172474,1.581736135142367,0.45852306348873234,11499.048219880095,1276.180040074553,False,True,Excess-only
48,Hungary,HUN,2011,0.762961406,High SDI,4386.39792069088,3323.6382387348726,1062.7596819560072,1.3197579295996251,0.2774483331139379,11499.048219880095,1276.180040074553,False,False,Neither
49,North Macedonia,MKD,2011,0.710094981,High-middle SDI,5480.01198791086,4769.157551954909,710.854435955951,1.1490524119222203,0.1389376130762489,11499.048219880095,1276.180040074553,False,False,Neither
50,Montenegro,MNE,2011,0.734591809,High SDI,5393.31546663989,4065.167279616805,1328.1481870230846,1.326714276601252,0.28270541686968365,11499.048219880095,1276.180040074553,False,True,Excess-only
51,Poland,POL,2011,0.785217869,High SDI,4591.1304419189,2800.764509812308,1790.365932106592,1.6392418662240806,0.49423385826066213,11499.048219880095,1276.180040074553,False,True,Excess-only
52,Romania,ROU,2011,0.715370306,High-middle SDI,6063.30268233511,4612.819498832601,1450.4831835025088,1.3144461177961966,0.27341537370193597,11499.048219880095,1276.180040074553,False,True,Excess-only
53,Serbia,SRB,2011,0.734069986,High SDI,4258.93575686875,4079.566000711377,179.36975615737356,1.0439678524936469,0.04302869635573775,11499.048219880095,1276.180040074553,False,False,Neither
54,Slovakia,SVK,2011,0.787477357,High SDI,4589.13632830158,2750.655795855114,1838.480532446466,1.6683789862827696,0.5118524881299322,11499.048219880095,1276.180040074553,False,True,Excess-only
55,Slovenia,SVN,2011,0.814982795,High SDI,4162.08533592598,2185.1110503478394,1976.9742855781408,1.9047477405157205,0.6443495801336176,11499.048219880095,1276.180040074553,False,True,Excess-only
57,Belarus,BLR,2011,0.751066316,High SDI,4271.64290812165,3624.542462746853,647.1004453747978,1.1785330016204014,0.16427044607401198,11499.048219880095,1276.180040074553,False,False,Neither
58,Estonia,EST,2011,0.806317883,High SDI,3197.64349186892,2354.399631209285,843.2438606596352,1.3581566397997276,0.30612836843439756,11499.048219880095,1276.180040074553,False,False,Neither
59,Latvia,LVA,2011,0.803003049,High SDI,3377.9418421718296,2421.3201916912685,956.6216504805612,1.3950826717437854,0.33295367641612367,11499.048219880095,1276.180040074553,False,False,Neither
60,Lithuania,LTU,2011,0.792613407,High SDI,3428.7692977555303,2638.81067633646,789.9586214190704,1.2993616133597707,0.26187307720844777,11499.048219880095,1276.180040074553,False,False,Neither
61,Republic of Moldova,MDA,2011,0.666601035,Middle SDI,5079.24097223858,6148.0009378805225,-1068.7599656419425,0.8261613853932837,-0.1909651427136408,11499.048219880095,1276.180040074553,False,False,Neither
62,Russian Federation,RUS,2011,0.775614733,High SDI,2174.98482646477,3019.876933266949,-844.8921068021791,0.7202230006478569,-0.32819439180431725,11499.048219880095,1276.180040074553,False,False,Neither
63,Ukraine,UKR,2011,0.726945211,High SDI,2111.54373710318,4278.812552738816,-2167.268815635636,0.4934882542941982,-0.7062562212141383,11499.048219880095,1276.180040074553,False,False,Neither
66,Brunei Darussalam,BRN,2011,0.793911656,High SDI,2512.66723536831,2610.9925036055206,-98.32526823721082,0.962341803700534,-0.03838558612040149,11499.048219880095,1276.180040074553,False,False,Neither
67,Japan,JPN,2011,0.848185904,High SDI,2027.84572292047,1611.156214464148,416.6895084563221,1.2586276269895456,0.230021942441489,11499.048219880095,1276.180040074553,False,False,Neither
68,Republic of Korea,KOR,2011,0.847879828,High SDI,1846.11057418328,1615.9146361375697,230.1959380457106,1.1424555065581528,0.13317989909629316,11499.048219880095,1276.180040074553,False,False,Neither
69,Singapore,SGP,2011,0.841629114,High SDI,4620.75344112614,1715.2284630169945,2905.524978109146,2.693958000789285,0.9910114879591817,11499.048219880095,1276.180040074553,False,True,Excess-only
71,Australia,AUS,2011,0.808460582,High SDI,838.5950427287801,2311.7781669081887,-1473.1831241794089,0.362748924067542,-1.0140443532662302,11499.048219880095,1276.180040074553,False,False,Neither
72,New Zealand,NZL,2011,0.818805459,High SDI,1255.4034532477,2113.0153503009137,-857.6118970532136,0.5941288846145479,-0.520659005690129,11499.048219880095,1276.180040074553,False,False,Neither
74,Andorra,AND,2011,0.856531506,High SDI,1054.71005733981,1485.1376264262224,-430.4275690864124,0.710176645297058,-0.3422415436983768,11499.048219880095,1276.180040074553,False,False,Neither
75,Austria,AUT,2011,0.825008093,High SDI,1120.10120347752,1999.392281719551,-879.2910782420311,0.560220829958487,-0.5794242337726307,11499.048219880095,1276.180040074553,False,False,Neither
76,Belgium,BEL,2011,0.835160164,High SDI,1212.52192362249,1822.3336350633224,-609.8117114408321,0.665367691345036,-0.4074154718140014,11499.048219880095,1276.180040074553,False,False,Neither
77,Cyprus,CYP,2011,0.822177999,High SDI,808.29192680853,2050.72081811144,-1242.4288913029102,0.3941501542627856,-0.9310233400953866,11499.048219880095,1276.180040074553,False,False,Neither
78,Denmark,DNK,2011,0.88177134,High SDI,1088.92646047893,1146.566420232014,-57.63995975308399,0.9497281982657226,-0.05157944241270498,11499.048219880095,1276.180040074553,False,False,Neither
79,Finland,FIN,2011,0.849563686,High SDI,1141.83033166989,1589.8568096036934,-448.0264779338033,0.7181969626274182,-0.33101142634499253,11499.048219880095,1276.180040074553,False,False,Neither
80,France,FRA,2011,0.821842026,High SDI,946.15061732416,2056.871555075609,-1110.7209377514491,0.459994993362325,-0.7765396735531731,11499.048219880095,1276.180040074553,False,False,Neither
81,Germany,DEU,2011,0.856331254,High SDI,1170.60123794536,1488.0777655152651,-317.4765275699051,0.7866532684466426,-0.23996770141125473,11499.048219880095,1276.180040074553,False,False,Neither
82,Greece,GRC,2011,0.800481334,High SDI,985.56331400701,2473.02954716401,-1487.4662331570007,0.3985246820593882,-0.9199858452561377,11499.048219880095,1276.180040074553,False,False,Neither
83,Iceland,ISL,2011,0.848222646,High SDI,948.96358069385,1610.585657538605,-661.6220768447549,0.5892040427977695,-0.5289827329138592,11499.048219880095,1276.180040074553,False,False,Neither
84,Ireland,IRL,2011,0.859765496,High SDI,1066.20263977828,1438.220124365558,-372.017484587278,0.7413348080139082,-0.2993029230543581,11499.048219880095,1276.180040074553,False,False,Neither
85,Israel,ISR,2011,0.79848195,High SDI,1099.17429952909,2514.51978214864,-1415.34548261955,0.437130901626812,-0.8275225826847318,11499.048219880095,1276.180040074553,False,False,Neither
86,Italy,ITA,2011,0.800947673,High SDI,1061.21092599135,2463.414841503991,-1402.2039155126408,0.4307885574576826,-0.8421378952000977,11499.048219880095,1276.180040074553,False,False,Neither
87,Luxembourg,LUX,2011,0.857674665,High SDI,1101.84510436634,1468.4317412689084,-366.5866369025685,0.750355003504765,-0.28720884643452393,11499.048219880095,1276.180040074553,False,False,Neither
88,Malta,MLT,2011,0.775397572,High SDI,1133.17773917369,3024.946413615416,-1891.7686744417256,0.3746108473436778,-0.981867532253978,11499.048219880095,1276.180040074553,False,False,Neither
89,Netherlands,NLD,2011,0.876958223,High SDI,924.97964063435,1206.326239668629,-281.34659903427894,0.7667740369209217,-0.26556312738110943,11499.048219880095,1276.180040074553,False,False,Neither
90,Norway,NOR,2011,0.882001211,High SDI,1278.80668157373,1143.7674688820907,135.03921269163925,1.1180652679548804,0.11159975223720862,11499.048219880095,1276.180040074553,False,False,Neither
91,Portugal,PRT,2011,0.740646377,High SDI,1000.39011796035,3900.0684436690726,-2899.6783257087227,0.2565057850675081,-1.3606040607562202,11499.048219880095,1276.180040074553,False,False,Neither
92,Spain,ESP,2011,0.776054233,High SDI,994.96908026707,3009.6325495793667,-2014.663469312297,0.3305948695983266,-1.106861612171988,11499.048219880095,1276.180040074553,False,False,Neither
93,Sweden,SWE,2011,0.875645431,High SDI,982.79462333763,1223.0111440210223,-240.2165206833924,0.8035859919529373,-0.21867107780984393,11499.048219880095,1276.180040074553,False,False,Neither
94,Switzerland,CHE,2011,0.924359348,High SDI,948.90037973144,708.7348257062813,240.1655540251587,1.338865179633052,0.29182237428576685,11499.048219880095,1276.180040074553,False,False,Neither
95,United Kingdom,GBR,2011,0.837225899,High SDI,1100.65149210095,1787.650801542191,-686.9993094412409,0.6156971435089155,-0.4850000864960442,11499.048219880095,1276.180040074553,False,False,Neither
97,Argentina,ARG,2011,0.696099062,High-middle SDI,4794.129063397079,5195.901205258747,-401.7721418616675,0.922675176838421,-0.08047802750317641,11499.048219880095,1276.180040074553,False,False,Neither
98,Chile,CHL,2011,0.71628912,High-middle SDI,2695.46248395112,4585.849487074444,-1890.3870031233248,0.5877782276868179,-0.5314055660255934,11499.048219880095,1276.180040074553,False,False,Neither
99,Uruguay,URY,2011,0.68226361,High-middle SDI,5750.36252252982,5633.987626744539,116.3748957852813,1.0206558664120684,0.020445426942554933,11499.048219880095,1276.180040074553,False,False,Neither
101,Canada,CAN,2011,0.860518266,High SDI,690.6429607403101,1427.4512552173037,-736.8082944769934,0.48382945352146,-0.7260228031192776,11499.048219880095,1276.180040074553,False,False,Neither
102,United States of America,USA,2011,0.8380448,High SDI,1227.56321282775,1774.0269084256142,-546.4636955978642,0.6919642576995456,-0.368220975421612,11499.048219880095,1276.180040074553,False,False,Neither
105,Antigua and Barbuda,ATG,2011,0.720467219,High SDI,5380.28838340964,4464.194522072771,916.0938613368688,1.2052092167595594,0.18665317573859344,11499.048219880095,1276.180040074553,False,False,Neither
106,Bahamas,BHS,2011,0.780428601,High SDI,4698.80368524536,2908.799350385288,1790.004334860072,1.615375665091157,0.4795675395886816,11499.048219880095,1276.180040074553,False,True,Excess-only
107,Barbados,BRB,2011,0.724490991,High SDI,6247.830044937569,4348.577369707034,1899.2526752305348,1.4367526466152052,0.3623854604887259,11499.048219880095,1276.180040074553,False,True,Excess-only
108,Belize,BLZ,2011,0.575605565,Low-middle SDI,6155.84036922039,9428.581302900277,-3272.7409336798846,0.6528914766134355,-0.4263443555333078,11499.048219880095,1276.180040074553,False,False,Neither
109,Cuba,CUB,2011,0.642654152,Middle SDI,5779.00963537181,6967.2882939121055,-1188.2786585402955,0.8294489034451764,-0.18699377047115834,11499.048219880095,1276.180040074553,False,False,Neither
110,Dominica,DMA,2011,0.70618665,High-middle SDI,5085.68140598048,4886.5991394048615,199.08226657561863,1.0407404538199678,0.03993243464633412,11499.048219880095,1276.180040074553,False,False,Neither
111,Dominican Republic,DOM,2011,0.581555862,Low-middle SDI,8167.97556660758,9202.59234922128,-1034.6167826137007,0.8875733333226208,-0.11926413195025115,11499.048219880095,1276.180040074553,False,False,Neither
112,Grenada,GRD,2011,0.623787018,Low-middle SDI,5871.86500711996,7637.75720638026,-1765.8921992603,0.7687944050139289,-0.26293169890986035,11499.048219880095,1276.180040074553,False,False,Neither
113,Guyana,GUY,2011,0.590360118,Low-middle SDI,6344.53703105283,8870.265269937348,-2525.7282388845188,0.7152589959801329,-0.3351105697383063,11499.048219880095,1276.180040074553,False,False,Neither
114,Haiti,HTI,2011,0.428055296,Low SDI,14771.83902246779,15002.024825329328,-230.18580286153883,0.9846563510231704,-0.015462580893584564,11499.048219880095,1276.180040074553,True,False,Structural high
115,Jamaica,JAM,2011,0.655220831,Middle SDI,5731.20699144987,6532.598253154303,-801.3912617044334,0.8773242696629205,-0.13087860618972494,11499.048219880095,1276.180040074553,False,False,Neither
116,Saint Lucia,LCA,2011,0.661841258,Middle SDI,5746.61943666467,6307.767604174151,-561.148167509481,0.9110385475935824,-0.09317006912276743,11499.048219880095,1276.180040074553,False,False,Neither
117,Saint Vincent and the Grenadines,VCT,2011,0.590855384,Low-middle SDI,4813.62378523708,8851.651218985278,-4038.027433748199,0.5438108287539255,-0.6091538338633735,11499.048219880095,1276.180040074553,False,False,Neither
118,Suriname,SUR,2011,0.618852714,Low-middle SDI,4699.08507382509,7816.333697681724,-3117.248623856633,0.6011878785598432,-0.5088477833826841,11499.048219880095,1276.180040074553,False,False,Neither
119,Trinidad and Tobago,TTO,2011,0.734915936,High SDI,4157.42589521795,4056.237064898135,101.18883031981522,1.0249464783987807,0.024640395030746977,11499.048219880095,1276.180040074553,False,False,Neither
121,Bolivia (Plurinational State of),BOL,2011,0.560042552,Low-middle SDI,13696.13523697666,10023.850156354592,3672.2850806220654,1.3663547462642418,0.3121464245519101,11499.048219880095,1276.180040074553,True,True,Double-high
122,Ecuador,ECU,2011,0.615005625,Low-middle SDI,8192.56040685606,7956.427943777731,236.13246307832924,1.0296782004119065,0.02924632664157199,11499.048219880095,1276.180040074553,False,False,Neither
123,Peru,PER,2011,0.624103391,Low-middle SDI,13594.33987147436,7626.350953790347,5967.988917684012,1.7825484237278488,0.5780440391240512,11499.048219880095,1276.180040074553,True,True,Double-high
125,Colombia,COL,2011,0.616038632,Low-middle SDI,5728.04988845911,7918.737387698474,-2190.687499239364,0.7233539399042918,-0.32385663317457963,11499.048219880095,1276.180040074553,False,False,Neither
126,Costa Rica,CRI,2011,0.640007484,Middle SDI,3775.04455120633,7060.096878080427,-3285.0523268740967,0.5347015227123525,-0.6260465892433025,11499.048219880095,1276.180040074553,False,False,Neither
127,El Salvador,SLV,2011,0.532941537,Low-middle SDI,6038.5097954987405,11068.798597982544,-5030.288802483802,0.545543379622008,-0.6059729541906475,11499.048219880095,1276.180040074553,False,False,Neither
128,Guatemala,GTM,2011,0.479189721,Low SDI,7600.21669657908,13128.085793634908,-5527.869097055827,0.5789280186045105,-0.5465771293370021,11499.048219880095,1276.180040074553,False,False,Neither
129,Honduras,HND,2011,0.4633137,Low SDI,6288.87095004611,13722.210192477722,-7433.339242431612,0.4582986896304474,-0.7802341466672025,11499.048219880095,1276.180040074553,False,False,Neither
130,Mexico,MEX,2011,0.618753216,Low-middle SDI,2311.22683972042,7819.947560000182,-5508.720720279763,0.2955552862710457,-1.2188993656560299,11499.048219880095,1276.180040074553,False,False,Neither
131,Nicaragua,NIC,2011,0.480577787,Low SDI,5181.3786411437895,13075.716981454689,-7894.338340310899,0.3962596199116689,-0.9256856767057314,11499.048219880095,1276.180040074553,False,False,Neither
132,Panama,PAN,2011,0.62617258,Low-middle SDI,4261.5093424431,7551.881961051179,-3290.3726186080794,0.5642976630754861,-0.5721733952959898,11499.048219880095,1276.180040074553,False,False,Neither
133,Venezuela (Bolivarian Republic of),VEN,2011,0.615051932,Low-middle SDI,3726.01411064967,7954.737239794658,-4228.723129144988,0.4684019092434349,-0.7584285711707358,11499.048219880095,1276.180040074553,False,False,Neither
135,Brazil,BRA,2011,0.635365305,Middle SDI,10908.84414940609,7223.889122316086,3684.955027090004,1.5101068087695886,0.4121803826097772,11499.048219880095,1276.180040074553,False,True,Excess-only
136,Paraguay,PRY,2011,0.604101883,Low-middle SDI,7323.31587546196,8357.406676296661,-1034.0908008347014,0.8762665452469128,-0.13208495893209657,11499.048219880095,1276.180040074553,False,False,Neither
139,Algeria,DZA,2011,0.599218702,Low-middle SDI,10653.40146746887,8538.756415732087,2114.645051736783,1.2476525794600126,0.22126384934887938,11499.048219880095,1276.180040074553,False,True,Excess-only
140,Bahrain,BHR,2011,0.711399176,High-middle SDI,7731.563977412249,4730.272015906136,3001.2919615061137,1.63448612498687,0.49132845830355887,11499.048219880095,1276.180040074553,False,True,Excess-only
141,Egypt,EGY,2011,0.574061613,Low-middle SDI,17971.609968370518,9487.38231048836,8484.227657882158,1.894264337645885,0.6388305508364062,11499.048219880095,1276.180040074553,True,True,Double-high
142,Iran (Islamic Republic of),IRN,2011,0.654973317,Middle SDI,5180.7273941967405,6541.061275114253,-1360.333880917512,0.7920316254958564,-0.23315395678330278,11499.048219880095,1276.180040074553,False,False,Neither
143,Iraq,IRQ,2011,0.540812008,Low-middle SDI,13396.9217629862,10764.81055486947,2632.1112081167303,1.2445106855063133,0.21874242897290994,11499.048219880095,1276.180040074553,True,True,Double-high
144,Jordan,JOR,2011,0.659653303,Middle SDI,10479.21429629924,6381.739975446958,4097.474320852282,1.6420622489504215,0.4959529207564902,11499.048219880095,1276.180040074553,False,True,Excess-only
145,Kuwait,KWT,2011,0.811474824,High SDI,8938.79280225464,2252.665007969133,6686.127794285507,3.9680967967417913,1.3782865834652585,11499.048219880095,1276.180040074553,False,True,Excess-only
146,Lebanon,LBN,2011,0.667529553,Middle SDI,9980.60368024076,6117.022044194181,3863.5816360465774,1.6316115273302965,0.48956819348307073,11499.048219880095,1276.180040074553,False,True,Excess-only
147,Libya,LBY,2011,0.744230716,High SDI,9343.4372712485,3804.051202400687,5539.386068847813,2.4561807331489067,0.89860759599308,11499.048219880095,1276.180040074553,False,True,Excess-only
148,Morocco,MAR,2011,0.515006654,Low SDI,11159.028389402967,11760.872943048114,-601.8445536451472,0.9488265406352426,-0.05252927828500718,11499.048219880095,1276.180040074553,False,False,Neither
149,Palestine,PSE,2011,0.538655609,Low-middle SDI,13811.61893452178,10848.085022410913,2963.533912110868,1.273184982048771,0.24152162091857382,11499.048219880095,1276.180040074553,True,True,Double-high
150,Oman,OMN,2011,0.718747805,High-middle SDI,7429.483156563239,4514.062817761685,2915.420338801554,1.6458528506360433,0.4982587001031225,11499.048219880095,1276.180040074553,False,True,Excess-only
151,Qatar,QAT,2011,0.799152529,High SDI,7671.520682862951,2500.5558006396604,5170.96488222329,3.0679262110049774,1.1210018320439952,11499.048219880095,1276.180040074553,False,True,Excess-only
152,Saudi Arabia,SAU,2011,0.757716839,High SDI,7077.48410608255,3454.494194121395,3622.989911961155,2.048775799978617,0.7172424440307131,11499.048219880095,1276.180040074553,False,True,Excess-only
153,Syrian Arab Republic,SYR,2011,0.536926287,Low-middle SDI,13242.21438017398,10914.87741311482,2327.33696705916,1.2132261205483388,0.19328302689093663,11499.048219880095,1276.180040074553,True,True,Double-high
154,Tunisia,TUN,2011,0.628859363,Low-middle SDI,11573.982620433131,7455.5318730826175,4118.450747350514,1.5524020039696604,0.4398034113966434,11499.048219880095,1276.180040074553,True,True,Double-high
155,Türkiye,TUR,2011,0.631327286,Middle SDI,8168.1457757181,7367.380886769773,800.7648889483262,1.1086905782740686,0.10317965976607552,11499.048219880095,1276.180040074553,False,False,Neither
156,United Arab Emirates,ARE,2011,0.836406843,High SDI,7860.94152878604,1801.3482847144476,6059.593244071592,4.363920956036644,1.4733709550745788,11499.048219880095,1276.180040074553,False,True,Excess-only
157,Yemen,YEM,2011,0.405673981,Low SDI,20224.87340862198,15779.214517305125,4445.658891316856,1.2817414571835173,0.2482196666963391,11499.048219880095,1276.180040074553,True,True,Double-high
160,Afghanistan,AFG,2011,0.258380866,Low SDI,22043.47764551757,20018.97901019057,2024.498635327,1.1011289653831215,0.09633598565202883,11499.048219880095,1276.180040074553,True,True,Double-high
161,Bangladesh,BGD,2011,0.390795125,Low SDI,19547.71465877544,16278.37508580922,3269.3395729662207,1.2008394299635157,0.18302083721000037,11499.048219880095,1276.180040074553,True,True,Double-high
162,Bhutan,BTN,2011,0.425508725,Low SDI,13777.28419171329,15091.95597211521,-1314.6717804019208,0.912889238291512,-0.09114072196616889,11499.048219880095,1276.180040074553,True,False,Structural high
163,India,IND,2011,0.486240573,Low SDI,13977.81486071583,12861.447966788544,1116.3668939272848,1.086799472097545,0.08323711282973237,11499.048219880095,1276.180040074553,True,False,Structural high
164,Nepal,NPL,2011,0.376383671,Low SDI,17478.78418849704,16747.535918553567,731.2482699434731,1.0436630363714203,0.04273667526521021,11499.048219880095,1276.180040074553,True,False,Structural high
165,Pakistan,PAK,2011,0.435501283,Low SDI,24251.76653219185,14736.99452336471,9514.77200882714,1.6456385658379653,0.4981284948124095,11499.048219880095,1276.180040074553,True,True,Double-high
168,Angola,AGO,2011,0.404533506,Low SDI,12877.69427646762,15817.988716143616,-2940.294439675994,0.814117047847229,-0.2056511298927659,11499.048219880095,1276.180040074553,True,False,Structural high
169,Central African Republic,CAF,2011,0.240302457,Low SDI,20907.47294788027,20433.78131726048,473.6916306197927,1.023181790157442,0.022917174170885502,11499.048219880095,1276.180040074553,True,False,Structural high
170,Congo,COG,2011,0.50479107,Low SDI,13317.37633427597,12153.589871243328,1163.786463032642,1.0957566015771425,0.09144508500969163,11499.048219880095,1276.180040074553,True,False,Structural high
171,Democratic Republic of the Congo,COD,2011,0.294695535,Low SDI,20084.28579324363,19120.24848692591,964.0373063177212,1.050419705945606,0.049189804250891846,11499.048219880095,1276.180040074553,True,False,Structural high
172,Equatorial Guinea,GNQ,2011,0.555551504,Low-middle SDI,9658.16206602938,10196.50125687083,-538.3391908414505,0.9472035380294104,-0.05424127960872745,11499.048219880095,1276.180040074553,False,False,Neither
173,Gabon,GAB,2011,0.557536687,Low-middle SDI,11829.74811105438,10120.145668992123,1709.6024420622562,1.1689306160187434,0.1560893274510764,11499.048219880095,1276.180040074553,True,True,Double-high
175,Burundi,BDI,2011,0.255133898,Low SDI,23607.39841001011,20094.997594603574,3512.4008154065377,1.1747898101938454,0.16108924665289465,11499.048219880095,1276.180040074553,True,True,Double-high
176,Comoros,COM,2011,0.416680183,Low SDI,15091.303699027208,15400.810279476938,-309.5065804497299,0.979903227503414,-0.020301459638865385,11499.048219880095,1276.180040074553,True,False,Structural high
177,Djibouti,DJI,2011,0.406790583,Low SDI,15204.06207524229,15741.171289037053,-537.1092137947635,0.9658787008963664,-0.03471702108425694,11499.048219880095,1276.180040074553,True,False,Structural high
178,Eritrea,ERI,2011,0.358099778,Low SDI,20502.88999796706,17321.521203016968,3181.3687949500927,1.1836656698717651,0.16861612316781616,11499.048219880095,1276.180040074553,True,True,Double-high
179,Ethiopia,ETH,2011,0.264313407,Low SDI,17350.059146445477,19878.30912256036,-2528.249976114883,0.872813630146967,-0.1360332280098617,11499.048219880095,1276.180040074553,True,False,Structural high
180,Kenya,KEN,2011,0.443732857,Low SDI,23013.718637522023,14440.552997595823,8573.165639926197,1.593686795883338,0.466050071653256,11499.048219880095,1276.180040074553,True,True,Double-high
181,Madagascar,MDG,2011,0.303701714,Low SDI,18256.72622790191,18882.9258362456,-626.1996083436934,0.9668377870159448,-0.03372454629108138,11499.048219880095,1276.180040074553,True,False,Structural high
182,Malawi,MWI,2011,0.314531392,Low SDI,20047.58094142305,18589.665032979075,1457.9159084439743,1.0784261526960035,0.075502712269089,11499.048219880095,1276.180040074553,True,True,Double-high
183,Mauritius,MUS,2011,0.679072062,High-middle SDI,10110.75749023715,5737.219433855539,4373.538056381612,1.7623097053902463,0.5666252813023509,11499.048219880095,1276.180040074553,False,True,Excess-only
184,Mozambique,MOZ,2011,0.261315012,Low SDI,14209.39006784347,19949.695059002726,-5740.304991159257,0.7122610158109248,-0.33931083950971536,11499.048219880095,1276.180040074553,True,False,Structural high
185,Rwanda,RWA,2011,0.369165735,Low SDI,23571.69536510832,16977.014362939568,6594.6810021687525,1.388447630495312,0.32818631044940366,11499.048219880095,1276.180040074553,True,True,Double-high
186,Seychelles,SYC,2011,0.701697176,High-middle SDI,12177.52281981389,5023.167560087218,7154.355259726673,2.424271672036848,0.8855311378498231,11499.048219880095,1276.180040074553,True,True,Double-high
187,Somalia,SOM,2011,0.128999866,Low SDI,16507.5910302524,22645.156871984826,-6137.565841732427,0.728967837298339,-0.3161256668790672,11499.048219880095,1276.180040074553,True,False,Structural high
189,United Republic of Tanzania,TZA,2011,0.365570313,Low SDI,19743.66185802047,17089.924919087756,2653.736938932714,1.1552807839412302,0.14434341740843587,11499.048219880095,1276.180040074553,True,True,Double-high
190,Uganda,UGA,2011,0.338869559,Low SDI,17122.45060764124,17898.729178315894,-776.2785706746545,0.9566294029625798,-0.04433921126227293,11499.048219880095,1276.180040074553,True,False,Structural high
191,Zambia,ZMB,2011,0.397036789,Low SDI,12109.10357530335,16070.761654199316,-3961.658078895965,0.7534866010621981,-0.2830440433401855,11499.048219880095,1276.180040074553,True,False,Structural high
193,Botswana,BWA,2011,0.629441287,Low-middle SDI,9361.64525266214,7434.715809164986,1926.9294434971528,1.2591799731096345,0.2304606940990246,11499.048219880095,1276.180040074553,False,True,Excess-only
194,Lesotho,LSO,2011,0.456285056,Low SDI,21241.41966397098,13982.060359890991,7259.359304079988,1.519190957357345,0.4181779282584568,11499.048219880095,1276.180040074553,True,True,Double-high
195,Namibia,NAM,2011,0.554298984,Low-middle SDI,14646.77741288014,10244.705399869734,4402.0720130104055,1.42969239633444,0.35745931367445466,11499.048219880095,1276.180040074553,True,True,Double-high
196,South Africa,ZAF,2011,0.648759108,Middle SDI,15536.72173695978,6754.855367975742,8781.866368984038,2.3000820729068754,0.8329448061710043,11499.048219880095,1276.180040074553,True,True,Double-high
197,Eswatini,SWZ,2011,0.54034461,Low-middle SDI,16031.08420193324,10782.858712342162,5248.225489591077,1.4867193041845117,0.39657188313920905,11499.048219880095,1276.180040074553,True,True,Double-high
198,Zimbabwe,ZWE,2011,0.430339996,Low SDI,12539.53625742982,14921.029594026812,-2381.4933365969937,0.8403934982107164,-0.17388504658248924,11499.048219880095,1276.180040074553,True,False,Structural high
200,Benin,BEN,2011,0.308211218,Low SDI,12627.17630578653,18761.864149066507,-6134.687843279977,0.673023544220407,-0.39597496596656034,11499.048219880095,1276.180040074553,True,False,Structural high
201,Burkina Faso,BFA,2011,0.231829564,Low SDI,12312.00740156354,20621.35686940515,-8309.34946784161,0.5970512745371395,-0.5157522822807283,11499.048219880095,1276.180040074553,True,False,Structural high
202,Cameroon,CMR,2011,0.401965222,Low SDI,12985.26082864896,15904.9988675294,-2919.7380388804395,0.8164263912749353,-0.20281852216651466,11499.048219880095,1276.180040074553,True,False,Structural high
203,Cabo Verde,CPV,2011,0.479805694,Low SDI,7066.93675587542,13104.854138769297,-6037.917382893875,0.5392610006217964,-0.6175555940659684,11499.048219880095,1276.180040074553,False,False,Neither
204,Chad,TCD,2011,0.192174007,Low SDI,19918.9336390594,21448.53268899833,-1529.59904993893,0.9286851426100812,-0.07398551837909627,11499.048219880095,1276.180040074553,True,False,Structural high
205,Côte d'Ivoire,CIV,2011,0.36684288,Low SDI,13448.940525712893,17050.068249835167,-3601.1277241222742,0.788791008261384,-0.23725387502163475,11499.048219880095,1276.180040074553,True,False,Structural high
206,Gambia,GMB,2011,0.361879445,Low SDI,11055.10752600867,17204.85640617494,-6149.748880166268,0.6425573840907454,-0.4422991524410836,11499.048219880095,1276.180040074553,False,False,Neither
207,Ghana,GHA,2011,0.494215983,Low SDI,11138.84112148797,12558.125143820916,-1419.2840223329458,0.8869828094497618,-0.11992967741305532,11499.048219880095,1276.180040074553,False,False,Neither
208,Guinea,GIN,2011,0.272363062,Low SDI,18652.698653502088,19683.68815373092,-1030.989500228825,0.9476221380781524,-0.053799444709791706,11499.048219880095,1276.180040074553,True,False,Structural high
209,Guinea-Bissau,GNB,2011,0.300905337,Low SDI,13227.28142262632,18957.24677596178,-5729.965353335459,0.6977427460299147,-0.3599048028506106,11499.048219880095,1276.180040074553,True,False,Structural high
210,Liberia,LBR,2011,0.296840353,Low SDI,16837.32742192238,19064.265718321272,-2226.9382963988937,0.8831878274619963,-0.1242173858663344,11499.048219880095,1276.180040074553,True,False,Structural high
211,Mali,MLI,2011,0.212162148,Low SDI,10010.73742331175,21041.35686497748,-11030.619441665733,0.475764822941349,-0.7428316162941923,11499.048219880095,1276.180040074553,False,False,Neither
212,Mauritania,MRT,2011,0.430953063,Low SDI,13035.73412051518,14899.246071635214,-1863.5119511200337,0.8749257551583273,-0.13361624747221937,11499.048219880095,1276.180040074553,True,False,Structural high
213,Niger,NER,2011,0.143308905,Low SDI,17076.910571575398,22382.14753764513,-5305.236966069737,0.7629701548009763,-0.2705363640577656,11499.048219880095,1276.180040074553,True,False,Structural high
214,Nigeria,NGA,2011,0.412152066,Low SDI,15509.53731949012,15557.404177599406,-47.86685810928611,0.9969232104814628,-0.003081532566813939,11499.048219880095,1276.180040074553,True,False,Structural high
215,Sao Tome and Principe,STP,2011,0.415917472,Low SDI,13317.17048634829,15427.27457070448,-2110.1040843561914,0.8632224976170996,-0.14708280233672175,11499.048219880095,1276.180040074553,True,False,Structural high
216,Senegal,SEN,2011,0.336288346,Low SDI,13476.86886811748,17974.108236774326,-4497.239368656845,0.7497934634968054,-0.2879574923806272,11499.048219880095,1276.180040074553,True,False,Structural high
217,Sierra Leone,SLE,2011,0.292124944,Low SDI,19622.215624049542,19186.90648761264,435.3091364369029,1.022687822902454,0.02243428194605015,11499.048219880095,1276.180040074553,True,False,Structural high
218,Togo,TGO,2011,0.369405504,Low SDI,14632.71170133445,16969.45143332709,-2336.7397319926386,0.8622972733577347,-0.14815520308645397,11499.048219880095,1276.180040074553,True,False,Structural high
298,American Samoa,ASM,2011,0.675205295,Middle SDI,7351.555240184441,5863.342762539528,1488.2124776449127,1.2538163873265256,0.22619200990034893,11499.048219880095,1276.180040074553,False,True,Excess-only
305,Bermuda,BMU,2011,0.791270417,High SDI,4634.08525524064,2667.780068332731,1966.3051869079093,1.7370567050292047,0.5521921321085052,11499.048219880095,1276.180040074553,False,True,Excess-only
320,Cook Islands,COK,2011,0.726765635,High SDI,7882.557238160651,4283.897760429742,3598.6594777309083,1.8400432687660373,0.609789086978122,11499.048219880095,1276.180040074553,False,True,Excess-only
349,Greenland,GRL,2011,0.827576298,High SDI,1039.28956248676,1953.5589677369944,-914.2694052502349,0.5319980505582969,-0.6311154540113101,11499.048219880095,1276.180040074553,False,False,Neither
351,Guam,GUM,2011,0.747397655,High SDI,7298.60606980117,3720.293538067525,3578.3125317336444,1.9618360742556804,0.6738808073242488,11499.048219880095,1276.180040074553,False,True,Excess-only
367,Monaco,MCO,2011,0.900767933,High SDI,980.95702428592,931.7339602386822,49.22306404723781,1.0528295266114678,0.05148132698920721,11499.048219880095,1276.180040074553,False,False,Neither
369,Nauru,NRU,2011,0.541829656,Low-middle SDI,14654.27994858459,10725.518422684285,3928.761525900305,1.366300384845831,0.312106638032346,11499.048219880095,1276.180040074553,True,True,Double-high
374,Niue,NIU,2011,0.695750463,High-middle SDI,9592.70340261026,5206.745618326871,4385.957784283388,1.84236068089164,0.6110477280523858,11499.048219880095,1276.180040074553,False,True,Excess-only
376,Northern Mariana Islands,MNP,2011,0.758622857,High SDI,6468.224845336181,3431.682970955486,3036.541874380695,1.8848550113984528,0.6338509009117091,11499.048219880095,1276.180040074553,False,True,Excess-only
380,Palau,PLW,2011,0.733827914,High SDI,7858.22412754186,4086.254586991042,3771.969540550818,1.9230872575975129,0.653931841342931,11499.048219880095,1276.180040074553,False,True,Excess-only
385,Puerto Rico,PRI,2011,0.783377203,High SDI,4322.06122414151,2841.992901474748,1480.068322666762,1.5207853692733486,0.4192268917311219,11499.048219880095,1276.180040074553,False,True,Excess-only
393,Saint Kitts and Nevis,KNA,2011,0.717691443,High-middle SDI,5369.97161657961,4544.837031829343,825.1345847502671,1.1815542733373086,0.16683075255028276,11499.048219880095,1276.180040074553,False,False,Neither
396,San Marino,SMR,2011,0.860529511,High SDI,993.79084063742,1427.2908218801672,-433.4999812427472,0.6962777490072426,-0.3620066335872649,11499.048219880095,1276.180040074553,False,False,Neither
416,Tuvalu,TUV,2011,0.556758181,Low-middle SDI,9531.0509303673,10150.082226812092,-619.0312964447912,0.9390121890037916,-0.06292681902341564,11499.048219880095,1276.180040074553,False,False,Neither
422,United States Virgin Islands,VIR,2011,0.779528405,High SDI,4059.43607115382,2929.381673959273,1130.0543971945472,1.3857655037717214,0.3262526972557124,11499.048219880095,1276.180040074553,False,False,Neither
435,South Sudan,SSD,2011,0.35963164,Low SDI,15530.361385171958,17274.364334239,-1744.0029490670404,0.8990409768300242,-0.10642666509318505,11499.048219880095,1276.180040074553,True,False,Structural high
522,Sudan,SDN,2011,0.474791031,Low SDI,15778.880978873469,13293.614918811809,2485.26606006166,1.1869518618705253,0.17138856035743094,11499.048219880095,1276.180040074553,True,True,Double-high
6,China,CHN,2012,0.65712802,Middle SDI,7319.317474524791,6454.954533488864,864.3629410359263,1.1339068984222176,0.12566910177838336,11249.920149741833,1148.9223351071078,False,False,Neither
7,Democratic People's Republic of Korea,PRK,2012,0.546988306,Low-middle SDI,12811.452469118807,10505.97538144948,2305.4770876693274,1.2194443641796586,0.19839531580423242,11249.920149741833,1148.9223351071078,True,True,Double-high
8,Taiwan,TWN,2012,0.836848176,High SDI,8704.23242838778,1790.4720830527965,6913.760345334984,4.861417561756597,1.5813300747560293,11249.920149741833,1148.9223351071078,False,True,Excess-only
10,Cambodia,KHM,2012,0.437279017,Low SDI,20396.74446832564,14644.753949148468,5751.990519177172,1.3927679863485605,0.33129312410469425,11249.920149741833,1148.9223351071078,True,True,Double-high
11,Indonesia,IDN,2012,0.602307346,Low-middle SDI,13503.99625505724,8407.55699881641,5096.43925624083,1.6061736193948244,0.4738547164030188,11249.920149741833,1148.9223351071078,True,True,Double-high
12,Lao People's Democratic Republic,LAO,2012,0.447882443,Low SDI,13097.140883184698,14262.038759473837,-1164.8978762891363,0.9183217844282374,-0.08520742208252302,11249.920149741833,1148.9223351071078,True,False,Structural high
13,Malaysia,MYS,2012,0.722196746,High SDI,8227.03807781319,4405.732436218555,3821.305641594634,1.8673485503069869,0.6245195371764041,11249.920149741833,1148.9223351071078,False,True,Excess-only
14,Maldives,MDV,2012,0.593310704,Low-middle SDI,7765.72772892438,8742.481089031176,-976.7533601067962,0.8882750388408289,-0.11847385552155656,11249.920149741833,1148.9223351071078,False,False,Neither
15,Myanmar,MMR,2012,0.475830761,Low SDI,14031.885757822609,13228.786494182918,803.0992636396913,1.0607084605978665,0.05893704392612354,11249.920149741833,1148.9223351071078,True,False,Structural high
16,Philippines,PHL,2012,0.586592687,Low-middle SDI,14394.449313766389,8994.632994876332,5399.816318890056,1.600337592647303,0.4702146023939001,11249.920149741833,1148.9223351071078,True,True,Double-high
17,Sri Lanka,LKA,2012,0.668536932,Middle SDI,8679.71330515454,6071.658470674095,2608.0548344804456,1.4295457076641025,0.35735670685044724,11249.920149741833,1148.9223351071078,False,True,Excess-only
18,Thailand,THA,2012,0.629909265,Low-middle SDI,11715.42745810643,7403.57171344029,4311.855744666139,1.582402104222005,0.45894401165160753,11249.920149741833,1148.9223351071078,True,True,Double-high
19,Timor-Leste,TLS,2012,0.420200936,Low SDI,15384.92531635329,15248.499416597804,136.42589975548617,1.008946840999121,0.00890705514623411,11249.920149741833,1148.9223351071078,True,False,Structural high
20,Viet Nam,VNM,2012,0.581145724,Low-middle SDI,10115.74873482092,9200.219117416376,915.5296174045452,1.0995117187667207,0.09486618922483914,11249.920149741833,1148.9223351071078,False,False,Neither
22,Fiji,FJI,2012,0.640070998,Middle SDI,9024.60627643644,7044.147064535201,1980.4592119012384,1.281149611692827,0.24775780898541383,11249.920149741833,1148.9223351071078,False,True,Excess-only
23,Kiribati,KIR,2012,0.494744502,Low SDI,9752.70050927608,12513.597582674389,-2760.8970733983097,0.7793682388171975,-0.24927163771977487,11249.920149741833,1148.9223351071078,False,False,Neither
24,Marshall Islands,MHL,2012,0.530792796,Low SDI,11196.644539919387,11130.122962113688,66.52157780569905,1.0059767154443966,0.005958925728167726,11249.920149741833,1148.9223351071078,False,False,Neither
25,Micronesia (Federated States of),FSM,2012,0.559753986,Low-middle SDI,7169.8252075748605,10015.430043042435,-2845.604835467575,0.7158779180486241,-0.3342456320778913,11249.920149741833,1148.9223351071078,False,False,Neither
26,Papua New Guinea,PNG,2012,0.409535974,Low SDI,12323.409888133969,15616.885493462922,-3293.475605328953,0.7891080390704299,-0.23685203586234505,11249.920149741833,1148.9223351071078,True,False,Structural high
27,Samoa,WSM,2012,0.572997617,Low-middle SDI,8625.39222456153,9509.42221873754,-884.0299941760095,0.9070364135862954,-0.09757268238920369,11249.920149741833,1148.9223351071078,False,False,Neither
28,Solomon Islands,SLB,2012,0.416416037,Low SDI,11475.26268603739,15380.028673439852,-3904.765987402463,0.7461145183594033,-0.29287618069465793,11249.920149741833,1148.9223351071078,True,False,Structural high
29,Tonga,TON,2012,0.58846397,Low-middle SDI,9977.77378642013,8924.233524131534,1053.5402622885958,1.118053865291599,0.11158955361843922,11249.920149741833,1148.9223351071078,False,False,Neither
30,Vanuatu,VUT,2012,0.438327027,Low SDI,10428.17381904451,14607.183543812196,-4179.009724767686,0.7139072215918056,-0.3370022668338844,11249.920149741833,1148.9223351071078,False,False,Neither
33,Armenia,ARM,2012,0.665535382,Middle SDI,5429.3249579065605,6171.612783447004,-742.287825540443,0.8797254702156061,-0.12814538584537946,11249.920149741833,1148.9223351071078,False,False,Neither
34,Azerbaijan,AZE,2012,0.663636691,Middle SDI,8569.82248784767,6235.172166797744,2334.650321049927,1.37443237469559,0.31804082748235235,11249.920149741833,1148.9223351071078,False,True,Excess-only
35,Georgia,GEO,2012,0.687078665,High-middle SDI,5699.55845531074,5469.11040344179,230.44805186894973,1.0421362954611275,0.0412727365634783,11249.920149741833,1148.9223351071078,False,False,Neither
36,Kazakhstan,KAZ,2012,0.695101888,High-middle SDI,5680.25989375418,5216.7899625991695,463.4699311550103,1.0888419764793626,0.08511472458714017,11249.920149741833,1148.9223351071078,False,False,Neither
37,Kyrgyzstan,KGZ,2012,0.562260932,Low-middle SDI,7513.94593647936,9919.37391378428,-2405.4279773049184,0.7575020360950141,-0.27772905368801526,11249.920149741833,1148.9223351071078,False,False,Neither
38,Mongolia,MNG,2012,0.605853477,Low-middle SDI,7728.69253280298,8276.498580986381,-547.8060481834009,0.9338118598314176,-0.06848029591402535,11249.920149741833,1148.9223351071078,False,False,Neither
39,Tajikistan,TJK,2012,0.504543908,Low SDI,7264.47997349635,12139.430465233096,-4874.950491736748,0.5984201642986107,-0.5134621558665222,11249.920149741833,1148.9223351071078,False,False,Neither
40,Turkmenistan,TKM,2012,0.641573037,Middle SDI,8529.35863882069,6991.532459917672,1537.8261789030175,1.2199555230157832,0.19881440153616925,11249.920149741833,1148.9223351071078,False,True,Excess-only
41,Uzbekistan,UZB,2012,0.623915841,Low-middle SDI,9153.29282879871,7618.276362356209,1535.016466442502,1.201491307669987,0.18356354160307914,11249.920149741833,1148.9223351071078,False,True,Excess-only
43,Albania,ALB,2012,0.651011722,Middle SDI,6062.61016144738,6664.088744404368,-601.4785829569882,0.909743311347402,-0.0945927947044171,11249.920149741833,1148.9223351071078,False,False,Neither
44,Bosnia and Herzegovina,BIH,2012,0.6679629,Middle SDI,5661.87459204602,6090.724193658995,-428.8496016129757,0.9295897190584582,-0.07301195247828696,11249.920149741833,1148.9223351071078,False,False,Neither
45,Bulgaria,BGR,2012,0.73660526,High SDI,5558.29083771728,4002.067308391788,1556.223529325492,1.3888549115759008,0.3284796030074443,11249.920149741833,1148.9223351071078,False,True,Excess-only
46,Croatia,HRV,2012,0.746921262,High SDI,3451.59123307104,3725.572829885568,-273.9815968145276,0.9264592025643092,-0.07638526815575424,11249.920149741833,1148.9223351071078,False,False,Neither
47,Czechia,CZE,2012,0.8073514,High SDI,3698.98805681878,2329.243197887065,1369.7448589317146,1.5880643378820452,0.4625158770433032,11249.920149741833,1148.9223351071078,False,True,Excess-only
48,Hungary,HUN,2012,0.763960018,High SDI,4322.3181382601,3292.636896123299,1029.6812421368008,1.312722378634927,0.2721031324726699,11249.920149741833,1148.9223351071078,False,False,Neither
49,North Macedonia,MKD,2012,0.714433681,High-middle SDI,5303.91760475152,4631.373009150772,672.5445956007479,1.145214949059797,0.1355923478239289,11249.920149741833,1148.9223351071078,False,False,Neither
50,Montenegro,MNE,2012,0.740156812,High SDI,5240.76930058465,3905.6769843449406,1335.0923162397098,1.3418337772404472,0.2940371689110832,11249.920149741833,1148.9223351071078,False,True,Excess-only
51,Poland,POL,2012,0.791162692,High SDI,5451.81791206751,2664.9226310813824,2786.895280986128,2.045769677694264,0.7157740891957937,11249.920149741833,1148.9223351071078,False,True,Excess-only
52,Romania,ROU,2012,0.717388789,High-middle SDI,5875.567496509379,4544.822572120426,1330.7449243889532,1.2928045931984715,0.2568139616856159,11249.920149741833,1148.9223351071078,False,True,Excess-only
53,Serbia,SRB,2012,0.740968388,High SDI,4108.11305413999,3883.826429269097,224.2866248708933,1.0577488796050811,0.05614295139278597,11249.920149741833,1148.9223351071078,False,False,Neither
54,Slovakia,SVK,2012,0.791489793,High SDI,4558.07747038015,2657.8586977212112,1900.2187726589384,1.7149434897679638,0.5393801295024053,11249.920149741833,1148.9223351071078,False,True,Excess-only
55,Slovenia,SVN,2012,0.816458146,High SDI,4084.1019423058,2152.905829219128,1931.1961130866723,1.8970183864415144,0.6402833832841428,11249.920149741833,1148.9223351071078,False,True,Excess-only
57,Belarus,BLR,2012,0.755374772,High SDI,4135.27234519627,3507.027449730468,628.2448954658025,1.1791388588971798,0.16478439146247784,11249.920149741833,1148.9223351071078,False,False,Neither
58,Estonia,EST,2012,0.810731319,High SDI,3157.0658730181,2262.7479623537733,894.3179106643265,1.3952353180926222,0.33306308785205685,11249.920149741833,1148.9223351071078,False,False,Neither
59,Latvia,LVA,2012,0.805522896,High SDI,3311.0487799384305,2365.7330664256333,945.3157135127972,1.3995868033163466,0.3361770525703635,11249.920149741833,1148.9223351071078,False,False,Neither
60,Lithuania,LTU,2012,0.797521852,High SDI,3384.0039744842,2529.671517782472,854.3324567017285,1.3377246613626117,0.29097015679468985,11249.920149741833,1148.9223351071078,False,False,Neither
61,Republic of Moldova,MDA,2012,0.67119334,Middle SDI,4905.944424016409,5983.741196526886,-1077.7967725104763,0.8198791128974534,-0.19859837288750898,11249.920149741833,1148.9223351071078,False,False,Neither
62,Russian Federation,RUS,2012,0.779857775,High SDI,2119.88537964216,2916.1618630864664,-796.2764834443065,0.726943660595874,-0.31890630019314414,11249.920149741833,1148.9223351071078,False,False,Neither
63,Ukraine,UKR,2012,0.730528674,High SDI,2064.49568742052,4169.864536110395,-2105.3688486898754,0.4950989821233519,-0.7029975725180003,11249.920149741833,1148.9223351071078,False,False,Neither
66,Brunei Darussalam,BRN,2012,0.797757633,High SDI,2493.98520277312,2524.741080814412,-30.755878041291908,0.9878182050923928,-0.012256601107809873,11249.920149741833,1148.9223351071078,False,False,Neither
67,Japan,JPN,2012,0.850241874,High SDI,2005.76235312919,1576.374960805809,429.38739232338094,1.2723891225117452,0.24089633206013444,11249.920149741833,1148.9223351071078,False,False,Neither
68,Republic of Korea,KOR,2012,0.851785291,High SDI,1825.3552838080705,1552.9021170680364,272.453166740034,1.1754477399093517,0.1616491302550132,11249.920149741833,1148.9223351071078,False,False,Neither
69,Singapore,SGP,2012,0.845157209,High SDI,4636.97205674635,1655.4471004733527,2981.5249562729973,2.801039100204694,1.0299904555538693,11249.920149741833,1148.9223351071078,False,True,Excess-only
71,Australia,AUS,2012,0.812416133,High SDI,815.7289351152499,2230.0641054121807,-1414.3351702969308,0.3657872135314601,-1.0057034984436861,11249.920149741833,1148.9223351071078,False,False,Neither
72,New Zealand,NZL,2012,0.823788531,High SDI,1253.46537095979,2017.476555263916,-764.0111843041259,0.6213035624574176,-0.47593548805251096,11249.920149741833,1148.9223351071078,False,False,Neither
74,Andorra,AND,2012,0.859746761,High SDI,1036.1076028207,1435.6930228211263,-399.5854200004264,0.721677675067861,-0.3261766731943956,11249.920149741833,1148.9223351071078,False,False,Neither
75,Austria,AUT,2012,0.827901204,High SDI,1119.28979806646,1944.0252258289524,-824.7354277624925,0.5757588858391399,-0.5520663068978066,11249.920149741833,1148.9223351071078,False,False,Neither
76,Belgium,BEL,2012,0.839813525,High SDI,1188.25238109406,1741.4515272228748,-553.1991461288148,0.6823344563537683,-0.3822353361372071,11249.920149741833,1148.9223351071078,False,False,Neither
77,Cyprus,CYP,2012,0.825871479,High SDI,801.45404750808,1980.0489550812256,-1178.5949075731455,0.4047647637455523,-0.9044492108807332,11249.920149741833,1148.9223351071078,False,False,Neither
78,Denmark,DNK,2012,0.884343123,High SDI,1074.10451434577,1113.3677787732852,-39.2632644275152,0.96473468589977,-0.0359021523366573,11249.920149741833,1148.9223351071078,False,False,Neither
79,Finland,FIN,2012,0.852988567,High SDI,1122.13205412913,1534.7722267703105,-412.64017264118047,0.7311391453117981,-0.3131514880827353,11249.920149741833,1148.9223351071078,False,False,Neither
80,France,FRA,2012,0.825132014,High SDI,958.57023998797,1993.2827726857315,-1034.7125326977612,0.4809002782361888,-0.7320953521247868,11249.920149741833,1148.9223351071078,False,False,Neither
81,Germany,DEU,2012,0.858566779,High SDI,1169.45930777133,1452.6579774716165,-283.19866970028625,0.805047936890692,-0.21685345440400436,11249.920149741833,1148.9223351071078,False,False,Neither
82,Greece,GRC,2012,0.803407765,High SDI,976.69055353147,2408.395575093265,-1431.7050215617955,0.4055357698012908,-0.9025461977232712,11249.920149741833,1148.9223351071078,False,False,Neither
83,Iceland,ISL,2012,0.850932545,High SDI,932.46910067956,1565.8406529718172,-633.3715522922572,0.5955070197659142,-0.5183421022362533,11249.920149741833,1148.9223351071078,False,False,Neither
84,Ireland,IRL,2012,0.863471112,High SDI,1061.16231479831,1383.0665510396104,-321.9042362413004,0.7672532561796578,-0.26493834152954043,11249.920149741833,1148.9223351071078,False,False,Neither
85,Israel,ISR,2012,0.801439974,High SDI,1086.09947424922,2448.5223159461875,-1362.4228416969677,0.4435734431235993,-0.8128918920166757,11249.920149741833,1148.9223351071078,False,False,Neither
86,Italy,ITA,2012,0.80343119,High SDI,1047.03844365992,2407.920429829556,-1360.881986169636,0.4348309980218218,-0.832797833677793,11249.920149741833,1148.9223351071078,False,False,Neither
87,Luxembourg,LUX,2012,0.861459893,High SDI,1078.46591293927,1411.3127833287112,-332.8468703894412,0.7641579709889744,-0.26898074287906143,11249.920149741833,1148.9223351071078,False,False,Neither
88,Malta,MLT,2012,0.780207349,High SDI,1111.33356220819,2908.18667213255,-1796.85310992436,0.3821396930456524,-0.9619690486221577,11249.920149741833,1148.9223351071078,False,False,Neither
89,Netherlands,NLD,2012,0.879797323,High SDI,908.06382075914,1168.5330722861129,-260.4692515269727,0.7770972360950026,-0.25218979346480774,11249.920149741833,1148.9223351071078,False,False,Neither
90,Norway,NOR,2012,0.885629188,High SDI,1270.2712805498,1098.1131049626322,172.15817558716776,1.156776360111854,0.14563713662559893,11249.920149741833,1148.9223351071078,False,False,Neither
91,Portugal,PRT,2012,0.745595365,High SDI,988.45057199151,3760.511892490308,-2772.0613204987976,0.2628500055977572,-1.3361717304202863,11249.920149741833,1148.9223351071078,False,False,Neither
92,Spain,ESP,2012,0.779118332,High SDI,982.98753417978,2933.0747624322607,-1950.0872282524808,0.3351389288708872,-1.0932101200793343,11249.920149741833,1148.9223351071078,False,False,Neither
93,Sweden,SWE,2012,0.878507848,High SDI,978.73360547244,1184.5378108997306,-205.80420542729064,0.8262577998494033,-0.19084844780100593,11249.920149741833,1148.9223351071078,False,False,Neither
94,Switzerland,CHE,2012,0.926902388,High SDI,942.36314752201,686.0604308370262,256.3027166849838,1.373586210725318,0.3174249917660267,11249.920149741833,1148.9223351071078,False,False,Neither
95,United Kingdom,GBR,2012,0.842151267,High SDI,1089.38727315705,1703.458450108353,-614.071176951303,0.639515024911677,-0.44704516345944567,11249.920149741833,1148.9223351071078,False,False,Neither
97,Argentina,ARG,2012,0.700197746,High-middle SDI,4725.64296790595,5059.317879966329,-333.67491206037903,0.9340474506688636,-0.06822803832977264,11249.920149741833,1148.9223351071078,False,False,Neither
98,Chile,CHL,2012,0.72271331,High SDI,2635.3172147606,4390.91729288735,-1755.6000781267503,0.6001746421025584,-0.510534595947764,11249.920149741833,1148.9223351071078,False,False,Neither
99,Uruguay,URY,2012,0.680305235,High-middle SDI,5593.23630739706,5686.164920666226,-92.92861326916592,0.983657066834024,-0.016477951988384754,11249.920149741833,1148.9223351071078,False,False,Neither
101,Canada,CAN,2012,0.862961877,High SDI,684.73463434209,1390.1801116457764,-705.4454773036864,0.4925510217028361,-0.7081572263696654,11249.920149741833,1148.9223351071078,False,False,Neither
102,United States of America,USA,2012,0.841608855,High SDI,1219.38118494486,1712.22263908667,-492.8414541418099,0.7121627509815545,-0.33944881085197615,11249.920149741833,1148.9223351071078,False,False,Neither
105,Antigua and Barbuda,ATG,2012,0.724490772,High SDI,5271.91752145785,4340.131709595105,931.7858118627446,1.2146906762766587,0.19448945695301315,11249.920149741833,1148.9223351071078,False,False,Neither
106,Bahamas,BHS,2012,0.783902309,High SDI,4624.42984126819,2824.693177390499,1799.7366638776912,1.6371441253454364,0.4929533368747895,11249.920149741833,1148.9223351071078,False,True,Excess-only
107,Barbados,BRB,2012,0.728431531,High SDI,6140.22435423197,4228.607188220189,1911.6171660117816,1.4520678041074742,0.3729886123560463,11249.920149741833,1148.9223351071078,False,True,Excess-only
108,Belize,BLZ,2012,0.58007209,Low-middle SDI,5868.01661238212,9240.85224848241,-3372.83563610029,0.6350081631643664,-0.45411742479512013,11249.920149741833,1148.9223351071078,False,False,Neither
109,Cuba,CUB,2012,0.648675038,Middle SDI,5690.513348258721,6744.630434779338,-1054.1170865206177,0.843710178531805,-0.16994623372331202,11249.920149741833,1148.9223351071078,False,False,Neither
110,Dominica,DMA,2012,0.710642354,High-middle SDI,5041.66725478632,4743.580981821875,298.086272964445,1.0628399249652862,0.06094450002903678,11249.920149741833,1148.9223351071078,False,False,Neither
111,Dominican Republic,DOM,2012,0.587831753,Low-middle SDI,7863.38739296752,8948.00448677655,-1084.61709380903,0.8787867065319549,-0.12921306542729208,11249.920149741833,1148.9223351071078,False,False,Neither
112,Grenada,GRD,2012,0.627507035,Low-middle SDI,5719.2195644617495,7489.39339077409,-1770.173826312341,0.7636425630288091,-0.2696554487300436,11249.920149741833,1148.9223351071078,False,False,Neither
113,Guyana,GUY,2012,0.596641937,Low-middle SDI,6096.78594781105,8618.07954493751,-2521.2935971264587,0.7074413639396571,-0.34610053072310726,11249.920149741833,1148.9223351071078,False,False,Neither
114,Haiti,HTI,2012,0.432191326,Low SDI,14233.759365335822,14826.312120696975,-592.5527553611555,0.960033705581176,-0.04078688515620445,11249.920149741833,1148.9223351071078,True,False,Structural high
115,Jamaica,JAM,2012,0.659104713,Middle SDI,5524.84658290048,6387.899154073614,-863.0525711731343,0.8648925804311174,-0.14514996423448445,11249.920149741833,1148.9223351071078,False,False,Neither
116,Saint Lucia,LCA,2012,0.666022199,Middle SDI,5670.87907004178,6155.357536718408,-484.4784666766273,0.9212915799307222,-0.08197870224395203,11249.920149741833,1148.9223351071078,False,False,Neither
117,Saint Vincent and the Grenadines,VCT,2012,0.593870989,Low-middle SDI,4715.88802802848,8721.527309440291,-4005.6392814118094,0.5407181403793742,-0.6148571333523102,11249.920149741833,1148.9223351071078,False,False,Neither
118,Suriname,SUR,2012,0.623705613,Low-middle SDI,4584.2592031511895,7625.842517066297,-3041.583313915108,0.6011478984639167,-0.5089142874270705,11249.920149741833,1148.9223351071078,False,False,Neither
119,Trinidad and Tobago,TTO,2012,0.739913566,High SDI,4094.8391186881,3912.238829571814,182.6002891162857,1.0466741160422128,0.04561762846450785,11249.920149741833,1148.9223351071078,False,False,Neither
121,Bolivia (Plurinational State of),BOL,2012,0.566683557,Low-middle SDI,13151.2800084465,9750.204879506218,3401.075128940281,1.348820888480912,0.2992307948603285,11249.920149741833,1148.9223351071078,True,True,Double-high
122,Ecuador,ECU,2012,0.62325294,Low-middle SDI,7787.839771938119,7642.142258322887,145.6975136152323,1.0190650093508211,0.018885549409578834,11249.920149741833,1148.9223351071078,False,False,Neither
123,Peru,PER,2012,0.631033273,Middle SDI,13174.31486179678,7363.525189439983,5810.7896723567965,1.7891314992294776,0.5817303061458295,11249.920149741833,1148.9223351071078,True,True,Double-high
125,Colombia,COL,2012,0.623146269,Low-middle SDI,5604.99495513371,7645.984816743694,-2040.989861609984,0.7330638353949531,-0.31052249303618024,11249.920149741833,1148.9223351071078,False,False,Neither
126,Costa Rica,CRI,2012,0.645507917,Middle SDI,3728.66212958299,6854.34901367914,-3125.6868840961497,0.5439848659795037,-0.608833852403793,11249.920149741833,1148.9223351071078,False,False,Neither
127,El Salvador,SLV,2012,0.539507152,Low-middle SDI,5646.3814437214005,10794.17818994865,-5147.79674622725,0.523095074433662,-0.6479920447583685,11249.920149741833,1148.9223351071078,False,False,Neither
128,Guatemala,GTM,2012,0.483780849,Low SDI,7468.30363531958,12929.460400027929,-5461.156764708348,0.5776191275007462,-0.5488405764726948,11249.920149741833,1148.9223351071078,False,False,Neither
129,Honduras,HND,2012,0.469018656,Low SDI,5983.44251005855,13483.541555740048,-7500.099045681496,0.4437589698020661,-0.8124737247583456,11249.920149741833,1148.9223351071078,False,False,Neither
130,Mexico,MEX,2012,0.62442438,Low-middle SDI,2222.48338807679,7599.983619312959,-5377.5002312361685,0.2924326550427096,-1.2295208779895563,11249.920149741833,1148.9223351071078,False,False,Neither
131,Nicaragua,NIC,2012,0.484817033,Low SDI,4907.51904441529,12890.300815234265,-7982.781770818972,0.3807140822202839,-0.9657066259434691,11249.920149741833,1148.9223351071078,False,False,Neither
132,Panama,PAN,2012,0.630756924,Middle SDI,4236.81774441459,7373.364510989404,-3136.546766574814,0.5746111884337137,-0.5540616609354054,11249.920149741833,1148.9223351071078,False,False,Neither
133,Venezuela (Bolivarian Republic of),VEN,2012,0.620760499,Low-middle SDI,3696.73849700754,7732.082003471123,-4035.3435064635833,0.4781038917264434,-0.7379272233990143,11249.920149741833,1148.9223351071078,False,False,Neither
135,Brazil,BRA,2012,0.640947054,Middle SDI,10133.61718799821,7013.443388666425,3120.1737993317856,1.444884720160987,0.3680295399466237,11249.920149741833,1148.9223351071078,False,True,Excess-only
136,Paraguay,PRY,2012,0.610692791,Low-middle SDI,6998.70500024639,8098.582263644197,-1099.877263397807,0.8641889126279142,-0.14596388520336223,11249.920149741833,1148.9223351071078,False,False,Neither
139,Algeria,DZA,2012,0.603969073,Low-middle SDI,10366.43160129385,8346.071933557849,2020.359667736002,1.2420731194051358,0.21678185408525338,11249.920149741833,1148.9223351071078,False,True,Excess-only
140,Bahrain,BHR,2012,0.715259477,High-middle SDI,7585.04159185332,4607.106100123802,2977.9354917295177,1.6463787520868025,0.49857818033336965,11249.920149741833,1148.9223351071078,False,True,Excess-only
141,Egypt,EGY,2012,0.578685538,Low-middle SDI,17258.41511023454,9293.379216927297,7965.035893307244,1.857065627839596,0.6189976225320947,11249.920149741833,1148.9223351071078,True,True,Double-high
142,Iran (Islamic Republic of),IRN,2012,0.658729912,Middle SDI,5001.843772144371,6400.593165247263,-1398.749393102892,0.7814656615425023,-0.24658406925102339,11249.920149741833,1148.9223351071078,False,False,Neither
143,Iraq,IRQ,2012,0.551428279,Low-middle SDI,12767.74892945453,10335.136207480004,2432.6127219745267,1.2353730684472195,0.21137300417739777,11249.920149741833,1148.9223351071078,True,True,Double-high
144,Jordan,JOR,2012,0.666329478,Middle SDI,10247.51640812067,6145.105912387408,4102.410495733261,1.667589876272686,0.5113793961693573,11249.920149741833,1148.9223351071078,False,True,Excess-only
145,Kuwait,KWT,2012,0.816607756,High SDI,9053.82414425934,2150.083826236619,6903.740318022721,4.210916818116168,1.437680395509544,11249.920149741833,1148.9223351071078,False,True,Excess-only
146,Lebanon,LBN,2012,0.674471483,Middle SDI,9612.667283636769,5875.963060072646,3736.704223564123,1.6359305164722946,0.4922117656846597,11249.920149741833,1148.9223351071078,False,True,Excess-only
147,Libya,LBY,2012,0.749108646,High SDI,9150.42743933887,3668.322394470943,5482.105044867927,2.4944447230512776,0.9140661485429731,11249.920149741833,1148.9223351071078,False,True,Excess-only
148,Morocco,MAR,2012,0.523738607,Low SDI,10715.25569780233,11401.975228343144,-686.7195305408131,0.9397718801533826,-0.06211811385770142,11249.920149741833,1148.9223351071078,False,False,Neither
149,Palestine,PSE,2012,0.548667782,Low-middle SDI,13258.7063193266,10441.330687562811,2817.375631763789,1.2698291737009828,0.238882382526503,11249.920149741833,1148.9223351071078,True,True,Double-high
150,Oman,OMN,2012,0.72449923,High SDI,7364.99808770158,4339.890762349384,3025.1073253521954,1.6970468822847893,0.5288896124378305,11249.920149741833,1148.9223351071078,False,True,Excess-only
151,Qatar,QAT,2012,0.803720019,High SDI,7568.19692169016,2402.0668095241904,5166.130112165969,3.1507020919161253,1.147625314324655,11249.920149741833,1148.9223351071078,False,True,Excess-only
152,Saudi Arabia,SAU,2012,0.766616107,High SDI,7184.89936107005,3227.872384562772,3957.026976507278,2.2258932526055464,0.800158296899148,11249.920149741833,1148.9223351071078,False,True,Excess-only
153,Syrian Arab Republic,SYR,2012,0.542412187,Low-middle SDI,12836.11670961652,10682.226388232515,2153.890321384004,1.201633090622075,0.1836815404485432,11249.920149741833,1148.9223351071078,True,True,Double-high
154,Tunisia,TUN,2012,0.634054328,Middle SDI,11276.55795465306,7256.242082282844,4020.315872370216,1.5540493035901315,0.44086397833414503,11249.920149741833,1148.9223351071078,True,True,Double-high
155,Türkiye,TUR,2012,0.638489701,Middle SDI,7884.38162336678,7099.68378318748,784.6978401793003,1.1105257451095945,0.1048335474330926,11249.920149741833,1148.9223351071078,False,False,Neither
156,United Arab Emirates,ARE,2012,0.836538674,High SDI,7670.378715456711,1795.6420019824284,5874.736713474283,4.271663676272021,1.4520033710943097,11249.920149741833,1148.9223351071078,False,True,Excess-only
157,Yemen,YEM,2012,0.413160981,Low SDI,19438.48983449217,15492.452594608716,3946.037239883455,1.2547070720911324,0.2269021366473742,11249.920149741833,1148.9223351071078,True,True,Double-high
160,Afghanistan,AFG,2012,0.267012828,Low SDI,21530.62272560782,19775.02039450073,1755.602331107082,1.0887787873834658,0.08505668960055003,11249.920149741833,1148.9223351071078,True,True,Double-high
161,Bangladesh,BGD,2012,0.403129776,Low SDI,18499.29661612252,15834.76179330304,2664.534822819478,1.1682712286803318,0.15552507378389585,11249.920149741833,1148.9223351071078,True,True,Double-high
162,Bhutan,BTN,2012,0.437704014,Low SDI,12778.395842247532,14629.525069309486,-1851.1292270619545,0.8734662117675069,-0.13528583159005048,11249.920149741833,1148.9223351071078,True,False,Structural high
163,India,IND,2012,0.49678863,Low SDI,13108.772380629827,12435.719625127404,673.0527555024237,1.054122541822386,0.052708706949684964,11249.920149741833,1148.9223351071078,True,False,Structural high
164,Nepal,NPL,2012,0.384974549,Low SDI,16751.03609111737,16437.58789149645,313.4481996209215,1.0190689900300445,0.01888945560929345,11249.920149741833,1148.9223351071078,True,False,Structural high
165,Pakistan,PAK,2012,0.441952054,Low SDI,24027.234587812098,14476.788807746803,9550.445780065293,1.6597074742814972,0.5066413665274773,11249.920149741833,1148.9223351071078,True,True,Double-high
168,Angola,AGO,2012,0.414320849,Low SDI,12259.63030792851,15452.467044239898,-3192.8367363113884,0.7933768939826629,-0.23145689411062856,11249.920149741833,1148.9223351071078,True,False,Structural high
169,Central African Republic,CAF,2012,0.243795595,Low SDI,20546.37598321601,20315.648490379364,230.727492836646,1.0113571315700756,0.011293123527257155,11249.920149741833,1148.9223351071078,True,False,Structural high
170,Congo,COG,2012,0.513501618,Low SDI,12694.839795764328,11795.853806612506,898.9859891518227,1.076212032116562,0.0734474981970457,11249.920149741833,1148.9223351071078,True,False,Structural high
171,Democratic Republic of the Congo,COD,2012,0.303171866,Low SDI,19324.28484888479,18860.323587057723,463.96126182706575,1.0245998569263914,0.024302152884453684,11249.920149741833,1148.9223351071078,True,False,Structural high
172,Equatorial Guinea,GNQ,2012,0.565905939,Low-middle SDI,9164.707111245469,9779.920848798232,-615.2137375527636,0.9370942007543588,-0.06497146737395298,11249.920149741833,1148.9223351071078,False,False,Neither
173,Gabon,GAB,2012,0.562283058,Low-middle SDI,11285.91560748958,9918.52663357234,1367.388973917241,1.1378621063827048,0.12915115646654193,11249.920149741833,1148.9223351071078,True,True,Double-high
175,Burundi,BDI,2012,0.259875028,Low SDI,22837.83336657043,19944.927254960647,2892.906111609784,1.145044706086369,0.135443680860898,11249.920149741833,1148.9223351071078,True,True,Double-high
176,Comoros,COM,2012,0.422393002,Low SDI,14852.57855085731,15171.933585578914,-319.35503472160417,0.9789509337804408,-0.021273756420133426,11249.920149741833,1148.9223351071078,True,False,Structural high
177,Djibouti,DJI,2012,0.412840559,Low SDI,14857.55773671491,15503.484309600592,-645.9265728856826,0.9583366835488916,-0.04255611854780225,11249.920149741833,1148.9223351071078,True,False,Structural high
178,Eritrea,ERI,2012,0.363724159,Low SDI,19896.92803659941,17114.20917896657,2782.718857632841,1.162596987598633,0.1506562851916419,11249.920149741833,1148.9223351071078,True,True,Double-high
179,Ethiopia,ETH,2012,0.276833899,Low SDI,16937.817526855888,19535.645711099223,-2597.828184243336,0.8670211252465859,-0.14269193658542204,11249.920149741833,1148.9223351071078,True,False,Structural high
180,Kenya,KEN,2012,0.451916449,Low SDI,22381.604270294687,14114.98563432801,8266.618635966677,1.5856625610629065,0.4610023395814407,11249.920149741833,1148.9223351071078,True,True,Double-high
181,Madagascar,MDG,2012,0.308458803,Low SDI,18001.63826028938,18718.72153040834,-717.0832701189611,0.9616916535162902,-0.03906140618636825,11249.920149741833,1148.9223351071078,True,False,Structural high
182,Malawi,MWI,2012,0.322779019,Low SDI,19144.6943174825,18324.798677307983,819.8956401745163,1.0447424091588964,0.043770356618507825,11249.920149741833,1148.9223351071078,True,False,Structural high
183,Mauritius,MUS,2012,0.685714945,High-middle SDI,9997.62140489201,5512.5184172595245,4485.102987632486,1.8136214064319072,0.5953256234233432,11249.920149741833,1148.9223351071078,False,True,Excess-only
184,Mozambique,MOZ,2012,0.266916011,Low SDI,13339.237344100491,19777.347651344044,-6438.110307243553,0.6744704891302233,-0.39382735650760814,11249.920149741833,1148.9223351071078,True,False,Structural high
185,Rwanda,RWA,2012,0.376069515,Low SDI,21840.95700186113,16725.031113608875,5115.925888252255,1.305884386910917,0.26688050236520056,11249.920149741833,1148.9223351071078,True,True,Double-high
186,Seychelles,SYC,2012,0.705191372,High-middle SDI,12066.241247159209,4907.16664982889,7159.074597330319,2.458901869081612,0.899714855598233,11249.920149741833,1148.9223351071078,True,True,Double-high
187,Somalia,SOM,2012,0.138091012,Low SDI,15938.21740472608,22434.68156497916,-6496.464160253077,0.7104276188883311,-0.34188821012024906,11249.920149741833,1148.9223351071078,True,False,Structural high
189,United Republic of Tanzania,TZA,2012,0.372606029,Low SDI,19120.94534307004,16835.317842531404,2285.627500538638,1.135763846095285,0.12730541673013443,11249.920149741833,1148.9223351071078,True,True,Double-high
190,Uganda,UGA,2012,0.347998439,Low SDI,16353.7997159539,17593.883929506836,-1240.084213552935,0.929516176273439,-0.07309106877310619,11249.920149741833,1148.9223351071078,True,False,Structural high
191,Zambia,ZMB,2012,0.40690617,Low SDI,11455.24967500464,15706.641743775564,-4251.392068770923,0.7293252027948163,-0.31563555207524413,11249.920149741833,1148.9223351071078,True,False,Structural high
193,Botswana,BWA,2012,0.634379667,Middle SDI,9242.81961880154,7244.719656788576,1998.099962012965,1.2758008669308094,0.2435741123448548,11249.920149741833,1148.9223351071078,False,True,Excess-only
194,Lesotho,LSO,2012,0.461833849,Low SDI,20970.811992388448,13750.317518416452,7220.494473971996,1.5251147447541662,0.4220696496905512,11249.920149741833,1148.9223351071078,True,True,Double-high
195,Namibia,NAM,2012,0.562213577,Low-middle SDI,14079.60419888758,9921.187328940989,4158.416869946594,1.4191450813367994,0.3500546349084236,11249.920149741833,1148.9223351071078,True,True,Double-high
196,South Africa,ZAF,2012,0.654216222,Middle SDI,14948.85126895574,6554.209621229491,8394.641647726248,2.2808015203748573,0.824526925213287,11249.920149741833,1148.9223351071078,True,True,Double-high
197,Eswatini,SWZ,2012,0.546755474,Low-middle SDI,15176.13436331528,10514.939261692944,4661.195101622334,1.4432926320938029,0.36692705347556037,11249.920149741833,1148.9223351071078,True,True,Double-high
198,Zimbabwe,ZWE,2012,0.436635333,Low SDI,12395.27449734592,14667.800866536045,-2272.526369190124,0.8450670015315797,-0.1683393630150394,11249.920149741833,1148.9223351071078,True,False,Structural high
200,Benin,BEN,2012,0.314692435,Low SDI,12220.3763309062,18549.116265796525,-6328.7399348903255,0.6588117814237787,-0.4173173976816338,11249.920149741833,1148.9223351071078,True,False,Structural high
201,Burkina Faso,BFA,2012,0.238084259,Low SDI,11807.90156078098,20443.483886024293,-8635.582325243313,0.5775875397076119,-0.5488952641645837,11249.920149741833,1148.9223351071078,True,False,Structural high
202,Cameroon,CMR,2012,0.408130129,Low SDI,12554.387123099712,15664.921862529796,-3110.5347394300843,0.8014331149094063,-0.22135376030935522,11249.920149741833,1148.9223351071078,True,False,Structural high
203,Cabo Verde,CPV,2012,0.487459839,Low SDI,6890.862199448319,12790.280896287622,-5899.418696839303,0.5387576907281522,-0.6184893625326072,11249.920149741833,1148.9223351071078,False,False,Neither
204,Chad,TCD,2012,0.197316653,Low SDI,19606.915053172088,21304.002872915084,-1697.0878197429956,0.9203394859704702,-0.08301267051556016,11249.920149741833,1148.9223351071078,True,False,Structural high
205,Côte d'Ivoire,CIV,2012,0.371448767,Low SDI,12927.6755114721,16871.977532070534,-3944.302020598434,0.7662217121199314,-0.2662837097117975,11249.920149741833,1148.9223351071078,True,False,Structural high
206,Gambia,GMB,2012,0.367659963,Low SDI,10938.82912519929,16991.326759867174,-6052.497634667883,0.6437889918659184,-0.4403842589496675,11249.920149741833,1148.9223351071078,False,False,Neither
207,Ghana,GHA,2012,0.501613491,Low SDI,10830.66984694716,12251.530680024744,-1420.860833077586,0.884025851937489,-0.12326897249892149,11249.920149741833,1148.9223351071078,False,False,Neither
208,Guinea,GIN,2012,0.278127669,Low SDI,17896.95177180663,19503.619095947583,-1606.667324140955,0.9176220927902152,-0.08596963674559574,11249.920149741833,1148.9223351071078,True,False,Structural high
209,Guinea-Bissau,GNB,2012,0.306194837,Low SDI,12910.24671064938,18779.609639188264,-5869.362928538883,0.6874608662636407,-0.37475037285985857,11249.920149741833,1148.9223351071078,True,False,Structural high
210,Liberia,LBR,2012,0.304325962,Low SDI,16149.58317706696,18829.58808146324,-2680.0049043962736,0.8576705505823252,-0.1535352269112179,11249.920149741833,1148.9223351071078,True,False,Structural high
211,Mali,MLI,2012,0.217406493,Low SDI,9790.733669447342,20890.682753720223,-11099.94908427288,0.4686650879183833,-0.7578668638805095,11249.920149741833,1148.9223351071078,False,False,Neither
212,Mauritania,MRT,2012,0.437128399,Low SDI,12586.843696617989,14650.148745446257,-2063.305048828266,0.8591614948981587,-0.15179837129442614,11249.920149741833,1148.9223351071078,True,False,Structural high
213,Niger,NER,2012,0.147674576,Low SDI,16491.61140669015,22257.944839019485,-5766.333432329335,0.7409314528347373,-0.29984716426092256,11249.920149741833,1148.9223351071078,True,False,Structural high
214,Nigeria,NGA,2012,0.420450315,Low SDI,15071.62687315304,15239.803232076194,-168.1763589231541,0.9889646633646042,-0.011096677659418719,11249.920149741833,1148.9223351071078,True,False,Structural high
215,Sao Tome and Principe,STP,2012,0.42551708,Low SDI,12648.292063235687,15062.329357175558,-2414.0372939398712,0.8397301481931913,-0.17467469090826684,11249.920149741833,1148.9223351071078,True,False,Structural high
216,Senegal,SEN,2012,0.342569605,Low SDI,13237.614838459822,17755.231712328095,-4517.616873868274,0.7455613676541585,-0.29361783072169956,11249.920149741833,1148.9223351071078,True,False,Structural high
217,Sierra Leone,SLE,2012,0.301347277,Low SDI,18753.92283190632,18908.71659969742,-154.79376779110316,0.9918136290755144,-0.008220063263591223,11249.920149741833,1148.9223351071078,True,False,Structural high
218,Togo,TGO,2012,0.375705714,Low SDI,14211.742880319269,16736.655588507114,-2524.912708187845,0.8491387544640833,-0.16353267320459206,11249.920149741833,1148.9223351071078,True,False,Structural high
298,American Samoa,ASM,2012,0.677715027,High-middle SDI,7247.990523338351,5770.11548293774,1477.8750404006105,1.2561257300258015,0.22803216655971087,11249.920149741833,1148.9223351071078,False,True,Excess-only
305,Bermuda,BMU,2012,0.795701629,High SDI,4561.0355451754,2567.937385518822,1993.0981596565784,1.7761474913275177,0.5744466880404212,11249.920149741833,1148.9223351071078,False,True,Excess-only
320,Cook Islands,COK,2012,0.73129155,High SDI,7627.3073555918,4148.601161217123,3478.7061943746767,1.838525097783584,0.6089636728945053,11249.920149741833,1148.9223351071078,False,True,Excess-only
349,Greenland,GRL,2012,0.830596412,High SDI,1003.72537190623,1896.8714784675449,-893.1461065613149,0.529147801155788,-0.6364874888780657,11249.920149741833,1148.9223351071078,False,False,Neither
351,Guam,GUM,2012,0.750424872,High SDI,7313.63279457841,3634.107680882672,3679.525113695737,2.012497547348964,0.6993765116012495,11249.920149741833,1148.9223351071078,False,True,Excess-only
367,Monaco,MCO,2012,0.902815036,High SDI,967.58414127826,908.750638523611,58.833502754648975,1.0647410854645802,0.06273165736498662,11249.920149741833,1148.9223351071078,False,False,Neither
369,Nauru,NRU,2012,0.551267813,Low-middle SDI,14311.11714530768,10341.306998759,3969.81014654868,1.383878957178727,0.32489039468485315,11249.920149741833,1148.9223351071078,True,True,Double-high
374,Niue,NIU,2012,0.698661288,High-middle SDI,9440.81309719908,5106.565210516397,4334.247886682682,1.8487599213962425,0.614515101571403,11249.920149741833,1148.9223351071078,False,True,Excess-only
376,Northern Mariana Islands,MNP,2012,0.759084202,High SDI,6398.782000489429,3413.4530488788146,2985.3289516106147,1.8745774173138776,0.6283832565884653,11249.920149741833,1148.9223351071078,False,True,Excess-only
380,Palau,PLW,2012,0.735383969,High SDI,7727.13053844466,4035.501554302701,3691.6289841419584,1.9147881457772944,0.6496069876758662,11249.920149741833,1148.9223351071078,False,True,Excess-only
385,Puerto Rico,PRI,2012,0.78910485,High SDI,4249.49100221555,2709.6285274707843,1539.8624747447657,1.5682928339192312,0.4499876608174647,11249.920149741833,1148.9223351071078,False,True,Excess-only
393,Saint Kitts and Nevis,KNA,2012,0.722295642,High SDI,5290.97902836869,4402.894138949049,888.0848894196406,1.201704801749247,0.18374121672412735,11249.920149741833,1148.9223351071078,False,False,Neither
396,San Marino,SMR,2012,0.862822791,High SDI,980.70456780283,1392.1275300989078,-411.4229622960778,0.7044646029901822,-0.3503171930644015,11249.920149741833,1148.9223351071078,False,False,Neither
416,Tuvalu,TUV,2012,0.559442059,Low-middle SDI,9371.29147348749,10027.389412664306,-656.097939176816,0.9345694166072596,-0.06766937276155204,11249.920149741833,1148.9223351071078,False,False,Neither
422,United States Virgin Islands,VIR,2012,0.785153522,High SDI,3993.3666338873,2796.753262370928,1196.613371516372,1.4278580408276529,0.35617544779065624,11249.920149741833,1148.9223351071078,False,True,Excess-only
435,South Sudan,SSD,2012,0.361823509,Low SDI,15315.33501144374,17173.14783231203,-1857.8128208682883,0.8918187370766859,-0.11449237660727175,11249.920149741833,1148.9223351071078,True,False,Structural high
522,Sudan,SDN,2012,0.484151306,Low SDI,15257.23641393179,12915.46374135098,2341.7726725808097,1.1813154153407004,0.16662857635870834,11249.920149741833,1148.9223351071078,True,True,Double-high
6,China,CHN,2013,0.661302502,Middle SDI,7176.58333732876,6287.282897379641,889.3004399491183,1.141444317754455,0.13229440590696326,10852.49197095708,1061.4610180124753,False,False,Neither
7,Democratic People's Republic of Korea,PRK,2013,0.551054488,Low-middle SDI,12347.02872980646,10306.278628743336,2040.7501010631224,1.1980103754784626,0.18066216032225055,10852.49197095708,1061.4610180124753,True,True,Double-high
8,Taiwan,TWN,2013,0.841107926,High SDI,8589.770854700191,1713.157686878103,6876.613167822088,5.013998956717977,1.612233791662282,10852.49197095708,1061.4610180124753,False,True,Excess-only
10,Cambodia,KHM,2013,0.443568117,Low SDI,19063.17211793076,14358.21237281732,4704.959745113441,1.3276842285757506,0.2834362430932355,10852.49197095708,1061.4610180124753,True,True,Double-high
11,Indonesia,IDN,2013,0.60955942,Low-middle SDI,12927.455421235982,8106.148289045604,4821.307132190378,1.5947716424958254,0.46673055513787126,10852.49197095708,1061.4610180124753,True,True,Double-high
12,Lao People's Democratic Republic,LAO,2013,0.45548683,Low SDI,12487.24565917609,13925.787292694413,-1438.5416335183236,0.8966994394440453,-0.1090345461564313,10852.49197095708,1061.4610180124753,True,False,Structural high
13,Malaysia,MYS,2013,0.727266586,High SDI,8098.77474420522,4243.620031373045,3855.154712832176,1.9084589770834923,0.6462960981246015,10852.49197095708,1061.4610180124753,False,True,Excess-only
14,Maldives,MDV,2013,0.60153461,Low-middle SDI,7629.31188018932,8400.950506734836,-771.6386265455167,0.9081486522356116,-0.09634719986463264,10852.49197095708,1061.4610180124753,False,False,Neither
15,Myanmar,MMR,2013,0.482321405,Low SDI,13446.93846410612,12930.321153553066,516.6173105530543,1.0399539427070683,0.03917642631404555,10852.49197095708,1061.4610180124753,True,False,Structural high
16,Philippines,PHL,2013,0.594047012,Low-middle SDI,13648.7695710902,8678.542468071768,4970.227103018433,1.5727029764852596,0.45279578010845317,10852.49197095708,1061.4610180124753,True,True,Double-high
17,Sri Lanka,LKA,2013,0.676200577,Middle SDI,8525.51935455513,5795.128722748056,2730.390631807074,1.4711527150534665,0.3860462533982216,10852.49197095708,1061.4610180124753,False,True,Excess-only
18,Thailand,THA,2013,0.635595171,Middle SDI,11547.34274088188,7171.641108634627,4375.701632247254,1.6101395156234082,0.47632083090869937,10852.49197095708,1061.4610180124753,True,True,Double-high
19,Timor-Leste,TLS,2013,0.427006421,Low SDI,15081.14865145086,14947.180353017086,133.96829843377418,1.0089627806228172,0.00892285330044857,10852.49197095708,1061.4610180124753,True,False,Structural high
20,Viet Nam,VNM,2013,0.586405153,Low-middle SDI,9661.70067609024,8964.092692249782,697.6079838404585,1.0778224866464845,0.07494278976824557,10852.49197095708,1061.4610180124753,False,False,Neither
22,Fiji,FJI,2013,0.643911666,Middle SDI,8900.865261858271,6881.021036194374,2019.8442256638973,1.2935384465531288,0.2573814450882984,10852.49197095708,1061.4610180124753,False,True,Excess-only
23,Kiribati,KIR,2013,0.498614162,Low SDI,9603.38844177868,12314.432939994856,-2711.044498216177,0.7798482064560814,-0.24865598534450778,10852.49197095708,1061.4610180124753,False,False,Neither
24,Marshall Islands,MHL,2013,0.536237395,Low-middle SDI,11043.89445454564,10874.604393874952,169.29006067068804,1.0155674684373843,0.015447538469841496,10852.49197095708,1061.4610180124753,True,False,Structural high
25,Micronesia (Federated States of),FSM,2013,0.562629712,Low-middle SDI,6989.84809312902,9863.876691405869,-2874.028598276848,0.7086309279615274,-0.3444204409303911,10852.49197095708,1061.4610180124753,False,False,Neither
26,Papua New Guinea,PNG,2013,0.412464056,Low SDI,12149.98830507549,15451.62293796314,-3301.63463288765,0.7863244109603624,-0.2403858351144558,10852.49197095708,1061.4610180124753,True,False,Structural high
27,Samoa,WSM,2013,0.575507974,Low-middle SDI,8538.873120048169,9374.639196262351,-835.7660762141841,0.9108481874643878,-0.09337903944592123,10852.49197095708,1061.4610180124753,False,False,Neither
28,Solomon Islands,SLB,2013,0.421880618,Low SDI,11254.36407750581,15126.404168251733,-3872.0400907459225,0.7440211138300266,-0.29568586574791667,10852.49197095708,1061.4610180124753,True,False,Structural high
29,Tonga,TON,2013,0.591909488,Low-middle SDI,9846.08778683379,8758.198485547611,1087.889301286179,1.124213821264883,0.11708396582166937,10852.49197095708,1061.4610180124753,False,True,Excess-only
30,Vanuatu,VUT,2013,0.442015212,Low SDI,10325.61237277841,14414.04758284732,-4088.4352100689102,0.7163575889027772,-0.3335758108512018,10852.49197095708,1061.4610180124753,False,False,Neither
33,Armenia,ARM,2013,0.67024244,Middle SDI,5307.78857773445,5990.026560683806,-682.2379829493557,0.886104347612196,-0.12092056148318528,10852.49197095708,1061.4610180124753,False,False,Neither
34,Azerbaijan,AZE,2013,0.667919935,Middle SDI,7983.09333324321,6066.703834580063,1916.3894986631467,1.3158864435972255,0.2745105401201513,10852.49197095708,1061.4610180124753,False,True,Excess-only
35,Georgia,GEO,2013,0.690219983,High-middle SDI,5515.64530001468,5347.260753754422,168.3845462602585,1.0314898700501995,0.031004232880074086,10852.49197095708,1061.4610180124753,False,False,Neither
36,Kazakhstan,KAZ,2013,0.697938714,High-middle SDI,5374.9242621574895,5107.430159153841,267.4941030036489,1.0523735214517285,0.05104810971138628,10852.49197095708,1061.4610180124753,False,False,Neither
37,Kyrgyzstan,KGZ,2013,0.567036347,Low-middle SDI,7034.52659156773,9696.054968725864,-2661.528377158133,0.725503992526573,-0.3208887035351001,10852.49197095708,1061.4610180124753,False,False,Neither
38,Mongolia,MNG,2013,0.610521238,Low-middle SDI,7396.762145014241,8071.014551689436,-674.2524066751957,0.9164600184577713,-0.08723683681348995,10852.49197095708,1061.4610180124753,False,False,Neither
39,Tajikistan,TJK,2013,0.507738766,Low SDI,7058.7552593665005,11966.838124391408,-4908.082865024908,0.5898596760475093,-0.5278706075777372,10852.49197095708,1061.4610180124753,False,False,Neither
40,Turkmenistan,TKM,2013,0.646380654,Middle SDI,8268.84189972171,6795.546270991464,1473.2956287302468,1.2168031192752506,0.19622702546660525,10852.49197095708,1061.4610180124753,False,True,Excess-only
41,Uzbekistan,UZB,2013,0.626790032,Low-middle SDI,8619.45933619282,7483.677905411682,1135.7814307811375,1.151767813251265,0.14129799096240186,10852.49197095708,1061.4610180124753,False,True,Excess-only
43,Albania,ALB,2013,0.655676831,Middle SDI,5663.11490054363,6477.180672831114,-814.0657722874839,0.8743178840599387,-0.1343112577146222,10852.49197095708,1061.4610180124753,False,False,Neither
44,Bosnia and Herzegovina,BIH,2013,0.672035878,Middle SDI,5470.3546782679605,5931.084865272697,-460.7301870047368,0.922319407415265,-0.08086368655128633,10852.49197095708,1061.4610180124753,False,False,Neither
45,Bulgaria,BGR,2013,0.739319818,High SDI,5378.09106496594,3911.871255245536,1466.2198097204057,1.3748129000294451,0.31831764915394595,10852.49197095708,1061.4610180124753,False,True,Excess-only
46,Croatia,HRV,2013,0.749808672,High SDI,3441.029471756,3634.8561712043215,-193.8266994483224,0.9466755518460852,-0.054798850786134015,10852.49197095708,1061.4610180124753,False,False,Neither
47,Czechia,CZE,2013,0.808657985,High SDI,3659.87189432454,2293.7692410103746,1366.1026533141653,1.595571092719168,0.4672317240130842,10852.49197095708,1061.4610180124753,False,True,Excess-only
48,Hungary,HUN,2013,0.764767809,High SDI,4256.19660105082,3259.190083896141,997.0065171546788,1.305906219487151,0.2668972208388646,10852.49197095708,1061.4610180124753,False,False,Neither
49,North Macedonia,MKD,2013,0.718719358,High-middle SDI,5075.46999868422,4487.291945746102,588.1780529381176,1.1310763953069074,0.1231697415432659,10852.49197095708,1061.4610180124753,False,False,Neither
50,Montenegro,MNE,2013,0.745483557,High SDI,5071.64326540657,3747.7454280728216,1323.8978373337486,1.3532518050497704,0.30251044055681353,10852.49197095708,1061.4610180124753,False,True,Excess-only
51,Poland,POL,2013,0.796560781,High SDI,6412.15978908348,2539.1797239110465,3872.9800651724336,2.5252878828155425,0.9263550692245899,10852.49197095708,1061.4610180124753,False,True,Excess-only
52,Romania,ROU,2013,0.720256114,High SDI,5713.79003000564,4442.976663019867,1270.8133669857723,1.2860274683779247,0.25155798513469113,10852.49197095708,1061.4610180124753,False,True,Excess-only
53,Serbia,SRB,2013,0.74582277,High SDI,3950.9161382795,3738.823391881621,212.09274639787964,1.0567271369004516,0.05517652493424232,10852.49197095708,1061.4610180124753,False,False,Neither
54,Slovakia,SVK,2013,0.793876984,High SDI,4548.08979728756,2595.7682761786696,1952.3215211088905,1.7521170279432563,0.5608247870546598,10852.49197095708,1061.4610180124753,False,True,Excess-only
55,Slovenia,SVN,2013,0.818195927,High SDI,4016.66439275115,2111.419303616009,1905.245089135141,1.9023527851015785,0.6430914280496626,10852.49197095708,1061.4610180124753,False,True,Excess-only
57,Belarus,BLR,2013,0.760521664,High SDI,3958.73720577335,3363.4673249222305,595.2698808511195,1.1769810208769853,0.16295270314981725,10852.49197095708,1061.4610180124753,False,False,Neither
58,Estonia,EST,2013,0.81450927,High SDI,3113.10845459862,2180.7397041962213,932.3687504023987,1.4275470147162987,0.35595759700834406,10852.49197095708,1061.4610180124753,False,False,Neither
59,Latvia,LVA,2013,0.807419461,High SDI,3241.647279173,2318.1678187172115,923.4794604557884,1.3983660945508285,0.3353044797376322,10852.49197095708,1061.4610180124753,False,False,Neither
60,Lithuania,LTU,2013,0.802217111,High SDI,3336.79454202472,2422.4632473434563,914.331294681264,1.3774386652445385,0.3202257349153485,10852.49197095708,1061.4610180124753,False,False,Neither
61,Republic of Moldova,MDA,2013,0.675943442,Middle SDI,4707.60776674518,5803.4852974999685,-1095.8775307547885,0.8111690691752296,-0.20927877658712807,10852.49197095708,1061.4610180124753,False,False,Neither
62,Russian Federation,RUS,2013,0.784271775,High SDI,2070.63953433104,2804.6604768857183,-734.0209425546782,0.7382852760239516,-0.30342497619599745,10852.49197095708,1061.4610180124753,False,False,Neither
63,Ukraine,UKR,2013,0.735469939,High SDI,2021.0715294326696,4016.2958454049726,-1995.224315972303,0.5032177925201823,-0.6867322154766116,10852.49197095708,1061.4610180124753,False,False,Neither
66,Brunei Darussalam,BRN,2013,0.801708657,High SDI,2470.02085022538,2432.813553700543,37.20729652483715,1.0152939367130052,0.015178163390538211,10852.49197095708,1061.4610180124753,False,False,Neither
67,Japan,JPN,2013,0.852343519,High SDI,1982.96542590439,1538.021122234774,444.94430366961615,1.2892966144854394,0.25409680957643294,10852.49197095708,1061.4610180124753,False,False,Neither
68,Republic of Korea,KOR,2013,0.855648141,High SDI,1802.5928321753304,1488.9804486466749,313.6123835286555,1.2106222306771697,0.19113446766152056,10852.49197095708,1061.4610180124753,False,False,Neither
69,Singapore,SGP,2013,0.848551512,High SDI,4609.92917630652,1595.6711492237107,3014.2580270828093,2.8890220761021075,1.0609180628886539,10852.49197095708,1061.4610180124753,False,True,Excess-only
71,Australia,AUS,2013,0.817297092,High SDI,787.82801624424,2128.1853237485075,-1340.3573075042675,0.3701876934554687,-0.9937451223572964,10852.49197095708,1061.4610180124753,False,False,Neither
72,New Zealand,NZL,2013,0.829122755,High SDI,1254.01000116481,1914.526579864537,-660.516578699727,0.654997436104302,-0.4231239576991232,10852.49197095708,1061.4610180124753,False,False,Neither
74,Andorra,AND,2013,0.86193565,High SDI,1018.65761416116,1398.7271551676035,-380.0695410064435,0.7282747106165238,-0.31707695221598936,10852.49197095708,1061.4610180124753,False,False,Neither
75,Austria,AUT,2013,0.830283813,High SDI,1118.30167440501,1894.354406795491,-776.052732390481,0.5903339261087583,-0.5270669257311161,10852.49197095708,1061.4610180124753,False,False,Neither
76,Belgium,BEL,2013,0.844009241,High SDI,1160.9040649952,1666.6798616090205,-505.7757966138204,0.6965369245383801,-0.3616344727548849,10852.49197095708,1061.4610180124753,False,False,Neither
77,Cyprus,CYP,2013,0.828529852,High SDI,795.3303407938799,1924.8829569763727,-1129.5526161824932,0.4131837408146588,-0.8838628919429566,10852.49197095708,1061.4610180124753,False,False,Neither
78,Denmark,DNK,2013,0.886609485,High SDI,1059.73131004045,1082.0498737739056,-22.31856373345568,0.979373812358931,-0.020841878524603938,10852.49197095708,1061.4610180124753,False,False,Neither
79,Finland,FIN,2013,0.856258632,High SDI,1102.19668422295,1480.0423061463196,-377.84562192336966,0.7447062017387933,-0.294765498465121,10852.49197095708,1061.4610180124753,False,False,Neither
80,France,FRA,2013,0.828549243,High SDI,973.51166662345,1924.5436579477275,-951.0319913242772,0.5058402611981129,-0.6815343488668311,10852.49197095708,1061.4610180124753,False,False,Neither
81,Germany,DEU,2013,0.860333504,High SDI,1169.97212479279,1421.3473694880042,-251.3752446952141,0.8231429908750848,-0.19462534992759692,10852.49197095708,1061.4610180124753,False,False,Neither
82,Greece,GRC,2013,0.805209531,High SDI,970.0231799533,2362.114547216446,-1392.0913672631464,0.4106588230856081,-0.889992523368383,10852.49197095708,1061.4610180124753,False,False,Neither
83,Iceland,ISL,2013,0.853984257,High SDI,917.90485106896,1513.5334425250048,-595.6285914560448,0.6064648624728327,-0.5001084871933356,10852.49197095708,1061.4610180124753,False,False,Neither
84,Ireland,IRL,2013,0.866951916,High SDI,1058.4953007648198,1329.5577769325737,-271.06247616775386,0.7961258390792743,-0.22799801633697922,10852.49197095708,1061.4610180124753,False,False,Neither
85,Israel,ISR,2013,0.804229734,High SDI,1072.8463564789,2381.767710473353,-1308.921353994453,0.4504412213505414,-0.7975276846958805,10852.49197095708,1061.4610180124753,False,False,Neither
86,Italy,ITA,2013,0.805785891,High SDI,1030.70955947684,2350.602159739856,-1319.8926002630158,0.4384874553126889,-0.8244240757599902,10852.49197095708,1061.4610180124753,False,False,Neither
87,Luxembourg,LUX,2013,0.865321773,High SDI,1051.72006326478,1351.762121079273,-300.04205781449264,0.7780363474196678,-0.25098203684663006,10852.49197095708,1061.4610180124753,False,False,Neither
88,Malta,MLT,2013,0.784884859,High SDI,1089.26424174769,2791.0306530277967,-1701.7664112801067,0.3902731202776373,-0.9409084765557528,10852.49197095708,1061.4610180124753,False,False,Neither
89,Netherlands,NLD,2013,0.882335134,High SDI,889.8268182367899,1132.7437342203534,-242.9169159835635,0.7855499804192174,-0.24137119451473885,10852.49197095708,1061.4610180124753,False,False,Neither
90,Norway,NOR,2013,0.889191181,High SDI,1261.33443884027,1052.2505359490633,209.08390289120663,1.1987016359204097,0.18123900097546816,10852.49197095708,1061.4610180124753,False,False,Neither
91,Portugal,PRT,2013,0.74991206,High SDI,979.01658557309,3632.1808545510826,-2653.164268977993,0.2695396030036315,-1.3110399495084566,10852.49197095708,1061.4610180124753,False,False,Neither
92,Spain,ESP,2013,0.781599699,High SDI,970.24048470713,2864.5358292911496,-1894.29534458402,0.3387077497114857,-1.0826176386658588,10852.49197095708,1061.4610180124753,False,False,Neither
93,Sweden,SWE,2013,0.88133301,High SDI,974.91248871266,1144.8761231467608,-169.96363443410087,0.8515440832437438,-0.16070400894086184,10852.49197095708,1061.4610180124753,False,False,Neither
94,Switzerland,CHE,2013,0.929137036,High SDI,935.85129182286,664.968773310056,270.88251851280404,1.4073612617392774,0.3417165054729619,10852.49197095708,1061.4610180124753,False,False,Neither
95,United Kingdom,GBR,2013,0.847250338,High SDI,1076.44498979924,1615.793984676489,-539.3489948772487,0.6662018796998825,-0.406162531701647,10852.49197095708,1061.4610180124753,False,False,Neither
97,Argentina,ARG,2013,0.702465258,High-middle SDI,4622.07947902724,4969.116387975243,-347.03690894800275,0.9301612435990034,-0.07239732764946546,10852.49197095708,1061.4610180124753,False,False,Neither
98,Chile,CHL,2013,0.728551007,High SDI,2572.23845199601,4207.599338014606,-1635.3608860185957,0.6113316039282733,-0.49211574374469724,10852.49197095708,1061.4610180124753,False,False,Neither
99,Uruguay,URY,2013,0.681906206,High-middle SDI,5410.6515784843305,5610.999095901897,-200.34751741756645,0.9642937890394788,-0.0363592703872163,10852.49197095708,1061.4610180124753,False,False,Neither
101,Canada,CAN,2013,0.865379797,High SDI,678.44481634758,1350.967261000687,-672.5224446531067,0.5021919005239573,-0.6887729603776438,10852.49197095708,1061.4610180124753,False,False,Neither
102,United States of America,USA,2013,0.844912291,High SDI,1209.61136740708,1652.3922732333258,-442.78090582624577,0.7320364461885117,-0.31192497638528416,10852.49197095708,1061.4610180124753,False,False,Neither
105,Antigua and Barbuda,ATG,2013,0.727675729,High SDI,5162.79872437518,4232.12880259828,930.6699217769,1.2199058594827084,0.19877369140940715,10852.49197095708,1061.4610180124753,False,False,Neither
106,Bahamas,BHS,2013,0.786777144,High SDI,4564.0119308464,2749.216836917138,1814.7950939292616,1.6601134801590625,0.5068859615735121,10852.49197095708,1061.4610180124753,False,True,Excess-only
107,Barbados,BRB,2013,0.731941974,High SDI,6001.7170417216,4113.262560554409,1888.4544811671915,1.459113526881847,0.3778290779472499,10852.49197095708,1061.4610180124753,False,True,Excess-only
108,Belize,BLZ,2013,0.584251603,Low-middle SDI,5548.08609699109,9044.93361389341,-3496.8475169023204,0.6133915774095886,-0.4887517583881241,10852.49197095708,1061.4610180124753,False,False,Neither
109,Cuba,CUB,2013,0.654451844,Middle SDI,5597.503532086,6518.812132852481,-921.3086007664816,0.8586692510858818,-0.15237147062554543,10852.49197095708,1061.4610180124753,False,False,Neither
110,Dominica,DMA,2013,0.715849597,High-middle SDI,4986.89648450416,4570.630353297896,416.2661312062637,1.0910741186729114,0.08716264099882143,10852.49197095708,1061.4610180124753,False,False,Neither
111,Dominican Republic,DOM,2013,0.5941139,Low-middle SDI,7530.98064998557,8676.052676134374,-1145.0720261488032,0.8680192399824166,-0.14154139868908622,10852.49197095708,1061.4610180124753,False,False,Neither
112,Grenada,GRD,2013,0.631320701,Middle SDI,5563.153409256,7322.579502918557,-1759.4260936625578,0.75972591448665,-0.2747975495809389,10852.49197095708,1061.4610180124753,False,False,Neither
113,Guyana,GUY,2013,0.60282897,Low-middle SDI,5787.80223675585,8353.203640283447,-2565.4014035275977,0.6928841299694991,-0.3668924943930294,10852.49197095708,1061.4610180124753,False,False,Neither
114,Haiti,HTI,2013,0.43639314,Low SDI,13651.6892353644,14615.15980510541,-963.47056974101,0.9340773154321276,-0.06819606534401879,10852.49197095708,1061.4610180124753,True,False,Structural high
115,Jamaica,JAM,2013,0.66271668,Middle SDI,5260.85997677104,6239.886291735273,-979.0263149642324,0.8431018981450107,-0.17066745266829306,10852.49197095708,1061.4610180124753,False,False,Neither
116,Saint Lucia,LCA,2013,0.669834244,Middle SDI,5571.49513868383,6003.474816062634,-431.9796773788039,0.92804505880111,-0.07467499263210442,10852.49197095708,1061.4610180124753,False,False,Neither
117,Saint Vincent and the Grenadines,VCT,2013,0.597656703,Low-middle SDI,4619.10671533958,8544.430724281006,-3925.324008941426,0.5405985330553741,-0.615078358692539,10852.49197095708,1061.4610180124753,False,False,Neither
118,Suriname,SUR,2013,0.628531464,Low-middle SDI,4475.55557147416,7421.62412020777,-2946.068548733609,0.6030426088661663,-0.5057674232817597,10852.49197095708,1061.4610180124753,False,False,Neither
119,Trinidad and Tobago,TTO,2013,0.745004472,High SDI,4042.71996241947,3760.366119869745,282.35384254972496,1.0750867956866672,0.07240139849395764,10852.49197095708,1061.4610180124753,False,False,Neither
121,Bolivia (Plurinational State of),BOL,2013,0.573695015,Low-middle SDI,12624.15917058396,9443.274272955978,3180.8848976279824,1.3368413122064586,0.2903096016264853,10852.49197095708,1061.4610180124753,True,True,Double-high
122,Ecuador,ECU,2013,0.631228143,Middle SDI,7383.22408715455,7325.859279077598,57.3648080769517,1.0078304545435075,0.007799955644362983,10852.49197095708,1061.4610180124753,False,False,Neither
123,Peru,PER,2013,0.637724627,Middle SDI,12700.40833748467,7096.837622767085,5603.570714717585,1.7895869981216692,0.5819848659246937,10852.49197095708,1061.4610180124753,True,True,Double-high
125,Colombia,COL,2013,0.630251089,Low-middle SDI,5470.47255802865,7360.51010758847,-1890.03754955982,0.7432192168839974,-0.29676423486846537,10852.49197095708,1061.4610180124753,False,False,Neither
126,Costa Rica,CRI,2013,0.651281252,Middle SDI,3660.58526045175,6627.022328726788,-2966.437068275038,0.5523725557078419,-0.5935325406003729,10852.49197095708,1061.4610180124753,False,False,Neither
127,El Salvador,SLV,2013,0.546339057,Low-middle SDI,5160.03484302864,10486.981828137948,-5326.946985109308,0.4920419361444481,-0.7091913300562647,10852.49197095708,1061.4610180124753,False,False,Neither
128,Guatemala,GTM,2013,0.488349987,Low SDI,7335.860058538319,12703.260363306465,-5367.400304768145,0.5774785250980172,-0.5490840232550634,10852.49197095708,1061.4610180124753,False,False,Neither
129,Honduras,HND,2013,0.474058203,Low SDI,5643.75097104596,13239.699185120726,-7595.948214074766,0.4262748641138781,-0.8526709198536969,10852.49197095708,1061.4610180124753,False,False,Neither
130,Mexico,MEX,2013,0.631024216,Middle SDI,2130.542394835,7333.087082334996,-5202.544687499996,0.2905382645690053,-1.2360199916776822,10852.49197095708,1061.4610180124753,False,False,Neither
131,Nicaragua,NIC,2013,0.4891117,Low SDI,4651.54902793953,12674.497366365644,-8022.948338426114,0.3670006702027775,-1.0023916047636279,10852.49197095708,1061.4610180124753,False,False,Neither
132,Panama,PAN,2013,0.636386409,Middle SDI,4194.34066867231,7143.815775059869,-2949.475106387559,0.5871288959207741,-0.5325108990670012,10852.49197095708,1061.4610180124753,False,False,Neither
133,Venezuela (Bolivarian Republic of),VEN,2013,0.625239164,Low-middle SDI,3675.61295079204,7539.078996836385,-3863.466046044345,0.4875413763848917,-0.718380117510208,10852.49197095708,1061.4610180124753,False,False,Neither
135,Brazil,BRA,2013,0.646087819,Middle SDI,9426.1506507688,6805.664303450087,2620.4863473187124,1.3850449023749636,0.32573255960110753,10852.49197095708,1061.4610180124753,False,True,Excess-only
136,Paraguay,PRY,2013,0.617619642,Low-middle SDI,6674.37299152958,7813.102601821984,-1138.7296102924038,0.854253851725068,-0.15752687910012833,10852.49197095708,1061.4610180124753,False,False,Neither
139,Algeria,DZA,2013,0.608320001,Low-middle SDI,10046.43992914336,8151.486657793738,1894.953271349622,1.2324671990400466,0.2090180132256348,10852.49197095708,1061.4610180124753,False,True,Excess-only
140,Bahrain,BHR,2013,0.720248598,High SDI,7403.57689921421,4443.192867976655,2960.384031237555,1.666274032931111,0.5105900157712734,10852.49197095708,1061.4610180124753,False,True,Excess-only
141,Egypt,EGY,2013,0.585229768,Low-middle SDI,16344.66702575111,9008.195725129706,7336.471300621404,1.814421835901636,0.5957668692571171,10852.49197095708,1061.4610180124753,True,True,Double-high
142,Iran (Islamic Republic of),IRN,2013,0.661810484,Middle SDI,4834.16039864723,6270.24180694827,-1436.08140830104,0.7709687357336572,-0.2601074565215927,10852.49197095708,1061.4610180124753,False,False,Neither
143,Iraq,IRQ,2013,0.56236798,Low-middle SDI,12110.98907794695,9873.8563452083,2237.13273273865,1.2265713267971852,0.20422273777247676,10852.49197095708,1061.4610180124753,True,True,Double-high
144,Jordan,JOR,2013,0.672176404,Middle SDI,9912.59817563766,5926.476419764601,3986.12175587306,1.672595564976767,0.5143766503874377,10852.49197095708,1061.4610180124753,False,True,Excess-only
145,Kuwait,KWT,2013,0.821709173,High SDI,9178.98997801516,2046.7191262315944,7132.270851783566,4.484733572073202,1.500679089526237,10852.49197095708,1061.4610180124753,False,True,Excess-only
146,Lebanon,LBN,2013,0.681649132,High-middle SDI,9281.61928409128,5619.241330643883,3662.377953447398,1.6517566585857495,0.5018393631506994,10852.49197095708,1061.4610180124753,False,True,Excess-only
147,Libya,LBY,2013,0.751559298,High SDI,8929.33806721653,3589.702973503878,5339.635093712652,2.487486606308454,0.9112728056375035,10852.49197095708,1061.4610180124753,False,True,Excess-only
148,Morocco,MAR,2013,0.532462913,Low-middle SDI,10297.39185116015,11019.5133646986,-722.1215135384518,0.93446883817467,-0.0677769986300214,10852.49197095708,1061.4610180124753,False,False,Neither
149,Palestine,PSE,2013,0.558254319,Low-middle SDI,12573.15669744708,10030.865239383307,2542.291458063773,1.253446875956642,0.22589725714903636,10852.49197095708,1061.4610180124753,True,True,Double-high
150,Oman,OMN,2013,0.729934268,High SDI,7304.9908668573,4168.983372124193,3136.007494733107,1.7522235554360677,0.5608855845087368,10852.49197095708,1061.4610180124753,False,True,Excess-only
151,Qatar,QAT,2013,0.808308908,High SDI,7458.01162506217,2300.629190405208,5157.382434656963,3.241726939815363,1.1761061939227857,10852.49197095708,1061.4610180124753,False,True,Excess-only
152,Saudi Arabia,SAU,2013,0.774456321,High SDI,7312.86178342973,3028.352338779723,4284.509444650007,2.4147988626635346,0.8816159969542415,10852.49197095708,1061.4610180124753,False,True,Excess-only
153,Syrian Arab Republic,SYR,2013,0.544705926,Low-middle SDI,12378.2977656593,10549.610918040213,1828.6868476190864,1.173341639025944,0.15985577963213515,10852.49197095708,1061.4610180124753,True,True,Double-high
154,Tunisia,TUN,2013,0.63899921,Middle SDI,10937.6451992487,7052.190872997808,3885.454326250892,1.5509570566400777,0.4388721962805197,10852.49197095708,1061.4610180124753,True,True,Double-high
155,Türkiye,TUR,2013,0.646118108,Middle SDI,7645.270376821039,6804.617510746409,840.6528660746299,1.1235415311363206,0.11648577781344936,10852.49197095708,1061.4610180124753,False,False,Neither
156,United Arab Emirates,ARE,2013,0.835994296,High SDI,7496.497117419861,1797.2209694223047,5699.276147997556,4.17116049999657,1.4281942944544703,10852.49197095708,1061.4610180124753,False,True,Excess-only
157,Yemen,YEM,2013,0.420420356,Low SDI,18625.93964454588,15177.183555624228,3448.756088921653,1.227232943205964,0.20476199547359014,10852.49197095708,1061.4610180124753,True,True,Double-high
160,Afghanistan,AFG,2013,0.275250856,Low SDI,20937.10723624662,19492.90776574716,1444.1994704994613,1.0740884575998046,0.07147235545091764,10852.49197095708,1061.4610180124753,True,True,Double-high
161,Bangladesh,BGD,2013,0.416325479,Low SDI,17427.5180500479,15318.906039461634,2108.6120105862665,1.1376476887549585,0.12896269968306504,10852.49197095708,1061.4610180124753,True,True,Double-high
162,Bhutan,BTN,2013,0.449147686,Low SDI,11698.84012888362,14156.615893351136,-2457.7757644675166,0.8263867732950325,-0.19069236651409535,10852.49197095708,1061.4610180124753,True,False,Structural high
163,India,IND,2013,0.508068254,Low SDI,12277.12467428446,11954.258446320186,322.866227964274,1.027008469777869,0.026650178018420775,10852.49197095708,1061.4610180124753,True,False,Structural high
164,Nepal,NPL,2013,0.39349831,Low SDI,16012.22180530213,16089.824472159107,-77.60266685697752,0.9951769102894032,-0.004834758342131576,10852.49197095708,1061.4610180124753,True,False,Structural high
165,Pakistan,PAK,2013,0.448463962,Low SDI,23719.79676361183,14181.400619559816,9538.396144052014,1.672599018949941,0.5143787154231702,10852.49197095708,1061.4610180124753,True,True,Double-high
168,Angola,AGO,2013,0.423880836,Low SDI,11663.74851125387,15056.646385087812,-3392.897873833941,0.774657796493495,-0.2553339000536022,10852.49197095708,1061.4610180124753,True,False,Structural high
169,Central African Republic,CAF,2013,0.242755801,Low SDI,20189.08619806233,20254.106762069445,-65.02056400711444,0.9967897589969812,-0.0032154048811580114,10852.49197095708,1061.4610180124753,True,False,Structural high
170,Congo,COG,2013,0.52180037,Low SDI,12017.46031229684,11428.682837463171,588.7774748336669,1.0515175268407708,0.050234384438981754,10852.49197095708,1061.4610180124753,True,False,Structural high
171,Democratic Republic of the Congo,COD,2013,0.312263586,Low SDI,18473.64375853051,18537.781012471547,-64.13725394103676,0.9965401870969408,-0.003465811896648371,10852.49197095708,1061.4610180124753,True,False,Structural high
172,Equatorial Guinea,GNQ,2013,0.575620967,Low-middle SDI,8716.9602699391,9370.364391590743,-653.4041216516453,0.9302690808654112,-0.07228140042003854,10852.49197095708,1061.4610180124753,False,False,Neither
173,Gabon,GAB,2013,0.567191557,Low-middle SDI,10698.75568030505,9690.151228839974,1008.6044514650766,1.1040855222633938,0.09901741067287355,10852.49197095708,1061.4610180124753,False,False,Neither
175,Burundi,BDI,2013,0.265148969,Low SDI,22050.17980240032,19736.92159241685,2313.258209983469,1.1172046106152769,0.1108296820184971,10852.49197095708,1061.4610180124753,True,True,Double-high
176,Comoros,COM,2013,0.428256799,Low SDI,14644.60767659684,14903.233587446515,-258.6259108496761,0.9826463224016349,-0.017506017674428196,10852.49197095708,1061.4610180124753,True,False,Structural high
177,Djibouti,DJI,2013,0.419247567,Low SDI,14429.29430655085,15217.875408483178,-788.5811019323282,0.9481806046662248,-0.05321028362078721,10852.49197095708,1061.4610180124753,True,False,Structural high
178,Eritrea,ERI,2013,0.367662888,Low SDI,19268.28750394021,16920.258662796547,2348.028841143663,1.1387702687020025,0.1299489685133241,10852.49197095708,1061.4610180124753,True,True,Double-high
179,Ethiopia,ETH,2013,0.288966523,Low SDI,16560.85187457075,19150.376256023374,-2589.524381452622,0.8647794514931194,-0.14528077393259056,10852.49197095708,1061.4610180124753,True,False,Structural high
180,Kenya,KEN,2013,0.460297853,Low SDI,21760.44752418749,13749.401659326631,8011.045864860858,1.582646871722358,0.459098680664758,10852.49197095708,1061.4610180124753,True,True,Double-high
181,Madagascar,MDG,2013,0.313530073,Low SDI,17666.98847750913,18503.34306359992,-836.3545860907907,0.954799811946627,-0.0462535814732554,10852.49197095708,1061.4610180124753,True,False,Structural high
182,Malawi,MWI,2013,0.331073867,Low SDI,18172.43427445647,18014.07286286673,158.36141158973987,1.008790983182719,0.008752567467167087,10852.49197095708,1061.4610180124753,True,False,Structural high
183,Mauritius,MUS,2013,0.692691884,High-middle SDI,9864.16471088602,5269.918734941188,4594.245975944832,1.8717868731985488,0.6268935217869214,10852.49197095708,1061.4610180124753,False,True,Excess-only
184,Mozambique,MOZ,2013,0.272863382,Low SDI,12440.31175663383,19551.20071217301,-7110.88895553918,0.6362940025922917,-0.4520945542281816,10852.49197095708,1061.4610180124753,True,False,Structural high
185,Rwanda,RWA,2013,0.382660447,Low SDI,19766.16049477717,16443.8391652174,3322.3213295597707,1.202040490434087,0.1840205214309228,10852.49197095708,1061.4610180124753,True,True,Double-high
186,Seychelles,SYC,2013,0.708914289,High-middle SDI,11927.49283690697,4775.124078068456,7152.368758838514,2.497839352842881,0.9154260993242928,10852.49197095708,1061.4610180124753,True,True,Double-high
187,Somalia,SOM,2013,0.14373531,Low SDI,15378.11471049714,22237.49739955048,-6859.382689053336,0.6915398092776395,-0.3688345600800946,10852.49197095708,1061.4610180124753,True,False,Structural high
189,United Republic of Tanzania,TZA,2013,0.379790719,Low SDI,18486.94836227001,16536.22569692821,1950.7226653418,1.1179666207449122,0.11151151806619278,10852.49197095708,1061.4610180124753,True,True,Double-high
190,Uganda,UGA,2013,0.356856816,Low SDI,15564.958699796727,17253.54316607792,-1688.5844662811942,0.902131147786438,-0.102995372829561,10852.49197095708,1061.4610180124753,True,False,Structural high
191,Zambia,ZMB,2013,0.416710403,Low SDI,10856.722261534793,15305.626630646875,-4448.904369112082,0.7093288320385446,-0.34343606301916896,10852.49197095708,1061.4610180124753,True,False,Structural high
193,Botswana,BWA,2013,0.639573578,Middle SDI,9141.28242898939,7032.1029472861255,2109.179481703265,1.2999358083227797,0.26231488503510053,10852.49197095708,1061.4610180124753,False,True,Excess-only
194,Lesotho,LSO,2013,0.467638132,Low SDI,20637.2940713967,13478.42085234338,7158.873219053319,1.531135902156421,0.42600987965723836,10852.49197095708,1061.4610180124753,True,True,Double-high
195,Namibia,NAM,2013,0.570174685,Low-middle SDI,13478.995490837233,9576.785280062692,3902.21021077454,1.4074655635120383,0.34179061431111346,10852.49197095708,1061.4610180124753,True,True,Double-high
196,South Africa,ZAF,2013,0.659783016,Middle SDI,14221.71131231704,6338.362422828622,7883.348889488418,2.2437516764732925,0.8081493204288993,10852.49197095708,1061.4610180124753,True,True,Double-high
197,Eswatini,SWZ,2013,0.553348083,Low-middle SDI,14163.58764829784,10218.468674851929,3945.1189734459113,1.386077317353334,0.3264776837380277,10852.49197095708,1061.4610180124753,True,True,Double-high
198,Zimbabwe,ZWE,2013,0.444127474,Low SDI,12196.30176529242,14338.070947190256,-2141.769181897834,0.8506236166785363,-0.16178553181897942,10852.49197095708,1061.4610180124753,True,False,Structural high
200,Benin,BEN,2013,0.321793474,Low SDI,11877.05871890461,18275.73548966945,-6398.67677076484,0.6498812989287485,-0.43096554980166957,10852.49197095708,1061.4610180124753,True,False,Structural high
201,Burkina Faso,BFA,2013,0.244557202,Low SDI,11361.901529829627,20213.661760792304,-8851.760230962676,0.5620902172147696,-0.5760929131199202,10852.49197095708,1061.4610180124753,True,False,Structural high
202,Cameroon,CMR,2013,0.414482274,Low SDI,12125.88113523541,15382.370212823422,-3256.489077588012,0.7882973148784795,-0.2378799571399121,10852.49197095708,1061.4610180124753,True,False,Structural high
203,Cabo Verde,CPV,2013,0.49444345,Low SDI,6729.264497771729,12472.738715069068,-5743.474217297337,0.5395177956900276,-0.617079509304274,10852.49197095708,1061.4610180124753,False,False,Neither
204,Chad,TCD,2013,0.201981399,Low SDI,19285.0981104422,21121.12511139228,-1836.0270009500784,0.9130715342451258,-0.09094105069506468,10852.49197095708,1061.4610180124753,True,False,Structural high
205,Côte d'Ivoire,CIV,2013,0.37707146,Low SDI,12344.55926196236,16623.23725339987,-4278.677991437511,0.7426086191146425,-0.29758613063449363,10852.49197095708,1061.4610180124753,True,False,Structural high
206,Gambia,GMB,2013,0.373689038,Low SDI,10844.03138980166,16730.742291952312,-5886.710902150653,0.6481500462186767,-0.43363305662747603,10852.49197095708,1061.4610180124753,False,False,Neither
207,Ghana,GHA,2013,0.508925731,Low SDI,10539.82113168316,11921.512295836756,-1381.6911641535953,0.884101015889057,-0.12318395150525749,10852.49197095708,1061.4610180124753,False,False,Neither
208,Guinea,GIN,2013,0.284114865,Low SDI,17005.35007536281,19273.044499108128,-2267.694423745317,0.8823385467796613,-0.12517945673679226,10852.49197095708,1061.4610180124753,True,False,Structural high
209,Guinea-Bissau,GNB,2013,0.311608633,Low SDI,12633.19177233618,18555.543914059497,-5922.352141723317,0.680831121461443,-0.38444098969280843,10852.49197095708,1061.4610180124753,True,False,Structural high
210,Liberia,LBR,2013,0.313065622,Low SDI,15451.389090723618,18515.98601962609,-3064.5969289024742,0.8344891314103314,-0.1809355600389601,10852.49197095708,1061.4610180124753,True,False,Structural high
211,Mali,MLI,2013,0.222641815,Low SDI,9583.61800027315,20692.873937535554,-11109.255937262404,0.4631361515661233,-0.7697342042664871,10852.49197095708,1061.4610180124753,False,False,Neither
212,Mauritania,MRT,2013,0.443591752,Low SDI,12184.23752972583,14357.361634928153,-2173.124105202321,0.84864042848126,-0.16411970596143072,10852.49197095708,1061.4610180124753,True,False,Structural high
213,Niger,NER,2013,0.152161496,Low SDI,15961.91874852935,22081.99088876263,-6120.07214023328,0.7228478097349573,-0.3245565772731459,10852.49197095708,1061.4610180124753,True,False,Structural high
214,Nigeria,NGA,2013,0.428863591,Low SDI,14660.7936488524,14881.875160788191,-221.081511935794,0.9851442436153264,-0.01496720831276485,10852.49197095708,1061.4610180124753,True,False,Structural high
215,Sao Tome and Principe,STP,2013,0.435743952,Low SDI,11988.61611476231,14638.276211017315,-2649.6600962550056,0.8189909755726038,-0.19968221402664504,10852.49197095708,1061.4610180124753,True,False,Structural high
216,Senegal,SEN,2013,0.349036319,Low SDI,13039.686628307987,17489.424369719447,-4449.73774141146,0.745575517675952,-0.2935988518849031,10852.49197095708,1061.4610180124753,True,False,Structural high
217,Sierra Leone,SLE,2013,0.312423615,Low SDI,17870.06033622556,18533.43607915011,-663.3757429245488,0.964206543239392,-0.036449750848833035,10852.49197095708,1061.4610180124753,True,False,Structural high
218,Togo,TGO,2013,0.382523651,Low SDI,13801.23004011084,16448.25609744359,-2647.0260573327505,0.8390695012497917,-0.17546173774583493,10852.49197095708,1061.4610180124753,True,False,Structural high
298,American Samoa,ASM,2013,0.680685688,High-middle SDI,7140.25916391354,5650.176671587783,1490.082492325757,1.2637231681300722,0.23406225918259105,10852.49197095708,1061.4610180124753,False,True,Excess-only
305,Bermuda,BMU,2013,0.799903474,High SDI,4480.5445309806,2469.7863900656216,2010.7581409149784,1.814142530302612,0.5956129209892141,10852.49197095708,1061.4610180124753,False,True,Excess-only
320,Cook Islands,COK,2013,0.737308058,High SDI,7390.0509702262,3966.256550879311,3423.794419346889,1.8632307001391124,0.6223119165556791,10852.49197095708,1061.4610180124753,False,True,Excess-only
349,Greenland,GRL,2013,0.832912946,High SDI,969.33245175832,1849.204954662776,-879.8725029044557,0.5241887597770843,-0.6459034309456112,10852.49197095708,1061.4610180124753,False,False,Neither
351,Guam,GUM,2013,0.755094663,High SDI,7316.612714172111,3499.471975656242,3817.1407385158686,2.090776198543512,0.7375353838926131,10852.49197095708,1061.4610180124753,False,True,Excess-only
367,Monaco,MCO,2013,0.904829732,High SDI,952.21477396051,884.5584615666187,67.65631239389131,1.0764859704965877,0.07370200522141399,10852.49197095708,1061.4610180124753,False,False,Neither
369,Nauru,NRU,2013,0.559900251,Low-middle SDI,13940.38586062967,9968.009394351491,3972.37646627818,1.398512512290486,0.33540918055620417,10852.49197095708,1061.4610180124753,True,True,Double-high
374,Niue,NIU,2013,0.702680249,High-middle SDI,9297.549754299667,4962.5908206630775,4334.95893363659,1.873527375174037,0.6278229509270994,10852.49197095708,1061.4610180124753,False,True,Excess-only
376,Northern Mariana Islands,MNP,2013,0.760402708,High SDI,6362.804428161991,3366.4157295256364,2996.388698636355,1.890082788158365,0.6366206313706105,10852.49197095708,1061.4610180124753,False,True,Excess-only
380,Palau,PLW,2013,0.736763419,High SDI,7588.29383029391,3981.048739190157,3607.2450911037536,1.906104227158384,0.6450614874506482,10852.49197095708,1061.4610180124753,False,True,Excess-only
385,Puerto Rico,PRI,2013,0.795797844,High SDI,4183.17856672358,2555.187308796708,1627.991257926872,1.637131865958401,0.49294584857076873,10852.49197095708,1061.4610180124753,False,True,Excess-only
393,Saint Kitts and Nevis,KNA,2013,0.725881776,High SDI,5218.97169832011,4282.632189015313,936.3395093047966,1.218636452531798,0.1977325718361946,10852.49197095708,1061.4610180124753,False,False,Neither
396,San Marino,SMR,2013,0.865092892,High SDI,972.12628476785,1354.9007713991905,-382.7744866313402,0.7174889152686411,-0.3319977805706387,10852.49197095708,1061.4610180124753,False,False,Neither
416,Tuvalu,TUV,2013,0.56264887,Low-middle SDI,9218.64999106246,9863.146260367052,-644.4962693045909,0.9346561176027206,-0.06757660600447919,10852.49197095708,1061.4610180124753,False,False,Neither
422,United States Virgin Islands,VIR,2013,0.791956086,High SDI,3927.00138192112,2636.748349457316,1290.2530324638042,1.4893349161399336,0.3983296553000974,10852.49197095708,1061.4610180124753,False,True,Excess-only
435,South Sudan,SSD,2013,0.365128738,Low SDI,15083.94724758648,16999.177312472064,-1915.2300648855835,0.8873339556567597,-0.11953386735423403,10852.49197095708,1061.4610180124753,True,False,Structural high
522,Sudan,SDN,2013,0.49350044,Low SDI,14573.37667092834,12508.475487886191,2064.901183042148,1.1650801638490556,0.1527898948212158,10852.49197095708,1061.4610180124753,True,True,Double-high
6,China,CHN,2014,0.665077743,Middle SDI,7004.642007737751,6111.263718412292,893.3782893254584,1.146185524056808,0.13643949354676785,10444.928215207878,976.3773406707356,False,False,Neither
7,Democratic People's Republic of Korea,PRK,2014,0.555099443,Low-middle SDI,11829.21875994847,10069.405567495704,1759.813192452766,1.1747683297347251,0.16107096197310242,10444.928215207878,976.3773406707356,True,True,Double-high
8,Taiwan,TWN,2014,0.845017258,High SDI,8471.028306118731,1637.393770838995,6833.634535279736,5.173482675323851,1.6435460933231065,10444.928215207878,976.3773406707356,False,True,Excess-only
10,Cambodia,KHM,2014,0.449741628,Low SDI,17675.63578052181,14020.810905195023,3654.824875326785,1.2606714333457412,0.23164446263906796,10444.928215207878,976.3773406707356,True,True,Double-high
11,Indonesia,IDN,2014,0.616499853,Low-middle SDI,12253.73993906445,7790.141571368235,4463.598367696214,1.5729803915376397,0.4529721583516796,10444.928215207878,976.3773406707356,True,True,Double-high
12,Lao People's Democratic Republic,LAO,2014,0.46275395,Low SDI,11861.87559539,13548.565392475566,-1686.6897970855662,0.875507867569337,-0.13295114092386418,10444.928215207878,976.3773406707356,True,False,Structural high
13,Malaysia,MYS,2014,0.732166341,High SDI,7942.51601643038,4073.8615314447225,3868.654484985657,1.949628369821816,0.667638774834504,10444.928215207878,976.3773406707356,False,True,Excess-only
14,Maldives,MDV,2014,0.609860147,Low-middle SDI,7477.06281084934,8029.723567923263,-552.6607570739234,0.9311731278917664,-0.07131005992589583,10444.928215207878,976.3773406707356,False,False,Neither
15,Myanmar,MMR,2014,0.48868152,Low SDI,12785.693215581789,12588.161288256397,197.53192732539355,1.0156918808714084,0.015570036302746946,10444.928215207878,976.3773406707356,True,False,Structural high
16,Philippines,PHL,2014,0.601998317,Low-middle SDI,12810.755200392,8316.068290480502,4494.686909911497,1.540482202996892,0.4320954862432186,10444.928215207878,976.3773406707356,True,True,Double-high
17,Sri Lanka,LKA,2014,0.683885527,High-middle SDI,8335.33899649056,5502.8682295448025,2832.470766945757,1.514726257070499,0.41523473423290547,10444.928215207878,976.3773406707356,False,True,Excess-only
18,Thailand,THA,2014,0.641265557,Middle SDI,11326.03474359444,6916.677236083395,4409.357507511046,1.6374964968016734,0.4931685491672248,10444.928215207878,976.3773406707356,True,True,Double-high
19,Timor-Leste,TLS,2014,0.433586591,Low SDI,14750.04941146873,14595.990385824529,154.05902564420103,1.0105548867580665,0.010499572821948279,10444.928215207878,976.3773406707356,True,False,Structural high
20,Viet Nam,VNM,2014,0.591765656,Low-middle SDI,9174.13929541389,8692.726880990436,481.4124144234538,1.055381058327764,0.05390189444137783,10444.928215207878,976.3773406707356,False,False,Neither
22,Fiji,FJI,2014,0.648696756,Middle SDI,8751.88509111137,6661.424945618873,2090.460145492497,1.3138157620266162,0.27293569868438455,10444.928215207878,976.3773406707356,False,True,Excess-only
23,Kiribati,KIR,2014,0.502286616,Low SDI,9430.519060071189,12076.314659493106,-2645.7955994219174,0.7809103460763109,-0.24729492948808263,10444.928215207878,976.3773406707356,False,False,Neither
24,Marshall Islands,MHL,2014,0.541625937,Low-middle SDI,10874.552659219147,10581.543713035231,293.0089461839161,1.027690567097782,0.027314116953250697,10444.928215207878,976.3773406707356,True,False,Structural high
25,Micronesia (Federated States of),FSM,2014,0.565181007,Low-middle SDI,6794.01752532835,9687.719931474525,-2893.7024061461752,0.7013020167165652,-0.3548166477602968,10444.928215207878,976.3773406707356,False,False,Neither
26,Papua New Guinea,PNG,2014,0.416405796,Low SDI,11940.75793134511,15192.332291294804,-3251.5743599496946,0.7859726671583636,-0.24083326176526115,10444.928215207878,976.3773406707356,True,False,Structural high
27,Samoa,WSM,2014,0.577862716,Low-middle SDI,8433.175323248759,9210.56820363826,-777.3928803894996,0.915597728261496,-0.08817817205414293,10444.928215207878,976.3773406707356,False,False,Neither
28,Solomon Islands,SLB,2014,0.426784748,Low SDI,11018.751947034949,14834.07804089471,-3815.3260938597614,0.7427999176395298,-0.2973285603819853,10444.928215207878,976.3773406707356,True,False,Structural high
29,Tonga,TON,2014,0.595968957,Low-middle SDI,9680.347409065507,8537.49837993777,1142.8490291277376,1.1338622835716503,0.1256297548722456,10444.928215207878,976.3773406707356,False,True,Excess-only
30,Vanuatu,VUT,2014,0.445698808,Low SDI,10208.23659753581,14165.96748460771,-3957.7308870719007,0.720616972234883,-0.3276475280244955,10444.928215207878,976.3773406707356,False,False,Neither
33,Armenia,ARM,2014,0.674566107,Middle SDI,5185.3779933152,5801.058265992805,-615.680272677605,0.8938675937308076,-0.11219762022384153,10444.928215207878,976.3773406707356,False,False,Neither
34,Azerbaijan,AZE,2014,0.672537845,Middle SDI,7422.0754611598895,5866.82068154041,1555.2547796194797,1.2650932871551694,0.23514586424716566,10444.928215207878,976.3773406707356,False,True,Excess-only
35,Georgia,GEO,2014,0.693919574,High-middle SDI,5346.47718253183,5189.404073410754,157.0731091210764,1.0302680436711185,0.02981900495978215,10444.928215207878,976.3773406707356,False,False,Neither
36,Kazakhstan,KAZ,2014,0.702010527,High-middle SDI,5066.25633392116,4942.653750703704,123.6025832174564,1.02500733198231,0.024699765718261078,10444.928215207878,976.3773406707356,False,False,Neither
37,Kyrgyzstan,KGZ,2014,0.572338334,Low-middle SDI,6538.72624940065,9417.943475849932,-2879.217226449282,0.6942838705889086,-0.3648743666768154,10444.928215207878,976.3773406707356,False,False,Neither
38,Mongolia,MNG,2014,0.615231974,Low-middle SDI,7033.02732482944,7835.725891571865,-802.6985667424251,0.8975591313619316,-0.10807627626416413,10444.928215207878,976.3773406707356,False,False,Neither
39,Tajikistan,TJK,2014,0.511506221,Low SDI,6849.674597191361,11727.331517651912,-4877.656920460551,0.5840778515454492,-0.5377209975977196,10444.928215207878,976.3773406707356,False,False,Neither
40,Turkmenistan,TKM,2014,0.651107309,Middle SDI,7984.82433024227,6579.361968325957,1405.462361916313,1.21361681705345,0.19360500611953282,10444.928215207878,976.3773406707356,False,True,Excess-only
41,Uzbekistan,UZB,2014,0.629192915,Low-middle SDI,8060.08985140932,7338.297036848489,721.7928145608303,1.0983597162851848,0.09381789989484533,10444.928215207878,976.3773406707356,False,False,Neither
43,Albania,ALB,2014,0.660670528,Middle SDI,5270.6331432332,6257.515268299051,-986.8821250658513,0.8422884990683993,-0.1716326879527808,10444.928215207878,976.3773406707356,False,False,Neither
44,Bosnia and Herzegovina,BIH,2014,0.67572282,Middle SDI,5252.86588001902,5763.690395607588,-510.8245155885679,0.9113719716836528,-0.0928041536605115,10444.928215207878,976.3773406707356,False,False,Neither
45,Bulgaria,BGR,2014,0.74215565,High SDI,5210.98098272866,3804.8826058552927,1406.0983768733672,1.369551053877336,0.3144829882355892,10444.928215207878,976.3773406707356,False,True,Excess-only
46,Croatia,HRV,2014,0.752378678,High SDI,3433.4669078391403,3539.830069811597,-106.36316197245696,0.96995246667925,-0.03050821210886919,10444.928215207878,976.3773406707356,False,False,Neither
47,Czechia,CZE,2014,0.809346945,High SDI,3625.31331882151,2261.836735410499,1363.4765834110112,1.6028183034013528,0.47176351935612176,10444.928215207878,976.3773406707356,False,True,Excess-only
48,Hungary,HUN,2014,0.765931007,High SDI,4181.21465079217,3204.8367672807813,976.3778835113884,1.3046576017473177,0.2659406322085538,10444.928215207878,976.3773406707356,False,True,Excess-only
49,North Macedonia,MKD,2014,0.722842556,High SDI,4815.51034547417,4333.573336958379,481.9370085157916,1.1112100733142434,0.10544957767450619,10444.928215207878,976.3773406707356,False,False,Neither
50,Montenegro,MNE,2014,0.750416771,High SDI,4882.8599036194,3589.8820642765872,1292.9778393428128,1.3601727901340863,0.3076117432467747,10444.928215207878,976.3773406707356,False,True,Excess-only
51,Poland,POL,2014,0.801450942,High SDI,7226.780762146259,2418.3629322188035,4808.417829927455,2.9882945466402018,1.0947028389317035,10444.928215207878,976.3773406707356,False,True,Excess-only
52,Romania,ROU,2014,0.724548963,High SDI,5517.0615009250805,4285.428975133491,1231.6325257915896,1.2874000556159548,0.25262472383659096,10444.928215207878,976.3773406707356,False,True,Excess-only
53,Serbia,SRB,2014,0.749579441,High SDI,3782.622569643581,3611.3624281214006,171.26014152218022,1.0474225849470522,0.0463324654979243,10444.928215207878,976.3773406707356,False,False,Neither
54,Slovakia,SVK,2014,0.795675525,High SDI,4559.99573266099,2537.0846717340128,2022.9110609269767,1.7973368344637806,0.5863060328983338,10444.928215207878,976.3773406707356,False,True,Excess-only
55,Slovenia,SVN,2014,0.820305252,High SDI,3953.02619791354,2055.6631102005144,1897.3630877130247,1.9229932075436,0.6538829343817877,10444.928215207878,976.3773406707356,False,True,Excess-only
57,Belarus,BLR,2014,0.765963563,High SDI,3772.73732531195,3204.054879182267,568.6824461296828,1.1774883600853994,0.1633836615817836,10444.928215207878,976.3773406707356,False,False,Neither
58,Estonia,EST,2014,0.818532381,High SDI,3057.9711985416097,2088.149238910755,969.821959630855,1.4644409228799875,0.381473547025075,10444.928215207878,976.3773406707356,False,False,Neither
59,Latvia,LVA,2014,0.808519829,High SDI,3171.8778617193097,2277.919697547896,893.9581641714144,1.3924449861572077,0.3310611847909044,10444.928215207878,976.3773406707356,False,False,Neither
60,Lithuania,LTU,2014,0.80659351,High SDI,3280.80263523542,2315.660417257484,965.142217977936,1.41678918497082,0.3483931740375469,10444.928215207878,976.3773406707356,False,False,Neither
61,Republic of Moldova,MDA,2014,0.680856221,High-middle SDI,4491.56024594276,5599.06846601527,-1107.50822007251,0.8021977715052485,-0.22040010362904025,10444.928215207878,976.3773406707356,False,False,Neither
62,Russian Federation,RUS,2014,0.788194261,High SDI,2028.5785594255,2696.183527027539,-667.6049676020391,0.7523889004922253,-0.28450193380093725,10444.928215207878,976.3773406707356,False,False,Neither
63,Ukraine,UKR,2014,0.740628177,High SDI,1983.80470192385,3845.379924673107,-1861.575222749257,0.5158930302816547,-0.6618558406470699,10444.928215207878,976.3773406707356,False,False,Neither
66,Brunei Darussalam,BRN,2014,0.805639265,High SDI,2438.36804626929,2334.5034332746245,103.86461299466556,1.0444910945575154,0.04352977594416381,10444.928215207878,976.3773406707356,False,False,Neither
67,Japan,JPN,2014,0.854475393,High SDI,1954.47591533773,1494.0813300413618,460.3945852963682,1.308145598261122,0.26861056049539384,10444.928215207878,976.3773406707356,False,False,Neither
68,Republic of Korea,KOR,2014,0.859463131,High SDI,1772.39758198035,1422.154544933289,350.2430370470613,1.2462763546302844,0.22016018921597783,10444.928215207878,976.3773406707356,False,False,Neither
69,Singapore,SGP,2014,0.851320806,High SDI,4562.26826261552,1540.8674702404592,3021.400792375061,2.960844038003838,1.0854743756632819,10444.928215207878,976.3773406707356,False,True,Excess-only
71,Australia,AUS,2014,0.821753982,High SDI,756.8559102749,2029.3650013136948,-1272.5090910387948,0.3729520858913772,-0.9863053236447963,10444.928215207878,976.3773406707356,False,False,Neither
72,New Zealand,NZL,2014,0.833839081,High SDI,1255.22164601977,1818.6547275546704,-563.4330815349003,0.690192386164205,-0.3707848997262183,10444.928215207878,976.3773406707356,False,False,Neither
74,Andorra,AND,2014,0.864243841,High SDI,998.73812468793,1355.5427574219768,-356.8046327340468,0.7367809825396939,-0.3054646052594697,10444.928215207878,976.3773406707356,False,False,Neither
75,Austria,AUT,2014,0.83238346,High SDI,1116.07429761324,1843.2182053498373,-727.1439077365976,0.6055030784602153,-0.5016956318397091,10444.928215207878,976.3773406707356,False,False,Neither
76,Belgium,BEL,2014,0.847618393,High SDI,1129.13929248965,1597.0695724425375,-467.93027995288753,0.7070069532179234,-0.3467147783136664,10444.928215207878,976.3773406707356,False,False,Neither
77,Cyprus,CYP,2014,0.830555427,High SDI,788.04433088879,1874.3815747895023,-1086.3372439007126,0.4204289785431172,-0.8664797114721934,10444.928215207878,976.3773406707356,False,False,Neither
78,Denmark,DNK,2014,0.888308336,High SDI,1044.98343099057,1053.7844924004276,-8.801061409857539,0.9916481391846927,-0.008386933020149052,10444.928215207878,976.3773406707356,False,False,Neither
79,Finland,FIN,2014,0.859578428,High SDI,1080.28400046048,1420.5213426917187,-340.2373422312387,0.7604841743619779,-0.27379997701676234,10444.928215207878,976.3773406707356,False,False,Neither
80,France,FRA,2014,0.832201846,High SDI,985.74192118922,1846.2985415540247,-860.5566203648052,0.5339016952044621,-0.6275435483462516,10444.928215207878,976.3773406707356,False,False,Neither
81,Germany,DEU,2014,0.861537103,High SDI,1169.06735241429,1392.9786054989936,-223.9112530847035,0.8392572203185462,-0.17523803986016717,10444.928215207878,976.3773406707356,False,False,Neither
82,Greece,GRC,2014,0.806306427,High SDI,964.22502647883,2321.3190408947603,-1357.0940144159304,0.4153780714723152,-0.8785661578783464,10444.928215207878,976.3773406707356,False,False,Neither
83,Iceland,ISL,2014,0.857609105,High SDI,904.32716579265,1448.5995231766556,-544.2723573840055,0.6242768628071459,-0.4711613186181206,10444.928215207878,976.3773406707356,False,False,Neither
84,Ireland,IRL,2014,0.870578007,High SDI,1054.81175432289,1270.74850349099,-215.93674916810005,0.8300712150556303,-0.18624378060036828,10444.928215207878,976.3773406707356,False,False,Neither
85,Israel,ISR,2014,0.806834883,High SDI,1056.93794069114,2310.909608771948,-1253.9716680808076,0.4573687939498477,-0.7822652245791032,10444.928215207878,976.3773406707356,False,False,Neither
86,Italy,ITA,2014,0.808040191,High SDI,1012.37487872168,2287.2796548627603,-1274.9047761410802,0.4426108878157375,-0.8150642519936981,10444.928215207878,976.3773406707356,False,False,Neither
87,Luxembourg,LUX,2014,0.869030783,High SDI,1021.39424420312,1291.0998703788212,-269.7056261757011,0.7911039785817909,-0.23432586779060172,10444.928215207878,976.3773406707356,False,False,Neither
88,Malta,MLT,2014,0.789647269,High SDI,1064.44249088071,2664.815038770352,-1600.3725478896413,0.3994432917084876,-0.9176834720153878,10444.928215207878,976.3773406707356,False,False,Neither
89,Netherlands,NLD,2014,0.884877478,High SDI,869.82582611501,1093.4756960725924,-223.6498699575824,0.7954688240800781,-0.22882362231785347,10444.928215207878,976.3773406707356,False,False,Neither
90,Norway,NOR,2014,0.892530911,High SDI,1252.92020620236,1006.4044015087044,246.5158046936556,1.2449470653388468,0.2190930112126406,10444.928215207878,976.3773406707356,False,False,Neither
91,Portugal,PRT,2014,0.753367068,High SDI,969.9092594186,3514.762175607171,-2544.852916188571,0.2759530263953206,-1.2875246219695198,10444.928215207878,976.3773406707356,False,False,Neither
92,Spain,ESP,2014,0.783727747,High SDI,956.48618792251,2794.020150264969,-1837.5339623424588,0.3423333177578559,-1.0719704032196762,10444.928215207878,976.3773406707356,False,False,Neither
93,Sweden,SWE,2014,0.884056319,High SDI,970.44732166714,1103.1361403620956,-132.68881869495556,0.8797167331936007,-0.12815531742709163,10444.928215207878,976.3773406707356,False,False,Neither
94,Switzerland,CHE,2014,0.931190915,High SDI,928.24255544061,643.3091444420014,284.93341099860857,1.4429183285522178,0.3666676798200742,10444.928215207878,976.3773406707356,False,False,Neither
95,United Kingdom,GBR,2014,0.851267641,High SDI,1062.52242202751,1541.664618168596,-479.14219614108606,0.6892046489915051,-0.37221702886140756,10444.928215207878,976.3773406707356,False,False,Neither
97,Argentina,ARG,2014,0.705697967,High-middle SDI,4489.373085941889,4832.041522545345,-342.66843660345603,0.9290841283120947,-0.07355598634366772,10444.928215207878,976.3773406707356,False,False,Neither
98,Chile,CHL,2014,0.735091939,High SDI,2497.69621410962,3994.079118143336,-1496.3829040337157,0.6253497089638737,-0.4694442513845095,10444.928215207878,976.3773406707356,False,False,Neither
99,Uruguay,URY,2014,0.686791443,High-middle SDI,5213.93698882369,5411.259733513181,-197.32274468949163,0.9635347859080896,-0.03714668808655889,10444.928215207878,976.3773406707356,False,False,Neither
101,Canada,CAN,2014,0.867880201,High SDI,670.65662668601,1306.3847919562374,-635.7281652702275,0.5133683665145394,-0.6667616281143603,10444.928215207878,976.3773406707356,False,False,Neither
102,United States of America,USA,2014,0.848174397,High SDI,1195.52921452931,1588.540147531681,-393.0109330023711,0.752596159679664,-0.2842265035734434,10444.928215207878,976.3773406707356,False,False,Neither
105,Antigua and Barbuda,ATG,2014,0.730400416,High SDI,5042.81090544911,4122.41756298737,920.3933424617398,1.22326543306175,0.2015238675487519,10444.928215207878,976.3773406707356,False,False,Neither
106,Bahamas,BHS,2014,0.789878104,High SDI,4496.75898908318,2659.852385825964,1836.906603257216,1.690604716654906,0.5250862854383537,10444.928215207878,976.3773406707356,False,True,Excess-only
107,Barbados,BRB,2014,0.734510674,High SDI,5839.13883603652,4009.864668613703,1829.2741674228168,1.45619349244902,0.3758258341105155,10444.928215207878,976.3773406707356,False,True,Excess-only
108,Belize,BLZ,2014,0.588408679,Low-middle SDI,5211.291622662769,8817.172667336834,-3605.881044674065,0.5910388533013502,-0.5258735221102748,10444.928215207878,976.3773406707356,False,False,Neither
109,Cuba,CUB,2014,0.659834931,Middle SDI,5486.4496320355,6285.394394941345,-798.944762905845,0.8728886824430847,-0.13594724279276865,10444.928215207878,976.3773406707356,False,False,Neither
110,Dominica,DMA,2014,0.721787564,High SDI,4914.11348470079,4363.47445000558,550.6390346952094,1.126192794527422,0.11884273577797563,10444.928215207878,976.3773406707356,False,False,Neither
111,Dominican Republic,DOM,2014,0.60042292,Low-middle SDI,7150.59321374056,8373.77848320019,-1223.185269459631,0.853926722337636,-0.1579098941002967,10444.928215207878,976.3773406707356,False,False,Neither
112,Grenada,GRD,2014,0.63591218,Middle SDI,5390.151975784141,7102.608780117366,-1712.4568043332256,0.7588974900142356,-0.27588856997761346,10444.928215207878,976.3773406707356,False,False,Neither
113,Guyana,GUY,2014,0.608686513,Low-middle SDI,5443.88424103158,8072.290221236388,-2628.405980204808,0.6743915409173397,-0.39394441549691195,10444.928215207878,976.3773406707356,False,False,Neither
114,Haiti,HTI,2014,0.440464827,Low SDI,13011.62517970304,14352.709074056713,-1341.083894353671,0.906562316045425,-0.0980955075808226,10444.928215207878,976.3773406707356,True,False,Structural high
115,Jamaica,JAM,2014,0.66615596,Middle SDI,4964.70862488087,6075.689051754847,-1110.9804268739772,0.8171433038441802,-0.20194079700129788,10444.928215207878,976.3773406707356,False,False,Neither
116,Saint Lucia,LCA,2014,0.673521236,Middle SDI,5450.70967427422,5834.898312107524,-384.1886378333047,0.93415675521952,-0.06811102269471885,10444.928215207878,976.3773406707356,False,False,Neither
117,Saint Vincent and the Grenadines,VCT,2014,0.60241098,Low-middle SDI,4505.59339921231,8300.96925472695,-3795.37585551464,0.5427791937244703,-0.6110526831406319,10444.928215207878,976.3773406707356,False,False,Neither
118,Suriname,SUR,2014,0.632981354,Middle SDI,4350.0150896714895,7205.101173146586,-2855.0860834750965,0.6037410141975517,-0.5046099574427969,10444.928215207878,976.3773406707356,False,False,Neither
119,Trinidad and Tobago,TTO,2014,0.750079364,High SDI,3979.64917470615,3598.529190984288,381.1199837218624,1.105909932501511,0.10066846443284887,10444.928215207878,976.3773406707356,False,False,Neither
121,Bolivia (Plurinational State of),BOL,2014,0.580688938,Low-middle SDI,12042.17568585536,9104.80302727748,2937.3726585778786,1.3226179248225003,0.2796130488828287,10444.928215207878,976.3773406707356,True,True,Double-high
122,Ecuador,ECU,2014,0.637786039,Middle SDI,6973.57323728061,7037.336392336888,-63.763155056278265,0.9909393055125642,-0.00910199222646782,10444.928215207878,976.3773406707356,False,False,Neither
123,Peru,PER,2014,0.643694547,Middle SDI,12147.28810456028,6832.873819189957,5314.414285370323,1.7777714657110923,0.5753605943597482,10444.928215207878,976.3773406707356,True,True,Double-high
125,Colombia,COL,2014,0.637258791,Middle SDI,5309.96657682276,7055.6815847481885,-1745.7150079254288,0.7525802451602934,-0.2842476499577742,10444.928215207878,976.3773406707356,False,False,Neither
126,Costa Rica,CRI,2014,0.656717027,Middle SDI,3575.14896847711,6389.836232138437,-2814.6872636613266,0.5595055708150196,-0.5807017945057852,10444.928215207878,976.3773406707356,False,False,Neither
127,El Salvador,SLV,2014,0.553309444,Low-middle SDI,4652.16737709965,10137.33738970775,-5485.1700126081005,0.4589141308271843,-0.7788921652308922,10444.928215207878,976.3773406707356,False,False,Neither
128,Guatemala,GTM,2014,0.494069553,Low SDI,7176.110658809499,12385.976286051544,-5209.865627242045,0.5793738412765145,-0.5458073426182535,10444.928215207878,976.3773406707356,False,False,Neither
129,Honduras,HND,2014,0.478771079,Low SDI,5271.70283393197,12957.92792535147,-7686.2250914195,0.4068322392516302,-0.899354367083535,10444.928215207878,976.3773406707356,False,False,Neither
130,Mexico,MEX,2014,0.638090646,Middle SDI,2034.60362266951,7026.745182522042,-4992.141559852533,0.2895513598145378,-1.2394225890183517,10444.928215207878,976.3773406707356,False,False,Neither
131,Nicaragua,NIC,2014,0.493725104,Low SDI,4394.64419218482,12398.92356635197,-8004.27937416715,0.3544375581208473,-1.0372230892273788,10444.928215207878,976.3773406707356,False,False,Neither
132,Panama,PAN,2014,0.641568999,Middle SDI,4136.425979208419,6906.188733055656,-2769.762753847236,0.5989448216799963,-0.5125858025054212,10444.928215207878,976.3773406707356,False,False,Neither
133,Venezuela (Bolivarian Republic of),VEN,2014,0.626646523,Low-middle SDI,3643.82968801312,7428.265414113432,-3784.435726100312,0.4905357421787834,-0.7122571337655049,10444.928215207878,976.3773406707356,False,False,Neither
135,Brazil,BRA,2014,0.650685071,Middle SDI,8740.74498781342,6593.709673270831,2147.035314542588,1.3256187216198043,0.2818793101594871,10444.928215207878,976.3773406707356,False,True,Excess-only
136,Paraguay,PRY,2014,0.624520939,Low-middle SDI,6337.17269836814,7503.631676113254,-1166.4589777451138,0.844547410094985,-0.16895440446993978,10444.928215207878,976.3773406707356,False,False,Neither
139,Algeria,DZA,2014,0.612594626,Low-middle SDI,9675.77594692133,7930.798081741224,1744.9778651801062,1.2200255065372931,0.19887176552439823,10444.928215207878,976.3773406707356,False,True,Excess-only
140,Bahrain,BHR,2014,0.726074772,High SDI,7191.63935963342,4242.610868096281,2949.0284915371394,1.695097566857554,0.5277403007436886,10444.928215207878,976.3773406707356,False,True,Excess-only
141,Egypt,EGY,2014,0.59316726,Low-middle SDI,15323.41058922937,8640.890440128025,6682.520149101345,1.7733601294223025,0.5728761251477661,10444.928215207878,976.3773406707356,True,True,Double-high
142,Iran (Islamic Republic of),IRN,2014,0.665275229,Middle SDI,4652.17546525794,6104.74176805383,-1452.56630279589,0.7620593371537544,-0.2717308560467061,10444.928215207878,976.3773406707356,False,False,Neither
143,Iraq,IRQ,2014,0.572435312,Low-middle SDI,11410.3638754729,9414.29629016844,1996.067585304461,1.2120251502376231,0.19229263845296446,10444.928215207878,976.3773406707356,True,True,Double-high
144,Jordan,JOR,2014,0.677257093,High-middle SDI,9538.20466939554,5714.279493553341,3823.925175842199,1.6691876342688914,0.5123370615295856,10444.928215207878,976.3773406707356,False,True,Excess-only
145,Kuwait,KWT,2014,0.827292073,High SDI,9272.75392140676,1930.889200805335,7341.864720601426,4.802323156367172,1.5690997917378497,10444.928215207878,976.3773406707356,False,True,Excess-only
146,Lebanon,LBN,2014,0.68904075,High-middle SDI,8981.28288784966,5340.8100532365215,3640.472834613138,1.6816330853045445,0.519765395842663,10444.928215207878,976.3773406707356,False,True,Excess-only
147,Libya,LBY,2014,0.751727349,High SDI,8690.8146346555,3556.403497641151,5134.411137014349,2.443708831244779,0.893516898060183,10444.928215207878,976.3773406707356,False,True,Excess-only
148,Morocco,MAR,2014,0.540999694,Low-middle SDI,9845.85196068715,10605.381388068236,-759.529427381085,0.9283826390029116,-0.07431130466739466,10444.928215207878,976.3773406707356,False,False,Neither
149,Palestine,PSE,2014,0.567440995,Low-middle SDI,11823.81051721697,9602.413506642584,2221.3970105743865,1.2313373621160668,0.2081008649899423,10444.928215207878,976.3773406707356,True,True,Double-high
150,Oman,OMN,2014,0.735070631,High SDI,7226.042904569111,3994.657206523004,3231.385698046107,1.808926906861864,0.5927338003242417,10444.928215207878,976.3773406707356,False,True,Excess-only
151,Qatar,QAT,2014,0.813109756,High SDI,7326.14705872138,2189.59494160576,5136.55211711562,3.345891479521176,1.207733169140042,10444.928215207878,976.3773406707356,False,True,Excess-only
152,Saudi Arabia,SAU,2014,0.781638604,High SDI,7418.3653032556595,2840.5109904993137,4577.854312756346,2.6116305580467536,0.9599747611528168,10444.928215207878,976.3773406707356,False,True,Excess-only
153,Syrian Arab Republic,SYR,2014,0.545346304,Low-middle SDI,11862.04942065968,10439.974383659426,1422.0750370002534,1.1362144182294236,0.12770205092960768,10444.928215207878,976.3773406707356,True,True,Double-high
154,Tunisia,TUN,2014,0.643828449,Middle SDI,10543.45674122197,6828.264369739045,3715.192371482925,1.544090294445484,0.4344349307511198,10444.928215207878,976.3773406707356,True,True,Double-high
155,Türkiye,TUR,2014,0.654097268,Middle SDI,7381.29884158434,6478.090429932094,903.2084116522464,1.1394251008721583,0.1305238377251003,10444.928215207878,976.3773406707356,False,False,Neither
156,United Arab Emirates,ARE,2014,0.835337472,High SDI,7310.17239369816,1793.6016304530926,5516.570763245067,4.075694552001211,1.4050411743780893,10444.928215207878,976.3773406707356,False,True,Excess-only
157,Yemen,YEM,2014,0.427267255,Low SDI,17759.99966553436,14817.272894392634,2942.726771141726,1.1986011050829304,0.1811551310196059,10444.928215207878,976.3773406707356,True,True,Double-high
160,Afghanistan,AFG,2014,0.282873646,Low SDI,20237.77335109865,19148.121250651595,1089.652100447056,1.0569064758982545,0.05534622227170638,10444.928215207878,976.3773406707356,True,True,Double-high
161,Bangladesh,BGD,2014,0.429406722,Low SDI,16295.48096044548,14742.601342305405,1552.8796181400758,1.105332809460426,0.10014647465466912,10444.928215207878,976.3773406707356,True,True,Double-high
162,Bhutan,BTN,2014,0.45986575,Low SDI,10605.69796162048,13654.016756458,-3048.31879483752,0.7767456383561457,-0.25264234597270757,10444.928215207878,976.3773406707356,True,False,Structural high
163,India,IND,2014,0.519808579,Low SDI,11457.67873026513,11412.045306724574,45.63342354055567,1.0039987068324787,0.003990733253248514,10444.928215207878,976.3773406707356,True,False,Structural high
164,Nepal,NPL,2014,0.402188746,Low SDI,15197.41916305656,15672.549619847408,-475.13045679084826,0.9696839079591012,-0.030785128674650726,10444.928215207878,976.3773406707356,True,False,Structural high
165,Pakistan,PAK,2014,0.454865749,Low SDI,23333.47917582333,13835.73522915428,9497.74394666905,1.686464708189534,0.5226344492345216,10444.928215207878,976.3773406707356,True,True,Double-high
168,Angola,AGO,2014,0.43334533,Low SDI,11038.05511548167,14604.478461981344,-3566.423346499676,0.7557993354035986,-0.27997936739553075,10444.928215207878,976.3773406707356,True,False,Structural high
169,Central African Republic,CAF,2014,0.241452162,Low SDI,19759.519262493828,20119.30018149966,-359.7809190058324,0.982117622593222,-0.018044199192386846,10444.928215207878,976.3773406707356,True,False,Structural high
170,Congo,COG,2014,0.530358869,Low SDI,11296.30769229083,11010.561648619649,285.7460436711808,1.025951995256028,0.025620957404488214,10444.928215207878,976.3773406707356,True,False,Structural high
171,Democratic Republic of the Congo,COD,2014,0.321723223,Low SDI,17540.23960805654,18129.94927251969,-589.7096644631529,0.9674731762566484,-0.03306757926186934,10444.928215207878,976.3773406707356,True,False,Structural high
172,Equatorial Guinea,GNQ,2014,0.585150346,Low-middle SDI,8256.800057423181,8938.338177350837,-681.5381199276562,0.9237511373585496,-0.07931257547983436,10444.928215207878,976.3773406707356,False,False,Neither
173,Gabon,GAB,2014,0.572428428,Low-middle SDI,10059.35125623217,9414.555178610151,644.7960776220189,1.0684892770172505,0.0662457601789788,10444.928215207878,976.3773406707356,False,False,Neither
175,Burundi,BDI,2014,0.270785381,Low SDI,21194.73288350654,19443.1776454822,1751.5552380243423,1.090085852732582,0.08625645711417927,10444.928215207878,976.3773406707356,True,True,Double-high
176,Comoros,COM,2014,0.433929782,Low SDI,14407.34944402502,14583.91082296776,-176.56137894273888,0.9878934134275782,-0.012180468200034558,10444.928215207878,976.3773406707356,True,False,Structural high
177,Djibouti,DJI,2014,0.425801302,Low SDI,13939.29383993625,14868.289769220704,-928.9959292844524,0.9375183061600268,-0.06451899475751686,10444.928215207878,976.3773406707356,True,False,Structural high
178,Eritrea,ERI,2014,0.375495841,Low SDI,18568.1319176421,16538.64160549825,2029.490312143848,1.1227120316501171,0.11574721513499518,10444.928215207878,976.3773406707356,True,True,Double-high
179,Ethiopia,ETH,2014,0.301013583,Low SDI,16119.163286529409,18686.241948911786,-2567.078662382377,0.86262199379625,-0.14777869799600174,10444.928215207878,976.3773406707356,True,False,Structural high
180,Kenya,KEN,2014,0.468912057,Low SDI,21072.93793832423,13322.606878246064,7750.331060078166,1.5817428323831548,0.45852729758724003,10444.928215207878,976.3773406707356,True,True,Double-high
181,Madagascar,MDG,2014,0.318920114,Low SDI,17244.890341670973,18207.081966809936,-962.191625138963,0.9471528921057772,-0.054294749930193384,10444.928215207878,976.3773406707356,True,False,Structural high
182,Malawi,MWI,2014,0.339273013,Low SDI,17125.37807213721,17633.864636013044,-508.4865638758347,0.971164201701006,-0.029259719219294482,10444.928215207878,976.3773406707356,True,False,Structural high
183,Mauritius,MUS,2014,0.699225233,High-middle SDI,9704.09663441755,5026.975955720999,4677.120678696551,1.9304044260195248,0.6577295281252301,10444.928215207878,976.3773406707356,False,True,Excess-only
184,Mozambique,MOZ,2014,0.279306169,Low SDI,11523.47190308119,19236.23818178237,-7712.7662787011795,0.5990501778042271,-0.5124099150859449,10444.928215207878,976.3773406707356,True,False,Structural high
185,Rwanda,RWA,2014,0.3897021,Low SDI,17678.665932411,16083.668238536777,1594.9976938742238,1.099168776066431,0.09455423602938696,10444.928215207878,976.3773406707356,True,True,Double-high
186,Seychelles,SYC,2014,0.712627061,High-middle SDI,11750.41293023616,4627.401157874782,7123.011772361378,2.5393114902604963,0.9318929774586163,10444.928215207878,976.3773406707356,True,True,Double-high
187,Somalia,SOM,2014,0.152003509,Low SDI,14797.34829440189,21906.40248075684,-7109.054186354952,0.6754805270924913,-0.39233094939563734,10444.928215207878,976.3773406707356,True,False,Structural high
189,United Republic of Tanzania,TZA,2014,0.387188191,Low SDI,17799.3288838013,16165.185067013244,1634.1438167880551,1.1010903252894206,0.09630089369377695,10444.928215207878,976.3773406707356,True,True,Double-high
190,Uganda,UGA,2014,0.365692082,Low SDI,14716.40816495344,16844.407092462465,-2127.9989275090247,0.8736673297060564,-0.13505560541138276,10444.928215207878,976.3773406707356,True,False,Structural high
191,Zambia,ZMB,2014,0.4264535,Low SDI,10247.871163179729,14845.607448739196,-4597.736285559467,0.6902965202713923,-0.3706340341786585,10444.928215207878,976.3773406707356,False,False,Neither
193,Botswana,BWA,2014,0.644711895,Middle SDI,9019.43682819274,6797.879905722121,2221.5569224706187,1.3268014371069752,0.28277111122777937,10444.928215207878,976.3773406707356,False,True,Excess-only
194,Lesotho,LSO,2014,0.47371167,Low SDI,20219.56443803883,13145.499117356978,7074.065320681852,1.5381359245113362,0.43057124462399804,10444.928215207878,976.3773406707356,True,True,Double-high
195,Namibia,NAM,2014,0.578209912,Low-middle SDI,12815.57954632665,9197.562721779384,3618.016824547267,1.393366909690105,0.33172305544191805,10444.928215207878,976.3773406707356,True,True,Double-high
196,South Africa,ZAF,2014,0.665225281,Middle SDI,13447.8846657371,6106.391036457254,7341.493629279846,2.202263920775562,0.7894858861482218,10444.928215207878,976.3773406707356,True,True,Double-high
197,Eswatini,SWZ,2014,0.559536823,Low-middle SDI,13076.9535897377,9901.198658114095,3175.754931623605,1.3207444917814122,0.27819558653033744,10444.928215207878,976.3773406707356,True,True,Double-high
198,Zimbabwe,ZWE,2014,0.451356011,Low SDI,11963.62974147488,13962.631490822938,-1999.0017493480573,0.8568320197620399,-0.15451338920930746,10444.928215207878,976.3773406707356,True,False,Structural high
200,Benin,BEN,2014,0.329467454,Low SDI,11510.27688747525,17913.843051720913,-6403.566164245664,0.6425353205475082,-0.4423334901089573,10444.928215207878,976.3773406707356,True,False,Structural high
201,Burkina Faso,BFA,2014,0.251026238,Low SDI,10903.60309932517,19904.578108617945,-9000.975009292775,0.547793730659597,-0.6018564667976979,10444.928215207878,976.3773406707356,True,False,Structural high
202,Cameroon,CMR,2014,0.421230027,Low SDI,11658.09657833583,15026.590369677057,-3368.493791341225,0.7758311294531136,-0.25382039916499666,10444.928215207878,976.3773406707356,True,False,Structural high
203,Cabo Verde,CPV,2014,0.500773216,Low SDI,6547.781234501381,12133.455285409676,-5585.674050908294,0.5396468755586057,-0.6168402874827436,10444.928215207878,976.3773406707356,False,False,Neither
204,Chad,TCD,2014,0.206771993,Low SDI,18901.37166273041,20853.740115989352,-1952.3684532589432,0.9063780193672796,-0.09829882003979366,10444.928215207878,976.3773406707356,True,False,Structural high
205,Côte d'Ivoire,CIV,2014,0.383540707,Low SDI,11714.11785783823,16282.696800036814,-4568.578942198585,0.7194212360333175,-0.32930822906633284,10444.928215207878,976.3773406707356,True,False,Structural high
206,Gambia,GMB,2014,0.379265362,Low SDI,10734.04345937933,16419.274483770463,-5685.231024391132,0.6537465141952121,-0.4250355956321915,10444.928215207878,976.3773406707356,True,False,Structural high
207,Ghana,GHA,2014,0.515704584,Low SDI,10207.82647359485,11567.994455518075,-1360.1679819232268,0.8824197239069034,-0.12508745872363913,10444.928215207878,976.3773406707356,False,False,Neither
208,Guinea,GIN,2014,0.290159398,Low SDI,16031.062132922942,18965.40979282578,-2934.347659902838,0.8452789740924638,-0.16808855925645738,10444.928215207878,976.3773406707356,True,False,Structural high
209,Guinea-Bissau,GNB,2014,0.316912912,Low SDI,12324.1798268019,18261.9588353178,-5937.779008515898,0.6748553064837435,-0.3932569718529843,10444.928215207878,976.3773406707356,True,False,Structural high
210,Liberia,LBR,2014,0.32150061,Low SDI,14682.919689336122,18136.096018121552,-3453.17632878543,0.8095964905933988,-0.21121931519968623,10444.928215207878,976.3773406707356,True,False,Structural high
211,Mali,MLI,2014,0.228294482,Low SDI,9358.41735005183,20405.58582098649,-11047.16847093466,0.4586203715076388,-0.779532488464155,10444.928215207878,976.3773406707356,False,False,Neither
212,Mauritania,MRT,2014,0.45010533,Low SDI,11764.14488906418,14007.714326185094,-2243.569437120914,0.8398332957913817,-0.17455186423126395,10444.928215207878,976.3773406707356,True,False,Structural high
213,Niger,NER,2014,0.156920605,Low SDI,15408.92420487599,21815.725309863967,-6406.801104987977,0.7063218841460592,-0.3476842188393336,10444.928215207878,976.3773406707356,True,False,Structural high
214,Nigeria,NGA,2014,0.437653641,Low SDI,14229.71289925268,14452.43791004369,-222.7250107910113,0.9845891044696184,-0.015530877665214039,10444.928215207878,976.3773406707356,True,False,Structural high
215,Sao Tome and Principe,STP,2014,0.446149795,Low SDI,11302.43911618715,14149.813708900288,-2847.3745927131386,0.7987694642988742,-0.22468290513800357,10444.928215207878,976.3773406707356,True,False,Structural high
216,Senegal,SEN,2014,0.355494331,Low SDI,12813.894337470849,17155.16262145574,-4341.268283984891,0.7469410008066422,-0.29176907848573663,10444.928215207878,976.3773406707356,True,False,Structural high
217,Sierra Leone,SLE,2014,0.32275293,Low SDI,16930.45103516502,18101.469721743262,-1171.0186865782453,0.9353080879851632,-0.06687929810210107,10444.928215207878,976.3773406707356,True,False,Structural high
218,Togo,TGO,2014,0.389731354,Low SDI,13341.672524578167,16082.717130574794,-2741.044605996627,0.829565826238053,-0.1868528159745187,10444.928215207878,976.3773406707356,True,False,Structural high
298,American Samoa,ASM,2014,0.684156959,High-middle SDI,7023.164987386061,5494.283301209497,1528.8816861765636,1.278267719802508,0.24550581743029967,10444.928215207878,976.3773406707356,False,True,Excess-only
305,Bermuda,BMU,2014,0.803678618,High SDI,4386.504149955,2373.525750598087,2012.9783993569129,1.848096296764287,0.6141560805005679,10444.928215207878,976.3773406707356,False,True,Excess-only
320,Cook Islands,COK,2014,0.743512365,High SDI,7140.72905138533,3769.106053726444,3371.6229976588866,1.8945418222778387,0.6389770268611682,10444.928215207878,976.3773406707356,False,True,Excess-only
349,Greenland,GRL,2014,0.83455409,High SDI,954.610808858,1806.6704332263048,-852.0596243683048,0.5283812649511738,-0.6379371631488244,10444.928215207878,976.3773406707356,False,False,Neither
351,Guam,GUM,2014,0.760859386,High SDI,7313.39796210848,3327.984641134077,3985.413320974403,2.197545587114337,0.7873410953514801,10444.928215207878,976.3773406707356,False,True,Excess-only
367,Monaco,MCO,2014,0.906757361,High SDI,935.6620548989,858.374707420058,77.28734747884198,1.0900391714839055,0.08621363273652645,10444.928215207878,976.3773406707356,False,False,Neither
369,Nauru,NRU,2014,0.569156795,Low-middle SDI,13524.212801587571,9537.721192269715,3986.491609317856,1.41797107809661,0.34922703163719704,10444.928215207878,976.3773406707356,True,True,Double-high
374,Niue,NIU,2014,0.707108921,High-middle SDI,9156.85069188593,4790.028670227702,4366.822021658228,1.9116484101233249,0.6479659118013579,10444.928215207878,976.3773406707356,False,True,Excess-only
376,Northern Mariana Islands,MNP,2014,0.762597054,High SDI,6335.48972783263,3285.4907563960364,3049.9989714365934,1.9283237110008609,0.6566510819914558,10444.928215207878,976.3773406707356,False,True,Excess-only
380,Palau,PLW,2014,0.738824399,High SDI,7423.302635167819,3893.498717105004,3529.8039180628152,1.906589207941845,0.6453158906930447,10444.928215207878,976.3773406707356,False,True,Excess-only
385,Puerto Rico,PRI,2014,0.802874092,High SDI,4107.4121726843405,2389.657324091466,1717.7548485928746,1.7188289430769976,0.5416432118954964,10444.928215207878,976.3773406707356,False,True,Excess-only
393,Saint Kitts and Nevis,KNA,2014,0.728920886,High SDI,5139.70452223705,4163.32826724762,976.37625498943,1.2345182008996165,0.21068077323399628,10444.928215207878,976.3773406707356,False,False,Neither
396,San Marino,SMR,2014,0.867140019,High SDI,960.54932933152,1316.2859560886034,-355.7366267570834,0.7297421391517622,-0.3150640412802206,10444.928215207878,976.3773406707356,False,False,Neither
416,Tuvalu,TUV,2014,0.565965683,Low-middle SDI,9035.7038850503,9658.089246577008,-622.3853615267071,0.9355581269092856,-0.06661200060790233,10444.928215207878,976.3773406707356,False,False,Neither
422,United States Virgin Islands,VIR,2014,0.798372792,High SDI,3850.6069351349,2481.193560132964,1369.4133750019364,1.5519171889711625,0.4394910627157848,10444.928215207878,976.3773406707356,False,True,Excess-only
435,South Sudan,SSD,2014,0.36803548,Low SDI,14809.40060453709,16771.940387519873,-1962.539782982784,0.8829867184334185,-0.12444511990305732,10444.928215207878,976.3773406707356,True,False,Structural high
522,Sudan,SDN,2014,0.503325264,Low SDI,13799.47002625518,12037.073188612532,1762.3968376426474,1.1464140667774565,0.13663886784860346,10444.928215207878,976.3773406707356,True,True,Double-high
6,China,CHN,2015,0.667082534,Middle SDI,6776.693228917719,5959.820856381955,816.872372535764,1.1370632427082157,0.1284488356561951,9961.332518309011,963.7503156985579,False,False,Neither
7,Democratic People's Republic of Korea,PRK,2015,0.558731057,Low-middle SDI,11218.46296949174,9791.477423932762,1426.9855455589786,1.14573751067138,0.13604854377721132,9961.332518309011,963.7503156985579,True,True,Double-high
8,Taiwan,TWN,2015,0.848844987,High SDI,8294.94611024849,1556.0083572133158,6738.937753035174,5.330913598114641,1.6735226302650204,9961.332518309011,963.7503156985579,False,True,Excess-only
10,Cambodia,KHM,2015,0.455859698,Low SDI,16222.034568614548,13604.83666767754,2617.197900937008,1.1923726072474623,0.1759451097697947,9961.332518309011,963.7503156985579,True,True,Double-high
11,Indonesia,IDN,2015,0.623064707,Low-middle SDI,11503.50301969408,7448.714709549337,4054.7883101447433,1.5443608015952683,0.4346101040933967,9961.332518309011,963.7503156985579,True,True,Double-high
12,Lao People's Democratic Republic,LAO,2015,0.469682052,Low SDI,11218.55709383201,13106.526512504252,-1887.969418672243,0.8559519627972347,-0.1555410226426111,9961.332518309011,963.7503156985579,True,False,Structural high
13,Malaysia,MYS,2015,0.736875672,High SDI,7746.539973544619,3890.124509477821,3856.4154640667975,1.9913347129818348,0.6888051239520673,9961.332518309011,963.7503156985579,False,True,Excess-only
14,Maldives,MDV,2015,0.617796718,Low-middle SDI,7284.075279489311,7634.252250012768,-350.1769705234574,0.9541308095337206,-0.04695450002185817,9961.332518309011,963.7503156985579,False,False,Neither
15,Myanmar,MMR,2015,0.494765578,Low SDI,12088.02391559159,12185.27596244358,-97.2520468519906,0.9920188884394796,-0.008013131112932894,9961.332518309011,963.7503156985579,True,False,Structural high
16,Philippines,PHL,2015,0.61031034,Low-middle SDI,11916.108046958949,7900.257545525242,4015.850501433707,1.508318934957799,0.4109957425538854,9961.332518309011,963.7503156985579,True,True,Double-high
17,Sri Lanka,LKA,2015,0.69117744,High-middle SDI,8078.37931955063,5199.787265504775,2878.592054045854,1.5535980429704006,0.44057355888008304,9961.332518309011,963.7503156985579,False,True,Excess-only
18,Thailand,THA,2015,0.647011729,Middle SDI,10993.64774404381,6624.128687807934,4369.519056235877,1.659636800878916,0.5065987837781548,9961.332518309011,963.7503156985579,True,True,Double-high
19,Timor-Leste,TLS,2015,0.439475885,Low SDI,14313.20213505958,14184.6723197279,128.52981533168168,1.009061176207287,0.009020370066009979,9961.332518309011,963.7503156985579,True,False,Structural high
20,Viet Nam,VNM,2015,0.597259349,Low-middle SDI,8597.169423319081,8370.097910026334,227.0715132927471,1.0271288957110936,0.026767430092586603,9961.332518309011,963.7503156985579,False,False,Neither
22,Fiji,FJI,2015,0.653797586,Middle SDI,8557.02944106383,6396.59657966165,2160.4328614021806,1.3377472433186426,0.2909870375221547,9961.332518309011,963.7503156985579,False,True,Excess-only
23,Kiribati,KIR,2015,0.507266652,Low SDI,9216.10800940591,11720.11716762188,-2504.0091582159694,0.7863494773641366,-0.2403539576807902,9961.332518309011,963.7503156985579,False,False,Neither
24,Marshall Islands,MHL,2015,0.547412177,Low-middle SDI,10667.99945126716,10215.093734283844,452.9057169833159,1.0443369124909032,0.04338215051366214,9961.332518309011,963.7503156985579,True,False,Structural high
25,Micronesia (Federated States of),FSM,2015,0.56836075,Low-middle SDI,6566.819445535551,9432.62404338573,-2865.8045978501787,0.6961816155643651,-0.36214471078431093,9961.332518309011,963.7503156985579,False,False,Neither
26,Papua New Guinea,PNG,2015,0.420486548,Low SDI,11676.13241893328,14839.674620002465,-3163.542201069184,0.786818627626442,-0.2397575175740718,9961.332518309011,963.7503156985579,True,False,Structural high
27,Samoa,WSM,2015,0.580635825,Low-middle SDI,8284.89350548629,8978.194226903677,-693.3007214173867,0.9227794917445792,-0.08036497687338301,9961.332518309011,963.7503156985579,False,False,Neither
28,Solomon Islands,SLB,2015,0.431257913,Low SDI,10746.49761614825,14470.526505481825,-3724.028889333575,0.7426473122506764,-0.2975340276464153,9961.332518309011,963.7503156985579,True,False,Structural high
29,Tonga,TON,2015,0.600376903,Low-middle SDI,9458.15457357481,8257.198298899773,1200.9562746750362,1.1454435549688875,0.13579194624459917,9961.332518309011,963.7503156985579,False,True,Excess-only
30,Vanuatu,VUT,2015,0.449189418,Low SDI,10053.66167300898,13842.41929401413,-3788.757621005149,0.7262936817234312,-0.3198008256734031,9961.332518309011,963.7503156985579,True,False,Structural high
33,Armenia,ARM,2015,0.679042075,High-middle SDI,5050.43104326042,5577.136570944541,-526.7055276841211,0.9055598655359952,-0.0992018906071723,9961.332518309011,963.7503156985579,False,False,Neither
34,Azerbaijan,AZE,2015,0.676543345,Middle SDI,6876.08771823906,5656.229710298054,1219.8580079410067,1.2156662777892602,0.1952923032701949,9961.332518309011,963.7503156985579,False,True,Excess-only
35,Georgia,GEO,2015,0.69925734,High-middle SDI,5172.82460340232,4955.029533868295,217.79506953402503,1.0439543433687664,0.043015756098761244,9961.332518309011,963.7503156985579,False,False,Neither
36,Kazakhstan,KAZ,2015,0.706320597,High-middle SDI,4768.38685319216,4745.510832619761,22.876020572399284,1.0048205601839857,0.004808978489000263,9961.332518309011,963.7503156985579,False,False,Neither
37,Kyrgyzstan,KGZ,2015,0.577584073,Low-middle SDI,6080.49480442559,9090.801109602906,-3010.306305177316,0.6688623731964136,-0.4021769602019413,9961.332518309011,963.7503156985579,False,False,Neither
38,Mongolia,MNG,2015,0.619420419,Low-middle SDI,6617.071533149619,7576.9175642027585,-959.8460310531392,0.87331972099209,-0.13545355766685593,9961.332518309011,963.7503156985579,False,False,Neither
39,Tajikistan,TJK,2015,0.514611302,Low SDI,6606.7856997135295,11445.573539767573,-4838.787840054043,0.5772350050225351,-0.5495058076591431,9961.332518309011,963.7503156985579,False,False,Neither
40,Turkmenistan,TKM,2015,0.655697374,Middle SDI,7639.059816848349,6333.41926290075,1305.640553947599,1.2061509746552934,0.1874342767511829,9961.332518309011,963.7503156985579,False,True,Excess-only
41,Uzbekistan,UZB,2015,0.631219826,Middle SDI,7506.87370057276,7164.320876725688,342.5528238470715,1.047813718807585,0.04670582087018018,9961.332518309011,963.7503156985579,False,False,Neither
43,Albania,ALB,2015,0.66583604,Middle SDI,4915.833889677399,6000.294022276737,-1084.460132599338,0.8192655012282459,-0.1993470703393174,9961.332518309011,963.7503156985579,False,False,Neither
44,Bosnia and Herzegovina,BIH,2015,0.679461101,High-middle SDI,5027.48721388163,5563.918645076743,-536.431431195113,0.9035874775649756,-0.10138235286747826,9961.332518309011,963.7503156985579,False,False,Neither
45,Bulgaria,BGR,2015,0.745256044,High SDI,5025.22607750087,3670.816793516605,1354.409283984265,1.368966734154759,0.31405624663544457,9961.332518309011,963.7503156985579,False,True,Excess-only
46,Croatia,HRV,2015,0.755043766,High SDI,3426.7781075773005,3423.4308254891,3.347282088200245,1.0009777566011493,0.0009772789085164735,9961.332518309011,963.7503156985579,False,False,Neither
47,Czechia,CZE,2015,0.80982991,High SDI,3581.71178008226,2220.67295030688,1361.0388297753798,1.6128947666910134,0.4780305562776749,9961.332518309011,963.7503156985579,False,True,Excess-only
48,Hungary,HUN,2015,0.767497304,High SDI,4092.03104989223,3122.619526070801,969.411523821429,1.3104481720324224,0.2703691947599908,9961.332518309011,963.7503156985579,False,True,Excess-only
49,North Macedonia,MKD,2015,0.727088323,High SDI,4543.28841698926,4154.780389767679,388.5080272215818,1.0935086793464206,0.08939149831984858,9961.332518309011,963.7503156985579,False,False,Neither
50,Montenegro,MNE,2015,0.755259228,High SDI,4672.20093268249,3418.092650637943,1254.1082820445472,1.366902951507322,0.312547561444987,9961.332518309011,963.7503156985579,False,True,Excess-only
51,Poland,POL,2015,0.805900458,High SDI,7622.041130876881,2296.4442108164226,5325.596920060458,3.319062180991161,1.1996822674195766,9961.332518309011,963.7503156985579,False,True,Excess-only
52,Romania,ROU,2015,0.728432589,High SDI,5264.78582818773,4117.895529575659,1146.890298612071,1.2785136947683216,0.24569822728213178,9961.332518309011,963.7503156985579,False,True,Excess-only
53,Serbia,SRB,2015,0.753082662,High SDI,3595.7541475125,3472.232579270845,123.52156824165468,1.0355741055420873,0.0349559642779661,9961.332518309011,963.7503156985579,False,False,Neither
54,Slovakia,SVK,2015,0.796579333,High SDI,4576.15077872546,2482.709915014048,2093.4408637114125,1.843208000681613,0.6115075321575909,9961.332518309011,963.7503156985579,False,True,Excess-only
55,Slovenia,SVN,2015,0.822518325,High SDI,3879.87775162148,1987.1187805549048,1892.7589710665743,1.9525142581250323,0.6691179052018564,9961.332518309011,963.7503156985579,False,True,Excess-only
57,Belarus,BLR,2015,0.770857281,High SDI,3596.46770461801,3044.18082953635,552.2868750816601,1.1814238069312648,0.1667203271449303,9961.332518309011,963.7503156985579,False,False,Neither
58,Estonia,EST,2015,0.823034696,High SDI,2989.84076127973,1977.9722529827047,1011.8685082970246,1.5115686060667262,0.41314792359978353,9961.332518309011,963.7503156985579,False,True,Excess-only
59,Latvia,LVA,2015,0.811856831,High SDI,3100.75087260236,2182.225501639579,918.5253709627808,1.4209122156590426,0.3512990707528441,9961.332518309011,963.7503156985579,False,False,Neither
60,Lithuania,LTU,2015,0.811580889,High SDI,3210.4704975017703,2187.434184069133,1023.0363134326371,1.4676878147389802,0.3836882473173743,9961.332518309011,963.7503156985579,False,True,Excess-only
61,Republic of Moldova,MDA,2015,0.685917274,High-middle SDI,4266.65875242367,5361.948839023107,-1095.290086599437,0.7957291053155614,-0.2284964710150566,9961.332518309011,963.7503156985579,False,False,Neither
62,Russian Federation,RUS,2015,0.79218849,High SDI,1993.6437865361304,2573.6339134131176,-579.9901268769872,0.774641558826907,-0.2553548613565716,9961.332518309011,963.7503156985579,False,False,Neither
63,Ukraine,UKR,2015,0.744285654,High SDI,1950.18716753615,3695.860518226145,-1745.673350689995,0.5276679566013915,-0.6392880631707225,9961.332518309011,963.7503156985579,False,False,Neither
66,Brunei Darussalam,BRN,2015,0.809416607,High SDI,2395.16093146729,2228.5658807881528,166.59505067913733,1.074754375500095,0.07209214756539907,9961.332518309011,963.7503156985579,False,False,Neither
67,Japan,JPN,2015,0.856652474,High SDI,1916.21480173951,1441.729272419297,474.4855293202127,1.3291086186548748,0.2845085060038219,9961.332518309011,963.7503156985579,False,False,Neither
68,Republic of Korea,KOR,2015,0.863345828,High SDI,1731.69538049611,1348.5670987679753,383.12828172813465,1.2841002736001443,0.25005829692269904,9961.332518309011,963.7503156985579,False,False,Neither
69,Singapore,SGP,2015,0.854226509,High SDI,4494.45913629386,1476.586876987206,3017.872259306654,3.0438162537813227,1.113112074767943,9961.332518309011,963.7503156985579,False,True,Excess-only
71,Australia,AUS,2015,0.825591112,High SDI,725.56638630947,1933.1012129013388,-1207.5348265918688,0.3753380223793286,-0.9799282660108988,9961.332518309011,963.7503156985579,False,False,Neither
72,New Zealand,NZL,2015,0.838720673,High SDI,1255.16130922809,1713.3576128708808,-458.1963036427908,0.732574040468386,-0.3111908640613381,9961.332518309011,963.7503156985579,False,False,Neither
74,Andorra,AND,2015,0.86632575,High SDI,976.13499953869,1308.4984399297912,-332.3634403911012,0.74599630366473,-0.29303463366366767,9961.332518309011,963.7503156985579,False,False,Neither
75,Austria,AUT,2015,0.833949854,High SDI,1110.44553884346,1791.1401284086696,-680.6945895652095,0.6199657532267062,-0.47809103919972323,9961.332518309011,963.7503156985579,False,False,Neither
76,Belgium,BEL,2015,0.851030354,High SDI,1091.28652334904,1523.4062880528738,-432.1197647038339,0.7163463429994481,-0.33359150970297285,9961.332518309011,963.7503156985579,False,False,Neither
77,Cyprus,CYP,2015,0.832425229,High SDI,777.56563503271,1816.4927124154365,-1038.9270773827266,0.4280587693626149,-0.8484947812318199,9961.332518309011,963.7503156985579,False,False,Neither
78,Denmark,DNK,2015,0.889834613,High SDI,1026.88940831038,1021.8368637945445,5.052544515835621,1.0049445706010969,0.004932386359272277,9961.332518309011,963.7503156985579,False,False,Neither
79,Finland,FIN,2015,0.863341074,High SDI,1054.5105144939898,1348.6317108989808,-294.121196404991,0.7819114039599933,-0.24601383902390167,9961.332518309011,963.7503156985579,False,False,Neither
80,France,FRA,2015,0.836053016,High SDI,989.93621143163,1756.5615153252954,-766.6253038936654,0.5635647842645038,-0.5734729844717075,9961.332518309011,963.7503156985579,False,False,Neither
81,Germany,DEU,2015,0.862083348,High SDI,1165.25187995353,1365.8029833730125,-200.5511034194824,0.8531624942536019,-0.15880525226630374,9961.332518309011,963.7503156985579,False,False,Neither
82,Greece,GRC,2015,0.806921953,High SDI,956.21887284475,2276.589896854458,-1320.371024009708,0.4200224529529663,-0.867447109721802,9961.332518309011,963.7503156985579,False,False,Neither
83,Iceland,ISL,2015,0.862026244,High SDI,887.52223249181,1366.5862666645874,-479.0640341727774,0.649444717937914,-0.4316375612931615,9961.332518309011,963.7503156985579,False,False,Neither
84,Ireland,IRL,2015,0.876291567,High SDI,1046.12116377804,1180.6825799940962,-134.56141621605616,0.8860308278481343,-0.12100353457138084,9961.332518309011,963.7503156985579,False,False,Neither
85,Israel,ISR,2015,0.809359549,High SDI,1035.6004102777,2229.656945867498,-1194.0565355897982,0.4644662544151052,-0.7668663726351334,9961.332518309011,963.7503156985579,False,False,Neither
86,Italy,ITA,2015,0.810491481,High SDI,991.7156825703,2208.0763360056744,-1216.3606534353744,0.4491310677982609,-0.8004405233736199,9961.332518309011,963.7503156985579,False,False,Neither
87,Luxembourg,LUX,2015,0.872804955,High SDI,984.51554128706,1224.3266902064952,-239.8111489194352,0.8041281376631685,-0.21799664729910323,9961.332518309011,963.7503156985579,False,False,Neither
88,Malta,MLT,2015,0.794831104,High SDI,1032.5693259061,2518.6677143180987,-1486.0983884119987,0.4099664755442568,-0.8916798895921114,9961.332518309011,963.7503156985579,False,False,Neither
89,Netherlands,NLD,2015,0.887519477,High SDI,846.9367840007999,1047.8075842785008,-200.8708002777009,0.8082941913271066,-0.21282918855158608,9961.332518309011,963.7503156985579,False,False,Neither
90,Norway,NOR,2015,0.895788525,High SDI,1244.37026751141,957.2345805446544,287.13568696675554,1.2999637631178962,0.262336389554294,9961.332518309011,963.7503156985579,False,False,Neither
91,Portugal,PRT,2015,0.756357338,High SDI,956.79193465154,3390.9590859680056,-2434.1671513164656,0.2821596811978071,-1.265282122918152,9961.332518309011,963.7503156985579,False,False,Neither
92,Spain,ESP,2015,0.786287797,High SDI,939.4934384423,2699.0253986578005,-1759.5319602155005,0.3480861791480366,-1.0553051886357006,9961.332518309011,963.7503156985579,False,False,Neither
93,Sweden,SWE,2015,0.886735949,High SDI,964.50012534795,1056.7061736975063,-92.20604834955634,0.912742017937759,-0.09130200355418927,9961.332518309011,963.7503156985579,False,False,Neither
94,Switzerland,CHE,2015,0.933095136,High SDI,917.82592439682,619.6168553150195,298.2090690818005,1.4812797885076705,0.39290643608401843,9961.332518309011,963.7503156985579,False,False,Neither
95,United Kingdom,GBR,2015,0.854834648,High SDI,1046.48969909858,1467.7938800486215,-421.3041809500414,0.7129677493027253,-0.3383190919853514,9961.332518309011,963.7503156985579,False,False,Neither
97,Argentina,ARG,2015,0.712518762,High-middle SDI,4340.97457747146,4565.1799992163305,-224.2054217448704,0.9508879339295804,-0.05035906362274553,9961.332518309011,963.7503156985579,False,False,Neither
98,Chile,CHL,2015,0.743240911,High SDI,2405.00029536622,3722.926379786216,-1317.9260844199953,0.6459972747310476,-0.4369599938910227,9961.332518309011,963.7503156985579,False,False,Neither
99,Uruguay,URY,2015,0.694033367,High-middle SDI,4996.70073541052,5112.667379033358,-115.96664362283808,0.9773177805193414,-0.022943418290781663,9961.332518309011,963.7503156985579,False,False,Neither
101,Canada,CAN,2015,0.870332642,High SDI,660.65819473571,1255.9712074500517,-595.3130127143414,0.5260138057440171,-0.6424278199272353,9961.332518309011,963.7503156985579,False,False,Neither
102,United States of America,USA,2015,0.85176869,High SDI,1174.73276482595,1512.4999025346249,-337.7671377086747,0.7766828697690165,-0.2527231589445761,9961.332518309011,963.7503156985579,False,False,Neither
105,Antigua and Barbuda,ATG,2015,0.732933289,High SDI,4900.54818058016,3995.63733813024,904.91084244992,1.2264747187674878,0.20414397200293732,9961.332518309011,963.7503156985579,False,False,Neither
106,Bahamas,BHS,2015,0.792941408,High SDI,4401.740406264,2557.898187194148,1843.842219069852,1.720842693544589,0.5428141089521935,9961.332518309011,963.7503156985579,False,True,Excess-only
107,Barbados,BRB,2015,0.736780459,High SDI,5655.8399840317,3892.655235905584,1763.1847481261157,1.4529516849739532,0.37359713212472667,9961.332518309011,963.7503156985579,False,True,Excess-only
108,Belize,BLZ,2015,0.592686658,Low-middle SDI,4872.78283747184,8536.390222253258,-3663.6073847814177,0.5708247526886868,-0.5606730294130868,9961.332518309011,963.7503156985579,False,False,Neither
109,Cuba,CUB,2015,0.665570778,Middle SDI,5345.68707905932,6008.920900861932,-663.2338218026116,0.8896251369014566,-0.11695509947601244,9961.332518309011,963.7503156985579,False,False,Neither
110,Dominica,DMA,2015,0.72754331,High SDI,4816.86653310958,4142.277273233675,674.5892598759046,1.1628546848456829,0.15087791718783283,9961.332518309011,963.7503156985579,False,False,Neither
111,Dominican Republic,DOM,2015,0.606998796,Low-middle SDI,6701.31547787517,8018.7618710071965,-1317.446393132027,0.8357045122021376,-0.17948018268079388,9961.332518309011,963.7503156985579,False,False,Neither
112,Grenada,GRD,2015,0.641065827,Middle SDI,5187.41583903603,6825.818033756361,-1638.402194720331,0.7599698400077783,-0.2744765306894906,9961.332518309011,963.7503156985579,False,False,Neither
113,Guyana,GUY,2015,0.614719216,Low-middle SDI,5091.81315301259,7743.27695998728,-2651.4638069746898,0.657578590992431,-0.41919099204685084,9961.332518309011,963.7503156985579,False,False,Neither
114,Haiti,HTI,2015,0.444488602,Low SDI,12310.50738678191,14008.621710630792,-1698.114323848882,0.8787807709476354,-0.12921981974471722,9961.332518309011,963.7503156985579,True,False,Structural high
115,Jamaica,JAM,2015,0.669600183,Middle SDI,4662.02575839453,5878.405649673457,-1216.379891278927,0.7930765646725152,-0.2318355113490945,9961.332518309011,963.7503156985579,False,False,Neither
116,Saint Lucia,LCA,2015,0.677144162,High-middle SDI,5312.47987966694,5637.169462910046,-324.6895832431055,0.942402018357012,-0.059323324367019155,9961.332518309011,963.7503156985579,False,False,Neither
117,Saint Vincent and the Grenadines,VCT,2015,0.608590872,Low-middle SDI,4357.9785794872605,7961.726412682298,-3603.747833195038,0.5473660301295208,-0.6026375410612597,9961.332518309011,963.7503156985579,False,False,Neither
118,Suriname,SUR,2015,0.636831713,Middle SDI,4189.65046774595,6970.712042568595,-2781.061574822645,0.601036227312315,-0.5091000678737234,9961.332518309011,963.7503156985579,False,False,Neither
119,Trinidad and Tobago,TTO,2015,0.754666303,High SDI,3884.5061658604495,3432.7939104314964,451.7122554289531,1.1315873504833192,0.12362138194811859,9961.332518309011,963.7503156985579,False,False,Neither
121,Bolivia (Plurinational State of),BOL,2015,0.587498045,Low-middle SDI,11332.887646833047,8726.017084936098,2606.870561896949,1.2987469009655324,0.26139987726139435,9961.332518309011,963.7503156985579,True,True,Double-high
122,Ecuador,ECU,2015,0.643079749,Middle SDI,6551.642321798779,6757.267559201267,-205.625237402488,0.969569765352492,-0.030902846751776902,9961.332518309011,963.7503156985579,False,False,Neither
123,Peru,PER,2015,0.649149746,Middle SDI,11491.22224249792,6552.129814154087,4939.0924283438335,1.753814800444624,0.5617933013995952,9961.332518309011,963.7503156985579,True,True,Double-high
125,Colombia,COL,2015,0.643937642,Middle SDI,5109.38386481399,6728.139470172639,-1618.7556053586495,0.7594051650482339,-0.275219829721874,9961.332518309011,963.7503156985579,False,False,Neither
126,Costa Rica,CRI,2015,0.662027268,Middle SDI,3477.2011437223105,6124.627114628695,-2647.425970906385,0.5677408728144449,-0.5660901741900765,9961.332518309011,963.7503156985579,False,False,Neither
127,El Salvador,SLV,2015,0.560394631,Low-middle SDI,4195.01766670434,9729.364169112025,-5534.346502407685,0.4311707932592689,-0.8412509953101582,9961.332518309011,963.7503156985579,False,False,Neither
128,Guatemala,GTM,2015,0.500033102,Low SDI,6967.32573418338,11989.655306192588,-5022.329572009208,0.581111429499128,-0.5428127513642891,9961.332518309011,963.7503156985579,False,False,Neither
129,Honduras,HND,2015,0.483186239,Low SDI,4868.42701345227,12612.904282815773,-7744.477269363502,0.3859877871336241,-0.951949549568044,9961.332518309011,963.7503156985579,False,False,Neither
130,Mexico,MEX,2015,0.645466947,Middle SDI,1934.53685969515,6676.324390944652,-4741.787531249502,0.2897607645187275,-1.2386996463954913,9961.332518309011,963.7503156985579,False,False,Neither
131,Nicaragua,NIC,2015,0.498761326,Low SDI,4117.97896688889,12036.940387853912,-7918.961420965023,0.3421117687883716,-1.0726177859873427,9961.332518309011,963.7503156985579,False,False,Neither
132,Panama,PAN,2015,0.647390496,Middle SDI,4068.54577153004,6611.352994216672,-2542.8072226866325,0.6153877693550819,-0.4855026905928266,9961.332518309011,963.7503156985579,False,False,Neither
133,Venezuela (Bolivarian Republic of),VEN,2015,0.626315592,Low-middle SDI,3581.4691282436,7334.925559470854,-3753.4564312272537,0.4882761384836698,-0.7168741756174996,9961.332518309011,963.7503156985579,False,False,Neither
135,Brazil,BRA,2015,0.654511755,Middle SDI,8030.44702133951,6372.819634773698,1657.627386565811,1.2601089441667015,0.23119818084998917,9961.332518309011,963.7503156985579,False,True,Excess-only
136,Paraguay,PRY,2015,0.631015204,Middle SDI,5973.76279340615,7171.413204878358,-1197.6504114722077,0.8329965967297066,-0.1827257223822158,9961.332518309011,963.7503156985579,False,False,Neither
139,Algeria,DZA,2015,0.616811339,Low-middle SDI,9236.30311601041,7669.11045007331,1567.1926659370993,1.204351296821148,0.185941079097045,9961.332518309011,963.7503156985579,False,True,Excess-only
140,Bahrain,BHR,2015,0.732267072,High SDI,6950.30531399374,4013.6140252959153,2936.691288697825,1.7316825360359132,0.5490935000581716,9961.332518309011,963.7503156985579,False,True,Excess-only
141,Egypt,EGY,2015,0.602052315,Low-middle SDI,14283.62666742853,8196.69128097341,6086.935386455121,1.7426088378593,0.5553833224533421,9961.332518309011,963.7503156985579,True,True,Double-high
142,Iran (Islamic Republic of),IRN,2015,0.669110964,Middle SDI,4428.09326597203,5894.190928345432,-1466.0976623734025,0.751263968168579,-0.28599820006952653,9961.332518309011,963.7503156985579,False,False,Neither
143,Iraq,IRQ,2015,0.581624109,Low-middle SDI,10650.25508776935,8941.785586627853,1708.469501141497,1.1910658094616424,0.17484854448192677,9961.332518309011,963.7503156985579,True,True,Double-high
144,Jordan,JOR,2015,0.681976511,High-middle SDI,9141.89847868374,5484.849924636415,3657.0485540473255,1.6667545337240466,0.5108783426107559,9961.332518309011,963.7503156985579,False,True,Excess-only
145,Kuwait,KWT,2015,0.833424135,High SDI,9292.79445717768,1799.8549972033115,7492.939459974369,5.163079510081204,1.6415332057559244,9961.332518309011,963.7503156985579,False,True,Excess-only
146,Lebanon,LBN,2015,0.695663972,High-middle SDI,8559.110904961959,5063.222084779909,3495.88882018205,1.690447458485126,0.5249932622244264,9961.332518309011,963.7503156985579,False,True,Excess-only
147,Libya,LBY,2015,0.751847748,High SDI,8443.46473043228,3503.161020256908,4940.3037101753725,2.410241687895086,0.8797270279079613,9961.332518309011,963.7503156985579,False,True,Excess-only
148,Morocco,MAR,2015,0.549677474,Low-middle SDI,9301.34297592195,10130.197174942756,-828.854199020805,0.9181798552676752,-0.08536198678072636,9961.332518309011,963.7503156985579,False,False,Neither
149,Palestine,PSE,2015,0.576755396,Low-middle SDI,11080.29905234356,9121.4237226349,1958.875329708659,1.2147554361330335,0.1945427693982321,9961.332518309011,963.7503156985579,True,True,Double-high
150,Oman,OMN,2015,0.739951442,High SDI,7105.08430098113,3808.841611821695,3296.2426891594346,1.8654186823964325,0.6234855224831783,9961.332518309011,963.7503156985579,False,True,Excess-only
151,Qatar,QAT,2015,0.818200042,High SDI,7157.10113052035,2064.703647328117,5092.397483192233,3.466406009299292,1.2431183250271316,9961.332518309011,963.7503156985579,False,True,Excess-only
152,Saudi Arabia,SAU,2015,0.788038319,High SDI,7457.88970131572,2661.443764137083,4796.445937178638,2.802196988646042,1.0304037483152195,9961.332518309011,963.7503156985579,False,True,Excess-only
153,Syrian Arab Republic,SYR,2015,0.546193287,Low-middle SDI,11274.84223424742,10260.79255441864,1014.0496798287804,1.0988276173064329,0.09424380898431406,9961.332518309011,963.7503156985579,True,True,Double-high
154,Tunisia,TUN,2015,0.648450723,Middle SDI,10080.09363742082,6575.638751409261,3504.4548860115583,1.5329451660130355,0.427190830178217,9961.332518309011,963.7503156985579,True,True,Double-high
155,Türkiye,TUR,2015,0.662687375,Middle SDI,7024.544182387341,6103.007665690908,921.536516696433,1.1509971094870168,0.14062861843078586,9961.332518309011,963.7503156985579,False,False,Neither
156,United Arab Emirates,ARE,2015,0.835226045,High SDI,7071.81285810608,1770.1034833536803,5301.7093747524,3.995140919505821,1.3850788525650426,9961.332518309011,963.7503156985579,False,True,Excess-only
157,Yemen,YEM,2015,0.431131333,Low SDI,16812.14238876847,14474.901649868849,2337.24073889962,1.1614685056544614,0.14968515762562798,9961.332518309011,963.7503156985579,True,True,Double-high
160,Afghanistan,AFG,2015,0.289859193,Low SDI,19448.62729511278,18705.09963356166,743.5276615511211,1.0397499973866509,0.038980297127444094,9961.332518309011,963.7503156985579,True,False,Structural high
161,Bangladesh,BGD,2015,0.441521276,Low SDI,15065.41473437833,14112.986834925512,952.4278994528177,1.067485919925599,0.06530627626841005,9961.332518309011,963.7503156985579,True,False,Structural high
162,Bhutan,BTN,2015,0.470062249,Low SDI,9575.33709214832,13092.714869399231,-3517.377777250913,0.7313484779637373,-0.3128652187837174,9961.332518309011,963.7503156985579,False,False,Neither
163,India,IND,2015,0.531792866,Low-middle SDI,10620.85409585191,10801.250353652906,-180.39625780099595,0.9832985763782442,-0.01684246499709059,9961.332518309011,963.7503156985579,True,False,Structural high
164,Nepal,NPL,2015,0.41078121,Low SDI,14241.69291626348,15166.581893860151,-924.8889775966708,0.939017968315518,-0.062920664370676,9961.332518309011,963.7503156985579,True,False,Structural high
165,Pakistan,PAK,2015,0.461365965,Low SDI,22866.51899229837,13407.253873343914,9459.265118954456,1.7055333782976403,0.533877893659924,9961.332518309011,963.7503156985579,True,True,Double-high
168,Angola,AGO,2015,0.442075746,Low SDI,10330.97479419217,14093.518211731202,-3762.543417539031,0.7330302227582071,-0.3105683463517503,9961.332518309011,963.7503156985579,True,False,Structural high
169,Central African Republic,CAF,2015,0.240709681,Low SDI,19201.488848595192,19851.391057183344,-649.9022085881516,0.9672616288341678,-0.03328626290033706,9961.332518309011,963.7503156985579,True,False,Structural high
170,Congo,COG,2015,0.537750035,Low-middle SDI,10539.55096892323,10577.600545935627,-38.049577012398,0.9964028158515572,-0.003603669572856794,9961.332518309011,963.7503156985579,True,False,Structural high
171,Democratic Republic of the Congo,COD,2015,0.331302602,Low SDI,16531.30381015328,17609.76004973922,-1078.456239585939,0.9387580389204728,-0.06319751250986164,9961.332518309011,963.7503156985579,True,False,Structural high
172,Equatorial Guinea,GNQ,2015,0.593717418,Low-middle SDI,7726.475225039089,8498.835405628353,-772.360180589264,0.9091216450576548,-0.09527637081243498,9961.332518309011,963.7503156985579,False,False,Neither
173,Gabon,GAB,2015,0.57806588,Low-middle SDI,9358.87564259365,9073.005299162334,285.87034343131563,1.031507789757128,0.031021605373778877,9961.332518309011,963.7503156985579,False,False,Neither
175,Burundi,BDI,2015,0.275324498,Low SDI,20184.29512856808,19060.54930902776,1123.7458195403196,1.0589566334800264,0.05728411533698714,9961.332518309011,963.7503156985579,True,True,Double-high
176,Comoros,COM,2015,0.439330419,Low SDI,14081.10278630638,14189.76251027803,-108.65972397165024,0.9923423860059007,-0.007687084063483811,9961.332518309011,963.7503156985579,True,False,Structural high
177,Djibouti,DJI,2015,0.43265667,Low SDI,13410.15895259608,14422.12237219478,-1011.9634195987,0.9298325590726008,-0.07275075305265968,9961.332518309011,963.7503156985579,True,False,Structural high
178,Eritrea,ERI,2015,0.379562098,Low SDI,17732.23067625931,16178.117475575196,1554.1132006841144,1.0960626724976146,0.09172436982672176,9961.332518309011,963.7503156985579,True,True,Double-high
179,Ethiopia,ETH,2015,0.31259307,Low SDI,15520.00794866453,18119.535297875784,-2599.5273492112537,0.8565345464728333,-0.15486062756221786,9961.332518309011,963.7503156985579,True,False,Structural high
180,Kenya,KEN,2015,0.477816253,Low SDI,20241.15718368732,12809.916889197471,7431.240294489846,1.5801161989393206,0.45749838796715653,9961.332518309011,963.7503156985579,True,True,Double-high
181,Madagascar,MDG,2015,0.324630803,Low SDI,16724.44993561831,17794.461230167188,-1070.0112945488763,0.9398682949312974,-0.06201552530987471,9961.332518309011,963.7503156985579,True,False,Structural high
182,Malawi,MWI,2015,0.347076063,Low SDI,15998.23781308876,17160.215008405172,-1161.9771953164127,0.9322865596528208,-0.07011504411632313,9961.332518309011,963.7503156985579,True,False,Structural high
183,Mauritius,MUS,2015,0.704886573,High-middle SDI,9510.77750826701,4787.706087696193,4723.071420570817,1.9864998673808567,0.6863742295123113,9961.332518309011,963.7503156985579,False,True,Excess-only
184,Mozambique,MOZ,2015,0.286628546,Low SDI,10597.09189852296,18785.358672125138,-8188.266773602178,0.5641144299388636,-0.572498158100939,9961.332518309011,963.7503156985579,True,False,Structural high
185,Rwanda,RWA,2015,0.39756237,Low SDI,15916.409379554949,15602.588984548323,313.8203950066236,1.0201133539643583,0.019913752459156265,9961.332518309011,963.7503156985579,True,False,Structural high
186,Seychelles,SYC,2015,0.715572875,High-middle SDI,11524.69447287613,4477.563721217802,7047.130751658328,2.5738761501626737,0.9454129923064201,9961.332518309011,963.7503156985579,True,True,Double-high
187,Somalia,SOM,2015,0.164299849,Low SDI,14152.39431691569,21372.422871881547,-7220.028554965856,0.6621801562580522,-0.41221762070571183,9961.332518309011,963.7503156985579,True,False,Structural high
189,United Republic of Tanzania,TZA,2015,0.394965001,Low SDI,17016.22327579021,15686.956474896808,1329.2668008934015,1.0847370745893616,0.08133763005894505,9961.332518309011,963.7503156985579,True,True,Double-high
190,Uganda,UGA,2015,0.374743977,Low SDI,13769.42958667012,16328.4598092941,-2559.030222623982,0.8432779176657317,-0.17045869836548422,9961.332518309011,963.7503156985579,True,False,Structural high
191,Zambia,ZMB,2015,0.435801789,Low SDI,9563.57396952941,14312.906806463028,-4749.332836933618,0.668178316176205,-0.4032002006841958,9961.332518309011,963.7503156985579,False,False,Neither
193,Botswana,BWA,2015,0.648568292,Middle SDI,8840.25074519119,6571.682655426974,2268.568089764216,1.345203535945365,0.2965453294453198,9961.332518309011,963.7503156985579,False,True,Excess-only
194,Lesotho,LSO,2015,0.479858351,Low SDI,19707.91391683375,12735.103270808597,6972.810646025155,1.5475268239094877,0.43665805913203354,9961.332518309011,963.7503156985579,True,True,Double-high
195,Namibia,NAM,2015,0.585878485,Low-middle SDI,12060.45063767501,8785.397452052388,3275.0531856226225,1.372783724754254,0.31684059417010507,9961.332518309011,963.7503156985579,True,True,Double-high
196,South Africa,ZAF,2015,0.67062198,Middle SDI,12713.29533662553,5845.490878594728,6867.8044580308015,2.174889260913848,0.7769777487220905,9961.332518309011,963.7503156985579,True,True,Double-high
197,Eswatini,SWZ,2015,0.565414736,Low-middle SDI,11989.20337162963,9542.219839832362,2446.9835317972684,1.2564375557124303,0.22828037976094623,9961.332518309011,963.7503156985579,True,True,Double-high
198,Zimbabwe,ZWE,2015,0.458146545,Low SDI,11713.04100985672,13522.9324184286,-1809.8914085718789,0.8661613211861194,-0.1436841046433995,9961.332518309011,963.7503156985579,True,False,Structural high
200,Benin,BEN,2015,0.337503272,Low SDI,11032.83347185371,17435.197267801683,-6402.363795947973,0.6327908599134987,-0.4576153065118015,9961.332518309011,963.7503156985579,True,False,Structural high
201,Burkina Faso,BFA,2015,0.257469405,Low SDI,10362.33849220797,19477.904173071143,-9115.565680863174,0.5320047988804797,-0.6311027692291472,9961.332518309011,963.7503156985579,True,False,Structural high
202,Cameroon,CMR,2015,0.428340437,Low SDI,11108.52703177258,14571.146684067386,-3462.619652294805,0.7623646424422481,-0.2713303043673018,9961.332518309011,963.7503156985579,True,False,Structural high
203,Cabo Verde,CPV,2015,0.506638155,Low SDI,6312.10778338067,11743.573161054976,-5431.465377674305,0.5374946531872781,-0.6208364665883489,9961.332518309011,963.7503156985579,False,False,Neither
204,Chad,TCD,2015,0.211520772,Low SDI,18405.04353564166,20463.761149590584,-2058.717613948924,0.8993969095466054,-0.1060308407792905,9961.332518309011,963.7503156985579,True,False,Structural high
205,Côte d'Ivoire,CIV,2015,0.390810852,Low SDI,11046.77535085666,15820.977087292167,-4774.201736435509,0.6982359742957801,-0.3591981612962544,9961.332518309011,963.7503156985579,True,False,Structural high
206,Gambia,GMB,2015,0.385101139,Low SDI,10572.529008889129,16003.320277753126,-5430.791268863997,0.660645967548774,-0.414537183903842,9961.332518309011,963.7503156985579,True,False,Structural high
207,Ghana,GHA,2015,0.521699837,Low SDI,9776.6742089091,11179.9955328016,-1403.3213238925,0.8744792589786625,-0.13412670238203347,9961.332518309011,963.7503156985579,False,False,Neither
208,Guinea,GIN,2015,0.296243919,Low SDI,15029.9136501796,18544.343391910592,-3514.429741730992,0.810485080681581,-0.21012234552477116,9961.332518309011,963.7503156985579,True,False,Structural high
209,Guinea-Bissau,GNB,2015,0.322954414,Low SDI,11910.125973184053,17840.36126315707,-5930.235289973016,0.6675944392325838,-0.40407441671898603,9961.332518309011,963.7503156985579,True,False,Structural high
210,Liberia,LBR,2015,0.330017558,Low SDI,13813.14626172041,17645.586881863102,-3832.440620142692,0.7828102490554258,-0.24486495073112552,9961.332518309011,963.7503156985579,True,False,Structural high
211,Mali,MLI,2015,0.234312759,Low SDI,9075.6014229471,19989.5576629502,-10913.9562400031,0.45401712113762,-0.7896203698949873,9961.332518309011,963.7503156985579,False,False,Neither
212,Mauritania,MRT,2015,0.456831337,Low SDI,11262.47114156042,13570.064467824104,-2307.5933262636845,0.8299497152916845,-0.18639016401269956,9961.332518309011,963.7503156985579,True,False,Structural high
213,Niger,NER,2015,0.161743437,Low SDI,14753.89991870171,21419.43558874241,-6665.535670040699,0.6888089958101435,-0.3727912658346426,9961.332518309011,963.7503156985579,True,False,Structural high
214,Nigeria,NGA,2015,0.446565371,Low SDI,13728.708222891632,13935.324568802876,-206.6163459112449,0.9851731945753314,-0.01493782121051836,9961.332518309011,963.7503156985579,True,False,Structural high
215,Sao Tome and Principe,STP,2015,0.456085117,Low SDI,10548.8180970162,13596.77319550538,-3047.95509848918,0.7758324674050805,-0.25381867462628915,9961.332518309011,963.7503156985579,True,False,Structural high
216,Senegal,SEN,2015,0.361702569,Low SDI,12489.58070175704,16727.28862559888,-4237.707923841841,0.746659006208777,-0.29214668239560715,9961.332518309011,963.7503156985579,True,False,Structural high
217,Sierra Leone,SLE,2015,0.329746165,Low SDI,15883.450353648932,17653.13790569958,-1769.6875520506474,0.8997522388651777,-0.1056358437069178,9961.332518309011,963.7503156985579,True,False,Structural high
218,Togo,TGO,2015,0.397486569,Low SDI,12771.37881669172,15605.05732235426,-2833.6785056625395,0.8184128102110018,-0.20038841171673244,9961.332518309011,963.7503156985579,True,False,Structural high
298,American Samoa,ASM,2015,0.689184213,High-middle SDI,6885.66239452814,5260.977681114049,1624.6847134140908,1.308818020507179,0.26912445549648045,9961.332518309011,963.7503156985579,False,True,Excess-only
305,Bermuda,BMU,2015,0.806972586,High SDI,4273.1191295878,2275.6086355842976,1997.510494003502,1.8777917532777384,0.6300964871390561,9961.332518309011,963.7503156985579,False,True,Excess-only
320,Cook Islands,COK,2015,0.75005164,High SDI,6849.58329040479,3548.416408613182,3301.1668817916084,1.9303211634853743,0.6576863950238309,9961.332518309011,963.7503156985579,False,True,Excess-only
349,Greenland,GRL,2015,0.834963121,High SDI,931.09323176733,1774.4237474206586,-843.3305156533286,0.5247299204154519,-0.6448715860626831,9961.332518309011,963.7503156985579,False,False,Neither
351,Guam,GUM,2015,0.766554625,High SDI,7307.94652283591,3144.835377944814,4163.111144891096,2.3237930271605305,0.8432007761426762,9961.332518309011,963.7503156985579,False,True,Excess-only
367,Monaco,MCO,2015,0.908760246,High SDI,914.18756451604,827.0835295672035,87.10403494883644,1.105314677218172,0.10013007019184654,9961.332518309011,963.7503156985579,False,False,Neither
369,Nauru,NRU,2015,0.576865853,Low-middle SDI,13046.12088773517,9117.340853638536,3928.780034096633,1.430912927043716,0.3583126510945913,9961.332518309011,963.7503156985579,True,True,Double-high
374,Niue,NIU,2015,0.711512446,High-middle SDI,9011.97362208625,4594.229856060108,4417.743766026142,1.961585272055736,0.6737529586033758,9961.332518309011,963.7503156985579,False,True,Excess-only
376,Northern Mariana Islands,MNP,2015,0.76544136,High SDI,6280.37972652924,3171.1889926801973,3109.1907338490423,1.9804495225688967,0.6833238505391229,9961.332518309011,963.7503156985579,False,True,Excess-only
380,Palau,PLW,2015,0.741892461,High SDI,7223.5541518094,3758.018080521796,3465.536071287604,1.9221712075441688,0.653455384387448,9961.332518309011,963.7503156985579,False,True,Excess-only
385,Puerto Rico,PRI,2015,0.810946692,High SDI,4010.16733416909,2199.4357431087533,1810.7315910603363,1.823270966989465,0.6006321226046284,9961.332518309011,963.7503156985579,False,True,Excess-only
393,Saint Kitts and Nevis,KNA,2015,0.731572192,High SDI,5033.56089549783,4032.40893503564,1001.1519604621913,1.2482763967125627,0.2217637171508038,9961.332518309011,963.7503156985579,False,True,Excess-only
396,San Marino,SMR,2015,0.8672768,High SDI,942.75991933845,1295.8912614041544,-353.1313420657044,0.7274992489083758,-0.3181423123653718,9961.332518309011,963.7503156985579,False,False,Neither
416,Tuvalu,TUV,2015,0.570550873,Low-middle SDI,8785.23853481412,9351.270098537563,-566.0315637234453,0.9394700871904056,-0.06243929970903492,9961.332518309011,963.7503156985579,False,False,Neither
422,United States Virgin Islands,VIR,2015,0.802715368,High SDI,3753.70782083631,2359.0593992866898,1394.6484215496205,1.5911883448001864,0.4644811237445914,9961.332518309011,963.7503156985579,False,True,Excess-only
435,South Sudan,SSD,2015,0.37017325,Low SDI,14435.03808239907,16469.597838138357,-2034.5597557392864,0.8764657294164225,-0.1318576747390153,9961.332518309011,963.7503156985579,True,False,Structural high
522,Sudan,SDN,2015,0.512996021,Low SDI,13005.9628780424,11506.015910156442,1499.9469678859568,1.130361975821878,0.12253791401445326,9961.332518309011,963.7503156985579,True,True,Double-high
6,China,CHN,2016,0.670196577,Middle SDI,6253.0068933986895,5613.385545849544,639.6213475491459,1.1139457360134604,0.10790842937923283,9209.838169184626,876.7638151894339,False,False,Neither
7,Democratic People's Republic of Korea,PRK,2016,0.562861451,Low-middle SDI,10265.60302013556,9233.04808879614,1032.5549313394204,1.1118325087673242,0.10600956287169792,9209.838169184626,876.7638151894339,True,True,Double-high
8,Taiwan,TWN,2016,0.85272153,High SDI,7820.276320417879,1435.6415670540132,6384.6347533638655,5.447234532547953,1.6951080546708492,9209.838169184626,876.7638151894339,False,True,Excess-only
10,Cambodia,KHM,2016,0.461918487,Low SDI,14394.969539303427,12825.742686859478,1569.2268524439496,1.1223497843950736,0.11542450931407011,9209.838169184626,876.7638151894339,True,True,Double-high
11,Indonesia,IDN,2016,0.62930931,Low-middle SDI,10245.72138191805,6927.295699564375,3318.425682353676,1.4790362395764851,0.3913906861847193,9209.838169184626,876.7638151894339,True,True,Double-high
12,Lao People's Democratic Republic,LAO,2016,0.476403041,Low SDI,10443.95759241708,12322.051938333028,-1878.0943459159464,0.8475826627484561,-0.16536690731765202,9209.838169184626,876.7638151894339,True,False,Structural high
13,Malaysia,MYS,2016,0.741154625,High SDI,7286.776783591869,3618.83247482518,3667.9443087666896,2.013571181944221,0.6999098530282822,9209.838169184626,876.7638151894339,False,True,Excess-only
14,Maldives,MDV,2016,0.625293444,Low-middle SDI,6840.0030965219,7061.436956374966,-221.43385985306577,0.9686418131010632,-0.031860381349800786,9209.838169184626,876.7638151894339,False,False,Neither
15,Myanmar,MMR,2016,0.500553392,Low SDI,11109.27130685114,11468.133063881476,-358.86175703033587,0.9687079182782976,-0.031792138454685544,9209.838169184626,876.7638151894339,True,False,Structural high
16,Philippines,PHL,2016,0.618962729,Low-middle SDI,10611.99154893967,7274.527905052858,3337.463643886812,1.458787661199103,0.37760572173119317,9209.838169184626,876.7638151894339,True,True,Double-high
17,Sri Lanka,LKA,2016,0.698090459,High-middle SDI,7498.809835224541,4780.707916002591,2718.10191922195,1.5685563659146746,0.4501556841933269,9209.838169184626,876.7638151894339,False,True,Excess-only
18,Thailand,THA,2016,0.652880826,Middle SDI,10138.4914070407,6157.539205911241,3980.9522011294575,1.6465167444338384,0.49866199249641124,9209.838169184626,876.7638151894339,True,True,Double-high
19,Timor-Leste,TLS,2016,0.445047758,Low SDI,13540.076561297452,13402.056347509177,138.0202137882752,1.0102984355691005,0.010245767968810965,9209.838169184626,876.7638151894339,True,False,Structural high
20,Viet Nam,VNM,2016,0.602699766,Low-middle SDI,7763.42974121344,7830.45962847032,-67.0298872568801,0.9914398527752868,-0.008596995721366869,9209.838169184626,876.7638151894339,False,False,Neither
22,Fiji,FJI,2016,0.658749908,Middle SDI,8090.204962050921,5970.943122051048,2119.261839999873,1.354929162224526,0.30374917416399233,9209.838169184626,876.7638151894339,False,True,Excess-only
23,Kiribati,KIR,2016,0.512230394,Low SDI,8812.8587464591,11050.76129847819,-2237.90255201909,0.7974888343369363,-0.22628744525257782,9209.838169184626,876.7638151894339,False,False,Neither
24,Marshall Islands,MHL,2016,0.553629856,Low-middle SDI,10262.72026926662,9563.434953883483,699.2853153831347,1.0731207268889482,0.07057097072941942,9209.838169184626,876.7638151894339,True,False,Structural high
25,Micronesia (Federated States of),FSM,2016,0.571627625,Low-middle SDI,6228.97322655379,8920.693136362182,-2691.719909808393,0.6982611251544447,-0.3591621413737251,9209.838169184626,876.7638151894339,False,False,Neither
26,Papua New Guinea,PNG,2016,0.42444187,Low SDI,11046.80812495397,14087.987202553091,-3041.179077599123,0.7841296251995469,-0.2431809340338655,9209.838169184626,876.7638151894339,True,False,Structural high
27,Samoa,WSM,2016,0.584143296,Low-middle SDI,7955.87387330627,8477.882221694765,-522.0083483884946,0.9384270346369424,-0.06355017276869661,9209.838169184626,876.7638151894339,False,False,Neither
28,Solomon Islands,SLB,2016,0.435917604,Low SDI,10328.5515075564,13708.601187435528,-3380.049679879128,0.7534358441343325,-0.28311140835694076,9209.838169184626,876.7638151894339,True,False,Structural high
29,Tonga,TON,2016,0.605857336,Low-middle SDI,8906.73249681926,7721.609936500978,1185.122560318283,1.1534812778765302,0.14278456779039855,9209.838169184626,876.7638151894339,False,True,Excess-only
30,Vanuatu,VUT,2016,0.45287199,Low SDI,9696.75714310011,13136.28640821986,-3439.5292651197487,0.7381657830657903,-0.3035868413085408,9209.838169184626,876.7638151894339,True,False,Structural high
33,Armenia,ARM,2016,0.683253737,High-middle SDI,4875.39118295497,5216.466748556447,-341.07556560147714,0.934615596716712,-0.06761996073531315,9209.838169184626,876.7638151894339,False,False,Neither
34,Azerbaijan,AZE,2016,0.680316012,High-middle SDI,6266.224231939641,5304.708663806099,961.5155681335418,1.1812569980881211,0.16657912411567094,9209.838169184626,876.7638151894339,False,True,Excess-only
35,Georgia,GEO,2016,0.705935434,High-middle SDI,4975.74751353381,4557.272272169461,418.47524136434913,1.0918258151745532,0.08785135468624129,9209.838169184626,876.7638151894339,False,False,Neither
36,Kazakhstan,KAZ,2016,0.710240152,High-middle SDI,4434.8791200735,4436.805696214162,-1.926576140661382,0.9995657740562528,-0.00043432024713261914,9209.838169184626,876.7638151894339,False,False,Neither
37,Kyrgyzstan,KGZ,2016,0.582445147,Low-middle SDI,5581.71086126379,8537.710353127984,-2955.999491864194,0.6537714012772526,-0.4249975279594675,9209.838169184626,876.7638151894339,False,False,Neither
38,Mongolia,MNG,2016,0.623518133,Low-middle SDI,6016.499432069089,7120.99574088461,-1104.496308815521,0.8448958054455578,-0.1685419663929371,9209.838169184626,876.7638151894339,False,False,Neither
39,Tajikistan,TJK,2016,0.5180384,Low SDI,6221.73253700722,10842.464197763811,-4620.731660756593,0.5738301204896219,-0.5554218838017392,9209.838169184626,876.7638151894339,False,False,Neither
40,Turkmenistan,TKM,2016,0.659927964,Middle SDI,7089.85595476266,5933.749921555129,1156.1060332075313,1.1948356517364886,0.17800864599774174,9209.838169184626,876.7638151894339,False,True,Excess-only
41,Uzbekistan,UZB,2016,0.632228527,Middle SDI,6842.18594342674,6830.305803215972,11.880140210767422,1.0017393277187054,0.0017378168399374283,9209.838169184626,876.7638151894339,False,False,Neither
43,Albania,ALB,2016,0.671107285,Middle SDI,4558.8412290777005,5585.313565258141,-1026.4723361804408,0.8162193896211448,-0.20307210032452283,9209.838169184626,876.7638151894339,False,False,Neither
44,Bosnia and Herzegovina,BIH,2016,0.683348892,High-middle SDI,4709.12454144238,5213.619082667077,-504.49454122469706,0.9032352511325744,-0.10177223775354777,9209.838169184626,876.7638151894339,False,False,Neither
45,Bulgaria,BGR,2016,0.74792777,High SDI,4762.6459801705,3451.2217274816394,1311.4242526888602,1.3799884088136545,0.3220750997234428,9209.838169184626,876.7638151894339,False,True,Excess-only
46,Croatia,HRV,2016,0.757920808,High SDI,3409.29179797596,3211.893930904368,197.3978670715924,1.0614584015904944,0.05964381306591899,9209.838169184626,876.7638151894339,False,False,Neither
47,Czechia,CZE,2016,0.81061249,High SDI,3504.39285488724,2113.2423379806514,1391.1505169065886,1.6583014602271922,0.5057938617942384,9209.838169184626,876.7638151894339,False,True,Excess-only
48,Hungary,HUN,2016,0.769678533,High SDI,3922.67494125618,2942.710242129401,979.9646991267788,1.3330143366129237,0.2874427962872153,9209.838169184626,876.7638151894339,False,True,Excess-only
49,North Macedonia,MKD,2016,0.73156658,High SDI,4159.715737172251,3863.390277532847,296.325459639404,1.0767008866183296,0.07390163129821778,9209.838169184626,876.7638151894339,False,False,Neither
50,Montenegro,MNE,2016,0.759924979,High SDI,4359.17395042893,3165.054298900049,1194.1196515288807,1.377282516746671,0.3201123670006168,9209.838169184626,876.7638151894339,False,True,Excess-only
51,Poland,POL,2016,0.809732406,High SDI,7609.88604147457,2129.295509831529,5480.590531643042,3.5738985060259054,1.2736570184677265,9209.838169184626,876.7638151894339,False,True,Excess-only
52,Romania,ROU,2016,0.730499986,High SDI,4884.6317118304905,3891.114537716226,993.5171741142644,1.2553297170988391,0.22739826086607864,9209.838169184626,876.7638151894339,False,True,Excess-only
53,Serbia,SRB,2016,0.75660364,High SDI,3327.73527159627,3242.8897441762256,84.84552742004462,1.0261635559989095,0.025827145348925905,9209.838169184626,876.7638151894339,False,False,Neither
54,Slovakia,SVK,2016,0.79688668,High SDI,4464.8051388167,2372.532950987661,2092.2721878290386,1.8818727625924208,0.6322674313285026,9209.838169184626,876.7638151894339,False,True,Excess-only
55,Slovenia,SVN,2016,0.824169382,High SDI,3756.00374113288,1875.832328025728,1880.171413107152,2.002313151882818,0.6943030881826581,9209.838169184626,876.7638151894339,False,True,Excess-only
57,Belarus,BLR,2016,0.776912327,High SDI,3373.82641934652,2783.8769285712524,589.9494907752678,1.2119165128029,0.19220300144853283,9209.838169184626,876.7638151894339,False,False,Neither
58,Estonia,EST,2016,0.82729462,High SDI,2904.9869161429697,1823.7223788618,1081.2645372811703,1.5928887805588023,0.46554921088778856,9209.838169184626,876.7638151894339,False,True,Excess-only
59,Latvia,LVA,2016,0.816343917,High SDI,3007.29046976267,2010.612920185566,996.677549577104,1.495708318379411,0.4025998861970034,9209.838169184626,876.7638151894339,False,True,Excess-only
60,Lithuania,LTU,2016,0.817631661,High SDI,3116.66499416877,1988.0101263400184,1128.6548678287518,1.5677309450664805,0.44962931604818795,9209.838169184626,876.7638151894339,False,True,Excess-only
61,Republic of Moldova,MDA,2016,0.692114649,High-middle SDI,3972.9768747666094,4954.1906339355255,-981.213759168916,0.8019426720385492,-0.22071815491922056,9209.838169184626,876.7638151894339,False,False,Neither
62,Russian Federation,RUS,2016,0.797441834,High SDI,1959.13272260092,2361.675471837761,-402.5427492368415,0.8295520472490665,-0.1868694259926578,9209.838169184626,876.7638151894339,False,False,Neither
63,Ukraine,UKR,2016,0.74747751,High SDI,1903.21704059022,3462.229843011359,-1559.0128024211392,0.5497084615661595,-0.5983672111720342,9209.838169184626,876.7638151894339,False,False,Neither
66,Brunei Darussalam,BRN,2016,0.813005925,High SDI,2282.12383395186,2069.980972041696,212.1428619101639,1.1024854164243452,0.09756710051835651,9209.838169184626,876.7638151894339,False,False,Neither
67,Japan,JPN,2016,0.858929663,High SDI,1804.15518319398,1350.4078718984274,453.7473112955527,1.3360076023976863,0.2896857655156935,9209.838169184626,876.7638151894339,False,False,Neither
68,Republic of Korea,KOR,2016,0.867378067,High SDI,1612.47707405511,1240.2459445155466,372.2311295395634,1.300126866921513,0.262461849645528,9209.838169184626,876.7638151894339,False,False,Neither
69,Singapore,SGP,2016,0.856930124,High SDI,4211.66035352939,1377.4606491335878,2834.1997043958017,3.057554026083062,1.1176152584420675,9209.838169184626,876.7638151894339,False,True,Excess-only
71,Australia,AUS,2016,0.829335263,High SDI,682.55031102424,1790.2235391293088,-1107.6732281050688,0.3812654096572792,-0.964259533104141,9209.838169184626,876.7638151894339,False,False,Neither
72,New Zealand,NZL,2016,0.843068337,High SDI,1227.37506794556,1575.5200854140137,-348.1450174684537,0.7790285121138468,-0.24970763286482292,9209.838169184626,876.7638151894339,False,False,Neither
74,Andorra,AND,2016,0.868304872,High SDI,924.45798650711,1228.564496072654,-304.106509565544,0.7524700489573972,-0.28439408520119935,9209.838169184626,876.7638151894339,False,False,Neither
75,Austria,AUT,2016,0.836030664,High SDI,1069.55875794804,1683.2214894699002,-613.6627315218602,0.6354236591197977,-0.4534633228386713,9209.838169184626,876.7638151894339,False,False,Neither
76,Belgium,BEL,2016,0.854653459,High SDI,1022.95959621434,1408.724410026472,-385.7648138121321,0.7261601977885206,-0.31998463038785135,9209.838169184626,876.7638151894339,False,False,Neither
77,Cyprus,CYP,2016,0.834574492,High SDI,741.86810408624,1706.1150318065372,-964.2469277202972,0.4348288891756058,-0.8328026834960888,9209.838169184626,876.7638151894339,False,False,Neither
78,Denmark,DNK,2016,0.89186579,High SDI,982.92045191813,957.5178667278057,25.40258519032432,1.026529620044725,0.02618381243777119,9209.838169184626,876.7638151894339,False,False,Neither
79,Finland,FIN,2016,0.867432491,High SDI,1008.41180944758,1239.5577970095917,-231.14598756201167,0.8135254458326617,-0.20637807336212974,9209.838169184626,876.7638151894339,False,False,Neither
80,France,FRA,2016,0.839666677,High SDI,960.78143582856,1626.970281045588,-666.1888452170281,0.5905341031866327,-0.5267278919444004,9209.838169184626,876.7638151894339,False,False,Neither
81,Germany,DEU,2016,0.863532274,High SDI,1113.33934957256,1289.567094534925,-176.22774496236502,0.8633434850274925,-0.14694265430669326,9209.838169184626,876.7638151894339,False,False,Neither
82,Greece,GRC,2016,0.807761539,High SDI,928.81769185869,2165.529339556765,-1236.7116476980757,0.4289102321969915,-0.8465076309077996,9209.838169184626,876.7638151894339,False,False,Neither
83,Iceland,ISL,2016,0.866393971,High SDI,844.3717459341299,1252.736216891741,-408.3644709576111,0.6740219804845786,-0.39449255660666577,9209.838169184626,876.7638151894339,False,False,Neither
84,Ireland,IRL,2016,0.881777142,High SDI,999.35254234067,1067.5696043857338,-68.21706204506381,0.936100595441442,-0.06603233451721169,9209.838169184626,876.7638151894339,False,False,Neither
85,Israel,ISR,2016,0.812183542,High SDI,981.74088116679,2084.780260891376,-1103.0393797245852,0.4709085650815946,-0.7530913331496987,9209.838169184626,876.7638151894339,False,False,Neither
86,Italy,ITA,2016,0.813111705,High SDI,950.60478420987,2068.0823556519395,-1117.4775714420691,0.4596551881079236,-0.7772786616525876,9209.838169184626,876.7638151894339,False,False,Neither
87,Luxembourg,LUX,2016,0.876518774,High SDI,921.53944056195,1128.4647884011129,-206.9253478391629,0.8166310992012883,-0.2025678170583124,9209.838169184626,876.7638151894339,False,False,Neither
88,Malta,MLT,2016,0.799698343,High SDI,966.34710170741,2317.8647646601507,-1351.5176629527407,0.4169126328856798,-0.874878592597945,9209.838169184626,876.7638151894339,False,False,Neither
89,Netherlands,NLD,2016,0.890059763,High SDI,809.2100074720599,976.5744112186036,-167.36440374654376,0.8286209408889789,-0.18799247704295363,9209.838169184626,876.7638151894339,False,False,Neither
90,Norway,NOR,2016,0.899412769,High SDI,1200.7016736125402,880.8571722300803,319.84450138245984,1.3631059738921174,0.3097659001630903,9209.838169184626,876.7638151894339,False,False,Neither
91,Portugal,PRT,2016,0.759410862,High SDI,913.94041954938,3177.0325432213326,-2263.092123671953,0.2876710915345852,-1.245937494757245,9209.838169184626,876.7638151894339,False,False,Neither
92,Spain,ESP,2016,0.789049218,High SDI,896.6484651641,2529.1414746664605,-1632.4930095023606,0.3545268124165923,-1.0369713014086233,9209.838169184626,876.7638151894339,False,False,Neither
93,Sweden,SWE,2016,0.88921701,High SDI,932.425353264,985.5621077305248,-53.136754466524735,0.9460848240311472,-0.05542304795514357,9209.838169184626,876.7638151894339,False,False,Neither
94,Switzerland,CHE,2016,0.934751615,High SDI,880.8476383787599,581.6536205057664,299.1940178729935,1.5143852068054433,0.4150095525117546,9209.838169184626,876.7638151894339,False,False,Neither
95,United Kingdom,GBR,2016,0.858553182,High SDI,996.93228927441,1355.4725926150395,-358.5403033406295,0.7354868661350672,-0.30722259615641684,9209.838169184626,876.7638151894339,False,False,Neither
97,Argentina,ARG,2016,0.719412212,High SDI,3996.17747026439,4185.335713758536,-189.1582434941461,0.9548045231181044,-0.04624864728726632,9209.838169184626,876.7638151894339,False,False,Neither
98,Chile,CHL,2016,0.751001928,High SDI,2232.8047945082403,3376.578479693598,-1143.773685185358,0.6612625200142993,-0.4136043621298174,9209.838169184626,876.7638151894339,False,False,Neither
99,Uruguay,URY,2016,0.703347081,High-middle SDI,4537.81544723485,4630.441686498009,-92.62623926315972,0.9799962410641624,-0.02020654297368946,9209.838169184626,876.7638151894339,False,False,Neither
101,Canada,CAN,2016,0.87266524,High SDI,631.77063365427,1174.6631988400557,-542.8925651857857,0.5378312986038248,-0.6202103393624894,9209.838169184626,876.7638151894339,False,False,Neither
102,United States of America,USA,2016,0.855607144,High SDI,1118.06188442433,1395.5681755424237,-277.5062911180937,0.801151748813537,-0.22170490065159787,9209.838169184626,876.7638151894339,False,False,Neither
105,Antigua and Barbuda,ATG,2016,0.735635709,High SDI,4666.14277601048,3758.569638177256,907.5731378332234,1.2414676925537442,0.21629430271467065,9209.838169184626,876.7638151894339,False,True,Excess-only
106,Bahamas,BHS,2016,0.795799805,High SDI,4184.16947559753,2393.879940503918,1790.2895350936124,1.747861037139879,0.5583927758694636,9209.838169184626,876.7638151894339,False,True,Excess-only
107,Barbados,BRB,2016,0.739222054,High SDI,5293.75764859373,3667.443872320358,1626.3137762733718,1.4434461256647448,0.3670333974047948,9209.838169184626,876.7638151894339,False,True,Excess-only
108,Belize,BLZ,2016,0.59696061,Low-middle SDI,4463.88251785483,8029.347050742042,-3565.464532887212,0.5559458931896953,-0.5870843038739316,9209.838169184626,876.7638151894339,False,False,Neither
109,Cuba,CUB,2016,0.670570525,Middle SDI,5051.61987160578,5601.851979638483,-550.2321080327029,0.9017767498975916,-0.10338829521086546,9209.838169184626,876.7638151894339,False,False,Neither
110,Dominica,DMA,2016,0.733355996,High SDI,4546.39928958,3817.1091129562537,729.2901766237464,1.1910582472343658,0.1748421953354536,9209.838169184626,876.7638151894339,False,False,Neither
111,Dominican Republic,DOM,2016,0.613835311,Low-middle SDI,5968.04496845397,7448.518407077674,-1480.4734386237042,0.8012392052066435,-0.22159574327901796,9209.838169184626,876.7638151894339,False,False,Neither
112,Grenada,GRD,2016,0.646468762,Middle SDI,4874.81579202825,6363.799238449393,-1488.9834464211426,0.7660228755450259,-0.2665432460516512,9209.838169184626,876.7638151894339,False,False,Neither
113,Guyana,GUY,2016,0.620636693,Low-middle SDI,4635.55388815576,7217.993154596885,-2582.4392664411243,0.642221984541997,-0.4428212647423179,9209.838169184626,876.7638151894339,False,False,Neither
114,Haiti,HTI,2016,0.448154361,Low SDI,11356.37938481928,13296.859793836227,-1940.480409016949,0.8540647612215585,-0.15774825525660013,9209.838169184626,876.7638151894339,True,False,Structural high
115,Jamaica,JAM,2016,0.672967851,Middle SDI,4260.16857022783,5528.139969783206,-1267.9713995553757,0.7706332678828497,-0.2605426763193301,9209.838169184626,876.7638151894339,False,False,Neither
116,Saint Lucia,LCA,2016,0.680920756,High-middle SDI,5038.24678713195,5286.492306919023,-248.24551978707223,0.9530415433571774,-0.048096784087934163,9209.838169184626,876.7638151894339,False,False,Neither
117,Saint Vincent and the Grenadines,VCT,2016,0.615865075,Low-middle SDI,4090.41094507777,7379.495282220494,-3289.084337142724,0.5542941337645199,-0.5900598057541445,9209.838169184626,876.7638151894339,False,False,Neither
118,Suriname,SUR,2016,0.639681363,Middle SDI,3899.42229734331,6584.747297887057,-2685.325000543747,0.5921901207347128,-0.5239275457660015,9209.838169184626,876.7638151894339,False,False,Neither
119,Trinidad and Tobago,TTO,2016,0.758216438,High SDI,3648.17443685477,3204.960216162672,443.2142206920989,1.1382900849929312,0.12952721094733774,9209.838169184626,876.7638151894339,False,False,Neither
121,Bolivia (Plurinational State of),BOL,2016,0.594225464,Low-middle SDI,10199.98446747552,8124.5797519628895,2075.404715512631,1.2554476390008007,0.22749219344975583,9209.838169184626,876.7638151894339,True,True,Double-high
122,Ecuador,ECU,2016,0.647775471,Middle SDI,6035.37638516082,6321.567317575077,-286.1909324142571,0.9547278518068462,-0.04632895104362701,9209.838169184626,876.7638151894339,False,False,Neither
123,Peru,PER,2016,0.654371424,Middle SDI,10383.46638519445,6109.94599963505,4273.5203855594,1.699436686644147,0.53029683535249,9209.838169184626,876.7638151894339,True,True,Double-high
125,Colombia,COL,2016,0.650173707,Middle SDI,4687.78911654528,6244.320561889124,-1556.531445343844,0.7507284531733043,-0.28671127293242094,9209.838169184626,876.7638151894339,False,False,Neither
126,Costa Rica,CRI,2016,0.667637277,Middle SDI,3257.59114941167,5692.576157209623,-2434.9850077979527,0.5722525372429045,-0.558174886357797,9209.838169184626,876.7638151894339,False,False,Neither
127,El Salvador,SLV,2016,0.567584426,Low-middle SDI,3725.17429444253,9064.566276732929,-5339.391982290399,0.4109600151531095,-0.8892593559506572,9209.838169184626,876.7638151894339,False,False,Neither
128,Guatemala,GTM,2016,0.506348538,Low SDI,6566.92374387247,11261.269754825811,-4694.346010953341,0.5831423886332476,-0.5393238880896554,9209.838169184626,876.7638151894339,False,False,Neither
129,Honduras,HND,2016,0.48707974,Low SDI,4307.70512292445,11946.408500976828,-7638.703378052378,0.3605857879857548,-1.0200253811200621,9209.838169184626,876.7638151894339,False,False,Neither
130,Mexico,MEX,2016,0.653098219,Middle SDI,1802.1631144628104,6150.589597516646,-4348.426483053836,0.2930065623611839,-1.2275602730787356,9209.838169184626,876.7638151894339,False,False,Neither
131,Nicaragua,NIC,2016,0.504064265,Low SDI,3752.92141936266,11342.879403119485,-7589.957983756823,0.3308614405554328,-1.1060555998399693,9209.838169184626,876.7638151894339,False,False,Neither
132,Panama,PAN,2016,0.653807213,Middle SDI,3858.78584474153,6127.944614041472,-2269.158769299942,0.6297031203414554,-0.46250680821711404,9209.838169184626,876.7638151894339,False,False,Neither
133,Venezuela (Bolivarian Republic of),VEN,2016,0.62713895,Low-middle SDI,3412.5791734249,6999.690251879897,-3587.111078454997,0.4875328836884444,-0.7183975370992491,9209.838169184626,876.7638151894339,False,False,Neither
135,Brazil,BRA,2016,0.657727527,Middle SDI,7168.664800728081,6003.292828249221,1165.3719724788598,1.1941221269425777,0.17741129361127744,9209.838169184626,876.7638151894339,False,True,Excess-only
136,Paraguay,PRY,2016,0.637349083,Middle SDI,5499.64698294126,6661.267532821364,-1161.6205498801037,0.8256156888825479,-0.19162588142843154,9209.838169184626,876.7638151894339,False,False,Neither
139,Algeria,DZA,2016,0.621199067,Low-middle SDI,8501.95956719564,7199.030337778651,1302.9292294169882,1.1809867674233223,0.16635033259980544,9209.838169184626,876.7638151894339,False,True,Excess-only
140,Bahrain,BHR,2016,0.73868536,High SDI,6490.22258273967,3681.005230301315,2809.2173524383547,1.7631658138688386,0.5671109511024918,9209.838169184626,876.7638151894339,False,True,Excess-only
141,Egypt,EGY,2016,0.611266684,Low-middle SDI,12950.51122078014,7536.135395450307,5414.375825329832,1.7184552215713351,0.5414257602742549,9209.838169184626,876.7638151894339,True,True,Double-high
142,Iran (Islamic Republic of),IRN,2016,0.674374146,Middle SDI,4056.7477776809,5485.084876008474,-1428.3370983275736,0.7395961720528594,-0.3016509551817778,9209.838169184626,876.7638151894339,False,False,Neither
143,Iraq,IRQ,2016,0.591554941,Low-middle SDI,9645.86177434871,8217.825453615313,1428.0363207333976,1.1737730168149476,0.1602233609880671,9209.838169184626,876.7638151894339,True,True,Double-high
144,Jordan,JOR,2016,0.686490321,High-middle SDI,8535.683672751771,5119.982741978839,3415.700930772932,1.6671313367460272,0.5111043869555384,9209.838169184626,876.7638151894339,False,True,Excess-only
145,Kuwait,KWT,2016,0.839753211,High SDI,9080.85483985574,1625.6473955887757,7455.207444266964,5.5859929185731225,1.7202621998123933,9209.838169184626,876.7638151894339,False,True,Excess-only
146,Lebanon,LBN,2016,0.701140918,High-middle SDI,7871.32007910446,4693.236974078065,3178.083105026395,1.6771622917359068,0.517103253194989,9209.838169184626,876.7638151894339,False,True,Excess-only
147,Libya,LBY,2016,0.751898256,High SDI,8122.15960422794,3354.984555937632,4767.175048290308,2.420923097798882,0.884148912808243,9209.838169184626,876.7638151894339,False,True,Excess-only
148,Morocco,MAR,2016,0.557970929,Low-middle SDI,8455.69903394232,9407.91797527044,-952.2189413281212,0.8987853695332895,-0.10671101658127399,9209.838169184626,876.7638151894339,False,False,Neither
149,Palestine,PSE,2016,0.586731088,Low-middle SDI,10171.16209669935,8386.880465915687,1784.2816307836638,1.212746758229713,0.19288783506578638,9209.838169184626,876.7638151894339,True,True,Double-high
150,Oman,OMN,2016,0.744820693,High SDI,6704.87179584238,3527.574939162472,3177.296856679908,1.9007028657013512,0.6422237470819158,9209.838169184626,876.7638151894339,False,True,Excess-only
151,Qatar,QAT,2016,0.82355344,High SDI,6735.39902902056,1886.217852122598,4849.181176897962,3.570848945916339,1.2728033674981805,9209.838169184626,876.7638151894339,False,True,Excess-only
152,Saudi Arabia,SAU,2016,0.793832941,High SDI,7132.2448144728005,2432.8144173716946,4699.430397101106,2.931684703750713,1.0755772420041496,9209.838169184626,876.7638151894339,False,True,Excess-only
153,Syrian Arab Republic,SYR,2016,0.54851107,Low-middle SDI,10394.20828396937,9747.097453546805,647.1108304225672,1.0663901057218932,0.0642792116340426,9209.838169184626,876.7638151894339,True,False,Structural high
154,Tunisia,TUN,2016,0.652960904,Middle SDI,9274.32983384908,6154.978940592289,3119.350893256791,1.5068012292754682,0.4099890126540173,9209.838169184626,876.7638151894339,True,True,Double-high
155,Türkiye,TUR,2016,0.671189869,Middle SDI,6397.9159453409,5582.770775439035,815.1451699018653,1.1460108613966442,0.1362870959061379,9209.838169184626,876.7638151894339,False,False,Neither
156,United Arab Emirates,ARE,2016,0.83663206,High SDI,6511.14361706573,1673.8276296323309,4837.315987433399,3.889972600402081,1.3584021140071119,9209.838169184626,876.7638151894339,False,True,Excess-only
157,Yemen,YEM,2016,0.433893742,Low SDI,15531.48596285483,13776.001295910984,1755.4846669438448,1.127430640374933,0.11994127420531442,9209.838169184626,876.7638151894339,True,True,Double-high
160,Afghanistan,AFG,2016,0.296510682,Low SDI,18222.88597574518,17759.89202904213,462.993946703049,1.0260696374699765,0.025735617223079883,9209.838169184626,876.7638151894339,True,False,Structural high
161,Bangladesh,BGD,2016,0.452532624,Low SDI,13406.27777634919,13147.869751558694,258.4080247904967,1.0196539842326824,0.019463338599850038,9209.838169184626,876.7638151894339,True,False,Structural high
162,Bhutan,BTN,2016,0.479913902,Low SDI,8465.38925011423,12198.899280434678,-3733.510030320447,0.6939469746825049,-0.3653597267509917,9209.838169184626,876.7638151894339,False,False,Neither
163,India,IND,2016,0.54366211,Low-middle SDI,9572.52085601056,9921.292267704222,-348.77141169366223,0.9648461710145378,-0.035786598625090926,9209.838169184626,876.7638151894339,True,False,Structural high
164,Nepal,NPL,2016,0.418699283,Low SDI,12796.84295565328,14275.207301900811,-1478.3643462475338,0.8964383273053638,-0.10932578104687748,9209.838169184626,876.7638151894339,True,False,Structural high
165,Pakistan,PAK,2016,0.467840974,Low SDI,21483.47895278551,12620.6961303549,8862.78282243061,1.7022419944898384,0.5319462024706813,9209.838169184626,876.7638151894339,True,True,Double-high
168,Angola,AGO,2016,0.450158079,Low SDI,9348.25556878244,13228.778909539637,-3880.523340757196,0.7066605037930717,-0.34720492106975726,9209.838169184626,876.7638151894339,True,False,Structural high
169,Central African Republic,CAF,2016,0.240764537,Low SDI,18143.70134244952,19017.457154787924,-873.7558123384042,0.9540550660781468,-0.04703388794373901,9209.838169184626,876.7638151894339,True,False,Structural high
170,Congo,COG,2016,0.543822712,Low-middle SDI,9562.56439105472,9915.520193355873,-352.9558023011523,0.9644037029406024,-0.03624529305100923,9209.838169184626,876.7638151894339,True,False,Structural high
171,Democratic Republic of the Congo,COD,2016,0.340491443,Low SDI,15125.79999397271,16622.219077208898,-1496.4190832361874,0.9099747707399692,-0.09433840431714358,9209.838169184626,876.7638151894339,True,False,Structural high
172,Equatorial Guinea,GNQ,2016,0.601493035,Low-middle SDI,6989.28247570754,7872.16874773154,-882.8862720240004,0.887847135863492,-0.1189556951063667,9209.838169184626,876.7638151894339,False,False,Neither
173,Gabon,GAB,2016,0.583903562,Low-middle SDI,8392.59131703776,8486.323129680679,-93.73181264291816,0.9889549559673148,-0.01110649342462439,9209.838169184626,876.7638151894339,False,False,Neither
175,Burundi,BDI,2016,0.279484823,Low SDI,18584.01896114549,18164.87324737965,419.1457137658399,1.0230745190488078,0.02281232796149332,9209.838169184626,876.7638151894339,True,False,Structural high
176,Comoros,COM,2016,0.444819858,Low SDI,13348.614604054,13409.75616767632,-61.141563622319154,0.9954405163779414,-0.004569909771484473,9209.838169184626,876.7638151894339,True,False,Structural high
177,Djibouti,DJI,2016,0.43938894,Low SDI,12540.191196234013,13592.523662866157,-1052.3324666321423,0.922580052627972,-0.08058112891593952,9209.838169184626,876.7638151894339,True,False,Structural high
178,Eritrea,ERI,2016,0.384379322,Low SDI,16400.87446770916,15353.898101647128,1046.976366062032,1.068189612770044,0.06596526482649187,9209.838169184626,876.7638151894339,True,True,Double-high
179,Ethiopia,ETH,2016,0.323925796,Low SDI,14313.70572861743,17066.480166907168,-2752.774438289738,0.8387028601464339,-0.1758987947836431,9209.838169184626,876.7638151894339,True,False,Structural high
180,Kenya,KEN,2016,0.486798436,Low SDI,18771.80105749651,11956.347237407228,6815.45382008928,1.5700280934269046,0.45109351310260976,9209.838169184626,876.7638151894339,True,True,Double-high
181,Madagascar,MDG,2016,0.331030002,Low SDI,15443.814256182812,16878.30090841374,-1434.4866522309294,0.9150100084116972,-0.08882027561157657,9209.838169184626,876.7638151894339,True,False,Structural high
182,Malawi,MWI,2016,0.354591107,Low SDI,14481.2258656564,16229.056942400774,-1747.8310767443727,0.8923023634122628,-0.11395023140503184,9209.838169184626,876.7638151894339,True,False,Structural high
183,Mauritius,MUS,2016,0.709665685,High-middle SDI,9049.6431449118,4452.7929506251385,4596.850194286662,2.032352109172581,0.7091937967777519,9209.838169184626,876.7638151894339,False,True,Excess-only
184,Mozambique,MOZ,2016,0.293906448,Low SDI,9492.95894775936,17823.08859503232,-8330.129647272961,0.5326214307437854,-0.6299443684400218,9209.838169184626,876.7638151894339,True,False,Structural high
185,Rwanda,RWA,2016,0.405643378,Low SDI,14283.79322825208,14693.92474020646,-410.1315119543815,0.9720883617409476,-0.02830857151260912,9209.838169184626,876.7638151894339,True,False,Structural high
186,Seychelles,SYC,2016,0.71905827,High SDI,10809.8462185193,4194.905891350992,6614.940327168309,2.576898385445765,0.9465864995562635,9209.838169184626,876.7638151894339,True,True,Double-high
187,Somalia,SOM,2016,0.177547241,Low SDI,13327.526460986312,20239.51344396653,-6911.9869829802265,0.658490457188302,-0.4178052496451865,9209.838169184626,876.7638151894339,True,False,Structural high
189,United Republic of Tanzania,TZA,2016,0.403094952,Low SDI,15970.73665055884,14774.490105411756,1196.2465451470837,1.0809670273973726,0.07785603624680122,9209.838169184626,876.7638151894339,True,True,Double-high
190,Uganda,UGA,2016,0.383314016,Low SDI,12450.26932205426,15386.210881723153,-2935.9415596688923,0.8091835876787302,-0.2117294560510166,9209.838169184626,876.7638151894339,True,False,Structural high
191,Zambia,ZMB,2016,0.445062876,Low SDI,8637.62368012021,13401.545486546624,-4763.921806426415,0.6445244459895494,-0.43924252716000756,9209.838169184626,876.7638151894339,False,False,Neither
193,Botswana,BWA,2016,0.652559717,Middle SDI,8335.42391065138,6167.809679254541,2167.6142313968385,1.3514398699245893,0.30117059438284116,9209.838169184626,876.7638151894339,False,True,Excess-only
194,Lesotho,LSO,2016,0.485717356,Low SDI,18579.74170939863,11994.523100882549,6585.218608516083,1.549018794088741,0.43762169440744114,9209.838169184626,876.7638151894339,True,True,Double-high
195,Namibia,NAM,2016,0.592422807,Low-middle SDI,10938.01424405247,8187.49467638651,2750.5195676659605,1.3359415396749768,0.2896363164287458,9209.838169184626,876.7638151894339,True,True,Double-high
196,South Africa,ZAF,2016,0.675796356,Middle SDI,11818.64522414234,5441.683163870343,6376.962060271996,2.171873089306516,0.7755899700268706,9209.838169184626,876.7638151894339,True,True,Double-high
197,Eswatini,SWZ,2016,0.571025886,Low-middle SDI,10661.36547048947,8942.082709811399,1719.282760678072,1.1922687159660967,0.1758579760944533,9209.838169184626,876.7638151894339,True,True,Double-high
198,Zimbabwe,ZWE,2016,0.46428433,Low SDI,11182.48040942942,12743.99123879241,-1561.510829362991,0.8774708174147368,-0.13071158070254857,9209.838169184626,876.7638151894339,True,False,Structural high
200,Benin,BEN,2016,0.345635065,Low SDI,10245.41807780888,16480.38775419381,-6234.96967638493,0.6216733629463117,-0.4753404641349354,9209.838169184626,876.7638151894339,True,False,Structural high
201,Burkina Faso,BFA,2016,0.264137521,Low SDI,9588.97357045388,18513.777571933904,-8924.804001480024,0.5179371704773181,-0.6579013365940158,9209.838169184626,876.7638151894339,True,False,Structural high
202,Cameroon,CMR,2016,0.435714697,Low SDI,10264.200889636051,13715.367781980804,-3451.1668923447523,0.7483722677215494,-0.2898547406916078,9209.838169184626,876.7638151894339,True,False,Structural high
203,Cabo Verde,CPV,2016,0.512754227,Low SDI,5884.51715206888,11031.99057551928,-5147.473423450399,0.5334048385725614,-0.6284745960857123,9209.838169184626,876.7638151894339,False,False,Neither
204,Chad,TCD,2016,0.215360621,Low SDI,17389.55766700871,19530.53529888328,-2140.977631874572,0.8903779338809527,-0.11610926158198341,9209.838169184626,876.7638151894339,True,False,Structural high
205,Côte d'Ivoire,CIV,2016,0.398191431,Low SDI,10150.62432491241,14928.403483977574,-4777.779159065163,0.6799537764240443,-0.3857304589694409,9209.838169184626,876.7638151894339,True,False,Structural high
206,Gambia,GMB,2016,0.390649541,Low SDI,10081.11147776295,15162.232593011491,-5081.121115248541,0.6648830517485592,-0.4081441158240651,9209.838169184626,876.7638151894339,True,False,Structural high
207,Ghana,GHA,2016,0.527494396,Low SDI,8925.88462876189,10502.71174896651,-1576.82712020462,0.8498647627495077,-0.16267804480358178,9209.838169184626,876.7638151894339,False,False,Neither
208,Guinea,GIN,2016,0.302810866,Low SDI,13744.07030494681,17605.107662312843,-3861.0373573660327,0.7806865239664887,-0.24758158747984557,9209.838169184626,876.7638151894339,True,False,Structural high
209,Guinea-Bissau,GNB,2016,0.329417015,Low SDI,11121.19481509642,16921.335102591675,-5800.140287495255,0.6572291576090291,-0.41972252738652416,9209.838169184626,876.7638151894339,True,False,Structural high
210,Liberia,LBR,2016,0.338000289,Low SDI,12543.84815886275,16690.249231992824,-4146.401073130075,0.7515674562137744,-0.28559431172330607,9209.838169184626,876.7638151894339,True,False,Structural high
211,Mali,MLI,2016,0.240649373,Low SDI,8582.16111972985,19019.8605213192,-10437.699401589352,0.4512210334092711,-0.795797963286246,9209.838169184626,876.7638151894339,False,False,Neither
212,Mauritania,MRT,2016,0.463767141,Low SDI,10527.96528959897,12761.88090938818,-2233.915619789212,0.8249540459082447,-0.1924275961282665,9209.838169184626,876.7638151894339,True,False,Structural high
213,Niger,NER,2016,0.166742671,Low SDI,13782.54558549609,20432.62611520872,-6650.080529712624,0.6745361808992952,-0.3937299637065445,9209.838169184626,876.7638151894339,True,False,Structural high
214,Nigeria,NGA,2016,0.455235452,Low SDI,12974.85601014988,13055.480020095663,-80.62400994578275,0.9938245081895356,-0.0061946390297135286,9209.838169184626,876.7638151894339,True,False,Structural high
215,Sao Tome and Principe,STP,2016,0.465761749,Low SDI,9525.46572023882,12692.83161287889,-3167.365892640069,0.7504602606225175,-0.28706857984683537,9209.838169184626,876.7638151894339,True,False,Structural high
216,Senegal,SEN,2016,0.367605948,Low SDI,11698.84570216936,15854.015204007792,-4155.169501838433,0.7379105893131708,-0.3039326144134253,9209.838169184626,876.7638151894339,True,False,Structural high
217,Sierra Leone,SLE,2016,0.336802055,Low SDI,14416.736080139712,16722.817486320844,-2306.0814061811325,0.862099708493052,-0.14838434390220173,9209.838169184626,876.7638151894339,True,False,Structural high
218,Togo,TGO,2016,0.405711083,Low SDI,11811.93855856727,14691.77902989149,-2879.84047132422,0.8039828624249673,-0.21817732542217858,9209.838169184626,876.7638151894339,True,False,Structural high
298,American Samoa,ASM,2016,0.695744506,High-middle SDI,6665.726272962651,4848.479788795805,1817.246484166846,1.374807478493829,0.318313705674578,9209.838169184626,876.7638151894339,False,True,Excess-only
305,Bermuda,BMU,2016,0.809797254,High SDI,4058.07168993191,2128.1099762382573,1929.9617136936529,1.9068900269454776,0.6454736568617994,9209.838169184626,876.7638151894339,False,True,Excess-only
320,Cook Islands,COK,2016,0.755408327,High SDI,6378.672453249459,3271.1632647144897,3107.5091885349693,1.9499706792550435,0.6678143361831446,9209.838169184626,876.7638151894339,False,True,Excess-only
349,Greenland,GRL,2016,0.835118875,High SDI,892.17608802623,1697.5318521098673,-805.3557640836373,0.5255725168970125,-0.6432671021875824,9209.838169184626,876.7638151894339,False,False,Neither
351,Guam,GUM,2016,0.772066982,High SDI,7114.56080437418,2889.691767582276,4224.869036791904,2.4620483347698827,0.9009936598887553,9209.838169184626,876.7638151894339,False,True,Excess-only
367,Monaco,MCO,2016,0.910651701,High SDI,869.73437326203,775.3327649705334,94.4016082914966,1.1217562478416403,0.11489553558578182,9209.838169184626,876.7638151894339,False,False,Neither
369,Nauru,NRU,2016,0.584453246,Low-middle SDI,12317.95232942535,8466.971638575491,3850.98069084986,1.4548238561831015,0.37488483225243446,9209.838169184626,876.7638151894339,True,True,Double-high
374,Niue,NIU,2016,0.71597921,High-middle SDI,8811.41227121623,4278.61672918988,4532.79554202635,2.0594067730120327,0.722417967062935,9209.838169184626,876.7638151894339,False,True,Excess-only
376,Northern Mariana Islands,MNP,2016,0.772025868,High SDI,6092.95807388963,2890.599625925257,3202.358447964373,2.107852647334141,0.7456697265917364,9209.838169184626,876.7638151894339,False,True,Excess-only
380,Palau,PLW,2016,0.74514266,High SDI,6782.378327373171,3519.6206183138643,3262.7577090593063,1.9270197168643668,0.6559746212762859,9209.838169184626,876.7638151894339,False,True,Excess-only
385,Puerto Rico,PRI,2016,0.819676465,High SDI,3819.78589161052,1952.4624532248745,1867.3234383856457,1.9563940322137283,0.6711029992867382,9209.838169184626,876.7638151894339,False,True,Excess-only
393,Saint Kitts and Nevis,KNA,2016,0.734674698,High SDI,4777.47451276825,3783.188977029607,994.2855357386428,1.2628167775323007,0.2333447635908734,9209.838169184626,876.7638151894339,False,True,Excess-only
396,San Marino,SMR,2016,0.867880192,High SDI,900.43333198104,1233.9073413068568,-333.4740093258167,0.7297414496516185,-0.3150649861351666,9209.838169184626,876.7638151894339,False,False,Neither
416,Tuvalu,TUV,2016,0.575481276,Low-middle SDI,8232.30235061488,8783.91217199546,-551.6098213805799,0.9372022612954622,-0.06485615953081166,9209.838169184626,876.7638151894339,False,False,Neither
422,United States Virgin Islands,VIR,2016,0.804125642,High SDI,3543.52397897212,2233.406069499271,1310.117909472849,1.5866008547951056,0.4615939006446684,9209.838169184626,876.7638151894339,False,True,Excess-only
435,South Sudan,SSD,2016,0.370757365,Low SDI,13678.697404976132,15761.476672119705,-2082.7792671435727,0.8678563366573528,-0.14172908878362317,9209.838169184626,876.7638151894339,True,False,Structural high
522,Sudan,SDN,2016,0.522674108,Low SDI,11933.429949983649,10675.977998442197,1257.451951541454,1.1177833030121398,0.11134753037576707,9209.838169184626,876.7638151894339,True,True,Double-high
6,China,CHN,2017,0.67807348,High-middle SDI,5401.9470323034,4951.897158439336,450.04987386406447,1.0908843337138092,0.08698868263644,8228.993950308857,648.137928511998,False,False,Neither
7,Democratic People's Republic of Korea,PRK,2017,0.56618649,Low-middle SDI,8962.93664731971,8400.858333870361,562.0783134493486,1.0669072481776267,0.06476404087260905,8228.993950308857,648.137928511998,True,False,Structural high
8,Taiwan,TWN,2017,0.856647578,High SDI,7011.24138718358,1273.1759514350365,5738.065435748544,5.506891156152447,1.706000245449548,8228.993950308857,648.137928511998,False,True,Excess-only
10,Cambodia,KHM,2017,0.467955251,Low SDI,12193.53231795657,11629.010249597128,564.5220683594416,1.0485442919253596,0.047402813601011715,8228.993950308857,648.137928511998,True,False,Structural high
11,Indonesia,IDN,2017,0.635277667,Middle SDI,8375.46338737824,6202.652858928284,2172.810528449956,1.3503034230462128,0.3003293250080945,8228.993950308857,648.137928511998,True,True,Double-high
12,Lao People's Democratic Republic,LAO,2017,0.482890683,Low SDI,9540.88907069337,11147.379635284306,-1606.4905645909348,0.8558862605247621,-0.15561778488755895,8228.993950308857,648.137928511998,True,False,Structural high
13,Malaysia,MYS,2017,0.745784581,High SDI,6504.47556489971,3229.4920895952305,3274.98347530448,2.0140862353729903,0.7001656113404776,8228.993950308857,648.137928511998,False,True,Excess-only
14,Maldives,MDV,2017,0.632289349,Middle SDI,6102.47414151728,6293.728328901914,-191.25418738463395,0.9696119410641922,-0.03085934828892798,8228.993950308857,648.137928511998,False,False,Neither
15,Myanmar,MMR,2017,0.506285898,Low SDI,9793.924838792049,10381.730582364622,-587.8057435725732,0.9433807553654808,-0.058285307571036296,8228.993950308857,648.137928511998,True,False,Structural high
16,Philippines,PHL,2017,0.627811332,Low-middle SDI,8823.5187084876,6431.014641450098,2392.504067037502,1.3720259088848892,0.3162884131522796,8228.993950308857,648.137928511998,True,True,Double-high
17,Sri Lanka,LKA,2017,0.704709785,High-middle SDI,6551.070684732339,4232.372560082876,2318.698124649464,1.5478483029868382,0.4368657748791253,8228.993950308857,648.137928511998,False,True,Excess-only
18,Thailand,THA,2017,0.658824844,Middle SDI,8691.854562347951,5501.317111689888,3190.537450658063,1.5799588327454182,0.4573987914750133,8228.993950308857,648.137928511998,True,True,Double-high
19,Timor-Leste,TLS,2017,0.449344849,Low SDI,12442.56938806908,12218.634983928994,223.93440414008543,1.0183272848754892,0.01816136437200526,8228.993950308857,648.137928511998,True,False,Structural high
20,Viet Nam,VNM,2017,0.608381036,Low-middle SDI,6701.65653885244,7037.208922999091,-335.5523841466511,0.9523174048378762,-0.04885689131586852,8228.993950308857,648.137928511998,False,False,Neither
22,Fiji,FJI,2017,0.663843332,Middle SDI,7303.725633659271,5355.87266135699,1947.8529723022807,1.3636854524858633,0.3101909261455425,8228.993950308857,648.137928511998,False,True,Excess-only
23,Kiribati,KIR,2017,0.517010979,Low SDI,8200.33959256319,10027.63473281985,-1827.29514025666,0.8177740624839444,-0.2011691877639749,8228.993950308857,648.137928511998,False,False,Neither
24,Marshall Islands,MHL,2017,0.560487409,Low-middle SDI,9631.3593759254,8588.42565819206,1042.93371773334,1.1214347959964628,0.11460893329369361,8228.993950308857,648.137928511998,True,True,Double-high
25,Micronesia (Federated States of),FSM,2017,0.575303614,Low-middle SDI,5781.67936374506,8102.057240036765,-2320.3778762917045,0.7136063338548846,-0.33742382183800873,8228.993950308857,648.137928511998,False,False,Neither
26,Papua New Guinea,PNG,2017,0.427998301,Low SDI,9978.328811393509,12877.396730078912,-2899.067918685403,0.7748715847269203,-0.25505796048463,8228.993950308857,648.137928511998,True,False,Structural high
27,Samoa,WSM,2017,0.587507325,Low-middle SDI,7427.24834879136,7705.180805582224,-277.9324567908643,0.9639291453628824,-0.03673748773380772,8228.993950308857,648.137928511998,False,False,Neither
28,Solomon Islands,SLB,2017,0.440401574,Low SDI,9762.15267697223,12497.103105981982,-2734.950429009752,0.7811532476113913,-0.2469839286581296,8228.993950308857,648.137928511998,True,False,Structural high
29,Tonga,TON,2017,0.611634137,Low-middle SDI,7969.79683180839,6934.589796593914,1035.2070352144765,1.1492816540818236,0.1391370985764243,8228.993950308857,648.137928511998,False,True,Excess-only
30,Vanuatu,VUT,2017,0.456983232,Low SDI,9103.34293434627,11978.197948025592,-2874.855013679322,0.7599926945477475,-0.27444645818513436,8228.993950308857,648.137928511998,True,False,Structural high
33,Armenia,ARM,2017,0.688151587,High-middle SDI,4668.151733005399,4673.791917726239,-5.640184720839898,0.998793231530174,-0.0012074972012283015,8228.993950308857,648.137928511998,False,False,Neither
34,Azerbaijan,AZE,2017,0.684225454,High-middle SDI,5615.11353982658,4781.314257900553,833.7992819260271,1.174387048612894,0.16074635072882845,8228.993950308857,648.137928511998,False,True,Excess-only
35,Georgia,GEO,2017,0.713386027,High-middle SDI,4767.24213835287,4009.222853141136,758.0192852117339,1.189068882668331,0.17317054930924086,8228.993950308857,648.137928511998,False,True,Excess-only
36,Kazakhstan,KAZ,2017,0.713433959,High-middle SDI,4055.86867907123,4008.006209559751,47.86246951147905,1.0119417154088532,0.011870975737193654,8228.993950308857,648.137928511998,False,False,Neither
37,Kyrgyzstan,KGZ,2017,0.58872252,Low-middle SDI,4994.00870574926,7665.888785594026,-2671.880079844765,0.6514585386542726,-0.42854152426693753,8228.993950308857,648.137928511998,False,False,Neither
38,Mongolia,MNG,2017,0.628286541,Low-middle SDI,5236.749040249731,6416.4005356449325,-1179.651495395202,0.8161505833618239,-0.20315640260954457,8228.993950308857,648.137928511998,False,False,Neither
39,Tajikistan,TJK,2017,0.522361137,Low SDI,5715.31255244125,9850.560179302924,-4135.247626861674,0.5802017802449175,-0.5443793389697966,8228.993950308857,648.137928511998,False,False,Neither
40,Turkmenistan,TKM,2017,0.663933333,Middle SDI,6344.757094634359,5353.278029597236,991.4790650371232,1.1852097088093363,0.16991972838920247,8228.993950308857,648.137928511998,False,True,Excess-only
41,Uzbekistan,UZB,2017,0.63218618,Middle SDI,6035.465720705191,6296.880430086106,-261.41470938091425,0.9584850447323264,-0.0424013194013379,8228.993950308857,648.137928511998,False,False,Neither
43,Albania,ALB,2017,0.676698935,High-middle SDI,4184.99846747636,4990.354357629607,-805.355890153247,0.8386174943825458,-0.1760005830481583,8228.993950308857,648.137928511998,False,False,Neither
44,Bosnia and Herzegovina,BIH,2017,0.687342217,High-middle SDI,4272.1670371167,4695.870590343176,-423.7035532264754,0.9097710328521827,-0.09456232338126297,8228.993950308857,648.137928511998,False,False,Neither
45,Bulgaria,BGR,2017,0.750554649,High SDI,4428.10214391442,3122.1972240769105,1305.9049198375092,1.4182647110717372,0.3494340898636659,8228.993950308857,648.137928511998,False,True,Excess-only
46,Croatia,HRV,2017,0.761000021,High SDI,3377.74148156177,2894.26441249198,483.4770690697901,1.167046613634555,0.15447629563829424,8228.993950308857,648.137928511998,False,False,Neither
47,Czechia,CZE,2017,0.812714796,High SDI,3394.47811168423,1912.7515536333085,1481.7265580509215,1.7746570929383658,0.5736072171873751,8228.993950308857,648.137928511998,False,True,Excess-only
48,Hungary,HUN,2017,0.772732591,High SDI,3659.99241902988,2649.9430509815,1010.0493680483796,1.3811588961031718,0.32292292653626525,8228.993950308857,648.137928511998,False,True,Excess-only
49,North Macedonia,MKD,2017,0.735906209,High SDI,3644.0435653314703,3457.952049299879,186.09151603159123,1.0538155282023849,0.052417414120414646,8228.993950308857,648.137928511998,False,False,Neither
50,Montenegro,MNE,2017,0.764564436,High SDI,3933.73413260412,2818.718250325365,1115.0158822787553,1.3955755003715071,0.33330687526918956,8228.993950308857,648.137928511998,False,True,Excess-only
51,Poland,POL,2017,0.814086742,High SDI,7414.66039881784,1890.09831854162,5524.5620802762205,3.922896669491201,1.3668303272147546,8228.993950308857,648.137928511998,False,True,Excess-only
52,Romania,ROU,2017,0.733750814,High SDI,4380.53150716892,3508.90588499536,871.6256221735603,1.2484038189513065,0.22186579048647165,8228.993950308857,648.137928511998,False,True,Excess-only
53,Serbia,SRB,2017,0.760297133,High SDI,2976.65955051051,2909.296857538132,67.36269297237823,1.023154286506665,0.022890293297218284,8228.993950308857,648.137928511998,False,False,Neither
54,Slovakia,SVK,2017,0.79811169,High SDI,4174.52667603105,2164.751798800517,2009.774877230532,1.9284089189089213,0.6566952685691892,8228.993950308857,648.137928511998,False,True,Excess-only
55,Slovenia,SVN,2017,0.825990342,High SDI,3576.23588328976,1700.885326402683,1875.350556887077,2.1025731880781064,0.74316192228437,8228.993950308857,648.137928511998,False,True,Excess-only
57,Belarus,BLR,2017,0.783824041,High SDI,3080.74691475006,2430.5552992459243,650.1916155041358,1.2675074357311915,0.23705232292058256,8228.993950308857,648.137928511998,False,True,Excess-only
58,Estonia,EST,2017,0.831041448,High SDI,2809.5011174494302,1624.551446895935,1184.9496705534953,1.7294011358135837,0.5477751843114015,8228.993950308857,648.137928511998,False,True,Excess-only
59,Latvia,LVA,2017,0.822036946,High SDI,2885.41445974294,1762.270482291041,1123.143977451899,1.637327804521673,0.49306552545381127,8228.993950308857,648.137928511998,False,True,Excess-only
60,Lithuania,LTU,2017,0.824019442,High SDI,3003.97009618007,1731.3074075045863,1272.6626886754837,1.7350876471497525,0.5510579292120719,8228.993950308857,648.137928511998,False,True,Excess-only
61,Republic of Moldova,MDA,2017,0.699094024,High-middle SDI,3600.09814251658,4379.844453367839,-779.7463108512593,0.821969405728169,-0.19605210392740963,8228.993950308857,648.137928511998,False,False,Neither
62,Russian Federation,RUS,2017,0.802847486,High SDI,1923.37809301996,2080.8473849136108,-157.46929189365073,0.9243244396319876,-0.07869214382761597,8228.993950308857,648.137928511998,False,False,Neither
63,Ukraine,UKR,2017,0.751193345,High SDI,1838.78967378971,3107.9822437403905,-1269.1925699506803,0.5916345492298456,-0.5248661502059158,8228.993950308857,648.137928511998,False,False,Neither
66,Brunei Darussalam,BRN,2017,0.816313415,High SDI,2087.3714934320697,1853.704841370352,233.6666520617177,1.1260538608125874,0.11871936233245949,8228.993950308857,648.137928511998,False,False,Neither
67,Japan,JPN,2017,0.861346609,High SDI,1600.65939774064,1215.0132947981288,385.6461029425113,1.317400726883886,0.2756606489807069,8228.993950308857,648.137928511998,False,False,Neither
68,Republic of Korea,KOR,2017,0.871362698,High SDI,1397.63036850465,1097.376589732804,300.2537787718461,1.2736105194707623,0.24185579570857751,8228.993950308857,648.137928511998,False,False,Neither
69,Singapore,SGP,2017,0.859035281,High SDI,3655.51949968528,1243.3820497566485,2412.137449928632,2.939980917691976,1.0784030907485658,8228.993950308857,648.137928511998,False,True,Excess-only
71,Australia,AUS,2017,0.832583894,High SDI,625.47553879789,1601.7082523263516,-976.2327135284615,0.390505285771886,-0.9403137738864874,8228.993950308857,648.137928511998,False,False,Neither
72,New Zealand,NZL,2017,0.847328537,High SDI,1165.34853477164,1394.254856835459,-228.90632206381883,0.8358217502764397,-0.17933990600417082,8228.993950308857,648.137928511998,False,False,Neither
74,Andorra,AND,2017,0.87035267,High SDI,839.8704435205001,1108.852860834169,-268.98241731366886,0.7574228044004698,-0.2778336551738429,8228.993950308857,648.137928511998,False,False,Neither
75,Austria,AUT,2017,0.839149314,High SDI,982.31864510889,1506.904955501819,-524.5863103929287,0.6518783029562507,-0.4278973863847102,8228.993950308857,648.137928511998,False,False,Neither
76,Belgium,BEL,2017,0.858528591,High SDI,919.67191371636,1249.6630295329132,-329.99111581655325,0.7359359219101695,-0.30661222666548316,8228.993950308857,648.137928511998,False,False,Neither
77,Cyprus,CYP,2017,0.836970565,High SDI,675.08681460784,1537.9308128703365,-862.8439982624965,0.4389578575045799,-0.8233518670876425,8228.993950308857,648.137928511998,False,False,Neither
78,Denmark,DNK,2017,0.89506427,High SDI,906.34232977581,852.0751290938223,54.26720068198768,1.0636882815013045,0.061742379481982274,8228.993950308857,648.137928511998,False,False,Neither
79,Finland,FIN,2017,0.871749775,High SDI,939.66114794114,1093.001225912225,-153.34007797108495,0.8597073138293084,-0.15116328041753754,8228.993950308857,648.137928511998,False,False,Neither
80,France,FRA,2017,0.843142194,High SDI,893.51495893777,1451.1604078510525,-557.6454489132825,0.615724460303413,-0.4849557202214597,8228.993950308857,648.137928511998,False,False,Neither
81,Germany,DEU,2017,0.866435179,High SDI,999.44284044196,1154.1804278306224,-154.7375873886624,0.8659329307121378,-0.14394782063351372,8228.993950308857,648.137928511998,False,False,Neither
82,Greece,GRC,2017,0.809684979,High SDI,878.2571477917899,1963.4002963144364,-1085.1431485226467,0.4473143604187059,-0.8044936643890923,8228.993950308857,648.137928511998,False,False,Neither
83,Iceland,ISL,2017,0.870425214,High SDI,767.67953687537,1108.025729339795,-340.3461924644249,0.6928354789493774,-0.36696271209050385,8228.993950308857,648.137928511998,False,False,Neither
84,Ireland,IRL,2017,0.887347069,High SDI,906.12123343717,926.9879385743424,-20.86670513717229,0.9774897770846253,-0.022767445402751146,8228.993950308857,648.137928511998,False,False,Neither
85,Israel,ISR,2017,0.815586689,High SDI,889.2074052381099,1865.532003179705,-976.3245979415952,0.4766508447576889,-0.7409710377632248,8228.993950308857,648.137928511998,False,False,Neither
86,Italy,ITA,2017,0.816071056,High SDI,883.27125010933,1857.643676228892,-974.372426119562,0.4754793728269859,-0.7434317779019077,8228.993950308857,648.137928511998,False,False,Neither
87,Luxembourg,LUX,2017,0.879828021,High SDI,829.42698159291,1004.5344300440264,-175.1074484511165,0.8256829798820913,-0.19154438072737306,8228.993950308857,648.137928511998,False,False,Neither
88,Malta,MLT,2017,0.804923076,High SDI,860.3192954772101,2044.733926226077,-1184.414630748867,0.4207487753993907,-0.8657193564338393,8228.993950308857,648.137928511998,False,False,Neither
89,Netherlands,NLD,2017,0.892791703,High SDI,754.53951273857,873.6513472159559,-119.11183447738586,0.8636620491035049,-0.14657373356691603,8228.993950308857,648.137928511998,False,False,Neither
90,Norway,NOR,2017,0.902881282,High SDI,1108.12354969472,780.8809299438012,327.2426197509187,1.4190685253057338,0.35000068827741243,8228.993950308857,648.137928511998,False,False,Neither
91,Portugal,PRT,2017,0.76294938,High SDI,835.7359343512301,2852.806650695712,-2017.0707163444813,0.2929521824226748,-1.2277458832062378,8228.993950308857,648.137928511998,False,False,Neither
92,Spain,ESP,2017,0.792289029,High SDI,821.0410630270201,2270.780525353407,-1449.739462326387,0.3615677754234921,-1.0173057710738118,8228.993950308857,648.137928511998,False,False,Neither
93,Sweden,SWE,2017,0.891847129,High SDI,866.7315804005799,882.737533416957,-16.005953016377134,0.981867823208536,-0.018298579270983606,8228.993950308857,648.137928511998,False,False,Neither
94,Switzerland,CHE,2017,0.936553883,High SDI,811.2611212428801,524.3122950300973,286.9488262127828,1.5472860906233583,0.43650248702266015,8228.993950308857,648.137928511998,False,False,Neither
95,United Kingdom,GBR,2017,0.862535321,High SDI,904.02028473102,1200.603255996885,-296.5829712658651,0.752971708360389,-0.2837276237866388,8228.993950308857,648.137928511998,False,False,Neither
97,Argentina,ARG,2017,0.726360094,High SDI,3391.34828549902,3686.572149223984,-295.22386372496385,0.9199191412035412,-0.08346950279775392,8228.993950308857,648.137928511998,False,False,Neither
98,Chile,CHL,2017,0.757408262,High SDI,1972.11591205136,2971.545368141262,-999.4294560899018,0.6636667685423705,-0.40997511008173704,8228.993950308857,648.137928511998,False,False,Neither
99,Uruguay,URY,2017,0.712793502,High-middle SDI,3765.68371968992,4024.2775574540888,-258.5938377641687,0.9357415501112292,-0.06641596230919113,8228.993950308857,648.137928511998,False,False,Neither
101,Canada,CAN,2017,0.875348135,High SDI,579.3571298525201,1052.9265674186945,-473.5694375661742,0.5502350760061502,-0.5974096811493766,8228.993950308857,648.137928511998,False,False,Neither
102,United States of America,USA,2017,0.859208967,High SDI,1019.71843918147,1241.2341589663902,-221.5157197849201,0.8215359139250709,-0.19657962496183162,8228.993950308857,648.137928511998,False,False,Neither
105,Antigua and Barbuda,ATG,2017,0.738128789,High SDI,4333.91757583776,3405.821590411677,928.0959854260828,1.2725028193017884,0.24098568500141326,8228.993950308857,648.137928511998,False,True,Excess-only
106,Bahamas,BHS,2017,0.79864126,High SDI,3832.16533515437,2155.26540810738,1676.89992704699,1.7780479938753988,0.5755161299081677,8228.993950308857,648.137928511998,False,True,Excess-only
107,Barbados,BRB,2017,0.741450572,High SDI,4708.88986352556,3328.6944126272933,1380.1954508982667,1.4146356738733783,0.34687202364857184,8228.993950308857,648.137928511998,False,True,Excess-only
108,Belize,BLZ,2017,0.601141262,Low-middle SDI,3972.35744378693,7267.102972664332,-3294.7455288774017,0.5466218737685711,-0.6039979884173463,8228.993950308857,648.137928511998,False,False,Neither
109,Cuba,CUB,2017,0.674394224,Middle SDI,4579.54391960254,5055.112303654152,-475.56838405161216,0.9059232801400195,-0.09880065628184359,8228.993950308857,648.137928511998,False,False,Neither
110,Dominica,DMA,2017,0.737438666,High SDI,4065.99402738237,3421.963472854647,644.0305545277229,1.1882049763641878,0.17244374508440125,8228.993950308857,648.137928511998,False,False,Neither
111,Dominican Republic,DOM,2017,0.620427018,Low-middle SDI,4929.79681614509,6659.443486643555,-1729.646670498465,0.7402715896654858,-0.3007381470552738,8228.993950308857,648.137928511998,False,False,Neither
112,Grenada,GRD,2017,0.651920888,Middle SDI,4450.7777486409,5703.804950659125,-1253.027202018225,0.7803173122402395,-0.24805463145907286,8228.993950308857,648.137928511998,False,False,Neither
113,Guyana,GUY,2017,0.62672039,Low-middle SDI,4049.66372603656,6464.604442645838,-2414.9407166092783,0.6264364296323613,-0.4677079788568196,8228.993950308857,648.137928511998,False,False,Neither
114,Haiti,HTI,2017,0.451564416,Low SDI,10143.88107192522,12149.006776701555,-2005.1257047763368,0.8349555859478476,-0.18037674602756507,8228.993950308857,648.137928511998,True,False,Structural high
115,Jamaica,JAM,2017,0.676099738,Middle SDI,3732.24987412342,5007.157450987515,-1274.9075768640955,0.7453829664148753,-0.2938571438014142,8228.993950308857,648.137928511998,False,False,Neither
116,Saint Lucia,LCA,2017,0.684894042,High-middle SDI,4593.94662825551,4762.929308074737,-168.98267981922618,0.9645212706531788,-0.036123393325170776,8228.993950308857,648.137928511998,False,False,Neither
117,Saint Vincent and the Grenadines,VCT,2017,0.623231082,Low-middle SDI,3700.298995949,6572.409140814786,-2872.110144865786,0.5630049676868217,-0.5744668272813358,8228.993950308857,648.137928511998,False,False,Neither
118,Suriname,SUR,2017,0.642516911,Middle SDI,3472.75309747134,5983.8792801372665,-2511.1261826659265,0.5803514634726517,-0.5441213874636949,8228.993950308857,648.137928511998,False,False,Neither
119,Trinidad and Tobago,TTO,2017,0.760909216,High SDI,3256.66295124745,2896.203933507969,360.4590177394812,1.124459128574859,0.11730214544709401,8228.993950308857,648.137928511998,False,False,Neither
121,Bolivia (Plurinational State of),BOL,2017,0.601044776,Low-middle SDI,8651.71769281859,7270.180449352224,1381.5372434663668,1.1900279165133325,0.17397676610317528,8228.993950308857,648.137928511998,True,True,Double-high
122,Ecuador,ECU,2017,0.653203907,Middle SDI,5425.10670839877,5665.969631644738,-240.862923245968,0.9574895492025344,-0.04344047265788383,8228.993950308857,648.137928511998,False,False,Neither
123,Peru,PER,2017,0.659483196,Middle SDI,8773.618457574441,5482.151882816583,3291.4665747578583,1.6003968232027148,0.4702516129969201,8228.993950308857,648.137928511998,True,True,Double-high
125,Colombia,COL,2017,0.655970744,Middle SDI,4007.70716771734,5584.69458448793,-1576.9874167705902,0.7176233376931951,-0.33181044689737427,8228.993950308857,648.137928511998,False,False,Neither
126,Costa Rica,CRI,2017,0.673986082,Middle SDI,2881.73759646114,5066.61612200538,-2184.87852554424,0.5687696733022949,-0.5642797188935943,8228.993950308857,648.137928511998,False,False,Neither
127,El Salvador,SLV,2017,0.574545573,Low-middle SDI,3194.34091604561,8126.833535031757,-4932.492618986147,0.3930609507720312,-0.933790588115265,8228.993950308857,648.137928511998,False,False,Neither
128,Guatemala,GTM,2017,0.513074286,Low SDI,5955.02436592697,10157.764531776433,-4202.740165849463,0.5862534366983924,-0.5340030970667325,8228.993950308857,648.137928511998,False,False,Neither
129,Honduras,HND,2017,0.491222887,Low SDI,3574.94697483083,10876.02887186086,-7301.081897030031,0.3286996583909551,-1.1126108375855333,8228.993950308857,648.137928511998,False,False,Neither
130,Mexico,MEX,2017,0.660640257,Middle SDI,1634.6242930843898,5448.530588460899,-3813.9062953765088,0.3000119512123614,-1.2039329677448851,8228.993950308857,648.137928511998,False,False,Neither
131,Nicaragua,NIC,2017,0.50942281,Low SDI,3306.54798531212,10278.310921127484,-6971.7629358153645,0.3217014946021312,-1.1341311987978984,8228.993950308857,648.137928511998,False,False,Neither
132,Panama,PAN,2017,0.661564408,Middle SDI,3459.97040240661,5421.734006107526,-1961.763603700916,0.6381667559693984,-0.4491556567965295,8228.993950308857,648.137928511998,False,False,Neither
133,Venezuela (Bolivarian Republic of),VEN,2017,0.628504132,Low-middle SDI,3133.1154121395,6409.712508018524,-3276.597095879024,0.4888074789969106,-0.7157865705116292,8228.993950308857,648.137928511998,False,False,Neither
135,Brazil,BRA,2017,0.661024126,Middle SDI,6182.69959874729,5437.393805254614,745.3057934926765,1.137070409131011,0.12845513820819301,8228.993950308857,648.137928511998,False,True,Excess-only
136,Paraguay,PRY,2017,0.643597489,Middle SDI,4920.10242008741,5951.455568645727,-1031.3531485583171,0.8267057299407841,-0.19030647564702624,8228.993950308857,648.137928511998,False,False,Neither
139,Algeria,DZA,2017,0.625794963,Low-middle SDI,7445.17355222253,6493.141551118108,952.0320011044224,1.1466211684451086,0.1368195032483863,8228.993950308857,648.137928511998,False,True,Excess-only
140,Bahrain,BHR,2017,0.745965089,High SDI,5768.584900447369,3225.3956932778374,2543.189207169532,1.7884890565427007,0.5813711609074416,8228.993950308857,648.137928511998,False,True,Excess-only
141,Egypt,EGY,2017,0.620396272,Low-middle SDI,11249.11187352904,6660.399748076803,4588.712125452237,1.688954462046701,0.5241096759741559,8228.993950308857,648.137928511998,True,True,Double-high
142,Iran (Islamic Republic of),IRN,2017,0.680537449,High-middle SDI,3539.03728952501,4883.271872000535,-1344.2345824755253,0.7247266550562069,-0.3219607227288834,8228.993950308857,648.137928511998,False,False,Neither
143,Iraq,IRQ,2017,0.601327835,Low-middle SDI,8396.94338901363,7261.153104846928,1135.790284166702,1.1564200985389697,0.1453291112744717,8228.993950308857,648.137928511998,True,True,Double-high
144,Jordan,JOR,2017,0.691209582,High-middle SDI,7701.723177625749,4590.786210834153,3110.936966791596,1.6776479722470747,0.517392795956781,8228.993950308857,648.137928511998,False,True,Excess-only
145,Kuwait,KWT,2017,0.846160381,High SDI,8617.52811855803,1409.9758839446224,7207.552234613408,6.111826604047426,1.8102256817051519,8228.993950308857,648.137928511998,True,True,Double-high
146,Lebanon,LBN,2017,0.706193354,High-middle SDI,7060.35817111996,4193.807795608518,2866.5503755114423,1.6835197308071932,0.520886679661505,8228.993950308857,648.137928511998,False,True,Excess-only
147,Libya,LBY,2017,0.754799306,High SDI,7716.92934571659,3028.402735389578,4688.526610327012,2.5481846438511666,0.9353812012739953,8228.993950308857,648.137928511998,False,True,Excess-only
148,Morocco,MAR,2017,0.566340991,Low-middle SDI,7323.580235243079,8395.781099524978,-1072.2008642818992,0.8722928990677755,-0.13663001804637714,8228.993950308857,648.137928511998,False,False,Neither
149,Palestine,PSE,2017,0.596127488,Low-middle SDI,9040.79756266261,7427.468892527857,1613.328670134753,1.2172110975460009,0.19656225627318924,8228.993950308857,648.137928511998,True,True,Double-high
150,Oman,OMN,2017,0.749769315,High SDI,5968.4283613797,3139.7249972705413,2828.7033641091584,1.9009398487345983,0.642348421098574,8228.993950308857,648.137928511998,False,True,Excess-only
151,Qatar,QAT,2017,0.829006381,High SDI,6008.8531470035305,1655.023926772296,4353.829220231235,3.630674487421021,1.2894184402232596,8228.993950308857,648.137928511998,False,True,Excess-only
152,Saudi Arabia,SAU,2017,0.799196174,High SDI,6367.46090622416,2145.3531044947817,4222.1078017293785,2.968024654255533,1.0878966319605032,8228.993950308857,648.137928511998,False,True,Excess-only
153,Syrian Arab Republic,SYR,2017,0.552215033,Low-middle SDI,9196.53199013467,8861.513490175656,335.01849995901466,1.037806013648846,0.037108882547207296,8228.993950308857,648.137928511998,True,False,Structural high
154,Tunisia,TUN,2017,0.657472577,Middle SDI,8079.53072104288,5540.762298163565,2538.768422879315,1.4581984005559607,0.3772017015276799,8228.993950308857,648.137928511998,False,True,Excess-only
155,Türkiye,TUR,2017,0.679948066,High-middle SDI,5518.62341446117,4899.650420317238,618.9729941439318,1.126330031950291,0.11896458797092622,8228.993950308857,648.137928511998,False,False,Neither
156,United Arab Emirates,ARE,2017,0.839909987,High SDI,5578.27193307054,1496.1741507235515,4082.097782346989,3.728357377630726,1.3159677553271423,8228.993950308857,648.137928511998,False,True,Excess-only
157,Yemen,YEM,2017,0.435603752,Low SDI,13923.985677080913,12645.051992645487,1278.933684435424,1.1011410380265156,0.09634694946970379,8228.993950308857,648.137928511998,True,True,Double-high
160,Afghanistan,AFG,2017,0.302940677,Low SDI,16505.53140510753,16223.903492313357,281.62791279417434,1.0173588256936812,0.017209882461465695,8228.993950308857,648.137928511998,True,False,Structural high
161,Bangladesh,BGD,2017,0.462850295,Low SDI,11310.73771969765,11792.008750557909,-481.2710308602582,0.9591866796369628,-0.04166956231587975,8228.993950308857,648.137928511998,True,False,Structural high
162,Bhutan,BTN,2017,0.489082923,Low SDI,7225.607569260829,10945.879665339551,-3720.272096078722,0.6601212319317676,-0.4153317760845406,8228.993950308857,648.137928511998,False,False,Neither
163,India,IND,2017,0.554885841,Low-middle SDI,8310.2645980908,8773.25330043217,-462.9887023413703,0.947227250087654,-0.05421624617029987,8228.993950308857,648.137928511998,True,False,Structural high
164,Nepal,NPL,2017,0.427226131,Low SDI,10866.171861432447,12900.831888356031,-2034.660026923584,0.8422845871854189,-0.1716373323140286,8228.993950308857,648.137928511998,True,False,Structural high
165,Pakistan,PAK,2017,0.474370555,Low SDI,18925.193466297747,11422.953165495202,7502.240300802545,1.6567688926068806,0.5048692553356251,8228.993950308857,648.137928511998,True,True,Double-high
168,Angola,AGO,2017,0.458018288,Low SDI,8111.36023462147,11945.443092603566,-3834.082857982096,0.679033851799428,-0.387084297291469,8228.993950308857,648.137928511998,False,False,Neither
169,Central African Republic,CAF,2017,0.241654958,Low SDI,16509.88855463002,17511.500529018744,-1001.6119743887248,0.9428026186146112,-0.058898330437158614,8228.993950308857,648.137928511998,True,False,Structural high
170,Congo,COG,2017,0.549663492,Low-middle SDI,8350.18007503998,8945.90029032924,-595.7202152892605,0.933408578683439,-0.06891225471860013,8228.993950308857,648.137928511998,True,False,Structural high
171,Democratic Republic of the Congo,COD,2017,0.34883254,Low SDI,13285.29673765621,15108.080882740334,-1822.784145084124,0.8793503847886798,-0.12857184321678147,8228.993950308857,648.137928511998,True,False,Structural high
172,Equatorial Guinea,GNQ,2017,0.609051777,Low-middle SDI,6077.20587075055,7016.015076859144,-938.8092061085936,0.8661905375310468,-0.14365037437690298,8228.993950308857,648.137928511998,False,False,Neither
173,Gabon,GAB,2017,0.590004901,Low-middle SDI,7150.454362562849,7624.473355064495,-474.0189925016457,0.93782928073494,-0.06418735002143003,8228.993950308857,648.137928511998,False,False,Neither
175,Burundi,BDI,2017,0.283436328,Low SDI,16385.712617653968,16657.754112499708,-272.0414948457401,0.9836687771347516,-0.01646604719817046,8228.993950308857,648.137928511998,True,False,Structural high
176,Comoros,COM,2017,0.450348963,Low SDI,12166.3591942726,12187.16045176447,-20.80125749187028,0.9982931826019524,-0.001708275670435391,8228.993950308857,648.137928511998,True,False,Structural high
177,Djibouti,DJI,2017,0.446087734,Low SDI,11265.07564903055,12320.445317940508,-1055.369668909958,0.9143399737854302,-0.0895528141227965,8228.993950308857,648.137928511998,True,False,Structural high
178,Eritrea,ERI,2017,0.387629751,Low SDI,14562.70451257167,14060.60838351574,502.09612905592985,1.0357094170722068,0.03508661904235217,8228.993950308857,648.137928511998,True,False,Structural high
179,Ethiopia,ETH,2017,0.33475234,Low SDI,12459.306467797547,15464.786676149331,-3005.4802083517843,0.8056565362788349,-0.21609776094534247,8228.993950308857,648.137928511998,True,False,Structural high
180,Kenya,KEN,2017,0.49586367,Low SDI,16615.03192298941,10724.202583076963,5890.829339912443,1.549302318216956,0.4378047123185805,8228.993950308857,648.137928511998,True,True,Double-high
181,Madagascar,MDG,2017,0.337684573,Low SDI,13219.245702302327,15391.550034566262,-2172.304332263935,0.8588638358459424,-0.15214488429381923,8228.993950308857,648.137928511998,True,False,Structural high
182,Malawi,MWI,2017,0.362255978,Low SDI,12552.40763914668,14756.24805339234,-2203.8404142456584,0.8506503545974877,-0.16175409899933355,8228.993950308857,648.137928511998,True,False,Structural high
183,Mauritius,MUS,2017,0.71422813,High-middle SDI,8248.35127147691,3987.8741730451575,4260.477098431752,2.068357955531589,0.7267550342842067,8228.993950308857,648.137928511998,True,True,Double-high
184,Mozambique,MOZ,2017,0.300942059,Low SDI,8201.90166428762,16269.447499800255,-8067.545835512636,0.5041290839402086,-0.6849229247746369,8228.993950308857,648.137928511998,False,False,Neither
185,Rwanda,RWA,2017,0.413578593,Low SDI,12556.955003356148,13310.102680927634,-753.1476775714855,0.9434153367839386,-0.0582486513381709,8228.993950308857,648.137928511998,True,False,Structural high
186,Seychelles,SYC,2017,0.72376874,High SDI,9468.80619289903,3749.932832469075,5718.873360429955,2.5250602119890417,0.9262649087752977,8228.993950308857,648.137928511998,True,True,Double-high
187,Somalia,SOM,2017,0.189597369,Low SDI,12351.54914440523,18452.41150547696,-6100.862361071728,0.669373167877765,-0.40141357484789947,8228.993950308857,648.137928511998,True,False,Structural high
189,United Republic of Tanzania,TZA,2017,0.411343309,Low SDI,14661.45849858464,13376.21719213114,1285.2413064534994,1.0960840638270717,0.09174388615663101,8228.993950308857,648.137928511998,True,True,Double-high
190,Uganda,UGA,2017,0.391842028,Low SDI,10764.65124555446,13941.37883855993,-3176.7275930054693,0.7721367714204079,-0.25859357959689355,8228.993950308857,648.137928511998,True,False,Structural high
191,Zambia,ZMB,2017,0.454201087,Low SDI,7505.59450669268,12066.03803215862,-4560.44352546594,0.6220430009161777,-0.47474605532680253,8228.993950308857,648.137928511998,False,False,Neither
193,Botswana,BWA,2017,0.656453614,Middle SDI,7449.0344744983,5570.555261656531,1878.479212841769,1.3372157935083766,0.29058968637378985,8228.993950308857,648.137928511998,False,True,Excess-only
194,Lesotho,LSO,2017,0.490534568,Low SDI,16704.93163017489,10898.507787572284,5806.423842602606,1.5327723717575124,0.42707810338354185,8228.993950308857,648.137928511998,True,True,Double-high
195,Namibia,NAM,2017,0.597916666,Low-middle SDI,9434.242183732811,7370.138524151545,2064.1036595812657,1.280063075180651,0.246909354202314,8228.993950308857,648.137928511998,True,True,Double-high
196,South Africa,ZAF,2017,0.680662874,High-middle SDI,10680.89794037209,4879.789387143526,5801.108553228563,2.18880305951572,0.7833548462501795,8228.993950308857,648.137928511998,True,True,Double-high
197,Eswatini,SWZ,2017,0.576438814,Low-middle SDI,9036.23529799218,8064.978571211744,971.256726780436,1.1204289283851758,0.11371158376451011,8228.993950308857,648.137928511998,True,True,Double-high
198,Zimbabwe,ZWE,2017,0.470262594,Low SDI,10289.30371939359,11555.05058711436,-1265.7468677207708,0.8904594265357634,-0.11601773985554284,8228.993950308857,648.137928511998,True,False,Structural high
200,Benin,BEN,2017,0.353971007,Low SDI,9180.26184789587,14974.748168789738,-5794.486320893868,0.6130494980228987,-0.4893095991232613,8228.993950308857,648.137928511998,True,False,Structural high
201,Burkina Faso,BFA,2017,0.270825488,Low SDI,8622.09461040884,16925.955171932244,-8303.860561523405,0.5094007707586616,-0.6745202033663475,8228.993950308857,648.137928511998,True,False,Structural high
202,Cameroon,CMR,2017,0.443189285,Low SDI,9125.77119749283,12410.668998831108,-3284.8978013382784,0.7353166213966656,-0.30745409511682187,8228.993950308857,648.137928511998,True,False,Structural high
203,Cabo Verde,CPV,2017,0.519550792,Low SDI,5259.78017122059,9943.602114563946,-4683.821943343356,0.5289612467012158,-0.636840107460967,8228.993950308857,648.137928511998,False,False,Neither
204,Chad,TCD,2017,0.218917037,Low SDI,15791.3983578517,17937.176771770068,-2145.778413918368,0.8803725669194807,-0.12741008960690073,8228.993950308857,648.137928511998,True,False,Structural high
205,Côte d'Ivoire,CIV,2017,0.405870489,Low SDI,8997.2153376383,13536.95685266358,-4539.74151502528,0.6646409112154313,-0.40850836730436985,8228.993950308857,648.137928511998,True,False,Structural high
206,Gambia,GMB,2017,0.396049859,Low SDI,9197.59992025195,13821.245835225727,-4623.645914973778,0.6654682240591038,-0.4072643897563332,8228.993950308857,648.137928511998,True,False,Structural high
207,Ghana,GHA,2017,0.53363448,Low-middle SDI,7621.297239915089,9476.954531534047,-1855.657291618958,0.8041926564652854,-0.2179164160387887,8228.993950308857,648.137928511998,False,False,Neither
208,Guinea,GIN,2017,0.310404593,Low SDI,12118.34986916842,16051.589998077196,-3933.2401289087775,0.7549625844305806,-0.2810870880066919,8228.993950308857,648.137928511998,True,False,Structural high
209,Guinea-Bissau,GNB,2017,0.336232268,Low SDI,9950.63685417752,15427.892427043023,-5477.255572865506,0.6449770700199716,-0.4385405131749266,8228.993950308857,648.137928511998,True,False,Structural high
210,Liberia,LBR,2017,0.345861875,Low SDI,10882.89459508156,15184.39596697799,-4301.501371896431,0.7167156743507579,-0.33307606605152534,8228.993950308857,648.137928511998,True,False,Structural high
211,Mali,MLI,2017,0.247053052,Low SDI,7886.320481612991,17406.642857125047,-9520.322375512056,0.4530638415658014,-0.7917222328200553,8228.993950308857,648.137928511998,False,False,Neither
212,Mauritania,MRT,2017,0.471381659,Low SDI,9590.70320147184,11519.117977147722,-1928.4147756758807,0.83259006640078,-0.18321387511061873,8228.993950308857,648.137928511998,True,False,Structural high
213,Niger,NER,2017,0.17181686,Low SDI,12525.530134948209,18749.83802114877,-6224.307886200566,0.6680340449245539,-0.4034161412882671,8228.993950308857,648.137928511998,True,False,Structural high
214,Nigeria,NGA,2017,0.463813048,Low SDI,11979.14012005557,11761.337444661018,217.80267539455235,1.0185185295821455,0.018349149530666607,8228.993950308857,648.137928511998,True,False,Structural high
215,Sao Tome and Principe,STP,2017,0.475216327,Low SDI,8242.54009331948,11395.691532337914,-3153.1514390184348,0.7233031948898725,-0.323926788034663,8228.993950308857,648.137928511998,True,False,Structural high
216,Senegal,SEN,2017,0.373540103,Low SDI,10382.794255198629,14451.744229887738,-4068.949974689109,0.7184457522937551,-0.330665077644317,8228.993950308857,648.137928511998,True,False,Structural high
217,Sierra Leone,SLE,2017,0.34365667,Low SDI,12535.008697218487,15240.681933971036,-2705.6732367525474,0.8224703298399213,-0.1954428701362144,8228.993950308857,648.137928511998,True,False,Structural high
218,Togo,TGO,2017,0.413767152,Low SDI,10459.63726244921,13304.513423826058,-2844.8761613768474,0.7861721003428678,-0.24057955334133407,8228.993950308857,648.137928511998,True,False,Structural high
298,American Samoa,ASM,2017,0.703041405,High-middle SDI,6358.838493374499,4275.939441357422,2082.8990520170773,1.4871208024769988,0.3968419032347934,8228.993950308857,648.137928511998,False,True,Excess-only
305,Bermuda,BMU,2017,0.812376827,High SDI,3726.11342616756,1918.3589195304264,1807.754506637133,1.942344254890338,0.6638956223826332,8228.993950308857,648.137928511998,False,True,Excess-only
320,Cook Islands,COK,2017,0.758967707,High SDI,5718.29619671504,2937.850109511452,2780.446087203589,1.946422037734921,0.6659928347283199,8228.993950308857,648.137928511998,False,True,Excess-only
349,Greenland,GRL,2017,0.8353655,High SDI,822.8968150241101,1561.0632117858652,-738.1663967617551,0.5271386890750641,-0.6402915979378097,8228.993950308857,648.137928511998,False,False,Neither
351,Guam,GUM,2017,0.778320658,High SDI,6658.062892767661,2537.9943199525064,4120.068572815155,2.623356104631571,0.964454454015106,8228.993950308857,648.137928511998,False,True,Excess-only
367,Monaco,MCO,2017,0.912480443,High SDI,798.9005296625501,699.6826566455455,99.21787301700454,1.141804105153442,0.13260955987650513,8228.993950308857,648.137928511998,False,False,Neither
369,Nauru,NRU,2017,0.590529406,Low-middle SDI,11326.88065631853,7607.548837357705,3719.331818960824,1.4889001567359823,0.3980376975490125,8228.993950308857,648.137928511998,True,True,Double-high
374,Niue,NIU,2017,0.720030374,High SDI,8546.12752989833,3842.2995168398734,4703.828013058455,2.2242221077359297,0.7994072399880999,8228.993950308857,648.137928511998,True,True,Double-high
376,Northern Mariana Islands,MNP,2017,0.781567229,High SDI,5766.58447964448,2474.274895251613,3292.309584392867,2.3306159274020626,0.8461325791687133,8228.993950308857,648.137928511998,False,True,Excess-only
380,Palau,PLW,2017,0.747906363,High SDI,6047.0628350509305,3181.5203981841887,2865.542436866742,1.900683345768336,0.6422134771793437,8228.993950308857,648.137928511998,False,True,Excess-only
385,Puerto Rico,PRI,2017,0.827411047,High SDI,3525.48422312066,1679.178006960616,1846.306216160044,2.0995297749890955,0.7417134029844371,8228.993950308857,648.137928511998,False,True,Excess-only
393,Saint Kitts and Nevis,KNA,2017,0.738083502,High SDI,4347.66517886326,3406.8796045747736,940.7855742884864,1.276142888356018,0.24384216012337487,8228.993950308857,648.137928511998,False,True,Excess-only
396,San Marino,SMR,2017,0.868788345,High SDI,827.44310953996,1126.79702517883,-299.3539156388699,0.7343319968462283,-0.30879404085015677,8228.993950308857,648.137928511998,False,False,Neither
416,Tuvalu,TUV,2017,0.580638287,Low-middle SDI,7342.0951326964705,7928.085116526292,-585.9899838298215,0.9260868198036484,-0.07678729084364441,8228.993950308857,648.137928511998,False,False,Neither
422,United States Virgin Islands,VIR,2017,0.803620323,High SDI,3202.1974035503,2067.353699457828,1134.8437040924723,1.5489354358618412,0.4375678793922844,8228.993950308857,648.137928511998,False,True,Excess-only
435,South Sudan,SSD,2017,0.369713569,Low SDI,12460.52978253382,14555.887939661332,-2095.358157127512,0.8560473833122774,-0.1554295500356171,8228.993950308857,648.137928511998,True,False,Structural high
522,Sudan,SDN,2017,0.532112335,Low-middle SDI,10499.84203565604,9527.417957662532,972.424077993508,1.1020658569105206,0.09718647020690512,8228.993950308857,648.137928511998,True,True,Double-high
6,China,CHN,2018,0.687058094,High-middle SDI,4490.35300865336,4252.428134402807,237.92487425055333,1.0559503574735818,0.054441174210867485,7079.123736200891,566.3004498677636,False,False,Neither
7,Democratic People's Republic of Korea,PRK,2018,0.568580641,Low-middle SDI,7633.16150972288,7523.907044656555,109.25446506632488,1.0145209748629094,0.014416555144337545,7079.123736200891,566.3004498677636,True,False,Structural high
8,Taiwan,TWN,2018,0.860381642,High SDI,6122.311398510969,1109.1178757082766,5013.193522802692,5.519982620964696,1.708374711908087,7079.123736200891,566.3004498677636,False,True,Excess-only
10,Cambodia,KHM,2018,0.474058287,Low SDI,10066.198614599089,10336.2820564398,-270.0834418407121,0.9738703490901311,-0.02647709601687996,7079.123736200891,566.3004498677636,True,False,Structural high
11,Indonesia,IDN,2018,0.64100152,Middle SDI,6403.47437655414,5451.067456636966,952.4069199171736,1.174719342127672,0.16102926130137996,7079.123736200891,566.3004498677636,False,True,Excess-only
12,Lao People's Democratic Republic,LAO,2018,0.489018869,Low SDI,8681.928351952201,9897.76658026068,-1215.8382283084777,0.8771603453719298,-0.1310654693745748,7079.123736200891,566.3004498677636,True,False,Structural high
13,Malaysia,MYS,2018,0.750679343,High SDI,5640.6044558894,2820.1836721972627,2820.4207836921373,2.0000840766143044,0.6931892179835126,7079.123736200891,566.3004498677636,False,True,Excess-only
14,Maldives,MDV,2018,0.638795311,Middle SDI,5297.87410232792,5511.243751751604,-213.36964942368377,0.9612846647626736,-0.039484696640675714,7079.123736200891,566.3004498677636,False,False,Neither
15,Myanmar,MMR,2018,0.51217775,Low SDI,8460.36117130977,9210.135640845478,-749.7744695357069,0.918592461742846,-0.0849127133696564,7079.123736200891,566.3004498677636,True,False,Structural high
16,Philippines,PHL,2018,0.636551771,Middle SDI,6997.89597434599,5572.668263087255,1425.227711258735,1.2557531946947726,0.22773554769795445,7079.123736200891,566.3004498677636,False,True,Excess-only
17,Sri Lanka,LKA,2018,0.710863279,High-middle SDI,5518.056050527171,3682.751376938786,1835.3046735883845,1.4983515002074197,0.4043655039032735,7079.123736200891,566.3004498677636,False,True,Excess-only
18,Thailand,THA,2018,0.664802489,Middle SDI,7106.724724278341,4817.125487017552,2289.599237260789,1.4753040466625582,0.38886410187977527,7079.123736200891,566.3004498677636,True,True,Double-high
19,Timor-Leste,TLS,2018,0.452871404,Low SDI,11304.74869066091,10946.441896559472,358.30679410143784,1.0327327178536485,0.03220841305028881,7079.123736200891,566.3004498677636,True,False,Structural high
20,Viet Nam,VNM,2018,0.614297029,Low-middle SDI,5650.7314371967705,6193.729010960475,-542.9975737637042,0.9123310734449616,-0.09175233565505984,7079.123736200891,566.3004498677636,False,False,Neither
22,Fiji,FJI,2018,0.669010614,Middle SDI,6442.14296220008,4708.149194545868,1733.9937676542113,1.3682962659006108,0.3135663643935533,7079.123736200891,566.3004498677636,False,True,Excess-only
23,Kiribati,KIR,2018,0.521896513,Low SDI,7549.1114408964595,8919.53880465898,-1370.42736376252,0.8463567014197304,-0.1668143753542388,7079.123736200891,566.3004498677636,True,False,Structural high
24,Marshall Islands,MHL,2018,0.568203376,Low-middle SDI,8953.59933612258,7535.101959887951,1418.497376234628,1.188251915340469,0.17248324841093002,7079.123736200891,566.3004498677636,True,True,Double-high
25,Micronesia (Federated States of),FSM,2018,0.579009463,Low-middle SDI,5330.896664848779,7215.52561716957,-1884.6289523207904,0.7388091939087214,-0.30271558635343065,7079.123736200891,566.3004498677636,False,False,Neither
26,Papua New Guinea,PNG,2018,0.430736887,Low SDI,8803.834310241758,11566.758615551917,-2762.9243053101563,0.7611323623892948,-0.2729480040644855,7079.123736200891,566.3004498677636,True,False,Structural high
27,Samoa,WSM,2018,0.590833734,Low-middle SDI,6854.86233384091,6868.907626180883,-14.045292339973455,0.99795523639211,-0.0020468569911320724,7079.123736200891,566.3004498677636,False,False,Neither
28,Solomon Islands,SLB,2018,0.444577087,Low SDI,9187.02633323459,11181.139404991578,-1994.1130717569888,0.8216538583834524,-0.1964360694692504,7079.123736200891,566.3004498677636,True,False,Structural high
29,Tonga,TON,2018,0.616914899,Low-middle SDI,6943.600316511241,6119.623578224947,823.9767382862938,1.1346450035290072,0.1263198297887943,7079.123736200891,566.3004498677636,False,True,Excess-only
30,Vanuatu,VUT,2018,0.461092819,Low SDI,8454.12370632885,10711.38243268727,-2257.258726358419,0.7892654155013566,-0.2366526198990413,7079.123736200891,566.3004498677636,True,False,Structural high
33,Armenia,ARM,2018,0.693250767,High-middle SDI,4468.50032669482,4100.648465864658,367.851860830162,1.0897057779744592,0.08590773134000855,7079.123736200891,566.3004498677636,False,False,Neither
34,Azerbaijan,AZE,2018,0.688345238,High-middle SDI,5028.01336348924,4220.680864887789,807.3324986014513,1.1912801570281517,0.1750284911144501,7079.123736200891,566.3004498677636,False,True,Excess-only
35,Georgia,GEO,2018,0.721153701,High SDI,4576.71996648909,3448.520888148076,1128.1990783410142,1.3271544859184192,0.2830371659956552,7079.123736200891,566.3004498677636,False,True,Excess-only
36,Kazakhstan,KAZ,2018,0.715033258,High-middle SDI,3705.52124394078,3586.924363566495,118.59688037428532,1.0330636691364086,0.03252882341374543,7079.123736200891,566.3004498677636,False,False,Neither
37,Kyrgyzstan,KGZ,2018,0.596408825,Low-middle SDI,4427.4907605003,6706.819712588758,-2279.328952088458,0.6601475736987327,-0.4152918724424092,7079.123736200891,566.3004498677636,False,False,Neither
38,Mongolia,MNG,2018,0.63374815,Middle SDI,4458.62294014657,5649.747147390561,-1191.124207243991,0.7891721211286183,-0.2367708309408873,7079.123736200891,566.3004498677636,False,False,Neither
39,Tajikistan,TJK,2018,0.52659668,Low SDI,5217.835587278831,8778.772510009567,-3560.936922730736,0.5943696093422456,-0.5202539151793483,7079.123736200891,566.3004498677636,False,False,Neither
40,Turkmenistan,TKM,2018,0.667832568,Middle SDI,5587.44290842743,4738.557012948861,848.8858954785692,1.1791443878714245,0.16478908044481466,7079.123736200891,566.3004498677636,False,True,Excess-only
41,Uzbekistan,UZB,2018,0.631416993,Middle SDI,5249.58408292114,5714.1027824455405,-464.5186995244003,0.9187066251325648,-0.08478844030961816,7079.123736200891,566.3004498677636,False,False,Neither
43,Albania,ALB,2018,0.682272941,High-middle SDI,3848.32756832804,4371.356075281152,-523.0285069531119,0.8803509716559815,-0.12743461959474625,7079.123736200891,566.3004498677636,False,False,Neither
44,Bosnia and Herzegovina,BIH,2018,0.691540007,High-middle SDI,3823.16546631048,4142.334309867419,-319.1688435569385,0.9229495208060224,-0.08018073632586162,7079.123736200891,566.3004498677636,False,False,Neither
45,Bulgaria,BGR,2018,0.753424875,High SDI,4093.27281608484,2765.19794864584,1328.0748674390002,1.480282023964823,0.39223262635538403,7079.123736200891,566.3004498677636,False,True,Excess-only
46,Croatia,HRV,2018,0.764011129,High SDI,3341.88244643717,2558.862161914976,783.0202845221943,1.3060033073200807,0.2669715632553825,7079.123736200891,566.3004498677636,False,True,Excess-only
47,Czechia,CZE,2018,0.815917631,High SDI,3279.7618665452,1681.7029295305867,1598.058937014613,1.95026232573709,0.6679638895468625,7079.123736200891,566.3004498677636,False,True,Excess-only
48,Hungary,HUN,2018,0.775760934,High SDI,3380.57903146431,2340.57209336748,1040.0069380968298,1.4443387755685524,0.36765162207371477,7079.123736200891,566.3004498677636,False,True,Excess-only
49,North Macedonia,MKD,2018,0.740198725,High SDI,3121.31298583984,3035.5614896844686,85.75149615537157,1.0282489735249227,0.027857329854056877,7079.123736200891,566.3004498677636,False,False,Neither
50,Montenegro,MNE,2018,0.769332971,High SDI,3500.7028551034105,2458.5819685418446,1042.1208865615658,1.4238707107982391,0.3533790158890874,7079.123736200891,566.3004498677636,False,True,Excess-only
51,Poland,POL,2018,0.819614701,High SDI,7082.79994809113,1627.8702831680523,5454.929664923078,4.3509608973923015,1.4703967166589273,7079.123736200891,566.3004498677636,True,True,Double-high
52,Romania,ROU,2018,0.740396818,High SDI,3847.55947123009,3031.41102695024,816.1484442798501,1.2692305454535933,0.2384108471356925,7079.123736200891,566.3004498677636,False,True,Excess-only
53,Serbia,SRB,2018,0.764131364,High SDI,2623.52023370836,2556.570929802803,66.94930390555692,1.026187149014763,0.025850136561681916,7079.123736200891,566.3004498677636,False,False,Neither
54,Slovakia,SVK,2018,0.800024007,High SDI,3817.03121861915,1926.235924702435,1890.7952939167149,1.9816010955193897,0.6839051520387368,7079.123736200891,566.3004498677636,False,True,Excess-only
55,Slovenia,SVN,2018,0.828677462,High SDI,3387.33522083068,1500.747940057231,1886.587280773449,2.257098031200032,0.8140799311854809,7079.123736200891,566.3004498677636,False,True,Excess-only
57,Belarus,BLR,2018,0.789144087,High SDI,2779.21268634001,2105.914876236137,673.297810103873,1.3197174860682146,0.27741768798561156,7079.123736200891,566.3004498677636,False,True,Excess-only
58,Estonia,EST,2018,0.834866871,High SDI,2714.76745165989,1417.8557333042456,1296.9117183556443,1.9146993504996823,0.6495606131791669,7079.123736200891,566.3004498677636,False,True,Excess-only
59,Latvia,LVA,2018,0.827525876,High SDI,2749.68013711329,1516.5211860529864,1233.1589510603037,1.813149834239914,0.5950655727262589,7079.123736200891,566.3004498677636,False,True,Excess-only
60,Lithuania,LTU,2018,0.830106239,High SDI,2886.49419921366,1481.33118497825,1405.1630142354102,1.948581268311071,0.6671015530670108,7079.123736200891,566.3004498677636,False,True,Excess-only
61,Republic of Moldova,MDA,2018,0.706088204,High-middle SDI,3230.43608483397,3793.9759329764624,-563.5398481424922,0.8514645695972083,-0.16079738914355265,7079.123736200891,566.3004498677636,False,False,Neither
62,Russian Federation,RUS,2018,0.807503086,High SDI,1891.24358086638,1808.512410886933,82.73116997944726,1.0457454256224177,0.0447299570752058,7079.123736200891,566.3004498677636,False,False,Neither
63,Ukraine,UKR,2018,0.755147362,High SDI,1773.5761949020102,2731.008868812108,-957.432673910097,0.6494216167351567,-0.43167313262508844,7079.123736200891,566.3004498677636,False,False,Neither
66,Brunei Darussalam,BRN,2018,0.819279274,High SDI,1874.3396318504,1632.707087994816,241.6325438555841,1.1479950357490891,0.1380169736276497,7079.123736200891,566.3004498677636,False,False,Neither
67,Japan,JPN,2018,0.863870589,High SDI,1373.19976866968,1070.9306983338856,302.2690703357944,1.2822489548633291,0.24861553220664276,7079.123736200891,566.3004498677636,False,False,Neither
68,Republic of Korea,KOR,2018,0.87531445,High SDI,1157.94707102703,952.2574620597848,205.68960896724525,1.2160020972923935,0.19556850828952202,7079.123736200891,566.3004498677636,False,False,Neither
69,Singapore,SGP,2018,0.861113142,High SDI,3026.74155687868,1101.0327603087014,1925.7087965699784,2.749002269496558,1.0112380347544514,7079.123736200891,566.3004498677636,False,True,Excess-only
71,Australia,AUS,2018,0.83626021,High SDI,567.0840678849199,1399.631734376684,-832.547666491764,0.4051666263036446,-0.9034568735148604,7079.123736200891,566.3004498677636,False,False,Neither
72,New Zealand,NZL,2018,0.851731606,High SDI,1093.18876415589,1207.923959562025,-114.73519540613484,0.9050145545190312,-0.09980425307005943,7079.123736200891,566.3004498677636,False,False,Neither
74,Andorra,AND,2018,0.872324744,High SDI,747.1351970017901,982.2984608633316,-235.1632638615416,0.760598969426401,-0.27364903843709315,7079.123736200891,566.3004498677636,False,False,Neither
75,Austria,AUT,2018,0.842457843,High SDI,880.8993197327401,1320.5007975049198,-439.6014777721797,0.6670948790013571,-0.4048229958043658,7079.123736200891,566.3004498677636,False,False,Neither
76,Belgium,BEL,2018,0.862005896,High SDI,810.341410065,1091.222015494713,-280.8806054297131,0.7425999462608222,-0.29759780960541077,7079.123736200891,566.3004498677636,False,False,Neither
77,Cyprus,CYP,2018,0.839584663,High SDI,599.52467228792,1356.7944453307623,-757.2697730428423,0.4418684601422926,-0.8167430426845754,7079.123736200891,566.3004498677636,False,False,Neither
78,Denmark,DNK,2018,0.898935072,High SDI,821.23437324355,737.9418248350837,83.29254840846625,1.112871429163241,0.10694354824721414,7079.123736200891,566.3004498677636,False,False,Neither
79,Finland,FIN,2018,0.875613117,High SDI,867.24345118444,949.293361457446,-82.04991027300593,0.91356738221888,-0.09039814319269601,7079.123736200891,566.3004498677636,False,False,Neither
80,France,FRA,2018,0.846259212,High SDI,813.98134393788,1273.5148382219886,-459.5334942841087,0.639161256318235,-0.447598499135819,7079.123736200891,566.3004498677636,False,False,Neither
81,Germany,DEU,2018,0.869054511,High SDI,865.19333627024,1015.9336568558094,-150.7403205855694,0.8516238540102192,-0.1606103355399142,7079.123736200891,566.3004498677636,False,False,Neither
82,Greece,GRC,2018,0.812119915,High SDI,821.76917903342,1738.197192257698,-916.4280132242782,0.4727709736810964,-0.749144207158306,7079.123736200891,566.3004498677636,False,False,Neither
83,Iceland,ISL,2018,0.874387537,High SDI,685.83651240479,961.4991924084442,-275.66268000365415,0.7132991039616465,-0.33785444588616687,7079.123736200891,566.3004498677636,False,False,Neither
84,Ireland,IRL,2018,0.893675662,High SDI,798.9165831633701,782.2143918377482,16.702191325621925,1.0213524469760542,0.021127677437264784,7079.123736200891,566.3004498677636,False,False,Neither
85,Israel,ISR,2018,0.819781451,High SDI,787.1706324252501,1625.4692845363752,-838.2986521111251,0.4842728434882551,-0.7251068048840354,7079.123736200891,566.3004498677636,False,False,Neither
86,Italy,ITA,2018,0.819275713,High SDI,809.9481479672601,1632.7584876665044,-822.8103396992443,0.4960612081244279,-0.7010559563941231,7079.123736200891,566.3004498677636,False,False,Neither
87,Luxembourg,LUX,2018,0.882508992,High SDI,733.58195772772,882.7016660796966,-149.11970835197656,0.8310644308464317,-0.18504795302107327,7079.123736200891,566.3004498677636,False,False,Neither
88,Malta,MLT,2018,0.810099707,High SDI,746.29857365909,1768.7442813660407,-1022.4457077069508,0.4219369535333321,-0.8628993753174123,7079.123736200891,566.3004498677636,False,False,Neither
89,Netherlands,NLD,2018,0.89558168,High SDI,697.80266904428,765.9477407194483,-68.14507167516831,0.911031695698769,-0.09317759012239814,7079.123736200891,566.3004498677636,False,False,Neither
90,Norway,NOR,2018,0.906069408,High SDI,1000.40254376546,680.9155448713021,319.48699889415786,1.469202093123815,0.38471945963144216,7079.123736200891,566.3004498677636,False,False,Neither
91,Portugal,PRT,2018,0.766824373,High SDI,747.89290078629,2505.562216031686,-1757.669315245396,0.2984930471895462,-1.2090086389180872,7079.123736200891,566.3004498677636,False,False,Neither
92,Spain,ESP,2018,0.795706921,High SDI,736.99997931336,1996.3372672024568,-1259.3372878890968,0.3691760863364265,-0.9964815500210177,7079.123736200891,566.3004498677636,False,False,Neither
93,Sweden,SWE,2018,0.894813111,High SDI,790.8581554663599,772.4764243319029,18.381731134457027,1.0237958474271305,0.02351713899398204,7079.123736200891,566.3004498677636,False,False,Neither
94,Switzerland,CHE,2018,0.938413531,High SDI,732.45943707565,463.1968446028926,269.26259247275743,1.581313529248243,0.4582558492863147,7079.123736200891,566.3004498677636,False,False,Neither
95,United Kingdom,GBR,2018,0.866419036,High SDI,799.10182819098,1043.635040841845,-244.53321265086504,0.765690875563537,-0.26697674739803245,7079.123736200891,566.3004498677636,False,False,Neither
97,Argentina,ARG,2018,0.73594208,High SDI,2718.22568101084,3125.478556678091,-407.2528756672509,0.8696990338336863,-0.13960806530610292,7079.123736200891,566.3004498677636,False,False,Neither
98,Chile,CHL,2018,0.764104615,High SDI,1694.79413509626,2557.080564124427,-862.2864290281668,0.6627848018846354,-0.41130492386065093,7079.123736200891,566.3004498677636,False,False,Neither
99,Uruguay,URY,2018,0.720947222,High SDI,2908.8484685774,3453.145953654225,-544.2974850768251,0.842376345401551,-0.17152839856427757,7079.123736200891,566.3004498677636,False,False,Neither
101,Canada,CAN,2018,0.877991185,High SDI,520.9552210398,925.930411622722,-404.975190582922,0.5626289130376544,-0.5751349924273883,7079.123736200891,566.3004498677636,False,False,Neither
102,United States of America,USA,2018,0.862610522,High SDI,912.42235599326,1084.6129149921603,-172.19055899890031,0.8412423855379364,-0.17287544943065797,7079.123736200891,566.3004498677636,False,False,Neither
105,Antigua and Barbuda,ATG,2018,0.741162307,High SDI,3989.73097168696,3015.401024184582,974.3299475023772,1.3231178671387012,0.27999097197225453,7079.123736200891,566.3004498677636,False,True,Excess-only
106,Bahamas,BHS,2018,0.801567366,High SDI,3451.0482390843,1901.5562957597128,1549.4919433245873,1.8148546255400408,0.5960053683877589,7079.123736200891,566.3004498677636,False,True,Excess-only
107,Barbados,BRB,2018,0.743812126,High SDI,4075.28117213173,2960.332727977234,1114.948444154496,1.3766294354744135,0.3196380734895454,7079.123736200891,566.3004498677636,False,True,Excess-only
108,Belize,BLZ,2018,0.605746655,Low-middle SDI,3497.76437540846,6437.566176057481,-2939.801800649021,0.5433364535214106,-0.610026531188485,7079.123736200891,566.3004498677636,False,False,Neither
109,Cuba,CUB,2018,0.678611462,High-middle SDI,4068.38455196437,4463.300831340068,-394.91627937569774,0.9115192333434698,-0.09264258432523653,7079.123736200891,566.3004498677636,False,False,Neither
110,Dominica,DMA,2018,0.741023634,High SDI,3534.01824531656,3018.297961738436,515.7202835781236,1.1708646032020928,0.15774245299633732,7079.123736200891,566.3004498677636,False,False,Neither
111,Dominican Republic,DOM,2018,0.627246799,Low-middle SDI,3856.11002739861,5829.816943077728,-1973.706915679118,0.6614461594677206,-0.4133266903227902,7079.123736200891,566.3004498677636,False,False,Neither
112,Grenada,GRD,2018,0.657355265,Middle SDI,4019.61688718396,5012.35362405125,-992.7367368672903,0.8019419994423882,-0.220718993628104,7079.123736200891,566.3004498677636,False,False,Neither
113,Guyana,GUY,2018,0.632944795,Middle SDI,3467.31924204847,5671.898123017014,-2204.578880968544,0.6113155008863458,-0.4921420850198944,7079.123736200891,566.3004498677636,False,False,Neither
114,Haiti,HTI,2018,0.454841622,Low SDI,8941.20038544922,10890.323502911931,-1949.1231174627137,0.8210224777122972,-0.1972047914485879,7079.123736200891,566.3004498677636,True,False,Structural high
115,Jamaica,JAM,2018,0.679042984,High-middle SDI,3202.24718455072,4452.42279853051,-1250.17561397979,0.7192145331767681,-0.3295955886084709,7079.123736200891,566.3004498677636,False,False,Neither
116,Saint Lucia,LCA,2018,0.689009062,High-middle SDI,4111.2344150545305,4204.348428160519,-93.1140131059883,0.9778529266313144,-0.022396002023363653,7079.123736200891,566.3004498677636,False,False,Neither
117,Saint Vincent and the Grenadines,VCT,2018,0.63059972,Middle SDI,3294.77067996614,5736.721366123614,-2441.9506861574737,0.574329912451799,-0.5545512874050604,7079.123736200891,566.3004498677636,False,False,Neither
118,Suriname,SUR,2018,0.645367145,Middle SDI,3025.93124186798,5332.66631832975,-2306.735076461769,0.5674330740453559,-0.5666324677786204,7079.123736200891,566.3004498677636,False,False,Neither
119,Trinidad and Tobago,TTO,2018,0.763052815,High SDI,2829.86675333121,2577.166270705928,252.7004826252819,1.0980536201709885,0.0935391762947858,7079.123736200891,566.3004498677636,False,False,Neither
121,Bolivia (Plurinational State of),BOL,2018,0.607691407,Low-middle SDI,7071.771312420411,6381.870337709892,689.9009747105192,1.108103257854356,0.10264977699223984,7079.123736200891,566.3004498677636,False,True,Excess-only
122,Ecuador,ECU,2018,0.660015074,Middle SDI,4840.23747459768,4942.285920658559,-102.04844606087865,0.9793519744306334,-0.020864176621096835,7079.123736200891,566.3004498677636,False,False,Neither
123,Peru,PER,2018,0.664604953,Middle SDI,7085.52246479969,4822.265130519977,2263.257334279713,1.4693349023793036,0.384809851044436,7079.123736200891,566.3004498677636,True,True,Double-high
125,Colombia,COL,2018,0.6618179,Middle SDI,3271.064139565,4895.007975148039,-1623.943835583039,0.668244905048612,-0.40310054831149755,7079.123736200891,566.3004498677636,False,False,Neither
126,Costa Rica,CRI,2018,0.681864848,High-middle SDI,2467.26693487073,4381.563704823112,-1914.296769952382,0.563101920018834,-0.5742946369976065,7079.123736200891,566.3004498677636,False,False,Neither
127,El Salvador,SLV,2018,0.581234086,Low-middle SDI,2697.80884343612,7150.044462410688,-4452.235618974568,0.3773135758272662,-0.9746786711398007,7079.123736200891,566.3004498677636,False,False,Neither
128,Guatemala,GTM,2018,0.520731043,Low SDI,5293.07949726135,8954.425393558991,-3661.345896297641,0.5911132501108017,-0.5257476553807143,7079.123736200891,566.3004498677636,False,False,Neither
129,Honduras,HND,2018,0.495868413,Low SDI,2839.45011271573,9695.324994186596,-6855.874881470866,0.2928679662020912,-1.2280333988246794,7079.123736200891,566.3004498677636,False,False,Neither
130,Mexico,MEX,2018,0.667958396,Middle SDI,1468.81264125249,4735.305411790091,-3266.492770537601,0.3101832962231751,-1.1705918780997147,7079.123736200891,566.3004498677636,False,False,Neither
131,Nicaragua,NIC,2018,0.513995806,Low SDI,2872.53572241505,9155.83768567078,-6283.30196325573,0.3137381658600909,-1.1591965076217114,7079.123736200891,566.3004498677636,False,False,Neither
132,Panama,PAN,2018,0.672000346,Middle SDI,3005.14965523432,4631.330848837629,-1626.1811936033089,0.6488738881586386,-0.43251689832704066,7079.123736200891,566.3004498677636,False,False,Neither
133,Venezuela (Bolivarian Republic of),VEN,2018,0.625735648,Low-middle SDI,2831.50290455959,5871.930916639512,-3040.428012079922,0.4822098462595759,-0.7293758939919107,7079.123736200891,566.3004498677636,False,False,Neither
135,Brazil,BRA,2018,0.664554738,Middle SDI,5254.86323252277,4823.572004686781,431.29122783598905,1.0894132454987566,0.0856392444200113,7079.123736200891,566.3004498677636,False,False,Neither
136,Paraguay,PRY,2018,0.64955329,Middle SDI,4356.232942395251,5219.9970972422825,-863.7641548470319,0.8345278476680844,-0.18088916595400442,7079.123736200891,566.3004498677636,False,False,Neither
139,Algeria,DZA,2018,0.630704082,Middle SDI,6345.30573589145,5733.831460328707,611.4742755627431,1.106643224481469,0.10133131133846322,7079.123736200891,566.3004498677636,False,True,Excess-only
140,Bahrain,BHR,2018,0.75341887,High SDI,4996.43335784521,2765.3175558352496,2231.11580200996,1.8068208286972176,0.5915688526802926,7079.123736200891,566.3004498677636,False,True,Excess-only
141,Egypt,EGY,2018,0.629715633,Low-middle SDI,9559.62345505863,5761.2216776555415,3798.401777403089,1.6593049165483251,0.5063987897077833,7079.123736200891,566.3004498677636,True,True,Double-high
142,Iran (Islamic Republic of),IRN,2018,0.687184606,High-middle SDI,3012.49596198151,4249.303128341042,-1236.807166359532,0.70893882384842,-0.3439860412949005,7079.123736200891,566.3004498677636,False,False,Neither
143,Iraq,IRQ,2018,0.611016959,Low-middle SDI,7171.58576806354,6286.948820974597,884.6369470889431,1.1407100602024318,0.13165092833642628,7079.123736200891,566.3004498677636,True,True,Double-high
144,Jordan,JOR,2018,0.696024811,High-middle SDI,6842.684064436361,4033.455848344448,2809.228216091913,1.696481707428377,0.528556522648429,7079.123736200891,566.3004498677636,False,True,Excess-only
145,Kuwait,KWT,2018,0.852332068,High SDI,8073.509757199231,1200.8732348598285,6872.636522339402,6.723032475731387,1.9055393140168637,7079.123736200891,566.3004498677636,True,True,Double-high
146,Lebanon,LBN,2018,0.711079894,High-middle SDI,6300.29148545271,3677.7433911654016,2622.548094287308,1.713086209491162,0.538296544690447,7079.123736200891,566.3004498677636,False,True,Excess-only
147,Libya,LBY,2018,0.758788,High SDI,7317.088909824721,2659.5323782310543,4657.5565315936665,2.751268971085649,1.0120622492770686,7079.123736200891,566.3004498677636,True,True,Double-high
148,Morocco,MAR,2018,0.574655276,Low-middle SDI,6178.18586769455,7344.011032895153,-1165.825165200603,0.8412549817832978,-0.1728604761586561,7079.123736200891,566.3004498677636,False,False,Neither
149,Palestine,PSE,2018,0.604889782,Low-middle SDI,7931.45334494635,6462.149205479566,1469.3041394667837,1.2273708162326074,0.20487433378991357,7079.123736200891,566.3004498677636,True,True,Double-high
150,Oman,OMN,2018,0.755067475,High SDI,5141.85716228536,2732.5892553558474,2409.2679069295123,1.881679492154692,0.6321647249358094,7079.123736200891,566.3004498677636,False,True,Excess-only
151,Qatar,QAT,2018,0.834550724,High SDI,5205.70382423827,1422.0130009838808,3783.6908232543888,3.6607990367433207,1.2976814396358816,7079.123736200891,566.3004498677636,False,True,Excess-only
152,Saudi Arabia,SAU,2018,0.80455462,High SDI,5457.41423209076,1854.3587023882496,3603.055529702511,2.9430197216224103,1.0794361704257602,7079.123736200891,566.3004498677636,False,True,Excess-only
153,Syrian Arab Republic,SYR,2018,0.557158684,Low-middle SDI,7974.33554276379,7863.819207367242,110.51633539654811,1.0140537736794624,0.013955935004958155,7079.123736200891,566.3004498677636,True,False,Structural high
154,Tunisia,TUN,2018,0.662080527,Middle SDI,6821.952489369271,4888.135337364852,1933.8171520044189,1.3956144866166742,0.333334810483454,7079.123736200891,566.3004498677636,False,True,Excess-only
155,Türkiye,TUR,2018,0.688716725,High-middle SDI,4615.04717098004,4211.537536791484,403.5096341885565,1.0958105277855283,0.09149429747293242,7079.123736200891,566.3004498677636,False,False,Neither
156,United Arab Emirates,ARE,2018,0.84423436,High SDI,4559.83732003547,1298.3965943708515,3261.440725664618,3.5118987063001152,1.256156833187256,7079.123736200891,566.3004498677636,False,True,Excess-only
157,Yemen,YEM,2018,0.437383093,Low SDI,12345.37274710236,11382.55832312103,962.81442398133,1.084586821051081,0.08119910437467733,7079.123736200891,566.3004498677636,True,True,Double-high
160,Afghanistan,AFG,2018,0.309143781,Low SDI,14690.237756749118,14538.353359022522,151.88439772659694,1.0104471527122665,0.010392958336858216,7079.123736200891,566.3004498677636,True,False,Structural high
161,Bangladesh,BGD,2018,0.473055006,Low SDI,9227.4187696355,10365.484362743418,-1138.0655931079182,0.8902062312496984,-0.11630212259372202,7079.123736200891,566.3004498677636,True,False,Structural high
162,Bhutan,BTN,2018,0.497167874,Low SDI,6073.20197377395,9656.818171556166,-3583.616197782216,0.6289030057190435,-0.4637782381166342,7079.123736200891,566.3004498677636,False,False,Neither
163,India,IND,2018,0.565496438,Low-middle SDI,7092.17439963021,7615.497947765168,-523.3235481349575,0.931281768871262,-0.07119339564607072,7079.123736200891,566.3004498677636,True,False,Structural high
164,Nepal,NPL,2018,0.435770929,Low SDI,8912.071174254781,11427.409412916872,-2515.3382386620906,0.7798855236761798,-0.24860813458718353,7079.123736200891,566.3004498677636,True,False,Structural high
165,Pakistan,PAK,2018,0.481094524,Low SDI,16044.90120301675,10130.723358952468,5914.177844064283,1.5837863333656184,0.45981839374167677,7079.123736200891,566.3004498677636,True,True,Double-high
168,Angola,AGO,2018,0.465696458,Low SDI,6892.2208477329,10578.78118559514,-3686.56033786224,0.6515136977327657,-0.42845685772227043,7079.123736200891,566.3004498677636,False,False,Neither
169,Central African Republic,CAF,2018,0.243174965,Low SDI,14717.14860920435,15805.12611542629,-1087.9775062219396,0.9311629974809223,-0.07132093917664564,7079.123736200891,566.3004498677636,True,False,Structural high
170,Congo,COG,2018,0.555343092,Low-middle SDI,7162.525666474311,7918.010624614396,-755.4849581400849,0.9045865187662744,-0.1002773250272533,7079.123736200891,566.3004498677636,True,False,Structural high
171,Democratic Republic of the Congo,COD,2018,0.356932575,Low SDI,11439.22890807806,13468.1069832205,-2028.878075142442,0.8493568489120142,-0.16327586423941592,7079.123736200891,566.3004498677636,True,False,Structural high
172,Equatorial Guinea,GNQ,2018,0.616269295,Low-middle SDI,5184.88460431622,6137.874400573685,-952.9897962574652,0.8447361848641946,-0.16873090763310478,7079.123736200891,566.3004498677636,False,False,Neither
173,Gabon,GAB,2018,0.596485911,Low-middle SDI,5914.45666484943,6704.585196877965,-790.1285320285351,0.8821510192164514,-0.12539201403101466,7079.123736200891,566.3004498677636,False,False,Neither
175,Burundi,BDI,2018,0.287511914,Low SDI,14154.40915945779,14979.622063512672,-825.2129040548825,0.9449109663410712,-0.056664571439048426,7079.123736200891,566.3004498677636,True,False,Structural high
176,Comoros,COM,2018,0.455768758,Low SDI,10885.42781010997,10863.868380962036,21.55942914793377,1.0019845075797968,0.0019825410459341393,7079.123736200891,566.3004498677636,True,False,Structural high
177,Djibouti,DJI,2018,0.454162323,Low SDI,9926.36951004971,10909.687699213846,-983.318189164136,0.9098674300974724,-0.09445637129534853,7079.123736200891,566.3004498677636,True,False,Structural high
178,Eritrea,ERI,2018,0.392292152,Low SDI,12675.20355093357,12592.45467487656,82.7488760570086,1.0065713062459618,0.0065498093368635294,7079.123736200891,566.3004498677636,True,False,Structural high
179,Ethiopia,ETH,2018,0.345294742,Low SDI,10476.55541103779,13740.92120581884,-3264.3657947810498,0.7624347199226573,-0.2712383873817781,7079.123736200891,566.3004498677636,True,False,Structural high
180,Kenya,KEN,2018,0.505032567,Low SDI,14353.52001801283,9423.16650060323,4930.3535174096,1.5232162158117422,0.4208240308831065,7079.123736200891,566.3004498677636,True,True,Double-high
181,Madagascar,MDG,2018,0.344516461,Low SDI,10757.59342588834,13758.887175036223,-3001.293749147884,0.7818650802956394,-0.24607308491336707,7079.123736200891,566.3004498677636,True,False,Structural high
182,Malawi,MWI,2018,0.370202887,Low SDI,10636.31254520721,13147.595614081429,-2511.283068874216,0.8089929792041547,-0.21196504032452299,7079.123736200891,566.3004498677636,True,False,Structural high
183,Mauritius,MUS,2018,0.718749288,High-middle SDI,7352.95703608843,3502.570778687062,3850.386257401368,2.09930291225826,0.7416053430792423,7079.123736200891,566.3004498677636,True,True,Double-high
184,Mozambique,MOZ,2018,0.307922232,Low SDI,6973.5452736494,14563.978964024433,-7590.433690375033,0.4788214327194012,-0.7364275428928997,7079.123736200891,566.3004498677636,False,False,Neither
185,Rwanda,RWA,2018,0.421754131,Low SDI,11002.48491841314,11812.680168149647,-810.1952497365073,0.931413088460566,-0.071052396073323,7079.123736200891,566.3004498677636,True,False,Structural high
186,Seychelles,SYC,2018,0.72956028,High SDI,7950.84206105109,3262.878269496936,4687.963791554154,2.436757183183832,0.8906681320850827,7079.123736200891,566.3004498677636,True,True,Double-high
187,Somalia,SOM,2018,0.199399327,Low SDI,11412.26983878789,16530.009418182435,-5117.739579394545,0.6903970560497558,-0.37048840334461197,7079.123736200891,566.3004498677636,True,False,Structural high
189,United Republic of Tanzania,TZA,2018,0.41987493,Low SDI,13293.64413422763,11863.668356477185,1429.9757777504474,1.1205340316993713,0.1138053856846173,7079.123736200891,566.3004498677636,True,True,Double-high
190,Uganda,UGA,2018,0.4003723,Low SDI,9091.2545403037,12382.89905694394,-3291.644516640239,0.7341781999915126,-0.3090035005537519,7079.123736200891,566.3004498677636,True,False,Structural high
191,Zambia,ZMB,2018,0.463238271,Low SDI,6404.44969418244,10649.669666453225,-4245.219972270785,0.6013754317992273,-0.5085358609428606,7079.123736200891,566.3004498677636,False,False,Neither
193,Botswana,BWA,2018,0.660358185,Middle SDI,6464.14911045238,4933.274639399906,1530.8744710524743,1.3103160847413704,0.27026839417037474,7079.123736200891,566.3004498677636,False,True,Excess-only
194,Lesotho,LSO,2018,0.494708404,Low SDI,14660.25235509636,9729.673548458512,4930.578806637846,1.5067568590129117,0.4099595655610728,7079.123736200891,566.3004498677636,True,True,Double-high
195,Namibia,NAM,2018,0.602734633,Low-middle SDI,7913.7293512809,6524.093339138368,1389.6360121425323,1.2130006331770324,0.19309715195438396,7079.123736200891,566.3004498677636,True,True,Double-high
196,South Africa,ZAF,2018,0.685168539,High-middle SDI,9552.05531054405,4299.221234026846,5252.834076517204,2.221810600241468,0.7983224491692572,7079.123736200891,566.3004498677636,True,True,Double-high
197,Eswatini,SWZ,2018,0.581608494,Low-middle SDI,7454.42687248056,7139.035344555129,315.39152792543064,1.0441784516679802,0.04323040556991267,7079.123736200891,566.3004498677636,True,False,Structural high
198,Zimbabwe,ZWE,2018,0.475682425,Low SDI,9309.15450098356,10288.949942940706,-979.7954419571452,0.9047720664022292,-0.1000722273333786,7079.123736200891,566.3004498677636,True,False,Structural high
200,Benin,BEN,2018,0.362620922,Low SDI,8097.938102083881,13331.938993705046,-5234.000891621165,0.6074088777264501,-0.4985531105299016,7079.123736200891,566.3004498677636,True,False,Structural high
201,Burkina Faso,BFA,2018,0.277448417,Low SDI,7671.36922771502,15176.029787170335,-7504.660559455317,0.5054924993755823,-0.6822220786621955,7079.123736200891,566.3004498677636,True,False,Structural high
202,Cameroon,CMR,2018,0.450769576,Low SDI,7970.1525053662,11006.156053820068,-3036.003548453866,0.7241540521860839,-0.3227511299681705,7079.123736200891,566.3004498677636,True,False,Structural high
203,Cabo Verde,CPV,2018,0.527195399,Low SDI,4603.46287849763,8760.834519504504,-4157.371641006874,0.5254594032393609,-0.6434823452376195,7079.123736200891,566.3004498677636,False,False,Neither
204,Chad,TCD,2018,0.222477667,Low SDI,14074.52892658859,16157.729984697497,-2083.201058108907,0.8710709326073747,-0.1380318673199647,7079.123736200891,566.3004498677636,True,False,Structural high
205,Côte d'Ivoire,CIV,2018,0.413759319,Low SDI,7848.33589453509,12028.465635337618,-4180.129740802528,0.6524802192124982,-0.4269744556279536,7079.123736200891,566.3004498677636,True,False,Structural high
206,Gambia,GMB,2018,0.401891471,Low SDI,8210.15284777339,12343.12596814424,-4132.973120370849,0.6651599334692497,-0.40772776578460396,7079.123736200891,566.3004498677636,True,False,Structural high
207,Ghana,GHA,2018,0.54014114,Low-middle SDI,6232.47608003218,8372.85800620427,-2140.381926172089,0.7443666279081682,-0.29522158607850124,7079.123736200891,566.3004498677636,False,False,Neither
208,Guinea,GIN,2018,0.317820115,Low SDI,10509.83363595084,14353.872439198372,-3844.038803247533,0.7321950003714668,-0.3117084065473022,7079.123736200891,566.3004498677636,True,False,Structural high
209,Guinea-Bissau,GNB,2018,0.34270084,Low SDI,8718.835175240421,13800.663005854449,-5081.8278306140255,0.6317692977172011,-0.4592309867344606,7079.123736200891,566.3004498677636,True,False,Structural high
210,Liberia,LBR,2018,0.353943697,Low SDI,9212.61479956768,13538.915039901724,-4326.300240334043,0.6804544361506351,-0.38499441556046105,7079.123736200891,566.3004498677636,True,False,Structural high
211,Mali,MLI,2018,0.253580769,Low SDI,7168.164161416581,15620.373362295692,-8452.209200879111,0.4588983883521649,-0.7789264695679806,7079.123736200891,566.3004498677636,True,False,Structural high
212,Mauritania,MRT,2018,0.479314685,Low SDI,8660.65885051813,10182.84113281761,-1522.18228229948,0.8505149729387667,-0.16191326243490972,7079.123736200891,566.3004498677636,True,False,Structural high
213,Niger,NER,2018,0.177050815,Low SDI,11271.19682203943,16872.980198951707,-5601.783376912277,0.6680027291645665,-0.40346301987813893,7079.123736200891,566.3004498677636,True,False,Structural high
214,Nigeria,NGA,2018,0.472343286,Low SDI,10977.77374116321,10386.183208150622,591.5905330125879,1.0569593777768462,0.05539627452881704,7079.123736200891,566.3004498677636,True,True,Double-high
215,Sao Tome and Principe,STP,2018,0.484341414,Low SDI,6978.63516487193,10035.447578118386,-3056.8124132464563,0.6953984972317898,-0.36327022042338025,7079.123736200891,566.3004498677636,False,False,Neither
216,Senegal,SEN,2018,0.379761705,Low SDI,8934.03335042658,12910.622473238212,-3976.589122811633,0.6919909066309927,-0.36818246415746525,7079.123736200891,566.3004498677636,True,False,Structural high
217,Sierra Leone,SLE,2018,0.350828591,Low SDI,10663.85561297003,13612.168253978632,-2948.3126410086024,0.7834060976915375,-0.24410407415606541,7079.123736200891,566.3004498677636,True,False,Structural high
218,Togo,TGO,2018,0.421795178,Low SDI,9062.957767746111,11811.564638956454,-2748.6068712103424,0.7672952775329196,-0.26488357447284705,7079.123736200891,566.3004498677636,True,False,Structural high
298,American Samoa,ASM,2018,0.711683669,High-middle SDI,6041.1299272918895,3663.8018856905487,2377.328041601341,1.64886915716876,0.5000896936547857,7079.123736200891,566.3004498677636,False,True,Excess-only
305,Bermuda,BMU,2018,0.814833222,High SDI,3372.3065441031,1697.7106728581853,1674.5958712449146,1.986384722684016,0.686316264225748,7079.123736200891,566.3004498677636,False,True,Excess-only
320,Cook Islands,COK,2018,0.762183158,High SDI,5030.29062058315,2593.841844486461,2436.448776096689,1.9393204837356093,0.6623376456020675,7079.123736200891,566.3004498677636,False,True,Excess-only
349,Greenland,GRL,2018,0.836629091,High SDI,755.91068026769,1394.8337537293792,-638.9230734616891,0.541936039507651,-0.6126072927944836,7079.123736200891,566.3004498677636,False,False,Neither
351,Guam,GUM,2018,0.785206035,High SDI,6109.18897861524,2173.4066142210845,3935.782364394155,2.8108817460301503,1.0334982227471303,7079.123736200891,566.3004498677636,False,True,Excess-only
367,Monaco,MCO,2018,0.914249302,High SDI,722.67969490249,619.6947628279206,102.98493207456944,1.1661865457836162,0.1537390629391773,7079.123736200891,566.3004498677636,False,False,Neither
369,Nauru,NRU,2018,0.59647858,Low-middle SDI,10319.2932558251,6704.797694798685,3614.495561026414,1.5390909204956915,0.43119193075675055,7079.123736200891,566.3004498677636,True,True,Double-high
374,Niue,NIU,2018,0.724650535,High SDI,8274.82366310863,3370.66625361907,4904.157409489559,2.454951941392592,0.8981071852473772,7079.123736200891,566.3004498677636,True,True,Double-high
376,Northern Mariana Islands,MNP,2018,0.787317571,High SDI,5411.56970966829,2137.0564016417493,3274.5133080265405,2.5322540413584607,0.9291098315390536,7079.123736200891,566.3004498677636,False,True,Excess-only
380,Palau,PLW,2018,0.750836205,High SDI,5234.95790016539,2817.0259559705464,2417.931944194844,1.8583278897626616,0.6196770993980847,7079.123736200891,566.3004498677636,False,True,Excess-only
385,Puerto Rico,PRI,2018,0.833019448,High SDI,3212.3733924589696,1442.2656799334195,1770.10771252555,2.2273104304938216,0.8007947725858521,7079.123736200891,566.3004498677636,False,True,Excess-only
393,Saint Kitts and Nevis,KNA,2018,0.741577869,High SDI,3878.0640762226303,3006.728703146827,871.3353730758035,1.2897951425294436,0.2544834015221108,7079.123736200891,566.3004498677636,False,True,Excess-only
396,San Marino,SMR,2018,0.870200785,High SDI,750.53062708402,1004.0512304358314,-253.52060335181136,0.7475023229225416,-0.2910178661334397,7079.123736200891,566.3004498677636,False,False,Neither
416,Tuvalu,TUV,2018,0.585527008,Low-middle SDI,6378.34899921262,7024.0226601387285,-645.6736609261088,0.90807636988555,-0.09642679611423763,7079.123736200891,566.3004498677636,False,False,Neither
422,United States Virgin Islands,VIR,2018,0.803709633,High SDI,2831.12964275697,1867.6328183964508,963.4968243605192,1.515891997008158,0.41600404260329094,7079.123736200891,566.3004498677636,False,True,Excess-only
435,South Sudan,SSD,2018,0.368644873,Low SDI,11099.45675681382,13185.739843368265,-2086.283086554444,0.8417773207012169,-0.17223976444216832,7079.123736200891,566.3004498677636,True,False,Structural high
522,Sudan,SDN,2018,0.540931722,Low-middle SDI,9054.98045266028,8349.170556682171,705.8098959781091,1.084536528651127,0.08115273319899492,7079.123736200891,566.3004498677636,True,True,Double-high
6,China,CHN,2019,0.696344483,High-middle SDI,3762.47866669649,3684.787912473104,77.6907542233862,1.0210841861373896,0.020864990374314614,6154.5992957035305,395.709867273624,False,False,Neither
7,Democratic People's Republic of Korea,PRK,2019,0.570964353,Low-middle SDI,6598.46539977466,6821.986592198418,-223.5211924237583,0.9672351756481936,-0.03331361180669298,6154.5992957035305,395.709867273624,True,False,Structural high
8,Taiwan,TWN,2019,0.864180348,High SDI,5400.78412736842,977.16781152469,4423.61631584373,5.526977110453007,1.7096410314372683,6154.5992957035305,395.709867273624,False,True,Excess-only
10,Cambodia,KHM,2019,0.480206499,Low SDI,8461.753442940919,9296.520396293969,-834.7669533530479,0.9102065162266706,-0.09408376431000474,6154.5992957035305,395.709867273624,True,False,Structural high
11,Indonesia,IDN,2019,0.6466219,Middle SDI,4841.9249774336895,4850.027054573713,-8.102077140023539,0.9983294779495336,-0.0016719189283205054,6154.5992957035305,395.709867273624,False,False,Neither
12,Lao People's Democratic Republic,LAO,2019,0.494969097,Low SDI,8038.818700706481,8898.563507624358,-859.7448069178772,0.9033838657013302,-0.10160771545030603,6154.5992957035305,395.709867273624,True,False,Structural high
13,Malaysia,MYS,2019,0.755793909,High SDI,4939.51075540425,2488.0184286104013,2451.4923267938484,1.9853191996504007,0.6857797070804954,6154.5992957035305,395.709867273624,False,True,Excess-only
14,Maldives,MDV,2019,0.644993599,Middle SDI,4651.30868128027,4890.261017375799,-238.95233609552807,0.9511370997894598,-0.05009706301088443,6154.5992957035305,395.709867273624,False,False,Neither
15,Myanmar,MMR,2019,0.518005127,Low SDI,7426.651051184829,8270.690539657724,-844.0394884728948,0.8979481236269511,-0.107642981138205,6154.5992957035305,395.709867273624,True,False,Structural high
16,Philippines,PHL,2019,0.64524944,Middle SDI,5577.86758833507,4883.93162356734,693.9359647677302,1.1420855200795916,0.1328559946643028,6154.5992957035305,395.709867273624,False,True,Excess-only
17,Sri Lanka,LKA,2019,0.716521362,High-middle SDI,4684.8814368429,3252.1052666006385,1432.7761702422615,1.4405688170542876,0.36503804743452545,6154.5992957035305,395.709867273624,False,True,Excess-only
18,Thailand,THA,2019,0.670527964,Middle SDI,5825.46184995003,4273.653314175126,1551.8085357749042,1.363110533703744,0.3097692453204641,6154.5992957035305,395.709867273624,False,True,Excess-only
19,Timor-Leste,TLS,2019,0.458625697,Low SDI,10411.71583217023,9868.975547835526,542.7402843347045,1.0549945920631791,0.05353564090842653,6154.5992957035305,395.709867273624,True,True,Double-high
20,Viet Nam,VNM,2019,0.620331755,Low-middle SDI,4846.010597495299,5513.165317511658,-667.1547200163586,0.8789888055964417,-0.12898311676321883,6154.5992957035305,395.709867273624,False,False,Neither
22,Fiji,FJI,2019,0.673863171,Middle SDI,5747.89229819333,4195.511549366622,1552.3807488267084,1.3700098856982206,0.31481795565211673,6154.5992957035305,395.709867273624,False,True,Excess-only
23,Kiribati,KIR,2019,0.526349089,Low SDI,7031.57292479714,8042.051123821153,-1010.4781990240126,0.8743506869745081,-0.13427374012539275,6154.5992957035305,395.709867273624,True,False,Structural high
24,Marshall Islands,MHL,2019,0.577059314,Low-middle SDI,8412.64847295109,6657.038251180494,1755.6102217705966,1.2637224176170647,0.2340616652920545,6154.5992957035305,395.709867273624,True,True,Double-high
25,Micronesia (Federated States of),FSM,2019,0.582986076,Low-middle SDI,4982.79081836074,6497.351684523324,-1514.5608661625838,0.7668956615400295,-0.26540452136641823,6154.5992957035305,395.709867273624,False,False,Neither
26,Papua New Guinea,PNG,2019,0.433394596,Low SDI,7854.42754483255,10519.90567827947,-2665.4781334469208,0.7466252821115731,-0.2921918500806534,6154.5992957035305,395.709867273624,True,False,Structural high
27,Samoa,WSM,2019,0.594628914,Low-middle SDI,6394.685138723021,6186.06342399682,208.62171472620048,1.0337244707057027,0.033168271240130866,6154.5992957035305,395.709867273624,True,False,Structural high
28,Solomon Islands,SLB,2019,0.448368896,Low SDI,8742.11416597025,10136.24650262579,-1394.1323366555407,0.8624606913126678,-0.14796570640486784,6154.5992957035305,395.709867273624,True,False,Structural high
29,Tonga,TON,2019,0.621651625,Low-middle SDI,6119.116292230739,5479.224016978822,639.8922752519175,1.116785200471644,0.11045420121148634,6154.5992957035305,395.709867273624,False,True,Excess-only
30,Vanuatu,VUT,2019,0.465344775,Low SDI,7931.79979792651,9692.113590312989,-1760.313792386477,0.8183766857472797,-0.20043255235157534,6154.5992957035305,395.709867273624,True,False,Structural high
33,Armenia,ARM,2019,0.698825539,High-middle SDI,4314.90544203722,3630.219746762906,684.6856952743142,1.1886072312522826,0.17278222777196603,6154.5992957035305,395.709867273624,False,True,Excess-only
34,Azerbaijan,AZE,2019,0.692482478,High-middle SDI,4607.98228841351,3770.461439638439,837.5208487750715,1.2221268834552472,0.20059268797393934,6154.5992957035305,395.709867273624,False,True,Excess-only
35,Georgia,GEO,2019,0.729067178,High SDI,4429.19230178026,2996.3659004191923,1432.8264013610678,1.4781880614649283,0.39081705493563473,6154.5992957035305,395.709867273624,False,True,Excess-only
36,Kazakhstan,KAZ,2019,0.716214192,High-middle SDI,3450.37239809674,3258.4980311377312,191.87436695900897,1.0588842973435877,0.05721580412870508,6154.5992957035305,395.709867273624,False,False,Neither
37,Kyrgyzstan,KGZ,2019,0.604497359,Low-middle SDI,3997.11612110916,5925.1556797901685,-1928.0395586810089,0.6746010294282617,-0.3936338303725589,6154.5992957035305,395.709867273624,False,False,Neither
38,Mongolia,MNG,2019,0.639952834,Middle SDI,3859.6655593023497,5015.549328065396,-1155.8837687630455,0.7695399460443758,-0.2619624153619707,6154.5992957035305,395.709867273624,False,False,Neither
39,Tajikistan,TJK,2019,0.531183632,Low SDI,4844.08842644169,7909.449884426956,-3065.3614579852656,0.6124431530920115,-0.49029915214883685,6154.5992957035305,395.709867273624,False,False,Neither
40,Turkmenistan,TKM,2019,0.671289702,Middle SDI,4998.4854317419695,4255.754769965588,742.7306617763816,1.1745238393476294,0.1608628223545433,6154.5992957035305,395.709867273624,False,True,Excess-only
41,Uzbekistan,UZB,2019,0.630344746,Low-middle SDI,4649.1187150355,5257.318929510697,-608.2002144751968,0.8843136163832079,-0.1229435095961086,6154.5992957035305,395.709867273624,False,False,Neither
43,Albania,ALB,2019,0.687534313,High-middle SDI,3599.71500376204,3881.510140629194,-281.79513686715427,0.9274006439098276,-0.07536961270775694,6154.5992957035305,395.709867273624,False,False,Neither
44,Bosnia and Herzegovina,BIH,2019,0.695907489,High-middle SDI,3471.8941623214305,3694.4374873010506,-222.5433249796201,0.9397625955928144,-0.0621279934961844,6154.5992957035305,395.709867273624,False,False,Neither
45,Bulgaria,BGR,2019,0.75680937,High SDI,3829.5473128992703,2469.720466430312,1359.826846468959,1.5505994969683463,0.4386416283916966,6154.5992957035305,395.709867273624,False,True,Excess-only
46,Croatia,HRV,2019,0.767433825,High SDI,3312.0020782485904,2282.865215530069,1029.1368627185211,1.4508092968947188,0.3721215365220963,6154.5992957035305,395.709867273624,False,True,Excess-only
47,Czechia,CZE,2019,0.819468462,High SDI,3189.27066985228,1491.928260687006,1697.342409165274,2.137683663411321,0.7597228425404453,6154.5992957035305,395.709867273624,False,True,Excess-only
48,Hungary,HUN,2019,0.778678347,High SDI,3159.69421238307,2094.350678191673,1065.3435341913969,1.508674858171912,0.4112316881607837,6154.5992957035305,395.709867273624,False,True,Excess-only
49,North Macedonia,MKD,2019,0.744402694,High SDI,2715.15046465794,2698.4445363676564,16.705928290283737,1.0061909474384718,0.006171862253126845,6154.5992957035305,395.709867273624,False,False,Neither
50,Montenegro,MNE,2019,0.774192687,High SDI,3164.5355670113404,2168.4031433919563,996.132423619384,1.459385251610164,0.3780152865083805,6154.5992957035305,395.709867273624,False,True,Excess-only
51,Poland,POL,2019,0.825819578,High SDI,6733.54571186354,1409.658161775743,5323.8875500877975,4.77672239586178,1.5637546200672996,6154.5992957035305,395.709867273624,True,True,Double-high
52,Romania,ROU,2019,0.747293775,High SDI,3419.8265698904,2644.147207489423,775.679362400977,1.293357102132552,0.2572412427357404,6154.5992957035305,395.709867273624,False,True,Excess-only
53,Serbia,SRB,2019,0.76812407,High SDI,2350.5492278280403,2271.017745981789,79.53148184625115,1.0350201939139267,0.03442093755494331,6154.5992957035305,395.709867273624,False,False,Neither
54,Slovakia,SVK,2019,0.802153815,High SDI,3513.97259698819,1731.9702544066208,1782.002342581569,2.0288873830527128,0.7074875556328695,6154.5992957035305,395.709867273624,False,True,Excess-only
55,Slovenia,SVN,2019,0.831948608,High SDI,3238.25120150945,1333.182995988461,1905.0682055209888,2.4289622739363814,0.8874641183787867,6154.5992957035305,395.709867273624,False,True,Excess-only
57,Belarus,BLR,2019,0.792734341,High SDI,2537.16926375519,1872.276463160361,664.8928005948294,1.355125332010266,0.3038939460027136,6154.5992957035305,395.709867273624,False,True,Excess-only
58,Estonia,EST,2019,0.83960465,High SDI,2634.98309012106,1241.6486570889815,1393.3344330320783,2.122164812950164,0.7524367058610151,6154.5992957035305,395.709867273624,False,True,Excess-only
59,Latvia,LVA,2019,0.83192794,High SDI,2616.18796946361,1333.436087459109,1282.7518820045009,1.9619897751896087,0.673959149707374,6154.5992957035305,395.709867273624,False,True,Excess-only
60,Lithuania,LTU,2019,0.836604576,High SDI,2779.79848202165,1276.991020178123,1502.8074618435269,2.176834792177243,0.777871891535044,6154.5992957035305,395.709867273624,False,True,Excess-only
61,Republic of Moldova,MDA,2019,0.712934597,High-middle SDI,2946.66001892548,3327.1355676173484,-380.4755486918684,0.8856447112059407,-0.12143941195388722,6154.5992957035305,395.709867273624,False,False,Neither
62,Russian Federation,RUS,2019,0.81117605,High SDI,1865.75791549007,1604.0060776679247,261.75183782214526,1.1631863129862376,0.15116306103792906,6154.5992957035305,395.709867273624,False,False,Neither
63,Ukraine,UKR,2019,0.758915004,High SDI,1724.51215673478,2432.0209178388177,-707.5087611040376,0.709086070800429,-0.34377836235626713,6154.5992957035305,395.709867273624,False,False,Neither
66,Brunei Darussalam,BRN,2019,0.82202331,High SDI,1704.4627776489,1458.4624333696142,246.00034427928583,1.1686710186363385,0.15586722169993084,6154.5992957035305,395.709867273624,False,False,Neither
67,Japan,JPN,2019,0.866532715,High SDI,1188.3905735385702,954.1414860572936,234.2490874812765,1.245507706041838,0.21954324280801382,6154.5992957035305,395.709867273624,False,False,Neither
68,Republic of Korea,KOR,2019,0.879001606,High SDI,963.79919706289,838.5402410248333,125.25895603805668,1.1493773940830434,0.1392203993176557,6154.5992957035305,395.709867273624,False,False,Neither
69,Singapore,SGP,2019,0.863032188,High SDI,2512.8528136591303,988.5491475448304,1524.3036661143,2.5419604274608645,0.9329356051641304,6154.5992957035305,395.709867273624,False,True,Excess-only
71,Australia,AUS,2019,0.840378082,High SDI,520.60020802266,1232.6466745510738,-712.0464665284138,0.4223434166260668,-0.8619365124142733,6154.5992957035305,395.709867273624,False,False,Neither
72,New Zealand,NZL,2019,0.855956973,High SDI,1032.66352795008,1060.765426554746,-28.10189860466608,0.9735079048570257,-0.026849334164816465,6154.5992957035305,395.709867273624,False,False,Neither
74,Andorra,AND,2019,0.874345137,High SDI,675.0838338831301,880.4541825817146,-205.3703486985845,0.7667449905270634,-0.265601009394103,6154.5992957035305,395.709867273624,False,False,Neither
75,Austria,AUT,2019,0.845531509,High SDI,796.88359006636,1173.8053779083582,-376.9217878419983,0.6788890262935688,-0.387297601756317,6154.5992957035305,395.709867273624,False,False,Neither
76,Belgium,BEL,2019,0.865127634,High SDI,723.5439765526601,967.848134349908,-244.30415779724785,0.7475800705434598,-0.290913861670103,6154.5992957035305,395.709867273624,False,False,Neither
77,Cyprus,CYP,2019,0.842349378,High SDI,537.6664603629,1209.904972184568,-672.2385118216681,0.4443873467121187,-0.8110586943670258,6154.5992957035305,395.709867273624,False,False,Neither
78,Denmark,DNK,2019,0.902963284,High SDI,752.1066494952,645.5840084603838,106.52264103481627,1.165001982141497,0.15272278842522677,6154.5992957035305,395.709867273624,False,False,Neither
79,Finland,FIN,2019,0.879051787,High SDI,810.2245956213001,838.0966033155305,-27.87200769423044,0.9667436813561012,-0.033821884480816015,6154.5992957035305,395.709867273624,False,False,Neither
80,France,FRA,2019,0.849559341,High SDI,747.5436612718601,1129.1872863769895,-381.6436251051297,0.6620191976039355,-0.4124607240638882,6154.5992957035305,395.709867273624,False,False,Neither
81,Germany,DEU,2019,0.871509871,High SDI,753.83762379412,906.7052231153018,-152.86759932118184,0.8314031998228135,-0.184640403454608,6154.5992957035305,395.709867273624,False,False,Neither
82,Greece,GRC,2019,0.815036698,High SDI,776.5311409421199,1551.1683321959802,-774.6371912538602,0.5006104913467316,-0.6919269426596595,6154.5992957035305,395.709867273624,False,False,Neither
83,Iceland,ISL,2019,0.878088686,High SDI,621.85207095432,846.6409936218855,-224.7889226675656,0.7344932216122322,-0.308574511985013,6154.5992957035305,395.709867273624,False,False,Neither
84,Ireland,IRL,2019,0.897402158,High SDI,710.28575143709,687.0720085824844,23.213742854605584,1.0337864773482746,0.033228253164433404,6154.5992957035305,395.709867273624,False,False,Neither
85,Israel,ISR,2019,0.824369255,High SDI,704.6838083863599,1428.1732698414964,-723.4894614551365,0.4934161864439377,-0.7064022694988834,6154.5992957035305,395.709867273624,False,False,Neither
86,Italy,ITA,2019,0.82254461,High SDI,750.6636151745901,1451.6953898392012,-701.0317746646111,0.5170944403548311,-0.6595297512238534,6154.5992957035305,395.709867273624,False,False,Neither
87,Luxembourg,LUX,2019,0.88485132,High SDI,658.58102707981,787.9674722638268,-129.3864451840168,0.8357972254713889,-0.17936924858212472,6154.5992957035305,395.709867273624,False,False,Neither
88,Malta,MLT,2019,0.814941222,High SDI,655.46114786767,1552.4611948379793,-897.0000469703093,0.4222077498923098,-0.8622577877621795,6154.5992957035305,395.709867273624,False,False,Neither
89,Netherlands,NLD,2019,0.898548494,High SDI,653.48140346923,678.3612887773335,-24.87988530810344,0.9633235479091878,-0.037365944475096315,6154.5992957035305,395.709867273624,False,False,Neither
90,Norway,NOR,2019,0.909157839,High SDI,911.55536122437,601.6181013164518,309.93725990791825,1.5151727636348011,0.4155294678622992,6154.5992957035305,395.709867273624,False,False,Neither
91,Portugal,PRT,2019,0.771390239,High SDI,676.29994708072,2215.4437909385697,-1539.1438438578498,0.3052661276475926,-1.186571333160654,6154.5992957035305,395.709867273624,False,False,Neither
92,Spain,ESP,2019,0.799401754,High SDI,668.6614013424,1772.254659947284,-1103.593258604884,0.3772941984321201,-0.9747300286683377,6154.5992957035305,395.709867273624,False,False,Neither
93,Sweden,SWE,2019,0.898330921,High SDI,728.37851681004,680.0081953163642,48.37032149367576,1.071131968448075,0.06871600371414323,6154.5992957035305,395.709867273624,False,False,Neither
94,Switzerland,CHE,2019,0.94029174,High SDI,668.3019591832899,414.1447401794954,254.15721900379447,1.613691770885801,0.4785245794205321,6154.5992957035305,395.709867273624,False,False,Neither
95,United Kingdom,GBR,2019,0.870413511,High SDI,713.3873496720099,917.005666811391,-203.6183171393812,0.7779530437937182,-0.25108911164611075,6154.5992957035305,395.709867273624,False,False,Neither
97,Argentina,ARG,2019,0.747185741,High SDI,2174.56580178601,2646.165361394068,-471.5995596080579,0.821780011752702,-0.19628254534906547,6154.5992957035305,395.709867273624,False,False,Neither
98,Chile,CHL,2019,0.771425163,High SDI,1474.90910283212,2214.853911915262,-739.944809083142,0.6659171040119365,-0.40659008463913415,6154.5992957035305,395.709867273624,False,False,Neither
99,Uruguay,URY,2019,0.727657647,High SDI,2210.80140920841,3024.569193136454,-813.7677839280441,0.7309475393141285,-0.31341358745178266,6154.5992957035305,395.709867273624,False,False,Neither
101,Canada,CAN,2019,0.880432896,High SDI,473.3711453866,825.953507384606,-352.58236199800604,0.5731208126781091,-0.5566587421213532,6154.5992957035305,395.709867273624,False,False,Neither
102,United States of America,USA,2019,0.866052275,High SDI,826.1796303846,958.812515600712,-132.63288521611207,0.8616696350349418,-0.14888333579882493,6154.5992957035305,395.709867273624,False,False,Neither
105,Antigua and Barbuda,ATG,2019,0.744496706,High SDI,3719.7579165096,2696.669448493158,1023.0884680164418,1.3793896462127095,0.32164111597898853,6154.5992957035305,395.709867273624,False,True,Excess-only
106,Bahamas,BHS,2019,0.804418438,High SDI,3145.46031208042,1699.2597517166364,1446.2005603637836,1.8510768050045288,0.6157675265201057,6154.5992957035305,395.709867273624,False,True,Excess-only
107,Barbados,BRB,2019,0.74639179,High SDI,3566.93055764339,2661.0227840494463,905.9077735939436,1.34043593276393,0.2929948840149372,6154.5992957035305,395.709867273624,False,True,Excess-only
108,Belize,BLZ,2019,0.610733898,Low-middle SDI,3139.372877828709,5761.861583372294,-2622.488705543585,0.5448539213243824,-0.6072375545136856,6154.5992957035305,395.709867273624,False,False,Neither
109,Cuba,CUB,2019,0.68308438,High-middle SDI,3658.52622160849,3982.5778329742607,-324.0516113657709,0.918632698479175,-0.0848689117309607,6154.5992957035305,395.709867273624,False,False,Neither
110,Dominica,DMA,2019,0.744772223,High SDI,3103.8108366309903,2691.4709245534627,412.3399120775275,1.1532024397201832,0.14254280238877193,6154.5992957035305,395.709867273624,False,True,Excess-only
111,Dominican Republic,DOM,2019,0.634061102,Middle SDI,3015.1645216076,5163.3554267146255,-2148.1909051070256,0.5839544777428016,-0.5379322482626419,6154.5992957035305,395.709867273624,False,False,Neither
112,Grenada,GRD,2019,0.662526828,Middle SDI,3684.75582134062,4463.456638472479,-778.7008171318594,0.8255386172187946,-0.1917192363178255,6154.5992957035305,395.709867273624,False,False,Neither
113,Guyana,GUY,2019,0.639334313,Middle SDI,3027.92391508729,5030.997914024562,-2003.0739989372723,0.601853542146491,-0.507741148742972,6154.5992957035305,395.709867273624,False,False,Neither
114,Haiti,HTI,2019,0.457572265,Low SDI,8018.90033066169,9896.581081062406,-1877.6807504007163,0.8102697552800582,-0.21038805554828857,6154.5992957035305,395.709867273624,True,False,Structural high
115,Jamaica,JAM,2019,0.681675856,High-middle SDI,2793.90348077093,4014.800874075646,-1220.897393304716,0.6959008848512789,-0.3625480356114069,6154.5992957035305,395.709867273624,False,False,Neither
116,Saint Lucia,LCA,2019,0.692890742,High-middle SDI,3723.63841951117,3761.3628599106896,-37.72444039951961,0.989970539454836,-0.010080094422711511,6154.5992957035305,395.709867273624,False,False,Neither
117,Saint Vincent and the Grenadines,VCT,2019,0.637534226,Middle SDI,2976.98153452334,5076.049972659823,-2099.0684381364827,0.586476009999448,-0.53362351539194,6154.5992957035305,395.709867273624,False,False,Neither
118,Suriname,SUR,2019,0.648088417,Middle SDI,2673.23699773032,4813.8918146533615,-2140.6548169230414,0.5553172153958791,-0.5882157692416367,6154.5992957035305,395.709867273624,False,False,Neither
119,Trinidad and Tobago,TTO,2019,0.764846195,High SDI,2485.68611188646,2327.598320918172,158.08779096828857,1.0679188455961457,0.06571175038129777,6154.5992957035305,395.709867273624,False,False,Neither
121,Bolivia (Plurinational State of),BOL,2019,0.613791794,Low-middle SDI,5843.03580483136,5682.274756899756,160.76104793160448,1.0282916709960916,0.02789885344007382,6154.5992957035305,395.709867273624,False,False,Neither
122,Ecuador,ECU,2019,0.667817129,Middle SDI,4402.94095708264,4337.594142135708,65.34681494693177,1.0150652211354096,0.014952867705605975,6154.5992957035305,395.709867273624,False,False,Neither
123,Peru,PER,2019,0.66960393,Middle SDI,5743.19339688524,4295.405909954005,1447.7874869312343,1.3370548714793609,0.2904693380251228,6154.5992957035305,395.709867273624,False,True,Excess-only
125,Colombia,COL,2019,0.667829178,Middle SDI,2680.7930562485803,4337.309102454103,-1656.5160462055223,0.6180774745179574,-0.4811414660841022,6154.5992957035305,395.709867273624,False,False,Neither
126,Costa Rica,CRI,2019,0.691218422,High-middle SDI,2132.5656840186803,3798.694317621987,-1666.1286336033068,0.5613943912585426,-0.577331605737424,6154.5992957035305,395.709867273624,False,False,Neither
127,El Salvador,SLV,2019,0.587579788,Low-middle SDI,2330.73952477095,6374.124926837031,-4043.385402066081,0.3656563922928178,-1.0060612054193039,6154.5992957035305,395.709867273624,False,False,Neither
128,Guatemala,GTM,2019,0.528915076,Low SDI,4741.22303963924,7971.67832080798,-3230.45528116874,0.5947584497060698,-0.5195999227439254,6154.5992957035305,395.709867273624,False,False,Neither
129,Honduras,HND,2019,0.501026164,Low SDI,2271.88473212702,8734.136304147298,-6462.251572020277,0.2601155572816334,-1.3466292956225312,6154.5992957035305,395.709867273624,False,False,Neither
130,Mexico,MEX,2019,0.674492392,Middle SDI,1342.19952832766,4180.835267640027,-2838.635739312367,0.3210362146330861,-1.1362013440440046,6154.5992957035305,395.709867273624,False,False,Neither
131,Nicaragua,NIC,2019,0.518108691,Low SDI,2543.53600478222,8267.85522305017,-5724.31921826795,0.307641575252918,-1.1788198903639346,6154.5992957035305,395.709867273624,False,False,Neither
132,Panama,PAN,2019,0.684091417,High-middle SDI,2629.49975575867,3959.607758766242,-1330.1080030075725,0.6640808675902748,-0.40935134838175474,6154.5992957035305,395.709867273624,False,False,Neither
133,Venezuela (Bolivarian Republic of),VEN,2019,0.618606543,Low-middle SDI,2587.70295192726,5557.626501911686,-2969.9235499844262,0.4656129646418582,-0.7644005379314013,6154.5992957035305,395.709867273624,False,False,Neither
135,Brazil,BRA,2019,0.668184532,Middle SDI,4565.96113118746,4328.905946204135,237.05518498332447,1.0547609922528325,0.053314193634592666,6154.5992957035305,395.709867273624,False,False,Neither
136,Paraguay,PRY,2019,0.654923643,Middle SDI,3929.20406252441,4646.764998456455,-717.5609359320451,0.8455783892298402,-0.16773440148182678,6154.5992957035305,395.709867273624,False,False,Neither
139,Algeria,DZA,2019,0.635888397,Middle SDI,5479.809627796721,5117.359850130898,362.4497776658227,1.0708274947005243,0.06843170911862015,6154.5992957035305,395.709867273624,False,False,Neither
140,Bahrain,BHR,2019,0.76054575,High SDI,4381.59067506385,2403.049494426601,1978.5411806372483,1.8233459965040604,0.6006732728078755,6154.5992957035305,395.709867273624,False,True,Excess-only
141,Egypt,EGY,2019,0.639011552,Middle SDI,8260.06514303792,5039.065840669817,3220.999302368104,1.63920563934127,0.49421175823755625,6154.5992957035305,395.709867273624,True,True,Double-high
142,Iran (Islamic Republic of),IRN,2019,0.693350536,High-middle SDI,2606.19709850581,3751.127648641778,-1144.9305501359686,0.6947769691200647,-0.36416439266016665,6154.5992957035305,395.709867273624,False,False,Neither
143,Iraq,IRQ,2019,0.620798759,Low-middle SDI,6237.51128701613,5501.148671975663,736.3626150404671,1.133856156040955,0.1256243507351285,6154.5992957035305,395.709867273624,True,True,Double-high
144,Jordan,JOR,2019,0.700854092,High-middle SDI,6172.34079743993,3585.881263798532,2586.4595336413977,1.721289787186527,0.5430738860798636,6154.5992957035305,395.709867273624,True,True,Double-high
145,Kuwait,KWT,2019,0.858325811,High SDI,7620.7394529381,1036.1859088692488,6584.553544068851,7.354606338214278,1.9953268296045796,6154.5992957035305,395.709867273624,True,True,Double-high
146,Lebanon,LBN,2019,0.715375677,High-middle SDI,5727.78169985688,3275.9804458582025,2451.801253998677,1.7484175484314843,0.5587111208083375,6154.5992957035305,395.709867273624,False,True,Excess-only
147,Libya,LBY,2019,0.761657418,High SDI,7011.08125600054,2383.413142003348,4627.668113997192,2.9416139117649847,1.0789583803128149,6154.5992957035305,395.709867273624,True,True,Double-high
148,Morocco,MAR,2019,0.582886677,Low-middle SDI,5291.13516773307,6500.023521556547,-1208.8883538234768,0.8140178493486456,-0.20577298527327156,6154.5992957035305,395.709867273624,False,False,Neither
149,Palestine,PSE,2019,0.613164747,Low-middle SDI,7086.257032118911,5698.56839309638,1387.6886390225318,1.243515308284037,0.21794229482811786,6154.5992957035305,395.709867273624,True,True,Double-high
150,Oman,OMN,2019,0.760330427,High SDI,4468.08310987779,2406.863555341188,2061.2195545366017,1.8563923575819032,0.6186350115814857,6154.5992957035305,395.709867273624,False,True,Excess-only
151,Qatar,QAT,2019,0.840029031,High SDI,4554.65518218214,1236.703738696402,3317.9514434857383,3.6828991776018727,1.3037002620140652,6154.5992957035305,395.709867273624,False,True,Excess-only
152,Saudi Arabia,SAU,2019,0.809584697,High SDI,4694.44376651608,1626.1201268156444,3068.323639700436,2.8868985071287394,1.0601827449290488,6154.5992957035305,395.709867273624,False,True,Excess-only
153,Syrian Arab Republic,SYR,2019,0.563632387,Low-middle SDI,7023.064594749951,7021.245877578813,1.818717171137905,1.0002590305485448,0.00025899700592452494,6154.5992957035305,395.709867273624,True,False,Structural high
154,Tunisia,TUN,2019,0.666783557,Middle SDI,5827.09189837103,4362.072702843499,1465.0191955275304,1.335853915174896,0.2895707242068914,6154.5992957035305,395.709867273624,False,True,Excess-only
155,Türkiye,TUR,2019,0.697074969,High-middle SDI,3910.8207093452,3668.683115787618,242.137593557582,1.0660012287557843,0.06391447842196059,6154.5992957035305,395.709867273624,False,False,Neither
156,United Arab Emirates,ARE,2019,0.848747918,High SDI,3740.75494277355,1138.0795248546283,2602.675417918921,3.2869011884308983,1.1899452329071099,6154.5992957035305,395.709867273624,False,True,Excess-only
157,Yemen,YEM,2019,0.439205642,Low SDI,11143.21546415456,10371.99502466118,771.2204394933815,1.0743560363902676,0.0717214461698959,6154.5992957035305,395.709867273624,True,True,Double-high
160,Afghanistan,AFG,2019,0.315615731,Low SDI,13144.37266424421,13181.460792779311,-37.08812853510062,0.9971863415505952,-0.0028176242269823547,6154.5992957035305,395.709867273624,True,False,Structural high
161,Bangladesh,BGD,2019,0.482469016,Low SDI,7630.576008297179,9235.82176144589,-1605.2457531487107,0.8261935110257687,-0.19092625804962743,6154.5992957035305,395.709867273624,True,False,Structural high
162,Bhutan,BTN,2019,0.504454967,Low SDI,5222.62905538622,8640.815299224287,-3418.1862438380667,0.6044139209705214,-0.503496016137813,6154.5992957035305,395.709867273624,False,False,Neither
163,India,IND,2019,0.575196978,Low-middle SDI,6174.8674543909,6707.364973984254,-532.4975195933539,0.9206100276846804,-0.08271875510489735,6154.5992957035305,395.709867273624,True,False,Structural high
164,Nepal,NPL,2019,0.444240124,Low SDI,7399.49974800711,10242.839238222,-2843.339490214891,0.7224070959148968,-0.32516645423256385,6154.5992957035305,395.709867273624,True,False,Structural high
165,Pakistan,PAK,2019,0.487643864,Low SDI,13690.25907176216,9096.574942709598,4593.684129052563,1.5049905220353454,0.4087866005300755,6154.5992957035305,395.709867273624,True,True,Double-high
168,Angola,AGO,2019,0.472999998,Low SDI,5961.59669406122,9489.053133408655,-3527.456439347436,0.6282604397136194,-0.46480048556379744,6154.5992957035305,395.709867273624,False,False,Neither
169,Central African Republic,CAF,2019,0.245429098,Low SDI,13264.87197024076,14430.296394152563,-1165.4244239118034,0.9192376655281967,-0.08421057686391129,6154.5992957035305,395.709867273624,True,False,Structural high
170,Congo,COG,2019,0.560550952,Low-middle SDI,6258.41410603156,7105.220172317341,-846.8060662857815,0.8808191659443539,-0.12690293410973139,6154.5992957035305,395.709867273624,True,False,Structural high
171,Democratic Republic of the Congo,COD,2019,0.364782854,Low SDI,10015.40172118148,12154.991532502523,-2139.5898113210424,0.8239743889907479,-0.1936158308776075,6154.5992957035305,395.709867273624,True,False,Structural high
172,Equatorial Guinea,GNQ,2019,0.622871617,Low-middle SDI,4506.0414184864,5447.908547821126,-941.867129334726,0.8271139977723336,-0.1898127485097794,6154.5992957035305,395.709867273624,False,False,Neither
173,Gabon,GAB,2019,0.603462595,Low-middle SDI,4964.9805998887605,5952.372827009976,-987.392227121216,0.8341178794042027,-0.18138054439998533,6154.5992957035305,395.709867273624,False,False,Neither
175,Burundi,BDI,2019,0.291676709,Low SDI,12426.73332932252,13635.044870309088,-1208.3115409865677,0.9113819167828542,-0.09279324149155176,6154.5992957035305,395.709867273624,True,False,Structural high
176,Comoros,COM,2019,0.460877626,Low SDI,9858.87391537946,9809.84901565744,49.024899722018745,1.004997518274111,0.0049850721289962235,6154.5992957035305,395.709867273624,True,False,Structural high
177,Djibouti,DJI,2019,0.462169085,Low SDI,8864.08014112844,9775.871662983373,-911.7915218549332,0.906730412050369,-0.09791010342315856,6154.5992957035305,395.709867273624,True,False,Structural high
178,Eritrea,ERI,2019,0.397001882,Low SDI,11202.826461233592,11414.522192900156,-211.695731666563,0.9814538245150342,-0.018720312205185215,6154.5992957035305,395.709867273624,True,False,Structural high
179,Ethiopia,ETH,2019,0.356175169,Low SDI,8883.28155223122,12343.9048824109,-3460.62333017968,0.7196492225802227,-0.3289913765488651,6154.5992957035305,395.709867273624,True,False,Structural high
180,Kenya,KEN,2019,0.51415279,Low SDI,12568.95913350478,8376.09889544647,4192.860238058311,1.5005743473656563,0.40584793306510974,6154.5992957035305,395.709867273624,True,True,Double-high
181,Madagascar,MDG,2019,0.351749887,Low SDI,8761.94560774293,12439.520410903982,-3677.574803161053,0.7043636183966193,-0.35046055276177673,6154.5992957035305,395.709867273624,True,False,Structural high
182,Malawi,MWI,2019,0.378643855,Low SDI,9158.67330950384,11842.771464845608,-2684.098155341768,0.7733555727804665,-0.2570163454976161,6154.5992957035305,395.709867273624,True,False,Structural high
183,Mauritius,MUS,2019,0.723193745,High SDI,6623.70843019896,3114.778236935648,3508.930193263312,2.126542542147538,0.7544974412238958,6154.5992957035305,395.709867273624,True,True,Double-high
184,Mozambique,MOZ,2019,0.315002446,Low SDI,6054.09922607002,13193.455427577092,-7139.356201507073,0.4588713896297161,-0.7789853050692236,6154.5992957035305,395.709867273624,False,False,Neither
185,Rwanda,RWA,2019,0.430259335,Low SDI,9867.85734284501,10599.170124057908,-731.3127812128969,0.9310028263860988,-0.0714929658492069,6154.5992957035305,395.709867273624,True,False,Structural high
186,Seychelles,SYC,2019,0.735536402,High SDI,6709.6461503694,2868.6789686879674,3840.967181681433,2.3389323879061155,0.8496945807738612,6154.5992957035305,395.709867273624,True,True,Double-high
187,Somalia,SOM,2019,0.20778168,Low SDI,10700.51458695988,15008.38572059996,-4307.871133640081,0.7129690551777828,-0.3383172603823612,6154.5992957035305,395.709867273624,True,False,Structural high
189,United Republic of Tanzania,TZA,2019,0.428852059,Low SDI,12070.47383398838,10634.6225048178,1435.8513291705804,1.1350166711155094,0.1266473390329926,6154.5992957035305,395.709867273624,True,True,Double-high
190,Uganda,UGA,2019,0.409183518,Low SDI,7808.87767654059,11121.52012547076,-3312.642448930169,0.7021412170676669,-0.35362073127301763,6154.5992957035305,395.709867273624,True,False,Structural high
191,Zambia,ZMB,2019,0.472092442,Low SDI,5568.96406140258,9513.2084223881,-3944.244360985519,0.5853928363743979,-0.5354721419457962,6154.5992957035305,395.709867273624,False,False,Neither
193,Botswana,BWA,2019,0.664091795,Middle SDI,5664.59758074286,4426.077520845191,1238.52005989767,1.2798233998534136,0.2467220995484259,6154.5992957035305,395.709867273624,False,True,Excess-only
194,Lesotho,LSO,2019,0.498509754,Low SDI,13016.23898440069,8802.517490873488,4213.721493527202,1.4786950435368085,0.39115997148582954,6154.5992957035305,395.709867273624,True,True,Double-high
195,Namibia,NAM,2019,0.606918816,Low-middle SDI,6737.2162408555,5861.600563879199,875.6156769763011,1.1493816692955994,0.13922411890064643,6154.5992957035305,395.709867273624,True,True,Double-high
196,South Africa,ZAF,2019,0.689366978,High-middle SDI,8687.40534300525,3840.215042439904,4847.190300565346,2.262218455736701,0.8163459493953212,6154.5992957035305,395.709867273624,True,True,Double-high
197,Eswatini,SWZ,2019,0.586377261,Low-middle SDI,6254.31103875761,6406.334103654938,-152.02306489732837,0.9762698818953892,-0.024016212457753424,6154.5992957035305,395.709867273624,True,False,Structural high
198,Zimbabwe,ZWE,2019,0.479218293,Low SDI,8517.77044820487,9322.995398709012,-805.2249505041418,0.9136302319085512,-0.09032934965968127,6154.5992957035305,395.709867273624,True,False,Structural high
200,Benin,BEN,2019,0.37147415,Low SDI,7258.00971349491,12005.49131646166,-4747.481602966749,0.6045574914158566,-0.5032585077161263,6154.5992957035305,395.709867273624,True,False,Structural high
201,Burkina Faso,BFA,2019,0.283909058,Low SDI,6947.29511724087,13775.878655533488,-6828.583538292618,0.5043086753998289,-0.6845667471923209,6154.5992957035305,395.709867273624,True,False,Structural high
202,Cameroon,CMR,2019,0.458292526,Low SDI,7073.16949550315,9877.7101141751,-2804.540618671951,0.7160738079722274,-0.333972033574163,6154.5992957035305,395.709867273624,True,False,Structural high
203,Cabo Verde,CPV,2019,0.535615501,Low-middle SDI,4084.24069566487,7787.8661863662865,-3703.625490701416,0.5244364242948711,-0.6454310705137739,6154.5992957035305,395.709867273624,False,False,Neither
204,Chad,TCD,2019,0.226155523,Low SDI,12703.4452642773,14733.171569229771,-2029.726304952472,0.8622342585630677,-0.14822828356486636,6154.5992957035305,395.709867273624,True,False,Structural high
205,Côte d'Ivoire,CIV,2019,0.421749793,Low SDI,6965.57506512076,10812.323049329636,-3846.747984208876,0.6442255779207989,-0.43970633793566344,6154.5992957035305,395.709867273624,True,False,Structural high
206,Gambia,GMB,2019,0.407866171,Low SDI,7406.62869695046,11153.532710264932,-3746.904013314472,0.6640612341714761,-0.4093809136199535,6154.5992957035305,395.709867273624,True,False,Structural high
207,Ghana,GHA,2019,0.546997872,Low-middle SDI,5127.74880230092,7475.767324341261,-2348.018522040341,0.6859160511329531,-0.37700003318637415,6154.5992957035305,395.709867273624,False,False,Neither
208,Guinea,GIN,2019,0.325378057,Low SDI,9279.89771510366,12987.847555689052,-3707.9498405853938,0.7145062086164382,-0.33616359219379144,6154.5992957035305,395.709867273624,True,False,Structural high
209,Guinea-Bissau,GNB,2019,0.348928189,Low SDI,7745.00874157257,12499.950161130626,-4754.941419558056,0.6196031697515209,-0.4786760546495381,6154.5992957035305,395.709867273624,True,False,Structural high
210,Liberia,LBR,2019,0.36021812,Low SDI,7923.97906755644,12255.65408491492,-4331.6750173584805,0.6465570105564422,-0.4360939012761829,6154.5992957035305,395.709867273624,True,False,Structural high
211,Mali,MLI,2019,0.260150519,Low SDI,6605.73963096191,14188.144996527695,-7582.405365565785,0.4655816269553596,-0.7644678443500451,6154.5992957035305,395.709867273624,True,False,Structural high
212,Mauritania,MRT,2019,0.487220613,Low SDI,7947.72127827568,9107.984777722471,-1160.2634994467935,0.8726102943996217,-0.13626622097553104,6154.5992957035305,395.709867273624,True,False,Structural high
213,Niger,NER,2019,0.182301586,Low SDI,10307.60569736254,15371.41411647878,-5063.80841911624,0.6705697744693748,-0.3996275183347595,6154.5992957035305,395.709867273624,True,False,Structural high
214,Nigeria,NGA,2019,0.480663563,Low SDI,10205.78123093902,9284.267620686567,921.5136102524502,1.0992553907213098,0.09463303306613004,6154.5992957035305,395.709867273624,True,True,Double-high
215,Sao Tome and Principe,STP,2019,0.492995707,Low SDI,6016.3002477152,8952.003529127769,-2935.7032814125687,0.6720618717518975,-0.3974048716378961,6154.5992957035305,395.709867273624,False,False,Neither
216,Senegal,SEN,2019,0.386242399,Low SDI,7748.08961175035,11667.510627786463,-3919.4210160361154,0.6640739279292434,-0.4093617984603976,6154.5992957035305,395.709867273624,True,False,Structural high
217,Sierra Leone,SLE,2019,0.357865167,Low SDI,9227.57460533412,12307.11888205417,-3079.5442767200493,0.7497753693424919,-0.2879816248564671,6154.5992957035305,395.709867273624,True,False,Structural high
218,Togo,TGO,2019,0.429846227,Low SDI,7968.95759165306,10609.585374404924,-2640.627782751865,0.7511092385266777,-0.2862041803702386,6154.5992957035305,395.709867273624,True,False,Structural high
298,American Samoa,ASM,2019,0.71987804,High SDI,5793.90863855161,3182.6510017336104,2611.257636818,1.8204662199517416,0.5990926330927507,6154.5992957035305,395.709867273624,False,True,Excess-only
305,Bermuda,BMU,2019,0.817323404,High SDI,3091.22111745848,1520.4130697643884,1570.8080476940916,2.033145583218061,0.7095841421256487,6154.5992957035305,395.709867273624,False,True,Excess-only
320,Cook Islands,COK,2019,0.763833163,High SDI,4486.64581192096,2345.2476063206072,2141.398205600353,1.9130797958514631,0.6487144020039969,6154.5992957035305,395.709867273624,False,True,Excess-only
349,Greenland,GRL,2019,0.840475825,High SDI,700.0190624154201,1231.5122288405066,-531.4931664250865,0.5684223396421342,-0.5648905808535937,6154.5992957035305,395.709867273624,False,False,Neither
351,Guam,GUM,2019,0.792690752,High SDI,5646.47131880351,1872.9416534341733,3773.5296653693367,3.0147609288577133,1.103520533124014,6154.5992957035305,395.709867273624,False,True,Excess-only
367,Monaco,MCO,2019,0.915977431,High SDI,661.9805645754,555.8789354765022,106.10162909889776,1.1908718289674836,0.17468566826597712,6154.5992957035305,395.709867273624,False,False,Neither
369,Nauru,NRU,2019,0.603075222,Low-middle SDI,9540.37595191205,5962.570619757509,3577.805332154541,1.6000441018340588,0.470031192512152,6154.5992957035305,395.709867273624,True,True,Double-high
374,Niue,NIU,2019,0.729471222,High SDI,8058.44844571362,2988.306463271768,5070.141982441852,2.696660648684196,0.992014210762296,6154.5992957035305,395.709867273624,True,True,Double-high
376,Northern Mariana Islands,MNP,2019,0.791441645,High SDI,5125.51354385156,1892.0658985177336,3233.4476453338266,2.708950860467887,0.9965614235762699,6154.5992957035305,395.709867273624,False,True,Excess-only
380,Palau,PLW,2019,0.75371823,High SDI,4572.9614733807,2525.6568937649463,2047.304579615754,1.8106028117555897,0.5936598349993368,6154.5992957035305,395.709867273624,False,True,Excess-only
385,Puerto Rico,PRI,2019,0.837465531,High SDI,2960.82770045871,1266.7793809661302,1694.0483194925796,2.3372875695218416,0.848991098701982,6154.5992957035305,395.709867273624,False,True,Excess-only
393,Saint Kitts and Nevis,KNA,2019,0.745049207,High SDI,3501.722239142889,2686.250212056864,815.4720270860253,1.3035726245551853,0.26510866787981247,6154.5992957035305,395.709867273624,False,True,Excess-only
396,San Marino,SMR,2019,0.872187268,High SDI,691.65104820003,900.3827592106957,-208.7317110106657,0.7681744692738824,-0.26373839810076366,6154.5992957035305,395.709867273624,False,False,Neither
416,Tuvalu,TUV,2019,0.592049316,Low-middle SDI,5605.05726082606,6254.730857344239,-649.6735965181788,0.8961308469803558,-0.10966884209292732,6154.5992957035305,395.709867273624,False,False,Neither
422,United States Virgin Islands,VIR,2019,0.80565738,High SDI,2532.60773870263,1681.531970693157,851.0757680094728,1.506131184445244,0.40954423344939994,6154.5992957035305,395.709867273624,False,True,Excess-only
435,South Sudan,SSD,2019,0.369676759,Low SDI,10097.44356395109,12045.874976815849,-1948.4314128647584,0.8382490755868863,-0.17643999642568686,6154.5992957035305,395.709867273624,True,False,Structural high
522,Sudan,SDN,2019,0.549015241,Low-middle SDI,7935.86074485239,7420.513738172353,515.3470066800364,1.0694489660505588,0.06714353082401833,6154.5992957035305,395.709867273624,True,True,Double-high
6,China,CHN,2020,0.70567262,High-middle SDI,3464.1527041091304,3378.942540669672,85.21016343945848,1.0252179971733315,0.024905270146254446,5781.830328486553,338.52803969470256,False,False,Neither
7,Democratic People's Republic of Korea,PRK,2020,0.57245301,Low-middle SDI,6181.181977213139,6581.718980859765,-400.5370036466256,0.9391440131656452,-0.06278644288013442,5781.830328486553,338.52803969470256,True,False,Structural high
8,Taiwan,TWN,2020,0.868362752,High SDI,5102.86703483956,908.8908137691076,4193.976221070452,5.614389492703004,1.7253328543544317,5781.830328486553,338.52803969470256,False,True,Excess-only
10,Cambodia,KHM,2020,0.485192544,Low SDI,7824.753638442359,8892.499733031218,-1067.7460945888588,0.8799273402705077,-0.12791594279322258,5781.830328486553,338.52803969470256,True,False,Structural high
11,Indonesia,IDN,2020,0.651396696,Middle SDI,4208.82899229037,4593.215450211805,-384.3864579214351,0.9163142983193376,-0.08739585272440353,5781.830328486553,338.52803969470256,False,False,Neither
12,Lao People's Democratic Republic,LAO,2020,0.500325255,Low SDI,7782.835029072239,8495.15524099855,-712.3202119263115,0.9161498299067478,-0.08757535791689068,5781.830328486553,338.52803969470256,True,False,Structural high
13,Malaysia,MYS,2020,0.760095564,High SDI,4645.4178765693405,2339.9524845105657,2305.465392058775,1.98526162702872,0.6857507074836112,5781.830328486553,338.52803969470256,False,True,Excess-only
14,Maldives,MDV,2020,0.646876637,Middle SDI,4387.46792015291,4700.953680232147,-313.4857600792375,0.9333144333249936,-0.06901312170092104,5781.830328486553,338.52803969470256,False,False,Neither
15,Myanmar,MMR,2020,0.522942113,Low SDI,7008.9211439246,7895.625348351316,-886.7042044267155,0.887696773174291,-0.11912506595525989,5781.830328486553,338.52803969470256,True,False,Structural high
16,Philippines,PHL,2020,0.651748105,Middle SDI,5004.67650414557,4584.877343842867,419.7991603027031,1.0915616992167654,0.08760942240684952,5781.830328486553,338.52803969470256,False,True,Excess-only
17,Sri Lanka,LKA,2020,0.72106156,High SDI,4340.17935433823,3065.234733864223,1274.944620474007,1.4159370264171365,0.34779152141332675,5781.830328486553,338.52803969470256,False,True,Excess-only
18,Thailand,THA,2020,0.675101293,Middle SDI,5297.72825537489,4043.823440951247,1253.904814423643,1.3100790211871074,0.2700874569106665,5781.830328486553,338.52803969470256,False,True,Excess-only
19,Timor-Leste,TLS,2020,0.465875872,Low SDI,10050.93449263561,9392.77572552638,658.1587671092293,1.070070742274893,0.06772476056396332,5781.830328486553,338.52803969470256,True,True,Double-high
20,Viet Nam,VNM,2020,0.62609567,Low-middle SDI,4522.16322518506,5207.25274182576,-685.0895166406999,0.868435516652012,-0.14106194285992696,5781.830328486553,338.52803969470256,False,False,Neither
22,Fiji,FJI,2020,0.676431609,Middle SDI,5462.13278739174,4013.8189479011335,1448.3138394906064,1.3608318806327686,0.30809618968573405,5781.830328486553,338.52803969470256,False,True,Excess-only
23,Kiribati,KIR,2020,0.529986697,Low SDI,6821.49434473182,7708.151769856472,-886.657425124652,0.8849714624727528,-0.12219988028761394,5781.830328486553,338.52803969470256,True,False,Structural high
24,Marshall Islands,MHL,2020,0.584906819,Low-middle SDI,8192.78030777789,6255.750733003245,1937.029574774645,1.3096398270083758,0.26975215819481474,5781.830328486553,338.52803969470256,True,True,Double-high
25,Micronesia (Federated States of),FSM,2020,0.586529433,Low-middle SDI,4843.51311591142,6213.522870831921,-1370.009754920501,0.7795115937608077,-0.24908771726481946,5781.830328486553,338.52803969470256,False,False,Neither
26,Papua New Guinea,PNG,2020,0.435278841,Low SDI,7461.051183568709,10163.376849106113,-2702.3256655374016,0.73411143700973,-0.3090944403522033,5781.830328486553,338.52803969470256,True,False,Structural high
27,Samoa,WSM,2020,0.598012337,Low-middle SDI,6204.40403639605,5916.568440747867,287.8355956481837,1.0486490773377752,0.04750274278640645,5781.830328486553,338.52803969470256,True,False,Structural high
28,Solomon Islands,SLB,2020,0.451187627,Low SDI,8564.717116850621,9766.48607535884,-1201.768958508219,0.8769497084995267,-0.13130563318066055,5781.830328486553,338.52803969470256,True,False,Structural high
29,Tonga,TON,2020,0.625974744,Low-middle SDI,5786.04946752529,5210.248506161107,575.8009613641834,1.110513147440722,0.10482220349047647,5781.830328486553,338.52803969470256,True,True,Double-high
30,Vanuatu,VUT,2020,0.468487149,Low SDI,7717.779170330589,9325.687831496138,-1607.9086611655484,0.8275828346156866,-0.18924607448620928,5781.830328486553,338.52803969470256,True,False,Structural high
33,Armenia,ARM,2020,0.702878631,High-middle SDI,4243.35432380335,3437.469999142213,805.8843246611368,1.2344411223551732,0.21061833515027223,5781.830328486553,338.52803969470256,False,True,Excess-only
34,Azerbaijan,AZE,2020,0.695815448,High-middle SDI,4457.41034465007,3587.502335217874,869.9080094321962,1.2424829109914337,0.21711172516483493,5781.830328486553,338.52803969470256,False,True,Excess-only
35,Georgia,GEO,2020,0.735082167,High SDI,4346.527500649159,2792.721745558414,1553.8057550907452,1.5563768598006371,0.44236059424636337,5781.830328486553,338.52803969470256,False,True,Excess-only
36,Kazakhstan,KAZ,2020,0.716911797,High-middle SDI,3350.74047470719,3148.358327452284,202.38214725490616,1.0642818021983786,0.062300207542640804,5781.830328486553,338.52803969470256,False,False,Neither
37,Kyrgyzstan,KGZ,2020,0.610631017,Low-middle SDI,3817.23490204634,5594.610616115827,-1777.375714069487,0.6823057338522218,-0.3822774314847674,5781.830328486553,338.52803969470256,False,False,Neither
38,Mongolia,MNG,2020,0.645180222,Middle SDI,3615.3291169844897,4741.618873597873,-1126.2897566133834,0.7624672529281606,-0.27119571840227974,5781.830328486553,338.52803969470256,False,False,Neither
39,Tajikistan,TJK,2020,0.535658043,Low-middle SDI,4702.40246724058,7557.153411234781,-2854.7509439942005,0.6222452041597821,-0.47442104502041293,5781.830328486553,338.52803969470256,False,False,Neither
40,Turkmenistan,TKM,2020,0.674064913,Middle SDI,4758.26819509741,4067.262159901228,691.006035196182,1.1698946387102234,0.15691369237028086,5781.830328486553,338.52803969470256,False,True,Excess-only
41,Uzbekistan,UZB,2020,0.628972568,Low-middle SDI,4400.84467540256,5136.14345589917,-735.2987804966097,0.8568383483035166,-0.15450600325971692,5781.830328486553,338.52803969470256,False,False,Neither
43,Albania,ALB,2020,0.692001637,High-middle SDI,3503.26881223932,3669.723575868061,-166.4547636287407,0.9546410621433888,-0.0464198603099118,5781.830328486553,338.52803969470256,False,False,Neither
44,Bosnia and Herzegovina,BIH,2020,0.699727515,High-middle SDI,3329.8634897263,3504.0402044661714,-174.1767147398714,0.950292603801215,-0.05098533780976643,5781.830328486553,338.52803969470256,False,False,Neither
45,Bulgaria,BGR,2020,0.759797761,High SDI,3707.51431343002,2345.082576529906,1362.4317369001142,1.5809738857538007,0.4580410405411406,5781.830328486553,338.52803969470256,False,True,Excess-only
46,Croatia,HRV,2020,0.769783216,High SDI,3301.05765588012,2176.5740998927363,1124.4835559873836,1.516630036185214,0.416490792037293,5781.830328486553,338.52803969470256,False,True,Excess-only
47,Czechia,CZE,2020,0.822559335,High SDI,3150.31250069248,1408.7153471924516,1741.5971535000283,2.236301682217777,0.8048234666828576,5781.830328486553,338.52803969470256,False,True,Excess-only
48,Hungary,HUN,2020,0.781338423,High SDI,3069.8072527285203,1990.694455040954,1079.1127976875664,1.5420785670824435,0.4331312252584915,5781.830328486553,338.52803969470256,False,True,Excess-only
49,North Macedonia,MKD,2020,0.747703247,High SDI,2551.60097494187,2558.783539520102,-7.182564578231904,0.9971929768707286,-0.0028109702067845026,5781.830328486553,338.52803969470256,False,False,Neither
50,Montenegro,MNE,2020,0.776715791,High SDI,3029.18286783565,2063.8721132496744,965.3107545859756,1.4677182992051012,0.3837090175038076,5781.830328486553,338.52803969470256,False,True,Excess-only
51,Poland,POL,2020,0.831685857,High SDI,6497.66816128621,1297.0068471343186,5200.661314151892,5.009740831856464,1.6113841835903515,5781.830328486553,338.52803969470256,True,True,Double-high
52,Romania,ROU,2020,0.752129917,High SDI,3238.74490942697,2479.3616198558047,759.3832895711653,1.3062817797491475,0.26718476542960157,5781.830328486553,338.52803969470256,False,True,Excess-only
53,Serbia,SRB,2020,0.771710433,High SDI,2241.49598721543,2144.888861984305,96.60712523112488,1.0450406204924532,0.044055755945949696,5781.830328486553,338.52803969470256,False,False,Neither
54,Slovakia,SVK,2020,0.803524075,High SDI,3382.2826396439405,1661.6584581952452,1720.6241814486953,2.035486066924664,0.7107346438992299,5781.830328486553,338.52803969470256,False,True,Excess-only
55,Slovenia,SVN,2020,0.83483293,High SDI,3177.75397601023,1259.91048191976,1917.84349409047,2.522206157986875,0.9251339780507613,5781.830328486553,338.52803969470256,False,True,Excess-only
57,Belarus,BLR,2020,0.79508121,High SDI,2433.20804090958,1782.5345774001507,650.6734635094294,1.365027120235976,0.31117429674429525,5781.830328486553,338.52803969470256,False,True,Excess-only
58,Estonia,EST,2020,0.844244399,High SDI,2582.90835623009,1153.285703088676,1429.6226531414138,2.2396084069304467,0.8063010322498203,5781.830328486553,338.52803969470256,False,True,Excess-only
59,Latvia,LVA,2020,0.836673059,High SDI,2507.5036672966703,1238.556040595647,1268.9476267010234,2.024537917630889,0.7053414856952192,5781.830328486553,338.52803969470256,False,True,Excess-only
60,Lithuania,LTU,2020,0.842817867,High SDI,2698.71293118416,1169.033961849005,1529.678969335155,2.3084983150666853,0.8365972330823294,5781.830328486553,338.52803969470256,False,True,Excess-only
61,Republic of Moldova,MDA,2020,0.717889047,High-middle SDI,2832.99475439094,3128.6837811167247,-295.6890267257845,0.9054909196926754,-0.09927802965740268,5781.830328486553,338.52803969470256,False,False,Neither
62,Russian Federation,RUS,2020,0.814037151,High SDI,1852.03164273773,1518.6109782102271,333.4206645275028,1.2195563375423897,0.19848713485351,5781.830328486553,338.52803969470256,False,False,Neither
63,Ukraine,UKR,2020,0.761342485,High SDI,1706.60373291482,2318.541902482351,-611.9381695675308,0.7360676686876532,-0.3064332233278868,5781.830328486553,338.52803969470256,False,False,Neither
66,Brunei Darussalam,BRN,2020,0.824696282,High SDI,1638.30125618108,1382.0064268080896,256.2948293729903,1.18545125724555,0.17012350990035763,5781.830328486553,338.52803969470256,False,False,Neither
67,Japan,JPN,2020,0.869010842,High SDI,1112.15651184997,902.881480585336,209.27503126463387,1.2317857169126576,0.20846491890617572,5781.830328486553,338.52803969470256,False,False,Neither
68,Republic of Korea,KOR,2020,0.882215741,High SDI,884.15894512455,786.5765994522458,97.5823456723042,1.1240595585226645,0.11694673807717232,5781.830328486553,338.52803969470256,False,False,Neither
69,Singapore,SGP,2020,0.864906224,High SDI,2297.46703535366,941.4252967527128,1356.0417386009472,2.4404135339026727,0.8921675060524629,5781.830328486553,338.52803969470256,False,True,Excess-only
71,Australia,AUS,2020,0.843867427,High SDI,501.83257192665,1157.4330211168656,-655.6004491902156,0.43357374705139,-0.8356933771579085,5781.830328486553,338.52803969470256,False,False,Neither
72,New Zealand,NZL,2020,0.859654402,High SDI,1007.69626886861,992.432588589769,15.26368027884098,1.0153800675777187,0.015262993220026548,5781.830328486553,338.52803969470256,False,False,Neither
74,Andorra,AND,2020,0.874985685,High SDI,647.5216267324801,848.8178426122402,-201.2962158797601,0.7628511021160085,-0.2706924146890826,5781.830328486553,338.52803969470256,False,False,Neither
75,Austria,AUT,2020,0.847616295,High SDI,761.84013424863,1116.644114612195,-354.80398036356496,0.6822586751493455,-0.3823464039753066,5781.830328486553,338.52803969470256,False,False,Neither
76,Belgium,BEL,2020,0.867736986,High SDI,688.64170475095,914.7202849443988,-226.0785801934489,0.7528440290277469,-0.28389720540247376,5781.830328486553,338.52803969470256,False,False,Neither
77,Cyprus,CYP,2020,0.844557334,High SDI,511.92609816723,1149.8506821889512,-637.9245840217211,0.4452109357300941,-0.8092070962478953,5781.830328486553,338.52803969470256,False,False,Neither
78,Denmark,DNK,2020,0.906232584,High SDI,723.70249618243,603.7501207569869,119.95237542544304,1.1986788429541777,0.1812199860828105,5781.830328486553,338.52803969470256,False,False,Neither
79,Finland,FIN,2020,0.881945245,High SDI,787.21359324592,788.8433884119055,-1.6297951659854562,0.9979339433024006,-0.0020681939370175216,5781.830328486553,338.52803969470256,False,False,Neither
80,France,FRA,2020,0.85248796,High SDI,719.7736770912101,1065.1418366626674,-345.36815957145734,0.6757538313830816,-0.3919264240183732,5781.830328486553,338.52803969470256,False,False,Neither
81,Germany,DEU,2020,0.873425165,High SDI,707.24940093956,862.7066624625533,-155.45726152299324,0.8198028735755347,-0.19869136570270435,5781.830328486553,338.52803969470256,False,False,Neither
82,Greece,GRC,2020,0.817847326,High SDI,757.5750793748999,1468.8086365086122,-711.2335571337122,0.5157752075693612,-0.6620842526665213,5781.830328486553,338.52803969470256,False,False,Neither
83,Iceland,ISL,2020,0.880521241,High SDI,599.20299780602,800.8554592919239,-201.652461485904,0.7482036750249603,-0.29008004525850184,5781.830328486553,338.52803969470256,False,False,Neither
84,Ireland,IRL,2020,0.900453493,High SDI,673.88007082154,644.4923325224194,29.387738299120656,1.0455982745118204,0.04458923308915735,5781.830328486553,338.52803969470256,False,False,Neither
85,Israel,ISR,2020,0.828079983,High SDI,670.7833102549599,1340.4069461369,-669.62363588194,0.5004325829466798,-0.6922823887068749,5781.830328486553,338.52803969470256,False,False,Neither
86,Italy,ITA,2020,0.824967231,High SDI,726.4493590116,1378.6441337234755,-652.1947747118755,0.5269302942229102,-0.6406870082158298,5781.830328486553,338.52803969470256,False,False,Neither
87,Luxembourg,LUX,2020,0.887259974,High SDI,628.26129549474,745.1732760552858,-116.91198056054576,0.8431076578867116,-0.17066062108359428,5781.830328486553,338.52803969470256,False,False,Neither
88,Malta,MLT,2020,0.818077054,High SDI,618.6701841443299,1465.8405194613051,-847.1703353169752,0.4220583180301842,-0.8626117801097668,5781.830328486553,338.52803969470256,False,False,Neither
89,Netherlands,NLD,2020,0.900764619,High SDI,636.1474812387199,642.2477942559449,-6.1003130172249485,0.9905016209136348,-0.009543776384865579,5781.830328486553,338.52803969470256,False,False,Neither
90,Norway,NOR,2020,0.911723945,High SDI,875.90647361784,566.8658458439305,309.0406277739095,1.5451741889896724,0.4351366476772533,5781.830328486553,338.52803969470256,False,False,Neither
91,Portugal,PRT,2020,0.775424577,High SDI,646.46499248071,2084.5949341647465,-1438.1299416840366,0.310115400304249,-1.1708107917281885,5781.830328486553,338.52803969470256,False,False,Neither
92,Spain,ESP,2020,0.802321542,High SDI,640.60326658359,1678.548713954439,-1037.9454473708493,0.3816411530139112,-0.9632745018948197,5781.830328486553,338.52803969470256,False,False,Neither
93,Sweden,SWE,2020,0.901469342,High SDI,702.29686665848,637.1854141054795,65.1114525530005,1.1021860373944812,0.0972955144448982,5781.830328486553,338.52803969470256,False,False,Neither
94,Switzerland,CHE,2020,0.942013533,High SDI,642.16377813706,393.3502953296114,248.81348280744865,1.6325493733237268,0.49014282570726597,5781.830328486553,338.52803969470256,False,False,Neither
95,United Kingdom,GBR,2020,0.873099404,High SDI,678.4787701441101,865.6265488361826,-187.1477786920725,0.7838007869055207,-0.24360038925497587,5781.830328486553,338.52803969470256,False,False,Neither
97,Argentina,ARG,2020,0.754297282,High SDI,1956.03993789642,2440.9811837542006,-484.9412458577806,0.8013334764375584,-0.22147809341252095,5781.830328486553,338.52803969470256,False,False,Neither
98,Chile,CHL,2020,0.777378531,High SDI,1387.56644202677,2053.283575027433,-665.7171330006631,0.6757792537293497,-0.3918888040051437,5781.830328486553,338.52803969470256,False,False,Neither
99,Uruguay,URY,2020,0.732702763,High SDI,1921.29653531647,2838.0468054589724,-916.7502701425024,0.676978452793965,-0.3901158340594322,5781.830328486553,338.52803969470256,False,False,Neither
101,Canada,CAN,2020,0.882366195,High SDI,453.85853813313,785.3178392931878,-331.4593011600578,0.5779297443970174,-0.5483029671836261,5781.830328486553,338.52803969470256,False,False,Neither
102,United States of America,USA,2020,0.868920598,High SDI,790.44593733246,903.7165450692044,-113.2706077367444,0.8746613544315819,-0.1339184910442129,5781.830328486553,338.52803969470256,False,False,Neither
105,Antigua and Barbuda,ATG,2020,0.746087003,High SDI,3610.02147652129,2588.125092450559,1021.8963840707312,1.394840414418745,0.3327800104632156,5781.830328486553,338.52803969470256,False,True,Excess-only
106,Bahamas,BHS,2020,0.804811823,High SDI,3021.2810039378,1643.691524530534,1377.589479407266,1.8381070650107103,0.6087362730589136,5781.830328486553,338.52803969470256,False,True,Excess-only
107,Barbados,BRB,2020,0.747731196,High SDI,3358.32125458256,2558.277758937207,800.0434956453528,1.3127273779598183,0.2721069408296029,5781.830328486553,338.52803969470256,False,True,Excess-only
108,Belize,BLZ,2020,0.614156635,Low-middle SDI,2996.75987859815,5505.571120189315,-2508.8112415911646,0.5443140798978732,-0.608228845976729,5781.830328486553,338.52803969470256,False,False,Neither
109,Cuba,CUB,2020,0.686122814,High-middle SDI,3490.25829843722,3798.081329058257,-307.82303062103665,0.9189530176023476,-0.08452028132573522,5781.830328486553,338.52803969470256,False,False,Neither
110,Dominica,DMA,2020,0.746105082,High SDI,2928.87759971082,2587.795872432517,341.0817272783029,1.1318039536703053,0.12381277897898096,5781.830328486553,338.52803969470256,False,True,Excess-only
111,Dominican Republic,DOM,2020,0.639524958,Middle SDI,2673.90670804421,4878.065118178619,-2204.1584101344088,0.5481490392737107,-0.6012080595335413,5781.830328486553,338.52803969470256,False,False,Neither
112,Grenada,GRD,2020,0.665926073,Middle SDI,3549.7281486891497,4253.231896947285,-703.5037482581356,0.8345954875484056,-0.18080811756299445,5781.830328486553,338.52803969470256,False,False,Neither
113,Guyana,GUY,2020,0.64948349,Middle SDI,2845.71252027128,4638.70788919442,-1792.9953689231402,0.6134709467048334,-0.48862237258687014,5781.830328486553,338.52803969470256,False,False,Neither
114,Haiti,HTI,2020,0.459696616,Low SDI,7648.72912410504,9550.775557561248,-1902.0464334562084,0.8008490072881695,-0.22208285494134242,5781.830328486553,338.52803969470256,True,False,Structural high
115,Jamaica,JAM,2020,0.683049575,High-middle SDI,2630.5562007325498,3865.946080795774,-1235.3898800632242,0.6804430651011747,-0.38501112666390586,5781.830328486553,338.52803969470256,False,False,Neither
116,Saint Lucia,LCA,2020,0.693814619,High-middle SDI,3564.83419355283,3630.5335417656606,-65.6993482128305,0.9819036658229362,-0.018262075416431968,5781.830328486553,338.52803969470256,False,False,Neither
117,Saint Vincent and the Grenadines,VCT,2020,0.643515304,Middle SDI,2849.4249785276497,4781.6489540452885,-1932.2239755176388,0.5959084420275202,-0.5176682444768589,5781.830328486553,338.52803969470256,False,False,Neither
118,Suriname,SUR,2020,0.649482182,Middle SDI,2529.50628144556,4638.73904650328,-2109.2327650577195,0.5453004051504736,-0.6064184340640161,5781.830328486553,338.52803969470256,False,False,Neither
119,Trinidad and Tobago,TTO,2020,0.765903036,High SDI,2342.10763793774,2241.1923301323586,100.91530780538142,1.045027508995367,0.044043209467773736,5781.830328486553,338.52803969470256,False,False,Neither
121,Bolivia (Plurinational State of),BOL,2020,0.618234036,Low-middle SDI,5347.98157766396,5403.122907939896,-55.141330275936525,0.9897945445225934,-0.010257888176253883,5781.830328486553,338.52803969470256,False,False,Neither
122,Ecuador,ECU,2020,0.674596326,Middle SDI,4232.1131514087,4055.236796802905,176.8763546057953,1.0436167759044903,0.04269234918428372,5781.830328486553,338.52803969470256,False,False,Neither
123,Peru,PER,2020,0.673011202,Middle SDI,5172.04648046089,4091.149723361575,1080.8967570993154,1.2642036664967555,0.23444241130241367,5781.830328486553,338.52803969470256,False,True,Excess-only
125,Colombia,COL,2020,0.672522448,Middle SDI,2438.49917829463,4102.249121461877,-1663.7499431672468,0.5944298130352568,-0.5201526303167728,5781.830328486553,338.52803969470256,False,False,Neither
126,Costa Rica,CRI,2020,0.699112197,High-middle SDI,1996.19199674801,3517.108164751973,-1520.916168003963,0.567566279807258,-0.566397743834397,5781.830328486553,338.52803969470256,False,False,Neither
127,El Salvador,SLV,2020,0.592363904,Low-middle SDI,2187.80597515821,6062.209662450497,-3874.403687292287,0.3608924958022392,-1.0191751605608237,5781.830328486553,338.52803969470256,False,False,Neither
128,Guatemala,GTM,2020,0.535858401,Low-middle SDI,4458.9102695046695,7551.818896196533,-3092.908626691864,0.5904418962894351,-0.5268840456637407,5781.830328486553,338.52803969470256,False,False,Neither
129,Honduras,HND,2020,0.505111401,Low SDI,2043.20150178999,8368.73411889434,-6325.532617104349,0.2441470206559667,-1.4099846914734921,5781.830328486553,338.52803969470256,False,False,Neither
130,Mexico,MEX,2020,0.679468048,High-middle SDI,1292.0987416649,3945.682231730824,-2653.583490065924,0.3274715665833293,-1.116354047268757,5781.830328486553,338.52803969470256,False,False,Neither
131,Nicaragua,NIC,2020,0.521891596,Low SDI,2412.42886633049,7923.565377652474,-5511.136511321984,0.3044625432301568,-1.189207210137028,5781.830328486553,338.52803969470256,False,False,Neither
132,Panama,PAN,2020,0.693766538,High-middle SDI,2469.10077792179,3631.570445473608,-1162.469667551818,0.679898907371955,-0.38581115749329264,5781.830328486553,338.52803969470256,False,False,Neither
133,Venezuela (Bolivarian Republic of),VEN,2020,0.609487443,Low-middle SDI,2490.00788609261,5623.580211369415,-3133.5723252768053,0.4427798293084647,-0.814682631785783,5781.830328486553,338.52803969470256,False,False,Neither
135,Brazil,BRA,2020,0.671569145,Middle SDI,4297.92350768691,4123.933389433137,173.9901182537733,1.042190331856376,0.04132458678172384,5781.830328486553,338.52803969470256,False,False,Neither
136,Paraguay,PRY,2020,0.659779424,Middle SDI,3760.16936728457,4395.849049638045,-635.6796823534746,0.8553909210313269,-0.15619669695698635,5781.830328486553,338.52803969470256,False,False,Neither
139,Algeria,DZA,2020,0.640859543,Middle SDI,5123.7970693001,4845.744533582613,278.05253571748653,1.0573807665242132,0.05579487524978622,5781.830328486553,338.52803969470256,False,False,Neither
140,Bahrain,BHR,2020,0.766770005,High SDI,4130.465146193929,2226.6589946359245,1903.8061515580048,1.855005708617404,0.6178877734764444,5781.830328486553,338.52803969470256,False,True,Excess-only
141,Egypt,EGY,2020,0.648212373,Middle SDI,7734.17654987162,4669.022154892975,3065.154394978645,1.656487438545664,0.5046993595993687,5781.830328486553,338.52803969470256,True,True,Double-high
142,Iran (Islamic Republic of),IRN,2020,0.699235393,High-middle SDI,2442.94873170456,3514.4899710248105,-1071.5412393202505,0.6951076121557992,-0.3636886077692107,5781.830328486553,338.52803969470256,False,False,Neither
143,Iraq,IRQ,2020,0.629020645,Low-middle SDI,5863.2498043920605,5134.95777613171,728.2920282603509,1.1418301882920237,0.13263240341030355,5781.830328486553,338.52803969470256,True,True,Double-high
144,Jordan,JOR,2020,0.705392841,High-middle SDI,5901.79508175125,3384.781974653132,2517.0131070981183,1.7436263623319663,0.5559670607516095,5781.830328486553,338.52803969470256,True,True,Double-high
145,Kuwait,KWT,2020,0.863922469,High SDI,7428.92042644247,950.8346783443528,6478.085748098117,7.813051622578728,2.0557956202599916,5781.830328486553,338.52803969470256,True,True,Double-high
146,Lebanon,LBN,2020,0.717356466,High-middle SDI,5499.77640718426,3139.3984498697696,2360.3779573144907,1.751856763327511,0.560676233080385,5781.830328486553,338.52803969470256,False,True,Excess-only
147,Libya,LBY,2020,0.761803985,High SDI,6887.47576537899,2310.6460619781787,4576.829703400812,2.9807575806233686,1.09217748989415,5781.830328486553,338.52803969470256,True,True,Double-high
148,Morocco,MAR,2020,0.590068002,Low-middle SDI,4932.73626638493,6121.650989208545,-1188.9147228236152,0.8057852816308093,-0.21593797192805692,5781.830328486553,338.52803969470256,False,False,Neither
149,Palestine,PSE,2020,0.619437575,Low-middle SDI,6748.62555964255,5372.993427730099,1375.6321319124509,1.2560271383941757,0.22795367481431125,5781.830328486553,338.52803969470256,True,True,Double-high
150,Oman,OMN,2020,0.765462718,High SDI,4187.0272348621,2248.594511720804,1938.4327231412965,1.862064152979656,0.621685632063535,5781.830328486553,338.52803969470256,False,True,Excess-only
151,Qatar,QAT,2020,0.845318928,High SDI,4284.852270499951,1141.520304799716,3143.331965700236,3.753636490287174,1.3227251008404588,5781.830328486553,338.52803969470256,False,True,Excess-only
152,Saudi Arabia,SAU,2020,0.813739967,High SDI,4370.31807635807,1522.541021648207,2847.777054709863,2.8704107240585466,1.0544551289604174,5781.830328486553,338.52803969470256,False,True,Excess-only
153,Syrian Arab Republic,SYR,2020,0.570155059,Low-middle SDI,6639.142907261129,6642.184848028662,-3.041940767532651,0.9995420270833872,-0.0004580778182382258,5781.830328486553,338.52803969470256,True,False,Structural high
154,Tunisia,TUN,2020,0.67047336,Middle SDI,5419.8946515383495,4148.915753141928,1270.9788983964218,1.3063400112267702,0.26722934247311664,5781.830328486553,338.52803969470256,False,True,Excess-only
155,Türkiye,TUR,2020,0.705100899,High-middle SDI,3625.44291090638,3390.8803344117646,234.5625764946153,1.0691745368051468,0.06688688981492832,5781.830328486553,338.52803969470256,False,False,Neither
156,United Arab Emirates,ARE,2020,0.852774971,High SDI,3402.02912417735,1062.160278265276,2339.868845912074,3.2029338639301743,1.1640672222496782,5781.830328486553,338.52803969470256,False,True,Excess-only
157,Yemen,YEM,2020,0.440417262,Low SDI,10663.90236880852,10036.151691441815,627.7506773667028,1.0625489427289154,0.0606706845003947,5781.830328486553,338.52803969470256,True,True,Double-high
160,Afghanistan,AFG,2020,0.321744702,Low SDI,12245.68213127154,12675.484099133157,-429.8019678616165,0.966091869588554,-0.034496346197890396,5781.830328486553,338.52803969470256,True,False,Structural high
161,Bangladesh,BGD,2020,0.490980544,Low SDI,6998.67239638149,8740.99861548158,-1742.3262191000897,0.8006719488532836,-0.22230396779650466,5781.830328486553,338.52803969470256,True,False,Structural high
162,Bhutan,BTN,2020,0.510118539,Low SDI,4894.33563729956,8236.17293059864,-3341.8372932990787,0.5942487704594396,-0.52045724180676,5781.830328486553,338.52803969470256,False,False,Neither
163,India,IND,2020,0.583043192,Low-middle SDI,5815.51099168074,6304.325014110227,-488.8140224294875,0.9224637020877836,-0.08070725117189718,5781.830328486553,338.52803969470256,True,False,Structural high
164,Nepal,NPL,2020,0.451488053,Low SDI,6789.93303072347,9758.908632531346,-2968.975601807875,0.695767660749401,-0.36273949514062603,5781.830328486553,338.52803969470256,True,False,Structural high
165,Pakistan,PAK,2020,0.493870265,Low SDI,12707.90399583038,8665.128579915016,4042.7754159153646,1.466556887024868,0.38291739969895117,5781.830328486553,338.52803969470256,True,True,Double-high
168,Angola,AGO,2020,0.479696098,Low SDI,5590.08574361444,9035.74014786367,-3445.6544042492296,0.6186638451456697,-0.48019321496266376,5781.830328486553,338.52803969470256,False,False,Neither
169,Central African Republic,CAF,2020,0.248112544,Low SDI,12671.73877223432,13962.766053491545,-1291.0272812572257,0.9075378563021624,-0.09701999877966253,5781.830328486553,338.52803969470256,True,False,Structural high
170,Congo,COG,2020,0.564897725,Low-middle SDI,5894.53836939476,6780.8349514409065,-886.2965820461468,0.8692938866093752,-0.1400740214659913,5781.830328486553,338.52803969470256,True,False,Structural high
171,Democratic Republic of the Congo,COD,2020,0.3719724,Low SDI,9441.222657327293,11640.68604158602,-2199.4633842587264,0.8110538007466909,-0.20942088829183886,5781.830328486553,338.52803969470256,True,False,Structural high
172,Equatorial Guinea,GNQ,2020,0.629071247,Low-middle SDI,4233.6273196444,5133.709919589956,-900.0825999455556,0.8246720960000311,-0.19276943104927832,5781.830328486553,338.52803969470256,False,False,Neither
173,Gabon,GAB,2020,0.61034928,Low-middle SDI,4581.73166766437,5601.743730403297,-1020.0120627389268,0.8179116875335011,-0.20100090965813455,5781.830328486553,338.52803969470256,False,False,Neither
175,Burundi,BDI,2020,0.295428988,Low SDI,11724.53603077958,13166.000872893108,-1441.464842113528,0.8905161213317785,-0.11595407273096929,5781.830328486553,338.52803969470256,True,False,Structural high
176,Comoros,COM,2020,0.46556743,Low SDI,9440.24976420862,9400.687879196448,39.56188501217184,1.0042084032062932,0.004199572643895435,5781.830328486553,338.52803969470256,True,False,Structural high
177,Djibouti,DJI,2020,0.469583349,Low SDI,8426.92472704452,9297.47051845921,-870.54579141469,0.906367458795776,-0.09831047150618091,5781.830328486553,338.52803969470256,True,False,Structural high
178,Eritrea,ERI,2020,0.401199528,Low SDI,10607.2312998622,10980.792445888505,-373.5611460263026,0.9659804929501082,-0.03461163860694154,5781.830328486553,338.52803969470256,True,False,Structural high
179,Ethiopia,ETH,2020,0.36635257,Low SDI,8196.544843184669,11762.83501099528,-3566.29016781061,0.6968171223623362,-0.3612322808950969,5781.830328486553,338.52803969470256,True,False,Structural high
180,Kenya,KEN,2020,0.522571204,Low SDI,11842.07270745174,7905.490846541995,3936.581860909745,1.49795540053426,0.40410111197775406,5781.830328486553,338.52803969470256,True,True,Double-high
181,Madagascar,MDG,2020,0.358079206,Low SDI,7933.87628521165,11939.782861069532,-4005.906575857882,0.6644908351793054,-0.4087341929791697,5781.830328486553,338.52803969470256,True,False,Structural high
182,Malawi,MWI,2020,0.386679805,Low SDI,8547.70503945823,11313.686149925848,-2765.9811104676173,0.7555190170724555,-0.2803503260805733,5781.830328486553,338.52803969470256,True,False,Structural high
183,Mauritius,MUS,2020,0.726156326,High SDI,6320.83668827305,2964.706268678275,3356.1304195947746,2.132027970207991,0.7570736254520591,5781.830328486553,338.52803969470256,True,True,Double-high
184,Mozambique,MOZ,2020,0.32164888,Low SDI,5690.5492672010105,12677.334391755943,-6986.785124554935,0.4488758512910701,-0.8010089299385069,5781.830328486553,338.52803969470256,False,False,Neither
185,Rwanda,RWA,2020,0.437425029,Low SDI,9419.55360672329,10110.354718139515,-690.8011114162273,0.9316738996133512,-0.07077241864214731,5781.830328486553,338.52803969470256,True,False,Structural high
186,Seychelles,SYC,2020,0.739757982,High SDI,6191.71713544619,2704.773054273024,3486.944081173166,2.2891817580275218,0.8281944428103843,5781.830328486553,338.52803969470256,True,True,Double-high
187,Somalia,SOM,2020,0.21400866,Low SDI,10417.75464006837,14476.76429005497,-4059.009649986601,0.7196189998910877,-0.329033373848142,5781.830328486553,338.52803969470256,True,False,Structural high
189,United Republic of Tanzania,TZA,2020,0.43805865,Low SDI,11194.14697338421,10094.66877353637,1099.4781998478393,1.1089167187664613,0.10338360975620978,5781.830328486553,338.52803969470256,True,True,Double-high
190,Uganda,UGA,2020,0.417338276,Low SDI,7294.78033378325,10599.68427157419,-3304.9039377909394,0.6882073226790444,-0.3736651453396423,5781.830328486553,338.52803969470256,True,False,Structural high
191,Zambia,ZMB,2020,0.480288772,Low SDI,5233.41216750694,9020.32619745292,-3786.914029945981,0.5801799239793239,-0.5444170097905561,5781.830328486553,338.52803969470256,False,False,Neither
193,Botswana,BWA,2020,0.666513132,Middle SDI,5332.49993438514,4239.706802204392,1092.7931321807473,1.2577520529515298,0.22932604262928638,5781.830328486553,338.52803969470256,False,True,Excess-only
194,Lesotho,LSO,2020,0.501280537,Low SDI,12341.9333576334,8469.947269781673,3871.986087851727,1.457144060585342,0.37647839712647246,5781.830328486553,338.52803969470256,True,True,Double-high
195,Namibia,NAM,2020,0.609894839,Low-middle SDI,6263.97223768939,5613.254927322196,650.7173103671939,1.115925130569051,0.1096837744049476,5781.830328486553,338.52803969470256,True,True,Double-high
196,South Africa,ZAF,2020,0.692639628,High-middle SDI,8342.86965152729,3655.9111063486216,4686.958545178668,2.282022021005816,0.8250619012644093,5781.830328486553,338.52803969470256,True,True,Double-high
197,Eswatini,SWZ,2020,0.590946,Low-middle SDI,5773.39205040908,6098.903517649435,-325.5114672403552,0.9466278706822682,-0.05484921900842714,5781.830328486553,338.52803969470256,False,False,Neither
198,Zimbabwe,ZWE,2020,0.481202835,Low SDI,8192.807764775891,8996.538478731612,-803.7307139557215,0.91066222682693,-0.09358322234451444,5781.830328486553,338.52803969470256,True,False,Structural high
200,Benin,BEN,2020,0.380081591,Low SDI,6919.28060646979,11461.685583199787,-4542.4049767299975,0.6036878743744178,-0.5046979788967658,5781.830328486553,338.52803969470256,True,False,Structural high
201,Burkina Faso,BFA,2020,0.289886706,Low SDI,6658.78885965966,13264.855253043124,-6606.066393383464,0.5019872989667227,-0.6891804604735824,5781.830328486553,338.52803969470256,True,False,Structural high
202,Cameroon,CMR,2020,0.465513305,Low SDI,6709.360380412089,9402.07602402629,-2692.7156436142004,0.7136041405394755,-0.3374268954076727,5781.830328486553,338.52803969470256,True,False,Structural high
203,Cabo Verde,CPV,2020,0.541838123,Low-middle SDI,3866.51079410433,7392.640834904399,-3526.1300408000693,0.5230215941032297,-0.6481325268532688,5781.830328486553,338.52803969470256,False,False,Neither
204,Chad,TCD,2020,0.229489581,Low SDI,12143.0295105209,14249.055834301778,-2106.0263237808776,0.8521988861387548,-0.1599353449592415,5781.830328486553,338.52803969470256,True,False,Structural high
205,Côte d'Ivoire,CIV,2020,0.429277022,Low SDI,6612.96780598802,10310.740195458524,-3697.772389470504,0.641366932017235,-0.44415354899657766,5781.830328486553,338.52803969470256,True,False,Structural high
206,Gambia,GMB,2020,0.413674758,Low SDI,7074.7438419112505,10687.18011677381,-3612.43627486256,0.6619841496642556,-0.4125136664371237,5781.830328486553,338.52803969470256,True,False,Structural high
207,Ghana,GHA,2020,0.553454204,Low-middle SDI,4674.42976875501,7083.870135921972,-2409.4403671669625,0.6598694892854114,-0.41571320702244324,5781.830328486553,338.52803969470256,False,False,Neither
208,Guinea,GIN,2020,0.332966333,Low SDI,8787.59303300529,12455.52399820032,-3667.930965195028,0.7055177312712816,-0.3488233750904504,5781.830328486553,338.52803969470256,True,False,Structural high
209,Guinea-Bissau,GNB,2020,0.354812772,Low SDI,7347.63351759804,12008.691712530002,-4661.058194931962,0.6118596174745196,-0.491252405993733,5781.830328486553,338.52803969470256,True,False,Structural high
210,Liberia,LBR,2020,0.365639937,Low SDI,7405.70904609994,11778.211927838724,-4372.502881738786,0.6287634397710206,-0.46400018241529345,5781.830328486553,338.52803969470256,True,False,Structural high
211,Mali,MLI,2020,0.266357116,Low SDI,6377.0420865367705,13667.911467514989,-7290.869380978218,0.4665703389792444,-0.7623464898267568,5781.830328486553,338.52803969470256,True,False,Structural high
212,Mauritania,MRT,2020,0.494845894,Low SDI,7660.36473991859,8639.480876412097,-979.1161364935068,0.8866695637735903,-0.12028289846601632,5781.830328486553,338.52803969470256,True,False,Structural high
213,Niger,NER,2020,0.18745522,Low SDI,9923.00755358568,14848.512942726386,-4925.505389140706,0.6682829177481043,-0.40304366554579046,5781.830328486553,338.52803969470256,True,False,Structural high
214,Nigeria,NGA,2020,0.488580818,Low SDI,9895.87566156329,8803.88939186478,1091.986269698511,1.1240345285014095,0.1169244703069749,5781.830328486553,338.52803969470256,True,True,Double-high
215,Sao Tome and Principe,STP,2020,0.501247022,Low SDI,5633.67326429316,8470.831880912512,-2837.158616619352,0.6650672972258633,-0.407867044610655,5781.830328486553,338.52803969470256,False,False,Neither
216,Senegal,SEN,2020,0.392492286,Low SDI,7223.79651780441,11181.597167799944,-3957.800649995536,0.6460433522508789,-0.4368886687037358,5781.830328486553,338.52803969470256,True,False,Structural high
217,Sierra Leone,SLE,2020,0.364192659,Low SDI,8646.037325712461,11809.362468218216,-3163.325142505755,0.7321341307781,-0.31179154303910184,5781.830328486553,338.52803969470256,True,False,Structural high
218,Togo,TGO,2020,0.437427067,Low SDI,7523.01070996008,10110.3042887189,-2587.2935787588203,0.7440934016550097,-0.2955887121696298,5781.830328486553,338.52803969470256,True,False,Structural high
298,American Samoa,ASM,2020,0.72742621,High SDI,5696.6351679564505,2939.9141940371724,2756.720973919278,1.937687562280065,0.6614952838980318,5781.830328486553,338.52803969470256,False,True,Excess-only
305,Bermuda,BMU,2020,0.819872071,High SDI,2977.21624103674,1442.7840922144758,1534.4321488222645,2.0635216711234468,0.724414072274784,5781.830328486553,338.52803969470256,False,True,Excess-only
320,Cook Islands,COK,2020,0.764220664,High SDI,4263.64733245417,2269.5506561813727,1994.0966762727976,1.8786306094740184,0.6305431122143097,5781.830328486553,338.52803969470256,False,True,Excess-only
349,Greenland,GRL,2020,0.846994885,High SDI,676.49152946656,1123.3354481323922,-446.8439186658322,0.6022168450138957,-0.5071376908682433,5781.830328486553,338.52803969470256,False,False,Neither
351,Guam,GUM,2020,0.798967058,High SDI,5442.14594507778,1726.2373919423328,3715.908553135448,3.152605760065463,1.148229336292777,5781.830328486553,338.52803969470256,False,True,Excess-only
367,Monaco,MCO,2020,0.91772033,High SDI,637.13980713613,528.5714263214492,108.56838081468084,1.205399640253454,0.18681116362097977,5781.830328486553,338.52803969470256,False,False,Neither
369,Nauru,NRU,2020,0.609367265,Low-middle SDI,9230.79640647922,5626.627110488093,3604.169295991126,1.6405559183534513,0.4950351590029582,5781.830328486553,338.52803969470256,True,True,Double-high
374,Niue,NIU,2020,0.734310629,High SDI,7955.27758857637,2807.376800352214,5147.900788224157,2.833704968844332,1.0415850317011925,5781.830328486553,338.52803969470256,True,True,Double-high
376,Northern Mariana Islands,MNP,2020,0.79186292,High SDI,5008.97638387734,1830.016534173105,3178.9598497042343,2.737120834889424,1.0069065777465775,5781.830328486553,338.52803969470256,False,True,Excess-only
380,Palau,PLW,2020,0.755625469,High SDI,4300.04975312038,2417.626463151223,1882.423289969157,1.7786245388444075,0.5758403346072255,5781.830328486553,338.52803969470256,False,True,Excess-only
385,Puerto Rico,PRI,2020,0.840743034,High SDI,2864.0039463052,1192.2018546229128,1671.802091682287,2.4022810694343946,0.8764187315641374,5781.830328486553,338.52803969470256,False,True,Excess-only
393,Saint Kitts and Nevis,KNA,2020,0.746826362,High SDI,3346.85249713714,2574.6799522444426,772.1725448926973,1.2999101089125915,0.2622951150864135,5781.830328486553,338.52803969470256,False,True,Excess-only
396,San Marino,SMR,2020,0.873722319,High SDI,667.09057050107,860.0493942185054,-192.9588237174354,0.7756421607705801,-0.2540639981810528,5781.830328486553,338.52803969470256,False,False,Neither
416,Tuvalu,TUV,2020,0.597233207,Low-middle SDI,5287.00809379292,5936.605292034328,-649.5971982414085,0.890577667490707,-0.11588496221097394,5781.830328486553,338.52803969470256,False,False,Neither
422,United States Virgin Islands,VIR,2020,0.807987062,High SDI,2409.93100144754,1599.9210318246312,810.0099696229088,1.5062812185793522,0.40964384406983256,5781.830328486553,338.52803969470256,False,True,Excess-only
435,South Sudan,SSD,2020,0.37125658,Low SDI,9752.646936682298,11656.331748189745,-1903.6848115074445,0.8366823411831007,-0.17831080121811171,5781.830328486553,338.52803969470256,True,False,Structural high
522,Sudan,SDN,2020,0.55609541,Low-middle SDI,7479.84808301985,7013.802428386277,466.0456546335727,1.0664469322299972,0.06433249888206603,5781.830328486553,338.52803969470256,True,True,Double-high
6,China,CHN,2021,0.713940185,High-middle SDI,4373.217997698331,3687.106096922886,686.1119007754446,1.18608412200236,0.17065722723586155,6568.423136740668,432.727698942911,False,True,Excess-only
7,Democratic People's Republic of Korea,PRK,2021,0.573858026,Low-middle SDI,7392.57433237556,7520.934812049047,-128.3604796734871,0.9829329088894848,-0.017214412548246127,6568.423136740668,432.727698942911,True,False,Structural high
8,Taiwan,TWN,2021,0.87301271,High SDI,5935.08346525869,995.6271489106018,4939.456316348088,5.961150689545536,1.7852635311575864,6568.423136740668,432.727698942911,False,True,Excess-only
10,Cambodia,KHM,2021,0.490028713,Low SDI,8645.893334149809,10073.379257961553,-1427.4859238117442,0.8582912558679331,-0.15281177804382864,6568.423136740668,432.727698942911,True,False,Structural high
11,Indonesia,IDN,2021,0.656080173,Middle SDI,4675.50368481766,5151.108444726064,-475.6047599084041,0.90766943367396,-0.09687502649715284,6568.423136740668,432.727698942911,False,False,Neither
12,Lao People's Democratic Republic,LAO,2021,0.505411847,Low SDI,8358.34995390105,9607.781059735016,-1249.4311058339665,0.8699563303882754,-0.13931226354932194,6568.423136740668,432.727698942911,True,False,Structural high
13,Malaysia,MYS,2021,0.763674987,High SDI,5697.79537457648,2618.66969160221,3079.1256829742697,2.1758358424694384,0.7774128861063347,6568.423136740668,432.727698942911,False,True,Excess-only
14,Maldives,MDV,2021,0.65092303,Middle SDI,5160.03326267954,5291.2085400073975,-131.17527732785766,0.9752088249147568,-0.025103651517672472,6568.423136740668,432.727698942911,False,False,Neither
15,Myanmar,MMR,2021,0.526046894,Low SDI,8221.39306920877,8978.314454309104,-756.9213851003333,0.915694489321762,-0.08807249688179522,6568.423136740668,432.727698942911,True,False,Structural high
16,Philippines,PHL,2021,0.65787241,Middle SDI,6520.456690037189,5102.7480885433615,1417.7086014938277,1.27783237128183,0.2451651824712806,6568.423136740668,432.727698942911,False,True,Excess-only
17,Sri Lanka,LKA,2021,0.725545978,High SDI,5563.819039905779,3420.6221362583665,2143.196903647413,1.6265517845217887,0.4864623044335428,6568.423136740668,432.727698942911,False,True,Excess-only
18,Thailand,THA,2021,0.679413351,High-middle SDI,6618.267962558471,4535.57738359289,2082.69057896558,1.4591897354677612,0.37788130595721364,6568.423136740668,432.727698942911,True,True,Double-high
19,Timor-Leste,TLS,2021,0.476931005,Low SDI,11909.12421768056,10465.91829986438,1443.2059178161817,1.13789577526464,0.12918074562645135,6568.423136740668,432.727698942911,True,True,Double-high
20,Viet Nam,VNM,2021,0.631534162,Middle SDI,5334.5592965900005,5829.732850082273,-495.17355349227273,0.9150606783833526,-0.08876490073230668,6568.423136740668,432.727698942911,False,False,Neither
22,Fiji,FJI,2021,0.678431642,High-middle SDI,6713.85049477583,4560.834212149066,2153.016282626764,1.4720663331483523,0.38666708257149607,6568.423136740668,432.727698942911,True,True,Double-high
23,Kiribati,KIR,2021,0.534348368,Low-middle SDI,7736.8534018172995,8724.357372328031,-987.503970510732,0.8868106923676805,-0.1201237440644949,6568.423136740668,432.727698942911,True,False,Structural high
24,Marshall Islands,MHL,2021,0.592440694,Low-middle SDI,9431.04360746088,6964.09273745989,2466.950870000991,1.3542386586455477,0.30323942088210903,6568.423136740668,432.727698942911,True,True,Double-high
25,Micronesia (Federated States of),FSM,2021,0.590041459,Low-middle SDI,5359.092592207549,7035.472130507581,-1676.3795383000315,0.7617246565399887,-0.2721701317190226,6568.423136740668,432.727698942911,False,False,Neither
26,Papua New Guinea,PNG,2021,0.43559242,Low SDI,9239.03654483112,11670.331387501628,-2431.294842670506,0.7916687399918816,-0.233612232247821,6568.423136740668,432.727698942911,True,False,Structural high
27,Samoa,WSM,2021,0.600357121,Low-middle SDI,7024.491743227999,6729.838348116776,294.6533951112233,1.043783131164462,0.04285173911216539,6568.423136740668,432.727698942911,True,False,Structural high
28,Solomon Islands,SLB,2021,0.453728254,Low SDI,9157.96266140719,11149.393081331234,-1991.430419924045,0.8213866525830419,-0.19676132718624853,6568.423136740668,432.727698942911,True,False,Structural high
29,Tonga,TON,2021,0.629557552,Low-middle SDI,7321.93412535137,5885.615952969219,1436.3181723821515,1.2440387180984087,0.21836311770596892,6568.423136740668,432.727698942911,True,True,Double-high
30,Vanuatu,VUT,2021,0.471252917,Low SDI,8610.9581174916,10634.712147919152,-2023.754030427552,0.8097029799886468,-0.21108778993541466,6568.423136740668,432.727698942911,True,False,Structural high
33,Armenia,ARM,2021,0.707013035,High-middle SDI,4311.17087262494,3850.830948494142,460.339924130798,1.1195430104016415,0.11292057561446434,6568.423136740668,432.727698942911,False,True,Excess-only
34,Azerbaijan,AZE,2021,0.699132712,High-middle SDI,5073.80212688096,4041.175885496399,1032.6262413845611,1.2555261811520282,0.2275547525657631,6568.423136740668,432.727698942911,False,True,Excess-only
35,Georgia,GEO,2021,0.741614364,High SDI,4318.12845652528,3068.5363274968945,1249.5921290283854,1.4072274190893217,0.3416213991073545,6568.423136740668,432.727698942911,False,True,Excess-only
36,Kazakhstan,KAZ,2021,0.720076576,High SDI,3391.88733697796,3544.965402070088,-153.07806509212742,0.9568181779707252,-0.044141897251020225,6568.423136740668,432.727698942911,False,False,Neither
37,Kyrgyzstan,KGZ,2021,0.616088362,Low-middle SDI,4067.81355093461,6270.857275689727,-2203.0437247551167,0.6486853985186889,-0.4328074278515268,6568.423136740668,432.727698942911,False,False,Neither
38,Mongolia,MNG,2021,0.650108982,Middle SDI,3994.19358326496,5313.4489313551685,-1319.2553480902084,0.7517139309827263,-0.28539943833411496,6568.423136740668,432.727698942911,False,False,Neither
39,Tajikistan,TJK,2021,0.540550594,Low-middle SDI,5303.95468657132,8534.613607992325,-3230.6589214210053,0.621463950237229,-0.47567737415902156,6568.423136740668,432.727698942911,False,False,Neither
40,Turkmenistan,TKM,2021,0.676669807,High-middle SDI,5681.931278541861,4606.308579537316,1075.6226990045443,1.2335107777587462,0.20986439449166094,6568.423136740668,432.727698942911,False,True,Excess-only
41,Uzbekistan,UZB,2021,0.628654038,Low-middle SDI,4993.71232478444,5911.217572048636,-917.5052472641956,0.8447857423481339,-0.16867224312789142,6568.423136740668,432.727698942911,False,False,Neither
43,Albania,ALB,2021,0.697075681,High-middle SDI,3932.19865325132,4091.561334411109,-159.36268115978874,0.9610508878800114,-0.03972791836488855,6568.423136740668,432.727698942911,False,False,Neither
44,Bosnia and Herzegovina,BIH,2021,0.704196418,High-middle SDI,3620.30291376087,3918.371794091568,-298.068880330698,0.9239304241674692,-0.07911850869558378,6568.423136740668,432.727698942911,False,False,Neither
45,Bulgaria,BGR,2021,0.763470597,High SDI,3857.68959373796,2622.654171922379,1235.0354218155808,1.470910513112109,0.38588160571860275,6568.423136740668,432.727698942911,False,True,Excess-only
46,Croatia,HRV,2021,0.773819998,High SDI,3381.27422996226,2425.297499827901,955.9767301343586,1.394168851533552,0.33229843235849554,6568.423136740668,432.727698942911,False,True,Excess-only
47,Czechia,CZE,2021,0.826106263,High SDI,3227.8805937474203,1568.0914356178812,1659.7891581295391,2.0584772803605844,0.7219665251791001,6568.423136740668,432.727698942911,False,True,Excess-only
48,Hungary,HUN,2021,0.785457473,High SDI,3327.0099674615903,2214.2069724823687,1112.8029949792217,1.5025740632239306,0.40717967953942474,6568.423136740668,432.727698942911,False,True,Excess-only
49,North Macedonia,MKD,2021,0.751492222,High SDI,3007.72566376998,2862.202579527269,145.52308424271132,1.050843041398819,0.04959273859070789,6568.423136740668,432.727698942911,False,False,Neither
50,Montenegro,MNE,2021,0.780486571,High SDI,3373.32191613462,2302.9616098171387,1070.3603063174814,1.4647755749616993,0.3817020395816439,6568.423136740668,432.727698942911,False,True,Excess-only
51,Poland,POL,2021,0.837646412,High SDI,6654.266767366861,1410.4185192566842,5243.848248110176,4.717937744375179,1.551371785556156,6568.423136740668,432.727698942911,True,True,Double-high
52,Romania,ROU,2021,0.757240316,High SDI,3611.97124247591,2745.7747267961245,866.1965156797855,1.3154652518382297,0.27419040673522704,6568.423136740668,432.727698942911,False,True,Excess-only
53,Serbia,SRB,2021,0.775814344,High SDI,2486.4356519808803,2388.304305071548,98.13134690933292,1.0410882929369394,0.040266601537583255,6568.423136740668,432.727698942911,False,False,Neither
54,Slovakia,SVK,2021,0.806351845,High SDI,3920.0974768606,1864.340599891957,2055.756876968643,2.1026723749339467,0.743209095204178,6568.423136740668,432.727698942911,False,True,Excess-only
55,Slovenia,SVN,2021,0.838414189,High SDI,3342.7725618502805,1400.3263725209852,1942.4461893292955,2.387138189672412,0.8700952382961509,6568.423136740668,432.727698942911,False,True,Excess-only
57,Belarus,BLR,2021,0.79796806,High SDI,2621.02939255307,2000.209539735972,620.8198528170983,1.3103774082084654,0.27031519358989564,6568.423136740668,432.727698942911,False,True,Excess-only
58,Estonia,EST,2021,0.848813917,High SDI,2527.89710263049,1268.4593376185571,1259.4377650119327,1.9928877715358524,0.6895847283234159,6568.423136740668,432.727698942911,False,True,Excess-only
59,Latvia,LVA,2021,0.842271142,High SDI,2384.7174489204403,1350.3733359494793,1034.344112970961,1.76596899941281,0.5686995479013112,6568.423136740668,432.727698942911,False,True,Excess-only
60,Lithuania,LTU,2021,0.848352595,High SDI,2592.74224283367,1274.119248609924,1318.622994223746,2.03492902698266,0.7104609421107734,6568.423136740668,432.727698942911,False,True,Excess-only
61,Republic of Moldova,MDA,2021,0.724440475,High SDI,3015.2444589696897,3445.5742912777464,-430.3298323080567,0.8751065001275957,-0.1334096855995851,6568.423136740668,432.727698942911,False,False,Neither
62,Russian Federation,RUS,2021,0.8173422,High SDI,1879.3276881653096,1695.3937408588542,183.93394730645537,1.1084904012995105,0.10299909085722578,6568.423136740668,432.727698942911,False,False,Neither
63,Ukraine,UKR,2021,0.763814569,High SDI,1840.62403444572,2615.950611792163,-775.3265773464427,0.7036157434121916,-0.3515228908542929,6568.423136740668,432.727698942911,False,False,Neither
66,Brunei Darussalam,BRN,2021,0.827306102,High SDI,1928.67620061896,1551.1729520518136,377.50324856714633,1.2433663171265357,0.2178224731557414,6568.423136740668,432.727698942911,False,False,Neither
67,Japan,JPN,2021,0.871854985,High SDI,1334.22038404488,1007.6259131374532,326.5944709074266,1.324122739053531,0.28075015643077594,6568.423136740668,432.727698942911,False,False,Neither
68,Republic of Korea,KOR,2021,0.885572992,High SDI,1216.86011185225,872.0164649886722,344.84364686357776,1.3954554308421887,0.33322083571437866,6568.423136740668,432.727698942911,False,False,Neither
69,Singapore,SGP,2021,0.866698816,High SDI,2446.8258907396,1062.330264540782,1384.4956261988175,2.303262904589562,0.8343267717653594,6568.423136740668,432.727698942911,False,True,Excess-only
71,Australia,AUS,2021,0.847132462,High SDI,558.2987810199901,1289.1732950403637,-730.8745140203736,0.433067286739375,-0.8368621664257202,6568.423136740668,432.727698942911,False,False,Neither
72,New Zealand,NZL,2021,0.862170175,High SDI,1058.70910951929,1112.099603731246,-53.39049421195591,0.9519912658606984,-0.049199418748931,6568.423136740668,432.727698942911,False,False,Neither
74,Andorra,AND,2021,0.876266227,High SDI,764.75100721526,962.4598154997976,-197.70880828453767,0.7945796748076499,-0.2299420150784886,6568.423136740668,432.727698942911,False,False,Neither
75,Austria,AUT,2021,0.849666081,High SDI,889.00504775989,1258.0501748297506,-369.0451270698607,0.7066530934509009,-0.34721540754945335,6568.423136740668,432.727698942911,False,False,Neither
76,Belgium,BEL,2021,0.870842367,High SDI,804.4477253916001,1018.205841918272,-213.75811652667176,0.7900639460838711,-0.23564139238692844,6568.423136740668,432.727698942911,False,False,Neither
77,Cyprus,CYP,2021,0.847888001,High SDI,605.69491442966,1279.836983545702,-674.142069116042,0.473259424611737,-0.7481115744333403,6568.423136740668,432.727698942911,False,False,Neither
78,Denmark,DNK,2021,0.909755687,High SDI,826.69059301737,666.3725622782028,160.31803073916717,1.2405831809627184,0.21558157628516317,6568.423136740668,432.727698942911,False,False,Neither
79,Finland,FIN,2021,0.885120753,High SDI,863.96215549739,876.261571655113,-12.299416157723044,0.9859637617857742,-0.014135677807665142,6568.423136740668,432.727698942911,False,False,Neither
80,France,FRA,2021,0.855608911,High SDI,811.2860467571901,1187.107796086949,-375.821749329759,0.6834139658011039,-0.380654503745773,6568.423136740668,432.727698942911,False,False,Neither
81,Germany,DEU,2021,0.87521828,High SDI,877.65646091647,973.0542560695222,-95.39779515305224,0.9019604564103192,-0.10318459978037775,6568.423136740668,432.727698942911,False,False,Neither
82,Greece,GRC,2021,0.82219215,High SDI,809.75780563749,1624.1351109773668,-814.3773053398768,0.4985778585564822,-0.6959955161059816,6568.423136740668,432.727698942911,False,False,Neither
83,Iceland,ISL,2021,0.883240628,High SDI,748.86441636474,894.0727109408361,-145.20829457609614,0.8375878238993639,-0.17722915642334847,6568.423136740668,432.727698942911,False,False,Neither
84,Ireland,IRL,2021,0.902346099,High SDI,776.7389805689199,725.0307265502867,51.70825401863328,1.0713187070907495,0.06889032618072745,6568.423136740668,432.727698942911,False,False,Neither
85,Israel,ISR,2021,0.832070709,High SDI,793.52166187364,1485.1945860531596,-691.6729241795196,0.5342880113658303,-0.6268202382903043,6568.423136740668,432.727698942911,False,False,Neither
86,Italy,ITA,2021,0.828080447,High SDI,798.9718574800099,1540.3191529491846,-741.3472954691747,0.5187053968330212,-0.6564191931425276,6568.423136740668,432.727698942911,False,False,Neither
87,Luxembourg,LUX,2021,0.889841069,High SDI,750.4064815082401,832.6938881186628,-82.28740661042275,0.9011792835463968,-0.10405105831987324,6568.423136740668,432.727698942911,False,False,Neither
88,Malta,MLT,2021,0.822169181,High SDI,715.91978775075,1624.467846030316,-908.548058279566,0.4407103467761647,-0.8193674293608679,6568.423136740668,432.727698942911,False,False,Neither
89,Netherlands,NLD,2021,0.903288078,High SDI,716.62232511508,717.365626246497,-0.7433011314169562,0.9989638461835616,-0.0010366909949024625,6568.423136740668,432.727698942911,False,False,Neither
90,Norway,NOR,2021,0.913913872,High SDI,969.69812320602,635.0690908978836,334.6290323081364,1.5269175229974203,0.4232510123333833,6568.423136740668,432.727698942911,False,False,Neither
91,Portugal,PRT,2021,0.779178548,High SDI,757.32764571501,2326.6666771861555,-1569.3390314711455,0.3254989866579916,-1.1223959305242528,6568.423136740668,432.727698942911,False,False,Neither
92,Spain,ESP,2021,0.805410489,High SDI,765.28710576355,1879.294576952074,-1114.007471188524,0.4072204087369462,-0.8984006953137919,6568.423136740668,432.727698942911,False,False,Neither
93,Sweden,SWE,2021,0.904934853,High SDI,798.08908073316,704.1119739414864,93.97710679167358,1.1334689797499216,0.12528282380660372,6568.423136740668,432.727698942911,False,False,Neither
94,Switzerland,CHE,2021,0.943587421,High SDI,731.77103402206,443.1442469292799,288.62678709278015,1.6513156587111042,0.5015723390986033,6568.423136740668,432.727698942911,False,False,Neither
95,United Kingdom,GBR,2021,0.875766969,High SDI,794.9667048683899,967.4966936419528,-172.52998877356276,0.8216738207919789,-0.19641177436513882,6568.423136740668,432.727698942911,False,False,Neither
97,Argentina,ARG,2021,0.758911723,High SDI,2237.06323384269,2712.4295779560184,-475.3663441133285,0.8247451849158989,-0.19268080712522798,6568.423136740668,432.727698942911,False,False,Neither
98,Chile,CHL,2021,0.782111659,High SDI,1688.09180383315,2273.713662570948,-585.6218587377982,0.7424381669609091,-0.2978156885933137,6568.423136740668,432.727698942911,False,False,Neither
99,Uruguay,URY,2021,0.737691062,High SDI,2160.4798639099,3152.648106776045,-992.1682428661452,0.6852905210912503,-0.3779124122513036,6568.423136740668,432.727698942911,False,False,Neither
101,Canada,CAN,2021,0.884576701,High SDI,514.1629007117999,881.388587979808,-367.2256872680081,0.5833555230052275,-0.5389584620186352,6568.423136740668,432.727698942911,False,False,Neither
102,United States of America,USA,2021,0.871619614,High SDI,869.77335975023,1010.0780005609378,-140.30464081070772,0.8610952414241367,-0.14955016345469138,6568.423136740668,432.727698942911,False,False,Neither
105,Antigua and Barbuda,ATG,2021,0.748635182,High SDI,3836.54115313899,2921.074205336964,915.466947802026,1.3134007845913045,0.2726197921487798,6568.423136740668,432.727698942911,False,True,Excess-only
106,Bahamas,BHS,2021,0.806799573,High SDI,3228.1238016939706,1857.2549683255795,1370.8688333683913,1.7381155828078398,0.5528015279736311,6568.423136740668,432.727698942911,False,True,Excess-only
107,Barbados,BRB,2021,0.749093553,High SDI,3771.7518458574696,2911.5845566831645,860.1672891743051,1.295429266239204,0.2588421199456291,6568.423136740668,432.727698942911,False,True,Excess-only
108,Belize,BLZ,2021,0.61877044,Low-middle SDI,3314.1158486791096,6193.548172245568,-2879.4323235664583,0.5350916399633855,-0.62531725710334,6568.423136740668,432.727698942911,False,False,Neither
109,Cuba,CUB,2021,0.689317496,High-middle SDI,3795.47562920343,4284.124197129773,-488.6485679263433,0.8859396820816441,-0.12110640960915352,6568.423136740668,432.727698942911,False,False,Neither
110,Dominica,DMA,2021,0.748168792,High SDI,3544.6909211021803,2930.7472982367817,613.9436228653985,1.209483643722802,0.190193527803957,6568.423136740668,432.727698942911,False,True,Excess-only
111,Dominican Republic,DOM,2021,0.645872726,Middle SDI,3191.43868952857,5429.727431639471,-2238.2887421109003,0.587771435989916,-0.5314171209553625,6568.423136740668,432.727698942911,False,False,Neither
112,Grenada,GRD,2021,0.66972256,Middle SDI,3857.3097229445298,4787.427742942738,-930.1180199982086,0.8057165413369805,-0.21602328401755114,6568.423136740668,432.727698942911,False,False,Neither
113,Guyana,GUY,2021,0.660658801,Middle SDI,3165.25791468103,5027.905451837748,-1862.647537156718,0.6295380740550914,-0.46276894431628784,6568.423136740668,432.727698942911,False,False,Neither
114,Haiti,HTI,2021,0.461432377,Low SDI,8354.67367969958,10924.377258335837,-2569.703578636256,0.7647734495185576,-0.26817563343520545,6568.423136740668,432.727698942911,True,False,Structural high
115,Jamaica,JAM,2021,0.685300316,High-middle SDI,3042.64575426264,4385.370024517473,-1342.7242702548333,0.6938173374771096,-0.365546555601736,6568.423136740668,432.727698942911,False,False,Neither
116,Saint Lucia,LCA,2021,0.69581576,High-middle SDI,3782.44334482276,4122.56258729334,-340.1192424705796,0.917498100933894,-0.0861047688823724,6568.423136740668,432.727698942911,False,False,Neither
117,Saint Vincent and the Grenadines,VCT,2021,0.648676327,Middle SDI,3147.30802614446,5352.672019757437,-2205.3639936129766,0.5879882074835373,-0.531048386584727,6568.423136740668,432.727698942911,False,False,Neither
118,Suriname,SUR,2021,0.651023057,Middle SDI,3166.7800312626305,5288.478067564991,-2121.6980363023604,0.5988074434278087,-0.5128151959397599,6568.423136740668,432.727698942911,False,False,Neither
119,Trinidad and Tobago,TTO,2021,0.767132749,High SDI,2562.2162857583503,2551.791124246708,10.425161511642273,1.0040854290198693,0.0040771063149107846,6568.423136740668,432.727698942911,False,False,Neither
121,Bolivia (Plurinational State of),BOL,2021,0.623032938,Low-middle SDI,6421.86989608812,6071.285202055951,350.5846940321689,1.0577447249411789,0.05613902354928568,6568.423136740668,432.727698942911,False,False,Neither
122,Ecuador,ECU,2021,0.680834057,High-middle SDI,4690.15688936526,4499.130856422006,191.026032943254,1.0424584300922446,0.04158179868450592,6568.423136740668,432.727698942911,False,False,Neither
123,Peru,PER,2021,0.67744793,High-middle SDI,5353.35049440082,4586.201424729828,767.1490696709916,1.167273304991436,0.15467052039367996,6568.423136740668,432.727698942911,False,True,Excess-only
125,Colombia,COL,2021,0.677841439,High-middle SDI,2823.1647202715903,4576.046867031186,-1752.8821467595951,0.6169440135352422,-0.48297699900707686,6568.423136740668,432.727698942911,False,False,Neither
126,Costa Rica,CRI,2021,0.705499437,High-middle SDI,2231.6977541880697,3887.057328073611,-1655.3595738855415,0.574135539002734,-0.5548897798702447,6568.423136740668,432.727698942911,False,False,Neither
127,El Salvador,SLV,2021,0.597820144,Low-middle SDI,2666.60348178899,6804.689332269617,-4138.085850480627,0.3918773292328363,-0.9368064237967662,6568.423136740668,432.727698942911,False,False,Neither
128,Guatemala,GTM,2021,0.542281265,Low-middle SDI,4452.90242115448,8481.685394715501,-4028.782973561021,0.5250020737539797,-0.6443530663907342,6568.423136740668,432.727698942911,False,False,Neither
129,Honduras,HND,2021,0.510165118,Low SDI,2474.8798328153102,9463.161124250966,-6988.281291435656,0.2615278129918985,-1.3412146416992767,6568.423136740668,432.727698942911,False,False,Neither
130,Mexico,MEX,2021,0.684255297,High-middle SDI,1367.07396217658,4411.875970811071,-3044.802008634492,0.309862283350921,-1.1716273274650852,6568.423136740668,432.727698942911,False,False,Neither
131,Nicaragua,NIC,2021,0.526553976,Low SDI,2778.78839921117,8962.806855433852,-6184.018456222681,0.3100355105305525,-1.1710684379647502,6568.423136740668,432.727698942911,False,False,Neither
132,Panama,PAN,2021,0.702374575,High-middle SDI,2757.5089561760897,3962.352069490036,-1204.843113313946,0.6959272946512771,-0.36251008581215677,6568.423136740668,432.727698942911,False,False,Neither
133,Venezuela (Bolivarian Republic of),VEN,2021,0.599864659,Low-middle SDI,2760.55488189777,6744.351060662067,-3983.7961787642967,0.4093136399733582,-0.8932735709147929,6568.423136740668,432.727698942911,False,False,Neither
135,Brazil,BRA,2021,0.675486902,Middle SDI,5308.14977617522,4636.945390257911,671.2043859173091,1.1447514105573662,0.13518750475117797,6568.423136740668,432.727698942911,False,True,Excess-only
136,Paraguay,PRY,2021,0.664793655,Middle SDI,4023.2422761693,4917.627540333711,-894.3852641644112,0.8181266765673518,-0.20073809303988688,6568.423136740668,432.727698942911,False,False,Neither
139,Algeria,DZA,2021,0.646329167,Middle SDI,5563.34039895769,5417.15569657659,146.18470238109967,1.0269855087372664,0.026627820561832535,6568.423136740668,432.727698942911,False,False,Neither
140,Bahrain,BHR,2021,0.772566248,High SDI,4882.03299958801,2448.725734214322,2433.307265373688,1.993703472534632,0.689993950618968,6568.423136740668,432.727698942911,False,True,Excess-only
141,Egypt,EGY,2021,0.657658947,Middle SDI,7968.29539621102,5108.499004369966,2859.7963918410533,1.559811480709832,0.44456496826019026,6568.423136740668,432.727698942911,True,True,Double-high
142,Iran (Islamic Republic of),IRN,2021,0.70521504,High-middle SDI,2619.70314145995,3893.881942617893,-1274.178801157943,0.6727741570148116,-0.39634558215682597,6568.423136740668,432.727698942911,False,False,Neither
143,Iraq,IRQ,2021,0.637322864,Middle SDI,6397.70518413574,5667.085021713397,730.6201624223431,1.1289234517609985,0.12126448106285426,6568.423136740668,432.727698942911,False,True,Excess-only
144,Jordan,JOR,2021,0.710163518,High-middle SDI,6583.30664336554,3775.9446777634735,2807.361965602067,1.743485989647733,0.5558865513385821,6568.423136740668,432.727698942911,True,True,Double-high
145,Kuwait,KWT,2021,0.868803165,High SDI,8893.236768591869,1039.7535247512174,7853.483243840652,8.5532162737508,2.1463073845820966,6568.423136740668,432.727698942911,True,True,Double-high
146,Lebanon,LBN,2021,0.71922952,High SDI,6282.17611020288,3564.4218463310594,2717.754263871821,1.762467065077964,0.5667145690491043,6568.423136740668,432.727698942911,False,True,Excess-only
147,Libya,LBY,2021,0.764929666,High SDI,7218.331454419639,2594.286704576907,4624.044749842732,2.782395423637978,1.0233122198630709,6568.423136740668,432.727698942911,True,True,Double-high
148,Morocco,MAR,2021,0.597790554,Low-middle SDI,5653.21397322661,6805.563616672502,-1152.349643445892,0.8306753549958997,-0.18551622833223394,6568.423136740668,432.727698942911,False,False,Neither
149,Palestine,PSE,2021,0.626043043,Low-middle SDI,7126.21847742639,5985.400963465513,1140.8175139608766,1.1906000150907767,0.17445739441208685,6568.423136740668,432.727698942911,True,True,Double-high
150,Oman,OMN,2021,0.770781307,High SDI,5070.86407434152,2482.3091813161614,2588.5548930253585,2.0428011597060056,0.7143219834953249,6568.423136740668,432.727698942911,False,True,Excess-only
151,Qatar,QAT,2021,0.8503038,High SDI,5158.63182852445,1250.299402725604,3908.3324257988456,4.125917214131937,1.417288350010524,6568.423136740668,432.727698942911,False,True,Excess-only
152,Saudi Arabia,SAU,2021,0.818329791,High SDI,5051.5446071795495,1680.720152030451,3370.824455149099,3.005583410823545,1.100471695839827,6568.423136740668,432.727698942911,False,True,Excess-only
153,Syrian Arab Republic,SYR,2021,0.57682827,Low-middle SDI,7204.12134490159,7431.366225026532,-227.24488012494203,0.9694208476283066,-0.03105645009929308,6568.423136740668,432.727698942911,True,False,Structural high
154,Tunisia,TUN,2021,0.674815515,Middle SDI,5911.25556373025,4654.371369162178,1256.8841945680724,1.2700438136276868,0.2390513987948643,6568.423136740668,432.727698942911,False,True,Excess-only
155,Türkiye,TUR,2021,0.713858329,High-middle SDI,4384.96269447387,3689.020720599325,695.941973874545,1.188652226860217,0.1728200827968236,6568.423136740668,432.727698942911,False,True,Excess-only
156,United Arab Emirates,ARE,2021,0.856211192,High SDI,4462.201549260019,1180.0781925213814,3282.123356738638,3.781276170967942,1.3300615640207831,6568.423136740668,432.727698942911,False,True,Excess-only
157,Yemen,YEM,2021,0.442041659,Low SDI,11103.84116649574,11486.57682636995,-382.7356598742099,0.9666797457885314,-0.03388802164114567,6568.423136740668,432.727698942911,True,False,Structural high
160,Afghanistan,AFG,2021,0.326130362,Low SDI,12039.63176033562,14468.105956849691,-2428.474196514071,0.8321498194886837,-0.18374278287103332,6568.423136740668,432.727698942911,True,False,Structural high
161,Bangladesh,BGD,2021,0.499427577,Low SDI,7779.47055512793,9789.395841027204,-2009.925285899272,0.7946834188198104,-0.22981145895757463,6568.423136740668,432.727698942911,True,False,Structural high
162,Bhutan,BTN,2021,0.515037092,Low SDI,5582.67601770324,9314.653237906648,-3731.9772202034064,0.5993434081887388,-0.5119205426564007,6568.423136740668,432.727698942911,False,False,Neither
163,India,IND,2021,0.591102642,Low-middle SDI,7208.06725186024,7003.880065881143,204.18718597909628,1.0291534383882126,0.028736559815408836,6568.423136740668,432.727698942911,True,False,Structural high
164,Nepal,NPL,2021,0.458389218,Low SDI,7791.038748276929,11013.504808339292,-3222.466060062363,0.7074077583711271,-0.3461480348251437,6568.423136740668,432.727698942911,True,False,Structural high
165,Pakistan,PAK,2021,0.500372779,Low SDI,13998.52161424653,9760.747876441916,4237.773737804613,1.4341648602596022,0.3605827008829536,6568.423136740668,432.727698942911,True,True,Double-high
168,Angola,AGO,2021,0.486314885,Low SDI,6254.23552124552,10185.09578368762,-3930.860262442098,0.6140576047661979,-0.4876665363982507,6568.423136740668,432.727698942911,False,False,Neither
169,Central African Republic,CAF,2021,0.251350718,Low SDI,13928.89043835987,15986.377838717508,-2057.4874003576388,0.8712974620570648,-0.1377718425724312,6568.423136740668,432.727698942911,True,False,Structural high
170,Congo,COG,2021,0.569192572,Low-middle SDI,6412.92831913159,7661.984700036476,-1249.0563809048865,0.8369800476240915,-0.1779550467408389,6568.423136740668,432.727698942911,False,False,Neither
171,Democratic Republic of the Congo,COD,2021,0.379369946,Low SDI,9894.309714321931,13189.369523851548,-3295.0598095296173,0.7501730614514319,-0.28745135046823567,6568.423136740668,432.727698942911,True,False,Structural high
172,Equatorial Guinea,GNQ,2021,0.635014666,Middle SDI,4895.36780417228,5731.75629002791,-836.3884858556303,0.8540781492557916,-0.15773257971311808,6568.423136740668,432.727698942911,False,False,Neither
173,Gabon,GAB,2021,0.617271392,Low-middle SDI,5377.57578242951,6236.721778317033,-859.145995887523,0.8622439758537117,-0.14821701373211327,6568.423136740668,432.727698942911,False,False,Neither
175,Burundi,BDI,2021,0.299329539,Low SDI,12690.04280173093,15048.677263649086,-2358.6344619181564,0.8432663269604719,-0.17047244328240166,6568.423136740668,432.727698942911,True,False,Structural high
176,Comoros,COM,2021,0.470157133,Low SDI,9765.6563801652,10667.180360971355,-901.523980806156,0.9154861968862348,-0.08829999211259836,6568.423136740668,432.727698942911,True,False,Structural high
177,Djibouti,DJI,2021,0.476881096,Low SDI,8915.65533291784,10467.405852179312,-1551.7505192614717,0.8517540505092389,-0.16045746693814614,6568.423136740668,432.727698942911,True,False,Structural high
178,Eritrea,ERI,2021,0.405461239,Low SDI,12008.68317963128,12504.17394066035,-495.4907610290702,0.9603739708532156,-0.04043251740421522,6568.423136740668,432.727698942911,True,False,Structural high
179,Ethiopia,ETH,2021,0.375988866,Low SDI,8486.68337401354,13275.448672340604,-4788.765298327064,0.639276576142812,-0.44741809173240576,6568.423136740668,432.727698942911,True,False,Structural high
180,Kenya,KEN,2021,0.531409766,Low SDI,13094.28679488949,8814.267835323772,4280.0189595657175,1.485578500622962,0.39580425910387695,6568.423136740668,432.727698942911,True,True,Double-high
181,Madagascar,MDG,2021,0.365149679,Low SDI,9475.80771200056,13547.045283578973,-4071.237571578411,0.6994741298670231,-0.35742646931030525,6568.423136740668,432.727698942911,True,False,Structural high
182,Malawi,MWI,2021,0.394761661,Low SDI,8751.60795103829,12789.55121134552,-4037.943260307229,0.6842779552166617,-0.3793910766285853,6568.423136740668,432.727698942911,True,False,Structural high
183,Mauritius,MUS,2021,0.729284658,High SDI,7443.49553250773,3336.92272713995,4106.572805367779,2.2306466589615908,0.8022915250326164,6568.423136740668,432.727698942911,True,True,Double-high
184,Mozambique,MOZ,2021,0.328289238,Low SDI,6290.84966844696,14419.496181133756,-8128.646512686796,0.4362738884509577,-0.8294850483378619,6568.423136740668,432.727698942911,False,False,Neither
185,Rwanda,RWA,2021,0.445425216,Low SDI,9759.24556415167,11389.4952510736,-1630.2496869219303,0.8568637458478892,-0.1544763627002975,6568.423136740668,432.727698942911,True,False,Structural high
186,Seychelles,SYC,2021,0.744277351,High SDI,8229.33326097323,3012.139669460287,5217.193591512943,2.7320556693998705,1.00505431829445,6568.423136740668,432.727698942911,True,True,Double-high
187,Somalia,SOM,2021,0.21970076,Low SDI,11139.5036860581,16540.90202828794,-5401.398342229839,0.6734520080590243,-0.39533854319252065,6568.423136740668,432.727698942911,True,False,Structural high
189,United Republic of Tanzania,TZA,2021,0.447547421,Low SDI,10556.14585772325,11328.37517753859,-772.2293198153402,0.9318322965374168,-0.07060241982510634,6568.423136740668,432.727698942911,True,False,Structural high
190,Uganda,UGA,2021,0.425654717,Low SDI,8010.88793706529,11949.99865207608,-3939.110715010791,0.6703672670016204,-0.3999295570778638,6568.423136740668,432.727698942911,True,False,Structural high
191,Zambia,ZMB,2021,0.488804044,Low SDI,5771.08687226716,10110.252267166046,-4339.165394898886,0.5708153189222869,-0.5606895561041776,6568.423136740668,432.727698942911,False,False,Neither
193,Botswana,BWA,2021,0.670065282,Middle SDI,6210.31697176542,4778.426326140034,1431.8906456253862,1.2996573658135802,0.26210066496941137,6568.423136740668,432.727698942911,False,True,Excess-only
194,Lesotho,LSO,2021,0.504203184,Low SDI,14494.568060090322,9644.50633417153,4850.061725918791,1.5028833574129654,0.4073855012476299,6568.423136740668,432.727698942911,True,True,Double-high
195,Namibia,NAM,2021,0.612961028,Low-middle SDI,7070.56237850093,6361.359688078485,709.2026904224449,1.1114860226739776,0.10569787915094286,6568.423136740668,432.727698942911,True,True,Double-high
196,South Africa,ZAF,2021,0.696174136,High-middle SDI,9141.66454005369,4113.733685849379,5027.930854204312,2.2222305181056403,0.7985114293583416,6568.423136740668,432.727698942911,True,True,Double-high
197,Eswatini,SWZ,2021,0.59656513,Low-middle SDI,6538.6561234909295,6841.795799800236,-303.1396763093062,0.9556929664112224,-0.045318582357026224,6568.423136740668,432.727698942911,False,False,Neither
198,Zimbabwe,ZWE,2021,0.484034237,Low SDI,9216.28103770276,10253.5456161069,-1037.2645784041415,0.898838448938605,-0.10665196150558406,6568.423136740668,432.727698942911,True,False,Structural high
200,Benin,BEN,2021,0.388961594,Low SDI,7774.207719667541,12941.727294317125,-5167.519574649584,0.600708664528984,-0.5096452131764695,6568.423136740668,432.727698942911,True,False,Structural high
201,Burkina Faso,BFA,2021,0.29586408,Low SDI,6908.69559390915,15120.688172729904,-8211.992578820755,0.4569035162281141,-0.7832830346051108,6568.423136740668,432.727698942911,True,False,Structural high
202,Cameroon,CMR,2021,0.472832624,Low SDI,7098.39412456013,10587.843448681548,-3489.4493241214177,0.6704287005154065,-0.39983791969929555,6568.423136740668,432.727698942911,True,False,Structural high
203,Cabo Verde,CPV,2021,0.548094311,Low-middle SDI,4328.75570491222,8304.016891853777,-3975.261186941557,0.5212845495483903,-0.6514592259584641,6568.423136740668,432.727698942911,False,False,Neither
204,Chad,TCD,2021,0.232584217,Low SDI,12770.00021068711,16320.716934389997,-3550.716723702886,0.7824411306208591,-0.24533659183133716,6568.423136740668,432.727698942911,True,False,Structural high
205,Côte d'Ivoire,CIV,2021,0.436879003,Low SDI,6984.48242612767,11633.811561545612,-4649.329135417942,0.6003606289459055,-0.5102247560799648,6568.423136740668,432.727698942911,True,False,Structural high
206,Gambia,GMB,2021,0.419897829,Low SDI,7701.14636639063,12109.974896238238,-4408.8285298476085,0.6359341313566936,-0.4526602880546759,6568.423136740668,432.727698942911,True,False,Structural high
207,Ghana,GHA,2021,0.560242752,Low-middle SDI,5510.02787912531,7933.626239343938,-2423.598360218628,0.6945156871394228,-0.3645405293690813,6568.423136740668,432.727698942911,False,False,Neither
208,Guinea,GIN,2021,0.340583999,Low SDI,9796.13642087006,14137.395280021212,-4341.258859151152,0.6929237123838389,-0.36683536899203106,6568.423136740668,432.727698942911,True,False,Structural high
209,Guinea-Bissau,GNB,2021,0.361037146,Low SDI,7998.949468820981,13648.330863410678,-5649.381394589697,0.5860752900023165,-0.534307016425509,6568.423136740668,432.727698942911,True,False,Structural high
210,Liberia,LBR,2021,0.371375894,Low SDI,8413.07468570128,13391.852750423595,-4978.778064722317,0.6282233565803781,-0.46485951240260187,6568.423136740668,432.727698942911,True,False,Structural high
211,Mali,MLI,2021,0.272566904,Low SDI,7218.377171432109,15587.15634774965,-8368.779176317541,0.4630977588464519,-0.769817104966325,6568.423136740668,432.727698942911,True,False,Structural high
212,Mauritania,MRT,2021,0.502319041,Low SDI,7988.03853916243,9701.71307024582,-1713.6745310833894,0.8233637174511935,-0.19435723492227713,6568.423136740668,432.727698942911,True,False,Structural high
213,Niger,NER,2021,0.192426611,Low SDI,10944.031941493811,16985.019272218386,-6040.987330724574,0.6443343846771172,-0.4395374567663967,6568.423136740668,432.727698942911,True,False,Structural high
214,Nigeria,NGA,2021,0.496497095,Low SDI,10600.44336825399,9878.11756329736,722.3258049566302,1.073123831572978,0.07057386386106895,6568.423136740668,432.727698942911,True,True,Double-high
215,Sao Tome and Principe,STP,2021,0.509031123,Low SDI,5918.268387612579,9497.6894890469,-3579.421101434322,0.6231271715544873,-0.473004653330101,6568.423136740668,432.727698942911,False,False,Neither
216,Senegal,SEN,2021,0.399144232,Low SDI,7266.046954454219,12673.380037838851,-5407.333083384634,0.5733314185134523,-0.5562913376504434,6568.423136740668,432.727698942911,True,False,Structural high
217,Sierra Leone,SLE,2021,0.370615609,Low SDI,9410.37619681645,13410.922058546448,-4000.545861729997,0.7016949435493476,-0.3542565227505021,6568.423136740668,432.727698942911,True,False,Structural high
218,Togo,TGO,2021,0.445182203,Low SDI,8278.7323754052,11396.482909362465,-3117.7505339572635,0.7264287097385139,-0.3196149291576405,6568.423136740668,432.727698942911,True,False,Structural high
298,American Samoa,ASM,2021,0.733557349,High SDI,6131.39815640545,3242.5776872924184,2888.820469113032,1.8909024694872376,0.6370542121892906,6568.423136740668,432.727698942911,False,True,Excess-only
305,Bermuda,BMU,2021,0.822428809,High SDI,3383.9993543130804,1620.709429060018,1763.2899252530624,2.0879741264143434,0.7361942783796045,6568.423136740668,432.727698942911,False,True,Excess-only
320,Cook Islands,COK,2021,0.766490178,High SDI,5517.77536280659,2564.143797282509,2953.631565524081,2.151897786954988,0.7663501444034024,6568.423136740668,432.727698942911,False,True,Excess-only
349,Greenland,GRL,2021,0.853192848,High SDI,725.06027330973,1215.6026073867686,-490.5423340770386,0.5964615976502569,-0.5167404189797196,6568.423136740668,432.727698942911,False,False,Neither
351,Guam,GUM,2021,0.804617211,High SDI,6458.97587260111,1891.9555161293108,4567.020356471799,3.413915294274632,1.227859812779919,6568.423136740668,432.727698942911,False,True,Excess-only
367,Monaco,MCO,2021,0.919434816,High SDI,737.0193346976699,595.2522643662917,141.76707033137825,1.2381630088922118,0.21362883675139385,6568.423136740668,432.727698942911,False,False,Neither
369,Nauru,NRU,2021,0.615467143,Low-middle SDI,10436.453149504909,6288.804324260263,4147.648825244646,1.6595289996930418,0.506533826983352,6568.423136740668,432.727698942911,True,True,Double-high
374,Niue,NIU,2021,0.739259867,High SDI,7977.71070645667,3118.8687239974,4858.84198245927,2.5578860197205664,0.939181143806027,6568.423136740668,432.727698942911,True,True,Double-high
376,Northern Mariana Islands,MNP,2021,0.792052185,High SDI,5751.96612607196,2099.725900769726,3652.2402253022337,2.739389043095282,1.007734918564393,6568.423136740668,432.727698942911,False,True,Excess-only
380,Palau,PLW,2021,0.755875599,High SDI,5553.76571035854,2773.1719756169373,2780.5937347416025,2.0026762707794257,0.694484421444388,6568.423136740668,432.727698942911,False,True,Excess-only
385,Puerto Rico,PRI,2021,0.843196152,High SDI,3177.94508695124,1338.5773595256976,1839.3677274255424,2.37412134930871,0.8646274108493853,6568.423136740668,432.727698942911,False,True,Excess-only
393,Saint Kitts and Nevis,KNA,2021,0.748840007,High SDI,3852.640480242,2916.8316166071418,935.8088636348584,1.3208306089068629,0.2782607878758973,6568.423136740668,432.727698942911,False,True,Excess-only
396,San Marino,SMR,2021,0.876536495,High SDI,770.36753880858,959.741097124276,-189.373558315696,0.8026826621438572,-0.2197958335000056,6568.423136740668,432.727698942911,False,False,Neither
416,Tuvalu,TUV,2021,0.602140258,Low-middle SDI,6507.390954685049,6677.359331086331,-169.9683764012816,0.9745455698916792,-0.025783998796722465,6568.423136740668,432.727698942911,False,False,Neither
422,United States Virgin Islands,VIR,2021,0.810752869,High SDI,2788.15857859268,1795.4400444771552,992.7185341155248,1.5529109909123209,0.44013122823704404,6568.423136740668,432.727698942911,False,True,Excess-only
435,South Sudan,SSD,2021,0.373984786,Low SDI,10531.49708878544,13326.167574395327,-2794.670485609888,0.790287007122774,-0.23535909934318194,6568.423136740668,432.727698942911,True,False,Structural high
522,Sudan,SDN,2021,0.562820259,Low-middle SDI,7758.99085626925,7855.267079567408,-96.27622329815767,0.987743736486238,-0.012331990904123272,6568.423136740668,432.727698942911,True,False,Structural high
6,China,CHN,2022,0.720965357,High SDI,5329.67059858101,4004.3810254248033,1325.289573156207,1.3309599073468823,0.28590041675559713,7354.392160384085,593.4977208857795,False,True,Excess-only
7,Democratic People's Republic of Korea,PRK,2022,0.575232114,Low-middle SDI,8639.02999821608,8497.589539753326,141.44045846275367,1.0166447741210691,0.016507768067950748,7354.392160384085,593.4977208857795,True,False,Structural high
8,Taiwan,TWN,2022,0.877455358,High SDI,6791.3960997637,1079.9280502549398,5711.46804950876,6.288748679285113,1.8387621128110636,7354.392160384085,593.4977208857795,False,True,Excess-only
10,Cambodia,KHM,2022,0.494960097,Low SDI,9480.93748694912,11275.534567539054,-1794.5970805899342,0.8408415077936642,-0.1733520936140439,7354.392160384085,593.4977208857795,True,False,Structural high
11,Indonesia,IDN,2022,0.660891998,Middle SDI,5658.26808924314,5705.214749373636,-46.94666013049573,0.9917712720392076,-0.008262770824320764,7354.392160384085,593.4977208857795,False,False,Neither
12,Lao People's Democratic Republic,LAO,2022,0.510298518,Low SDI,9261.51077620665,10746.68084540405,-1485.1700691974002,0.8618019749016226,-0.14872976220216347,7354.392160384085,593.4977208857795,True,False,Structural high
13,Malaysia,MYS,2022,0.767055122,High SDI,6773.81893477369,2900.836987050155,3872.981947723535,2.335125677524524,0.8480657130234099,7354.392160384085,593.4977208857795,False,True,Excess-only
14,Maldives,MDV,2022,0.65572317,Middle SDI,6037.54365525671,5863.250385879268,174.2932693774419,1.0297263902966178,0.029293126464139688,7354.392160384085,593.4977208857795,False,False,Neither
15,Myanmar,MMR,2022,0.529080851,Low SDI,9466.82647739614,10095.02291180408,-628.1964344079406,0.9377716682868156,-0.06424878360960622,7354.392160384085,593.4977208857795,True,False,Structural high
16,Philippines,PHL,2022,0.663855573,Middle SDI,8159.51435240721,5615.35021547505,2544.16413693216,1.4530731012859768,0.3736806939117206,7354.392160384085,593.4977208857795,True,True,Double-high
17,Sri Lanka,LKA,2022,0.728565974,High SDI,6804.16548529736,3809.333994039781,2994.831491257579,1.7861824392251764,0.5800806268595492,7354.392160384085,593.4977208857795,False,True,Excess-only
18,Thailand,THA,2022,0.683479273,High-middle SDI,7970.1779125718895,5034.838155492793,2935.3397570790967,1.583005782197143,0.459325433575175,7354.392160384085,593.4977208857795,True,True,Double-high
19,Timor-Leste,TLS,2022,0.483069434,Low SDI,13815.7602844084,11682.12566199419,2133.634622414209,1.182640958002671,0.16775003766471475,7354.392160384085,593.4977208857795,True,True,Double-high
20,Viet Nam,VNM,2022,0.637308539,Middle SDI,6445.084467752429,6438.949810857511,6.134656894918408,1.0009527418406918,0.0009522882702518221,7354.392160384085,593.4977208857795,False,False,Neither
22,Fiji,FJI,2022,0.682226499,High-middle SDI,7984.47343167941,5071.110756283301,2913.362675396109,1.5745018824103458,0.45393895711894267,7354.392160384085,593.4977208857795,True,True,Double-high
23,Kiribati,KIR,2022,0.538529456,Low-middle SDI,8668.85667112696,9766.59390221582,-1097.7372310888604,0.8876028590848025,-0.1192308667878287,7354.392160384085,593.4977208857795,True,False,Structural high
24,Marshall Islands,MHL,2022,0.599193348,Low-middle SDI,10681.593174988013,7684.890583919054,2996.702591068959,1.389947333451914,0.3292658568218316,7354.392160384085,593.4977208857795,True,True,Double-high
25,Micronesia (Federated States of),FSM,2022,0.59343823,Low-middle SDI,5887.85604546036,7878.392606073312,-1990.536560612952,0.7473422993570437,-0.29123196673456464,7354.392160384085,593.4977208857795,False,False,Neither
26,Papua New Guinea,PNG,2022,0.436156258,Low SDI,11031.21842976682,13240.735940726772,-2209.517510959953,0.8331272883281535,-0.18256884137248172,7354.392160384085,593.4977208857795,True,False,Structural high
27,Samoa,WSM,2022,0.602082689,Low-middle SDI,7871.65812690555,7588.211581559043,283.44654534650635,1.037353537431052,0.03667279441631708,7354.392160384085,593.4977208857795,True,False,Structural high
28,Solomon Islands,SLB,2022,0.455822954,Low SDI,9771.21449390866,12597.785255506718,-2826.570761598059,0.7756295488238685,-0.25408025831992326,7354.392160384085,593.4977208857795,True,False,Structural high
29,Tonga,TON,2022,0.632705368,Middle SDI,8880.82440499083,6585.755591677838,2295.068813312992,1.3484898249508652,0.29898531811190593,7354.392160384085,593.4977208857795,True,True,Double-high
30,Vanuatu,VUT,2022,0.473980264,Low SDI,9522.178093210989,11990.33647529226,-2468.158382081272,0.794154368631168,-0.23047741770097044,7354.392160384085,593.4977208857795,True,False,Structural high
33,Armenia,ARM,2022,0.711994849,High-middle SDI,4460.79865512932,4240.842815620563,219.95583950875687,1.0518660674473903,0.05056579389825114,7354.392160384085,593.4977208857795,False,False,Neither
34,Azerbaijan,AZE,2022,0.702280647,High-middle SDI,5713.73459684563,4504.294836159765,1209.4397606858656,1.268508124951474,0.23784150520142758,7354.392160384085,593.4977208857795,False,True,Excess-only
35,Georgia,GEO,2022,0.748452626,High SDI,4302.13873820297,3322.993233457319,979.1455047456508,1.2946576884018886,0.25824632692890687,7354.392160384085,593.4977208857795,False,True,Excess-only
36,Kazakhstan,KAZ,2022,0.723951392,High SDI,3430.22744113752,3927.164555480379,-496.9371143428589,0.8734616012844737,-0.1352911099799173,7354.392160384085,593.4977208857795,False,False,Neither
37,Kyrgyzstan,KGZ,2022,0.620955335,Low-middle SDI,4347.06101144884,6965.313603230533,-2618.252591781693,0.6241012622077289,-0.4714426445994983,7354.392160384085,593.4977208857795,False,False,Neither
38,Mongolia,MNG,2022,0.654996975,Middle SDI,4399.963991279969,5885.583605132783,-1485.619613852814,0.7475832961480297,-0.2909095469515355,7354.392160384085,593.4977208857795,False,False,Neither
39,Tajikistan,TJK,2022,0.545706305,Low-middle SDI,5934.92964875567,9517.26276960089,-3582.333120845219,0.6235962789335231,-0.4722521088889243,7354.392160384085,593.4977208857795,False,False,Neither
40,Turkmenistan,TKM,2022,0.679336739,High-middle SDI,6624.83758436133,5155.201937057276,1469.635647304054,1.2850781919404228,0.2508195662549955,7354.392160384085,593.4977208857795,False,True,Excess-only
41,Uzbekistan,UZB,2022,0.629770083,Low-middle SDI,5582.83295150143,6679.936241124483,-1097.103289623053,0.8357614129804375,-0.17941209780097123,7354.392160384085,593.4977208857795,False,False,Neither
43,Albania,ALB,2022,0.702067048,High-middle SDI,4361.5498498892,4510.171726340111,-148.62187645091035,0.9670474018576865,-0.033507765229032274,7354.392160384085,593.4977208857795,False,False,Neither
44,Bosnia and Herzegovina,BIH,2022,0.708728565,High-middle SDI,3922.86743241997,4328.582789190136,-405.7153567701662,0.9062706256229248,-0.09841731376418666,7354.392160384085,593.4977208857795,False,False,Neither
45,Bulgaria,BGR,2022,0.767251929,High SDI,4029.51744307414,2896.545015579953,1132.9724274941868,1.391146148739325,0.3301279748119957,7354.392160384085,593.4977208857795,False,True,Excess-only
46,Croatia,HRV,2022,0.778076731,High SDI,3486.31983430061,2666.189580383098,820.1302539175122,1.3076038778156465,0.26819636146129294,7354.392160384085,593.4977208857795,False,True,Excess-only
47,Czechia,CZE,2022,0.828939838,High SDI,3311.11960275642,1736.3711785190324,1574.7484242373878,1.9069192369228944,0.6454889748682314,7354.392160384085,593.4977208857795,False,True,Excess-only
48,Hungary,HUN,2022,0.78994329,High SDI,3599.41990315253,2426.6742937855606,1172.7456093669691,1.48327277062696,0.39425097788570784,7354.392160384085,593.4977208857795,False,True,Excess-only
49,North Macedonia,MKD,2022,0.755106519,High SDI,3476.9987267623,3168.276951602078,308.721775160222,1.097441536796243,0.09298159511437544,7354.392160384085,593.4977208857795,False,False,Neither
50,Montenegro,MNE,2022,0.784450547,High SDI,3729.39186849918,2535.839095183528,1193.5527733156518,1.4706737014910127,0.3857205961371451,7354.392160384085,593.4977208857795,False,True,Excess-only
51,Poland,POL,2022,0.842781395,High SDI,6824.987706009721,1526.7849996625198,5298.202706347201,4.470169478687775,1.4974263226019853,7354.392160384085,593.4977208857795,False,True,Excess-only
52,Romania,ROU,2022,0.76329288,High SDI,3999.43528567058,2983.5919665582296,1015.8433191123504,1.3404766236464274,0.29302524000875974,7354.392160384085,593.4977208857795,False,True,Excess-only
53,Serbia,SRB,2022,0.780131611,High SDI,2738.1009409255903,2623.735351305364,114.36558962022671,1.0435888435025764,0.04266558382714224,7354.392160384085,593.4977208857795,False,False,Neither
54,Slovakia,SVK,2022,0.810059452,High SDI,4442.11047814698,2052.0451129469143,2390.065365200066,2.1647235970205965,0.7722926844914391,7354.392160384085,593.4977208857795,False,True,Excess-only
55,Slovenia,SVN,2022,0.841727269,High SDI,3515.8161966057296,1542.1050217749046,1973.711174830825,2.279881166951365,0.8241233218498942,7354.392160384085,593.4977208857795,False,True,Excess-only
57,Belarus,BLR,2022,0.800487922,High SDI,2816.65445781141,2225.360942984144,591.2935148272659,1.2657067909326918,0.23563069415913832,7354.392160384085,593.4977208857795,False,False,Neither
58,Estonia,EST,2022,0.85224417,High SDI,2496.2812767608,1393.930705774102,1102.350570986698,1.790821643013109,0.5826745329790027,7354.392160384085,593.4977208857795,False,True,Excess-only
59,Latvia,LVA,2022,0.847088609,High SDI,2296.66871864933,1465.2742417980464,831.3944768512836,1.56739854774972,0.4494172691016312,7354.392160384085,593.4977208857795,False,True,Excess-only
60,Lithuania,LTU,2022,0.852607995,High SDI,2506.79277205956,1388.9893496864067,1117.8034223731531,1.804760254371656,0.5904277599002856,7354.392160384085,593.4977208857795,False,True,Excess-only
61,Republic of Moldova,MDA,2022,0.729404151,High SDI,3203.38873562125,3788.128872577689,-584.7401369564386,0.8456387951346166,-0.1676629666532778,7354.392160384085,593.4977208857795,False,False,Neither
62,Russian Federation,RUS,2022,0.81990369,High SDI,1910.40872928677,1883.1296115282712,27.27911775849884,1.0144860542744905,0.014382133786578906,7354.392160384085,593.4977208857795,False,False,Neither
63,Ukraine,UKR,2022,0.763602645,High SDI,1977.4991938435096,2976.7275906140926,-999.228396770583,0.6643198390335596,-0.4089915601873176,7354.392160384085,593.4977208857795,False,False,Neither
66,Brunei Darussalam,BRN,2022,0.829883688,High SDI,2221.3580724840704,1721.496973692368,499.8610987917023,1.290364204195823,0.25492450736026667,7354.392160384085,593.4977208857795,False,False,Neither
67,Japan,JPN,2022,0.874008195,High SDI,1565.30977009836,1119.5252371943518,445.7845329040083,1.3981906955676957,0.3351790404946442,7354.392160384085,593.4977208857795,False,False,Neither
68,Republic of Korea,KOR,2022,0.888633767,High SDI,1553.12427581274,958.5244518977036,594.5998239150365,1.6203282793024605,0.4826287702599969,7354.392160384085,593.4977208857795,False,True,Excess-only
69,Singapore,SGP,2022,0.868313428,High SDI,2592.57003291615,1187.2201028317766,1405.3499300843737,2.1837315816438,0.7810351481518198,7354.392160384085,593.4977208857795,False,True,Excess-only
71,Australia,AUS,2022,0.85013712,High SDI,614.99800498101,1422.789405754685,-807.791400773675,0.432248091315242,-0.8387555701248611,7354.392160384085,593.4977208857795,False,False,Neither
72,New Zealand,NZL,2022,0.86400695,High SDI,1106.74279824532,1240.3237938747438,-133.5809956294238,0.8923015132910417,-0.11395118413323353,7354.392160384085,593.4977208857795,False,False,Neither
74,Andorra,AND,2022,0.878145099,High SDI,882.71518949898,1072.1287219139924,-189.41353241501247,0.8233294859624072,-0.1943988109592952,7354.392160384085,593.4977208857795,False,False,Neither
75,Austria,AUT,2022,0.851831109,High SDI,1016.33379017935,1399.5556314746034,-383.2218412952534,0.7261832022414985,-0.3199529513056462,7354.392160384085,593.4977208857795,False,False,Neither
76,Belgium,BEL,2022,0.873877909,High SDI,919.89957035353,1121.0421095443878,-201.14253919085783,0.8205753936641988,-0.19774948520940192,7354.392160384085,593.4977208857795,False,False,Neither
77,Cyprus,CYP,2022,0.851815197,High SDI,699.7003561676601,1399.7726320423603,-700.0722758747003,0.4998671499575979,-0.6934129159492708,7354.392160384085,593.4977208857795,False,False,Neither
78,Denmark,DNK,2022,0.913072999,High SDI,929.19771737251,728.602664868922,200.595052503588,1.275314738986956,0.24319300225434395,7354.392160384085,593.4977208857795,False,False,Neither
79,Finland,FIN,2022,0.888240572,High SDI,940.62326837416,962.6161535594748,-21.992885185314776,0.9771530063109876,-0.02311203089922225,7354.392160384085,593.4977208857795,False,False,Neither
80,France,FRA,2022,0.858410044,High SDI,903.14661519169,1311.8363645644447,-408.6897493727547,0.688459810680391,-0.37329833480416963,7354.392160384085,593.4977208857795,False,False,Neither
81,Germany,DEU,2022,0.876918453,High SDI,1047.94163952804,1086.0276169392528,-38.08597741121275,0.9649309310213028,-0.03569875427588601,7354.392160384085,593.4977208857795,False,False,Neither
82,Greece,GRC,2022,0.826878961,High SDI,862.0587997961801,1769.147138005081,-907.0883382089008,0.487273659311487,-0.7189293849513779,7354.392160384085,593.4977208857795,False,False,Neither
83,Iceland,ISL,2022,0.886161632,High SDI,895.50660955176,984.464386829478,-88.95777727771792,0.9096383998569908,-0.09470812123527256,7354.392160384085,593.4977208857795,False,False,Neither
84,Ireland,IRL,2022,0.904479533,High SDI,879.1436162584799,804.0986762637086,75.04493999477131,1.09332802330116,0.08922627697940476,7354.392160384085,593.4977208857795,False,False,Neither
85,Israel,ISR,2022,0.836674748,High SDI,916.26538751819,1616.9973832641087,-700.7319957459188,0.5666461782817455,-0.5680201942329727,7354.392160384085,593.4977208857795,False,False,Neither
86,Italy,ITA,2022,0.831259987,High SDI,878.03052954266,1699.961399999376,-821.930870456716,0.516500274384455,-0.6606794591845307,7354.392160384085,593.4977208857795,False,False,Neither
87,Luxembourg,LUX,2022,0.892377463,High SDI,872.58320651846,920.2068064883975,-47.623599969937686,0.9482468509968164,-0.05314041927620527,7354.392160384085,593.4977208857795,False,False,Neither
88,Malta,MLT,2022,0.826497875,High SDI,813.2829759018899,1775.2527953752349,-961.969819473345,0.4581223463050435,-0.7806189988708633,7354.392160384085,593.4977208857795,False,False,Neither
89,Netherlands,NLD,2022,0.905935541,High SDI,796.55386500394,790.9092802062596,5.644584797680409,1.0071368296452514,0.007111483001559542,7354.392160384085,593.4977208857795,False,False,Neither
90,Norway,NOR,2022,0.915554961,High SDI,1063.05398726204,707.8347852448893,355.2192020171507,1.5018391430060274,0.4066904524044638,7354.392160384085,593.4977208857795,False,False,Neither
91,Portugal,PRT,2022,0.782655764,High SDI,873.71671684033,2572.145566675333,-1698.4288498350031,0.3396840086191802,-1.0797394799334346,7354.392160384085,593.4977208857795,False,False,Neither
92,Spain,ESP,2022,0.808579681,High SDI,895.90929079178,2078.2542003909216,-1182.3449095991416,0.4310874437897243,-0.8414443236339083,7354.392160384085,593.4977208857795,False,False,Neither
93,Sweden,SWE,2022,0.908266691,High SDI,894.3496509208201,770.1329097954782,124.21674112534184,1.1612926022838443,0.14953369704679179,7354.392160384085,593.4977208857795,False,False,Neither
94,Switzerland,CHE,2022,0.944908009,High SDI,820.50121303549,495.12737117150897,325.373841863981,1.6571517973125214,0.5051003439724229,7354.392160384085,593.4977208857795,False,False,Neither
95,United Kingdom,GBR,2022,0.878242058,High SDI,911.67166242227,1071.0356366873152,-159.36397426504527,0.8512057220075759,-0.16110143813401517,7354.392160384085,593.4977208857795,False,False,Neither
97,Argentina,ARG,2022,0.762436972,High SDI,2522.49971980225,3002.606042171012,-480.1063223687616,0.8401034582540091,-0.17423023014080682,7354.392160384085,593.4977208857795,False,False,Neither
98,Chile,CHL,2022,0.785434266,High SDI,1991.1701414935897,2516.072370486236,-524.9022289926456,0.7913803135594198,-0.23397662580215364,7354.392160384085,593.4977208857795,False,False,Neither
99,Uruguay,URY,2022,0.74205555,High SDI,2405.94893233109,3475.569188636872,-1069.6202563057814,0.6922460183492162,-0.3678138687002743,7354.392160384085,593.4977208857795,False,False,Neither
101,Canada,CAN,2022,0.886259254,High SDI,576.28671806952,983.430362177466,-407.1436441079461,0.5859964672979311,-0.53444151792512,7354.392160384085,593.4977208857795,False,False,Neither
102,United States of America,USA,2022,0.874145804,High SDI,958.45475435823,1117.9247163856965,-159.4699620274664,0.8573517879244674,-0.15390695695154608,7354.392160384085,593.4977208857795,False,False,Neither
105,Antigua and Barbuda,ATG,2022,0.752078198,High SDI,4064.30548222851,3238.183619166792,826.1218630617177,1.255118906220113,0.22723031408775102,7354.392160384085,593.4977208857795,False,True,Excess-only
106,Bahamas,BHS,2022,0.810078106,High SDI,3434.1689596514098,2051.716087465304,1382.452872186106,1.673803203392528,0.5150984044590686,7354.392160384085,593.4977208857795,False,True,Excess-only
107,Barbados,BRB,2022,0.751783477,High SDI,4185.87998710544,3245.032459848047,940.8475272573928,1.2899347044748666,0.25459160040636314,7354.392160384085,593.4977208857795,False,True,Excess-only
108,Belize,BLZ,2022,0.623596077,Low-middle SDI,3634.59835680122,6879.427429133285,-3244.829072332065,0.5283286137170765,-0.6380368144063809,7354.392160384085,593.4977208857795,False,False,Neither
109,Cuba,CUB,2022,0.69217552,High-middle SDI,4105.54313040843,4786.166706791979,-680.6235763835484,0.8577935918074718,-0.15339177742449625,7354.392160384085,593.4977208857795,False,False,Neither
110,Dominica,DMA,2022,0.750763853,High SDI,4160.667011208409,3268.78881786801,891.8781933403993,1.2728466851285014,0.24125587644522592,7354.392160384085,593.4977208857795,False,True,Excess-only
111,Dominican Republic,DOM,2022,0.652158821,Middle SDI,3710.42624745133,5973.168766805178,-2262.7425193538484,0.6211822220847606,-0.4761308067829984,7354.392160384085,593.4977208857795,False,False,Neither
112,Grenada,GRD,2022,0.67387507,Middle SDI,4165.18058302564,5315.712754133176,-1150.5321711075358,0.7835601311953977,-0.2439074732319143,7354.392160384085,593.4977208857795,False,False,Neither
113,Guyana,GUY,2022,0.677735642,High-middle SDI,3494.26192871531,5202.043933741638,-1707.782005026328,0.6717094229156224,-0.39792943834914474,7354.392160384085,593.4977208857795,False,False,Neither
114,Haiti,HTI,2022,0.46276091,Low SDI,9063.41289602226,12367.098468101589,-3303.6855720793283,0.732864941554358,-0.3107938484320808,7354.392160384085,593.4977208857795,True,False,Structural high
115,Jamaica,JAM,2022,0.688450641,High-middle SDI,3453.83703551993,4892.005863862055,-1438.168828342125,0.7060165362911596,-0.34811661925447307,7354.392160384085,593.4977208857795,False,False,Neither
116,Saint Lucia,LCA,2022,0.699295784,High-middle SDI,4000.03014177704,4586.740916789904,-586.7107750128639,0.8720854773233013,-0.13686783542391298,7354.392160384085,593.4977208857795,False,False,Neither
117,Saint Vincent and the Grenadines,VCT,2022,0.653509944,Middle SDI,3445.63450799688,5931.413698150451,-2485.7791901535707,0.5809128621514474,-0.5431545124635019,7354.392160384085,593.4977208857795,False,False,Neither
118,Suriname,SUR,2022,0.652845465,Middle SDI,3803.21490810092,5951.935283146513,-2148.720375045593,0.6389879471421833,-0.4478696868448041,7354.392160384085,593.4977208857795,False,False,Neither
119,Trinidad and Tobago,TTO,2022,0.768676573,High SDI,2783.24504100783,2865.586450035231,-82.34140902740091,0.97126542490931,-0.0291554959238825,7354.392160384085,593.4977208857795,False,False,Neither
121,Bolivia (Plurinational State of),BOL,2022,0.627557415,Low-middle SDI,7507.1804098946095,6751.216370253832,755.9640396407776,1.1119744943994967,0.10613725887424062,7354.392160384085,593.4977208857795,True,True,Double-high
122,Ecuador,ECU,2022,0.686265068,High-middle SDI,5200.64610916206,4954.579962430393,246.0661467316677,1.049664380956113,0.048470475889924675,7354.392160384085,593.4977208857795,False,False,Neither
123,Peru,PER,2022,0.681638655,High-middle SDI,5554.927572247019,5088.169354381272,466.7582178657476,1.0917340177492,0.08776727416412955,7354.392160384085,593.4977208857795,False,False,Neither
125,Colombia,COL,2022,0.683433018,High-middle SDI,3209.95032758439,5036.175434622764,-1826.2251070383743,0.6373785761148394,-0.4503914889305165,7354.392160384085,593.4977208857795,False,False,Neither
126,Costa Rica,CRI,2022,0.710628659,High-middle SDI,2469.77981824157,4277.436755095591,-1807.6569368540213,0.5773971562056155,-0.5492249369375553,7354.392160384085,593.4977208857795,False,False,Neither
127,El Salvador,SLV,2022,0.603036395,Low-middle SDI,3152.96851077653,7556.372038050994,-4403.403527274464,0.4172595651589663,-0.8740467924154335,7354.392160384085,593.4977208857795,False,False,Neither
128,Guatemala,GTM,2022,0.548172602,Low-middle SDI,4489.75259774847,9431.651589695148,-4941.898991946678,0.4760303701902955,-0.742273623865248,7354.392160384085,593.4977208857795,False,False,Neither
129,Honduras,HND,2022,0.515200179,Low SDI,2910.90671773261,10576.921095505651,-7666.014377773041,0.2752130503242114,-1.2902097528110665,7354.392160384085,593.4977208857795,False,False,Neither
130,Mexico,MEX,2022,0.688918042,High-middle SDI,1466.30098399764,4878.669074585801,-3412.368090588161,0.3005534832513986,-1.2021295599737118,7354.392160384085,593.4977208857795,False,False,Neither
131,Nicaragua,NIC,2022,0.531129546,Low SDI,3151.49571822662,10023.815719692786,-6872.320001466166,0.3144008036814955,-1.1570866621914995,7354.392160384085,593.4977208857795,False,False,Neither
132,Panama,PAN,2022,0.709256023,High-middle SDI,3053.62439004171,4314.355668001016,-1260.7312779593062,0.7077822565000894,-0.34561877990704976,7354.392160384085,593.4977208857795,False,False,Neither
133,Venezuela (Bolivarian Republic of),VEN,2022,0.590158039,Low-middle SDI,3084.42614153403,7989.203198014514,-4904.777056480483,0.3860743136813162,-0.9517254055569262,7354.392160384085,593.4977208857795,False,False,Neither
135,Brazil,BRA,2022,0.679602275,High-middle SDI,6341.998181404911,5147.450551608705,1194.547629796206,1.2320658776261348,0.20869233578088173,7354.392160384085,593.4977208857795,False,True,Excess-only
136,Paraguay,PRY,2022,0.66947047,Middle SDI,4292.47437702581,5446.624718166097,-1154.1503411402873,0.7880980605675189,-0.23813275452199711,7354.392160384085,593.4977208857795,False,False,Neither
139,Algeria,DZA,2022,0.651991807,Middle SDI,6013.48898661672,5978.337626267099,35.15136034962052,1.0058797884206432,0.005862569925810853,7354.392160384085,593.4977208857795,False,False,Neither
140,Bahrain,BHR,2022,0.778332039,High SDI,5635.05400815774,2660.8926491533675,2974.161359004373,2.1177306833294005,0.7503450829702047,7354.392160384085,593.4977208857795,False,True,Excess-only
141,Egypt,EGY,2022,0.667280674,Middle SDI,8241.14515700212,5512.185020367528,2728.9601366345923,1.4950777462206153,0.4021782096514269,7354.392160384085,593.4977208857795,True,True,Double-high
142,Iran (Islamic Republic of),IRN,2022,0.711359499,High-middle SDI,2799.89685993138,4257.842048745286,-1457.945188813906,0.6575858916035794,-0.4191798898444342,7354.392160384085,593.4977208857795,False,False,Neither
143,Iraq,IRQ,2022,0.645956616,Middle SDI,6934.54602508227,6166.201746926979,768.3442781552912,1.1246057637569526,0.11743254202462389,7354.392160384085,593.4977208857795,False,True,Excess-only
144,Jordan,JOR,2022,0.715176308,High-middle SDI,7272.20807293277,4156.217148104282,3115.990924828488,1.74971802814724,0.5594546481801039,7354.392160384085,593.4977208857795,False,True,Excess-only
145,Kuwait,KWT,2022,0.873105677,High SDI,10399.96639770547,1130.063406800928,9269.902990904542,9.202993686121127,2.2195288317890203,7354.392160384085,593.4977208857795,True,True,Double-high
146,Lebanon,LBN,2022,0.721273709,High SDI,7071.14695438634,3996.372310659839,3074.7746437265014,1.7693914392122356,0.570635667812105,7354.392160384085,593.4977208857795,False,True,Excess-only
147,Libya,LBY,2022,0.766946646,High SDI,7560.47309784087,2903.2042111063247,4657.268886734545,2.6041823268642195,0.9571187398921893,7354.392160384085,593.4977208857795,True,True,Double-high
148,Morocco,MAR,2022,0.605190868,Low-middle SDI,6384.29130657064,7484.580101449669,-1100.2887948790294,0.852992582086747,-0.15900442779234217,7354.392160384085,593.4977208857795,False,False,Neither
149,Palestine,PSE,2022,0.632651014,Middle SDI,7504.35100444173,6587.495607007751,916.8553974339792,1.1391811778149243,0.13030973925583225,7354.392160384085,593.4977208857795,True,True,Double-high
150,Oman,OMN,2022,0.775971491,High SDI,5964.59377868795,2710.107410357384,3254.4863683305666,2.200869882829255,0.7888526834998065,7354.392160384085,593.4977208857795,False,True,Excess-only
151,Qatar,QAT,2022,0.85491835,High SDI,6037.32163543289,1357.8963172221704,4679.42531821072,4.446084401924997,1.4920237991506133,7354.392160384085,593.4977208857795,False,True,Excess-only
152,Saudi Arabia,SAU,2022,0.82339474,High SDI,5732.60780930021,1825.4931786607056,3907.114630639504,3.140306343684069,1.1443203568441551,7354.392160384085,593.4977208857795,False,True,Excess-only
153,Syrian Arab Republic,SYR,2022,0.583282159,Low-middle SDI,7770.42861175144,8222.60634559986,-452.1777338484189,0.94500797984931,-0.05656190723906299,7354.392160384085,593.4977208857795,True,False,Structural high
154,Tunisia,TUN,2022,0.679334752,High-middle SDI,6409.8614471122,5155.259958989189,1254.6014881230112,1.2433633799466062,0.21782011087251218,7354.392160384085,593.4977208857795,False,True,Excess-only
155,Türkiye,TUR,2022,0.722501333,High SDI,5148.6965764180295,3964.5674203661183,1184.1291560519112,1.2986780222147312,0.26134684107913353,7354.392160384085,593.4977208857795,False,True,Excess-only
156,United Arab Emirates,ARE,2022,0.859200778,High SDI,5533.021582817059,1301.5604788691517,4231.461103947908,4.25106760127226,1.4471701516901683,7354.392160384085,593.4977208857795,False,True,Excess-only
157,Yemen,YEM,2022,0.444157717,Low SDI,11552.31720989791,12981.22356860844,-1428.9063587105302,0.889925140634204,-0.11661793144049624,7354.392160384085,593.4977208857795,True,False,Structural high
160,Afghanistan,AFG,2022,0.329955768,Low SDI,12004.871246947769,16339.446844512238,-4334.57559756447,0.7347171150398963,-0.3082697313503933,7354.392160384085,593.4977208857795,True,False,Structural high
161,Bangladesh,BGD,2022,0.508327482,Low SDI,8738.39344556058,10814.857216421113,-2076.4637708605314,0.8079989657461533,-0.21319450047899793,7354.392160384085,593.4977208857795,True,False,Structural high
162,Bhutan,BTN,2022,0.519682083,Low SDI,6300.4787457721895,10421.473599186562,-4120.994853414372,0.6045669727805065,-0.5032428246910434,7354.392160384085,593.4977208857795,False,False,Neither
163,India,IND,2022,0.599032353,Low-middle SDI,8631.367064987091,7690.287032262137,941.0800327249544,1.1223725497861077,0.11544479279473781,7354.392160384085,593.4977208857795,True,True,Double-high
164,Nepal,NPL,2022,0.464970033,Low SDI,8805.36844598453,12293.26269490116,-3487.8942489166293,0.7162759524887324,-0.33368977776845526,7354.392160384085,593.4977208857795,True,False,Structural high
165,Pakistan,PAK,2022,0.506795185,Low SDI,15347.780522409,10867.819505920876,4479.961016488125,1.4122226187182632,0.34516478862547906,7354.392160384085,593.4977208857795,True,True,Double-high
168,Angola,AGO,2022,0.49304547,Low SDI,6922.50250356925,11341.232086208089,-4418.729582638839,0.6103836382986648,-0.4936676042553791,7354.392160384085,593.4977208857795,False,False,Neither
169,Central African Republic,CAF,2022,0.255014546,Low SDI,15189.303442995892,18086.024047327985,-2896.720604332093,0.839836517039241,-0.17454802865854038,7354.392160384085,593.4977208857795,True,False,Structural high
170,Congo,COG,2022,0.573534532,Low-middle SDI,6949.7061876478,8555.78815497854,-1606.0819673307396,0.812281237188397,-0.20790864756895858,7354.392160384085,593.4977208857795,False,False,Neither
171,Democratic Republic of the Congo,COD,2022,0.387370303,Low SDI,10359.47742162169,14750.442663012022,-4390.965241390331,0.7023163750603196,-0.3533712997564768,7354.392160384085,593.4977208857795,True,False,Structural high
172,Equatorial Guinea,GNQ,2022,0.641044235,Middle SDI,5575.99173393745,6320.6314542833625,-744.6397203459128,0.8821890303632107,-0.12534892579893125,7354.392160384085,593.4977208857795,False,False,Neither
173,Gabon,GAB,2022,0.62438707,Low-middle SDI,6186.742706144511,6853.765962872464,-667.0232567279527,0.9026778474285108,-0.1023895473264266,7354.392160384085,593.4977208857795,False,False,Neither
175,Burundi,BDI,2022,0.303252982,Low SDI,13660.69451948248,17003.542907608713,-3342.8483881262327,0.8034028316163226,-0.2188990325220628,7354.392160384085,593.4977208857795,True,False,Structural high
176,Comoros,COM,2022,0.474547443,Low SDI,10090.400557584,11971.177251825651,-1880.776694241651,0.8428912499850568,-0.17091733287840372,7354.392160384085,593.4977208857795,True,False,Structural high
177,Djibouti,DJI,2022,0.483987022,Low SDI,9404.32643271745,11650.877690215924,-2246.551257498475,0.8071775090914339,-0.2142116732007935,7354.392160384085,593.4977208857795,True,False,Structural high
178,Eritrea,ERI,2022,0.409948708,Low SDI,13414.92810780702,14068.2915850861,-653.3634772790792,0.9535577242391168,-0.047555316456719114,7354.392160384085,593.4977208857795,True,False,Structural high
179,Ethiopia,ETH,2022,0.385059314,Low SDI,8834.805242787119,14818.527323348617,-5983.722080561498,0.5961999495635896,-0.5171791823346312,7354.392160384085,593.4977208857795,True,False,Structural high
180,Kenya,KEN,2022,0.540226153,Low-middle SDI,14375.50096935458,9707.628522278064,4667.872447076516,1.480845804550947,0.39261341409950445,7354.392160384085,593.4977208857795,True,True,Double-high
181,Madagascar,MDG,2022,0.372607333,Low SDI,11015.27193704382,15179.595837072076,-4164.323900028254,0.725663058178531,-0.3206694790805236,7354.392160384085,593.4977208857795,True,False,Structural high
182,Malawi,MWI,2022,0.402512422,Low SDI,8961.336878790351,14296.28389403391,-5334.947015243559,0.6268298073270687,-0.46708021486537826,7354.392160384085,593.4977208857795,True,False,Structural high
183,Mauritius,MUS,2022,0.732684789,High SDI,8579.988380508501,3705.720456973304,4874.267923535197,2.315336108087419,0.8395548640783721,7354.392160384085,593.4977208857795,True,True,Double-high
184,Mozambique,MOZ,2022,0.335038454,Low SDI,6894.1048785559,16207.614975581118,-9313.51009702522,0.4253620837453731,-0.8548145110173188,7354.392160384085,593.4977208857795,False,False,Neither
185,Rwanda,RWA,2022,0.453752855,Low SDI,10120.88017199444,12666.24780845278,-2545.367636458339,0.7990432782501148,-0.22434016916321825,7354.392160384085,593.4977208857795,True,False,Structural high
186,Seychelles,SYC,2022,0.748713705,High SDI,10292.47498130975,3316.845626130923,6975.629355178827,3.1030913528875472,1.1323988252157922,7354.392160384085,593.4977208857795,True,True,Double-high
187,Somalia,SOM,2022,0.224685609,Low SDI,11863.1891159336,18696.64839122331,-6833.45927528971,0.634508863176915,-0.4549040231673136,7354.392160384085,593.4977208857795,True,False,Structural high
189,United Republic of Tanzania,TZA,2022,0.456952785,Low SDI,10194.33913453337,12560.34647140427,-2366.0073368709,0.811628815952051,-0.20871216654488559,7354.392160384085,593.4977208857795,True,False,Structural high
190,Uganda,UGA,2022,0.434097348,Low SDI,8728.62544311528,13307.02359937273,-4578.39815625745,0.6559412311801064,-0.42168408066686003,7354.392160384085,593.4977208857795,True,False,Structural high
191,Zambia,ZMB,2022,0.497381245,Low SDI,6309.205889918,11192.343880454684,-4883.137990536684,0.5637072946745174,-0.5732201432749187,7354.392160384085,593.4977208857795,False,False,Neither
193,Botswana,BWA,2022,0.67392211,Middle SDI,7115.03952421018,5314.321641916963,1800.7178822932174,1.3388424720269037,0.2918054138038152,7354.392160384085,593.4977208857795,False,True,Excess-only
194,Lesotho,LSO,2022,0.507044805,Low SDI,16709.591962904262,10859.19403464192,5850.39792826234,1.538750657700653,0.430970825941717,7354.392160384085,593.4977208857795,True,True,Double-high
195,Namibia,NAM,2022,0.616323464,Low-middle SDI,7885.86122986195,7116.740923297333,769.1203065646168,1.1080719833494048,0.1026215531366785,7354.392160384085,593.4977208857795,True,True,Double-high
196,South Africa,ZAF,2022,0.699585834,High-middle SDI,9976.58763592176,4578.699060522626,5397.888575399134,2.178913159403624,0.7788262017509779,7354.392160384085,593.4977208857795,True,True,Double-high
197,Eswatini,SWZ,2022,0.601724503,Low-middle SDI,7336.59075616782,7600.178989871437,-263.58823370361733,0.965318154473086,-0.03529753822570101,7354.392160384085,593.4977208857795,False,False,Neither
198,Zimbabwe,ZWE,2022,0.487460423,Low SDI,10270.939240602367,11532.389090026674,-1261.449849424307,0.890616780306587,-0.11584104469715659,7354.392160384085,593.4977208857795,True,False,Structural high
200,Benin,BEN,2022,0.397851363,Low SDI,8640.72216380871,14437.54905597874,-5796.826892170029,0.598489544887849,-0.5133462229957575,7354.392160384085,593.4977208857795,True,False,Structural high
201,Burkina Faso,BFA,2022,0.301431619,Low SDI,7167.32207069935,17047.10944931971,-9879.78737862036,0.420442075063076,-0.8664485615832689,7354.392160384085,593.4977208857795,False,False,Neither
202,Cameroon,CMR,2022,0.48007992,Low SDI,7487.185045173581,11783.768773405216,-4296.583728231635,0.6353811916329695,-0.45353015841428135,7354.392160384085,593.4977208857795,True,False,Structural high
203,Cabo Verde,CPV,2022,0.555367506,Low-middle SDI,4814.406205688,9182.219366643,-4367.813160955001,0.5243183606762529,-0.6456562206075973,7354.392160384085,593.4977208857795,False,False,Neither
204,Chad,TCD,2022,0.235865603,Low SDI,13444.072520240392,18477.25598588512,-5033.1834656447245,0.7276011400453832,-0.3180022654820812,7354.392160384085,593.4977208857795,True,False,Structural high
205,Côte d'Ivoire,CIV,2022,0.444364411,Low SDI,7363.29286249222,12974.4808574345,-5611.187994942281,0.5675211935954249,-0.5664771847813078,7354.392160384085,593.4977208857795,True,False,Structural high
206,Gambia,GMB,2022,0.426266424,Low SDI,8346.859646034829,13557.231151838896,-5210.371505804067,0.6156758376803707,-0.4850346914920484,7354.392160384085,593.4977208857795,True,False,Structural high
207,Ghana,GHA,2022,0.567068698,Low-middle SDI,6358.101245299739,8778.045975580499,-2419.94473028076,0.7243185172403103,-0.32252404240240695,7354.392160384085,593.4977208857795,False,False,Neither
208,Guinea,GIN,2022,0.347998222,Low SDI,10819.718098849107,15863.603198148428,-5043.885099299321,0.6820466929046716,-0.38265715881266704,7354.392160384085,593.4977208857795,True,False,Structural high
209,Guinea-Bissau,GNB,2022,0.367279378,Low SDI,8693.84709378378,15331.057273438728,-6637.210179654949,0.5670742036066874,-0.5672651132586579,7354.392160384085,593.4977208857795,True,False,Structural high
210,Liberia,LBR,2022,0.377253523,Low SDI,9463.35051863852,15046.0224040393,-5582.671885400781,0.6289602836227307,-0.46368716636947027,7354.392160384085,593.4977208857795,True,False,Structural high
211,Mali,MLI,2022,0.278851842,Low SDI,8083.02970373259,17569.308640100204,-9486.278936367611,0.4600653258082038,-0.7763867869553048,7354.392160384085,593.4977208857795,True,False,Structural high
212,Mauritania,MRT,2022,0.510257236,Low SDI,8320.39213868527,10748.10929895116,-2427.717160265889,0.7741261190465569,-0.25602047416182827,7354.392160384085,593.4977208857795,True,False,Structural high
213,Niger,NER,2022,0.197909919,Low SDI,11983.80189350703,19198.078134323216,-7214.276240816185,0.6242188311590332,-0.4712542811304223,7354.392160384085,593.4977208857795,True,False,Structural high
214,Nigeria,NGA,2022,0.504461634,Low SDI,11575.67857640191,10948.406866464942,627.2717099369675,1.0572934233800084,0.05571226853460387,7354.392160384085,593.4977208857795,True,True,Double-high
215,Sao Tome and Principe,STP,2022,0.516251646,Low SDI,6214.89135259344,10540.470012866384,-4325.578660272944,0.5896218427648046,-0.5282738920415203,7354.392160384085,593.4977208857795,False,False,Neither
216,Senegal,SEN,2022,0.405957529,Low SDI,7314.72584856705,14191.054048230026,-6876.328199662976,0.5154462680296378,-0.6627222136839425,7354.392160384085,593.4977208857795,False,False,Neither
217,Sierra Leone,SLE,2022,0.376943156,Low SDI,10179.97543059946,15054.98818270387,-4875.0127521044105,0.6761862119755673,-0.3912867793694083,7354.392160384085,593.4977208857795,True,False,Structural high
218,Togo,TGO,2022,0.453014138,Low SDI,9052.40253663799,12690.636338025692,-3638.233801387704,0.7133135246743891,-0.3378342291679721,7354.392160384085,593.4977208857795,True,False,Structural high
298,American Samoa,ASM,2022,0.73877,High SDI,6610.84475287561,3555.372387115653,3055.4723657599566,1.8593958756142424,0.6202516369099379,7354.392160384085,593.4977208857795,False,True,Excess-only
305,Bermuda,BMU,2022,0.824797533,High SDI,3792.6465874281,1802.6662621002145,1989.9803253278856,2.103909451885697,0.7437972577733811,7354.392160384085,593.4977208857795,False,True,Excess-only
320,Cook Islands,COK,2022,0.771832136,High SDI,6785.126503624219,2797.704270477616,3987.422233146604,2.425247934609573,0.8859337602392965,7354.392160384085,593.4977208857795,False,True,Excess-only
349,Greenland,GRL,2022,0.857510673,High SDI,767.77108184567,1323.593422102593,-555.822340256923,0.5800656523557121,-0.5446139881308525,7354.392160384085,593.4977208857795,False,False,Neither
351,Guam,GUM,2022,0.808772683,High SDI,7493.73232969261,2074.8236873249625,5418.908642367647,3.611744157092288,1.2841908016762806,7354.392160384085,593.4977208857795,True,True,Double-high
367,Monaco,MCO,2022,0.92109368,High SDI,837.17050293041,663.1202353632668,174.05026756714312,1.262471657906497,0.23307143273241845,7354.392160384085,593.4977208857795,False,False,Neither
369,Nauru,NRU,2022,0.621209366,Low-middle SDI,11648.16325764672,6957.037360230438,4691.125897416282,1.674299368324924,0.515394790203173,7354.392160384085,593.4977208857795,True,True,Double-high
374,Niue,NIU,2022,0.744077101,High SDI,7981.740199303749,3426.951161411884,4554.7890378918655,2.329108243262889,0.8454854661051214,7354.392160384085,593.4977208857795,True,True,Double-high
376,Northern Mariana Islands,MNP,2022,0.791829643,High SDI,6526.82345907168,2389.862752736427,4136.960706335253,2.731045308605431,1.004684432835614,7354.392160384085,593.4977208857795,False,True,Excess-only
380,Palau,PLW,2022,0.75585121,High SDI,6838.85649200803,3151.216952916032,3687.639539091998,2.170227119932056,0.774831825638679,7354.392160384085,593.4977208857795,False,True,Excess-only
385,Puerto Rico,PRI,2022,0.845524619,High SDI,3500.90291820746,1487.4077748758482,2013.495143331612,2.353694109538775,0.855986055423722,7354.392160384085,593.4977208857795,False,True,Excess-only
393,Saint Kitts and Nevis,KNA,2022,0.751542139,High SDI,4360.31425291332,3250.6467487549703,1109.66750415835,1.3413682229800463,0.2936901549590704,7354.392160384085,593.4977208857795,False,True,Excess-only
396,San Marino,SMR,2022,0.879770587,High SDI,871.1501224812099,1053.9103777601397,-182.7602552789297,0.8265884280717043,-0.19044837643184193,7354.392160384085,593.4977208857795,False,False,Neither
416,Tuvalu,TUV,2022,0.60666516,Low-middle SDI,7732.83194113904,7435.563389291341,297.2685518476992,1.0399792909136951,0.03920080037203772,7354.392160384085,593.4977208857795,True,False,Structural high
422,United States Virgin Islands,VIR,2022,0.813837111,High SDI,3167.81531339407,1986.107213173276,1181.7081002207942,1.5949870643351305,0.4668656260692061,7354.392160384085,593.4977208857795,False,True,Excess-only
435,South Sudan,SSD,2022,0.377060285,Low SDI,11280.57672396495,15051.605320184826,-3771.028596219876,0.7494600399093132,-0.2884022785255074,7354.392160384085,593.4977208857795,True,False,Structural high
522,Sudan,SDN,2022,0.56908822,Low-middle SDI,8049.352662958239,8708.531897757317,-659.1792347990777,0.9243065028022882,-0.0787115493555537,7354.392160384085,593.4977208857795,True,False,Structural high
6,China,CHN,2023,0.727553274,High SDI,4658.01627322439,3886.510681290516,771.5055919338738,1.1985085479496729,0.1810779070735203,7330.71695103106,659.1284094512994,False,True,Excess-only
7,Democratic People's Republic of Korea,PRK,2023,0.57705994,Low-middle SDI,8652.75042824236,8548.221151892942,104.52927634941808,1.0122281904611548,0.012154030092841796,7330.71695103106,659.1284094512994,True,False,Structural high
8,Taiwan,TWN,2023,0.881537661,High SDI,6802.53554316589,1048.245650049735,5754.289893116154,6.489447910270971,1.8701774593426739,7330.71695103106,659.1284094512994,False,True,Excess-only
10,Cambodia,KHM,2023,0.499953382,Low SDI,9435.17726607069,11252.874345320057,-1817.6970792493669,0.8384681972383948,-0.17617862659750264,7330.71695103106,659.1284094512994,True,False,Structural high
11,Indonesia,IDN,2023,0.665731524,Middle SDI,7325.72747367358,5633.3641709059175,1692.3633027676624,1.3004178766762575,0.26268565641268765,7330.71695103106,659.1284094512994,False,True,Excess-only
12,Lao People's Democratic Republic,LAO,2023,0.515008269,Low SDI,10007.03351532393,10725.628876998016,-718.5953616740862,0.9330020300054226,-0.06934790235428501,7330.71695103106,659.1284094512994,True,False,Structural high
13,Malaysia,MYS,2023,0.770371353,High SDI,6771.88446814123,2866.9819176770648,3904.902550464165,2.362025524607446,0.8595195240704852,7330.71695103106,659.1284094512994,False,True,Excess-only
14,Maldives,MDV,2023,0.660888616,Middle SDI,5925.94795509928,5781.896219825352,144.051735273928,1.0249142720306867,0.024608972049366528,7330.71695103106,659.1284094512994,False,False,Neither
15,Myanmar,MMR,2023,0.532025372,Low-middle SDI,9439.52127720046,10126.801677651876,-687.2804004514164,0.9321325308494856,-0.07028027392379543,7330.71695103106,659.1284094512994,True,False,Structural high
16,Philippines,PHL,2023,0.669416191,Middle SDI,8290.45753867116,5521.374096918302,2769.0834417528586,1.5015207071910586,0.4064783993491889,7330.71695103106,659.1284094512994,True,True,Double-high
17,Sri Lanka,LKA,2023,0.730697976,High SDI,6790.61867487166,3805.923944284083,2984.694730587577,1.7842234301791902,0.5789832674476348,7330.71695103106,659.1284094512994,False,True,Excess-only
18,Thailand,THA,2023,0.68718778,High-middle SDI,7983.282763665279,4994.266745775341,2989.0160178899378,1.5984894620253016,0.4690590970814539,7330.71695103106,659.1284094512994,True,True,Double-high
19,Timor-Leste,TLS,2023,0.484532958,Low SDI,13821.334826356118,11788.407391408344,2032.9274349477744,1.1724514064918912,0.15909677612286027,7330.71695103106,659.1284094512994,True,True,Double-high
20,Viet Nam,VNM,2023,0.64302812,Middle SDI,6907.004009406701,6342.1022634285,564.9017459782008,1.0890716867237675,0.08532566981342507,7330.71695103106,659.1284094512994,False,False,Neither
22,Fiji,FJI,2023,0.686418864,High-middle SDI,7945.86596487596,5016.608083602834,2929.2578812731263,1.5839120442451202,0.4598977642274884,7330.71695103106,659.1284094512994,True,True,Double-high
23,Kiribati,KIR,2023,0.542688753,Low-middle SDI,8611.86182316997,9751.215572139012,-1139.3537489690425,0.8831577724294822,-0.12425141661605725,7330.71695103106,659.1284094512994,True,False,Structural high
24,Marshall Islands,MHL,2023,0.605458023,Low-middle SDI,10544.27684779045,7576.032274733306,2968.2445730571444,1.3917940770865622,0.3305936178415739,7330.71695103106,659.1284094512994,True,True,Double-high
25,Micronesia (Federated States of),FSM,2023,0.596840305,Low-middle SDI,5855.66071761687,7868.06893769448,-2012.4082200776104,0.744230987804831,-0.2954038248544886,7330.71695103106,659.1284094512994,False,False,Neither
26,Papua New Guinea,PNG,2023,0.43671418,Low SDI,10922.871222401913,13400.218036133432,-2477.3468137315194,0.81512638025356,-0.20441210996726308,7330.71695103106,659.1284094512994,True,False,Structural high
27,Samoa,WSM,2023,0.604489559,Low-middle SDI,7827.890044918629,7608.702322121566,219.1877227970636,1.0288075040286169,0.02840036843711403,7330.71695103106,659.1284094512994,True,False,Structural high
28,Solomon Islands,SLB,2023,0.45802266,Low SDI,9707.571955632,12692.960222989776,-2985.3882673577773,0.7647996830597031,-0.26814133165441534,7330.71695103106,659.1284094512994,True,False,Structural high
29,Tonga,TON,2023,0.63599479,Middle SDI,8786.56786631068,6567.72224886152,2218.84561744916,1.3378409642450677,0.29105709383814427,7330.71695103106,659.1284094512994,True,True,Double-high
30,Vanuatu,VUT,2023,0.47654316,Low SDI,9434.89295034327,12063.456662054276,-2628.563711711008,0.7821052634126684,-0.24576593955107368,7330.71695103106,659.1284094512994,True,False,Structural high
33,Armenia,ARM,2023,0.717334917,High-middle SDI,4742.33013415951,4154.295787884758,588.0343462747514,1.141548502152795,0.13238567592542647,7330.71695103106,659.1284094512994,False,False,Neither
34,Azerbaijan,AZE,2023,0.705297926,High-middle SDI,5733.44601345271,4481.009855603763,1252.436157848947,1.2794986394155556,0.24646831324516424,7330.71695103106,659.1284094512994,False,True,Excess-only
35,Georgia,GEO,2023,0.754633377,High SDI,4272.934252586289,3221.814403764186,1051.1198488221034,1.326250899987918,0.28235608954180513,7330.71695103106,659.1284094512994,False,True,Excess-only
36,Kazakhstan,KAZ,2023,0.727191018,High SDI,3419.6872202601703,3895.849700723886,-476.16248046371584,0.8777769890929724,-0.13036271636532423,7330.71695103106,659.1284094512994,False,False,Neither
37,Kyrgyzstan,KGZ,2023,0.625153433,Low-middle SDI,4368.19208080257,6920.592284537532,-2552.400203734962,0.6311876066680432,-0.46015214419956507,7330.71695103106,659.1284094512994,False,False,Neither
38,Mongolia,MNG,2023,0.659697833,Middle SDI,4424.98870063685,5818.645776167533,-1393.657075530683,0.7604842897914609,-0.27379982523257257,7330.71695103106,659.1284094512994,False,False,Neither
39,Tajikistan,TJK,2023,0.551182019,Low-middle SDI,5847.36124339947,9452.450033129597,-3605.0887897301263,0.6186080035234501,-0.48028348069095556,7330.71695103106,659.1284094512994,False,False,Neither
40,Turkmenistan,TKM,2023,0.682174647,High-middle SDI,6603.91309166772,5140.700724004215,1463.2123676635056,1.2846328635376725,0.25047296821529835,7330.71695103106,659.1284094512994,False,True,Excess-only
41,Uzbekistan,UZB,2023,0.632090937,Middle SDI,5522.52849242177,6694.094183485002,-1171.5656910632315,0.8249851796298892,-0.192389856893795,7330.71695103106,659.1284094512994,False,False,Neither
43,Albania,ALB,2023,0.706767038,High-middle SDI,4274.18064009471,4440.499281632934,-166.31864153822426,0.9625450583392364,-0.03817440005698532,7330.71695103106,659.1284094512994,False,False,Neither
44,Bosnia and Herzegovina,BIH,2023,0.712915296,High-middle SDI,3927.71368127109,4272.866167400051,-345.1524861289613,0.9192222567693996,-0.08422733954512136,7330.71695103106,659.1284094512994,False,False,Neither
45,Bulgaria,BGR,2023,0.770862429,High SDI,4042.16336222822,2856.293385558171,1185.8699766700493,1.4151779304836043,0.34725526911465354,7330.71695103106,659.1284094512994,False,True,Excess-only
46,Croatia,HRV,2023,0.782133463,High SDI,3545.37793910696,2617.436659740473,927.9412793664874,1.354522916882541,0.30344930147153026,7330.71695103106,659.1284094512994,False,True,Excess-only
47,Czechia,CZE,2023,0.83103434,High SDI,3313.2199331974603,1726.3443715373503,1586.87556166011,1.9192114782098544,0.6519144132517317,7330.71695103106,659.1284094512994,False,True,Excess-only
48,Hungary,HUN,2023,0.793609757,High SDI,3615.2573290172,2387.058626638612,1228.1987023785878,1.5145238950867754,0.4151011289023055,7330.71695103106,659.1284094512994,False,True,Excess-only
49,North Macedonia,MKD,2023,0.758480094,High SDI,3480.70666535892,3132.900458846648,347.80620651227173,1.111017318003239,0.10527609829769631,7330.71695103106,659.1284094512994,False,False,Neither
50,Montenegro,MNE,2023,0.788565722,High SDI,3731.31470574842,2486.711800762733,1244.6029049856866,1.500501467280582,0.4057993637589077,7330.71695103106,659.1284094512994,False,True,Excess-only
51,Poland,POL,2023,0.847008286,High SDI,6120.52093254584,1486.0879490239283,4634.432983521911,4.118545565601171,1.4155000829779238,7330.71695103106,659.1284094512994,False,True,Excess-only
52,Romania,ROU,2023,0.768756849,High SDI,3978.84291717186,2902.2872401478185,1076.5556770240414,1.370933538945377,0.31549192307064466,7330.71695103106,659.1284094512994,False,True,Excess-only
53,Serbia,SRB,2023,0.784525117,High SDI,2731.98412481344,2568.354088853336,163.63003596010458,1.0637100766869567,0.06176286947208604,7330.71695103106,659.1284094512994,False,False,Neither
54,Slovakia,SVK,2023,0.813141722,High SDI,4262.79824321474,2024.960036920932,2237.838206293808,2.105127096580419,0.7443758437346432,7330.71695103106,659.1284094512994,False,True,Excess-only
55,Slovenia,SVN,2023,0.844865839,High SDI,3512.39553932483,1516.890047799675,1995.5054915251555,2.315524150494452,0.8396360768106234,7330.71695103106,659.1284094512994,False,True,Excess-only
57,Belarus,BLR,2023,0.803625792,High SDI,2812.2260922291603,2196.647932178246,615.5781600509144,1.2802352398094552,0.2470438421469849,7330.71695103106,659.1284094512994,False,False,Neither
58,Estonia,EST,2023,0.854860197,High SDI,2502.66755265997,1376.9094511462802,1125.75810151369,1.8175977734603344,0.5975157245551324,7330.71695103106,659.1284094512994,False,True,Excess-only
59,Latvia,LVA,2023,0.8508436,High SDI,2280.11548821399,1432.0339764632856,848.0815117507043,1.592221641168894,0.46513029957148794,7330.71695103106,659.1284094512994,False,True,Excess-only
60,Lithuania,LTU,2023,0.856187639,High SDI,2494.58269142178,1359.0230377490905,1135.5596536726896,1.8355705695419875,0.6073553702557202,7330.71695103106,659.1284094512994,False,True,Excess-only
61,Republic of Moldova,MDA,2023,0.733718614,High SDI,3178.68813458312,3729.340005479642,-550.6518708965223,0.8523460263511958,-0.1597627003879799,7330.71695103106,659.1284094512994,False,False,Neither
62,Russian Federation,RUS,2023,0.822523587,High SDI,1909.91374023656,1864.458888350502,45.454851886057895,1.024379648256161,0.024087208156581705,7330.71695103106,659.1284094512994,False,False,Neither
63,Ukraine,UKR,2023,0.764530545,High SDI,1974.22707580553,2995.899102225,-1021.6720264194698,0.6589764903428514,-0.41706741986128243,7330.71695103106,659.1284094512994,False,False,Neither
66,Brunei Darussalam,BRN,2023,0.832363947,High SDI,2212.60041728681,1705.4061155643444,507.19430172246575,1.297403824868206,0.2603652098949897,7330.71695103106,659.1284094512994,False,False,Neither
67,Japan,JPN,2023,0.875884075,High SDI,1385.5536510448198,1112.5848459449228,272.96880509989705,1.2453465064662674,0.21941380964007795,7330.71695103106,659.1284094512994,False,False,Neither
68,Republic of Korea,KOR,2023,0.891662727,High SDI,1547.10960944557,939.8814927833336,607.2281166622363,1.6460688090197533,0.4983899051598324,7330.71695103106,659.1284094512994,False,False,Neither
69,Singapore,SGP,2023,0.869993868,High SDI,2430.49951779291,1182.6098355108338,1247.889682282076,2.055199817227162,0.7203730778816342,7330.71695103106,659.1284094512994,False,True,Excess-only
71,Australia,AUS,2023,0.852886303,High SDI,608.6981479992099,1403.8105654976864,-795.1124174984765,0.4336041934428745,-0.8356231576791251,7330.71695103106,659.1284094512994,False,False,Neither
72,New Zealand,NZL,2023,0.866430611,High SDI,1050.28347689401,1226.4774503421395,-176.19397344812955,0.8563414489202568,-0.15508609344989907,7330.71695103106,659.1284094512994,False,False,Neither
74,Andorra,AND,2023,0.879855839,High SDI,866.5960096795799,1067.0943255860093,-200.4983159064294,0.8121081603574988,-0.2081217452803997,7330.71695103106,659.1284094512994,False,False,Neither
75,Austria,AUT,2023,0.853959728,High SDI,966.88244831954,1389.1362509725775,-422.2538026530375,0.6960313991104872,-0.3623605060008151,7330.71695103106,659.1284094512994,False,False,Neither
76,Belgium,BEL,2023,0.876976215,High SDI,902.98863430065,1099.938395721036,-196.94976142038595,0.8209447345537195,-0.1972994865899464,7330.71695103106,659.1284094512994,False,False,Neither
77,Cyprus,CYP,2023,0.855816058,High SDI,686.76441690435,1364.013307002775,-677.248890098425,0.5034880623074103,-0.6861952765238375,7330.71695103106,659.1284094512994,False,False,Neither
78,Denmark,DNK,2023,0.915990253,High SDI,908.84469884537,713.6920116179473,195.1526872274227,1.2734410418648368,0.24172271822498953,7330.71695103106,659.1284094512994,False,False,Neither
79,Finland,FIN,2023,0.89081503,High SDI,924.55468079875,948.6223184807992,-24.06763768204928,0.9746288515321956,-0.025698545550823362,7330.71695103106,659.1284094512994,False,False,Neither
80,France,FRA,2023,0.86109871,High SDI,888.37166618839,1294.2704307545628,-405.8987645661728,0.6863879797288324,-0.37631224301179167,7330.71695103106,659.1284094512994,False,False,Neither
81,Germany,DEU,2023,0.878636199,High SDI,975.05301750308,1080.9168083669215,-105.86379086384149,0.9020611114154258,-0.1030730101996253,7330.71695103106,659.1284094512994,False,False,Neither
82,Greece,GRC,2023,0.831148242,High SDI,847.25239032861,1724.543937952127,-877.291547623517,0.4912906952864946,-0.7107192789518808,7330.71695103106,659.1284094512994,False,False,Neither
83,Iceland,ISL,2023,0.888965507,High SDI,875.87520963528,967.901676236612,-92.02646660133188,0.9049216786573316,-0.09990688194734104,7330.71695103106,659.1284094512994,False,False,Neither
84,Ireland,IRL,2023,0.906907098,High SDI,865.4916176377999,792.6984421983192,72.7931754394807,1.0918295931522333,0.08785481491871719,7330.71695103106,659.1284094512994,False,False,Neither
85,Israel,ISR,2023,0.840929726,High SDI,884.3571806034299,1574.620981838941,-690.263801235511,0.56163177729959,-0.5769088443606561,7330.71695103106,659.1284094512994,False,False,Neither
86,Italy,ITA,2023,0.834438992,High SDI,846.3678618682001,1673.072233922498,-826.704372054298,0.5058764617017764,-0.6814627863377959,7330.71695103106,659.1284094512994,False,False,Neither
87,Luxembourg,LUX,2023,0.89475691,High SDI,854.54591423364,908.4823523058684,-53.936438072228384,0.9406301752198823,-0.06120522916514034,7330.71695103106,659.1284094512994,False,False,Neither
88,Malta,MLT,2023,0.830491207,High SDI,796.7060449254699,1734.9469822353435,-938.240937309874,0.4592106001412079,-0.7782463503120084,7330.71695103106,659.1284094512994,False,False,Neither
89,Netherlands,NLD,2023,0.908399773,High SDI,784.8143861817499,779.28061234471,5.5337738370399165,1.0071011311578637,0.00707603685459365,7330.71695103106,659.1284094512994,False,False,Neither
90,Norway,NOR,2023,0.916927776,High SDI,1050.68929862907,705.8925712970846,344.7967273319854,1.4884549595109324,0.39773864203767056,7330.71695103106,659.1284094512994,False,False,Neither
91,Portugal,PRT,2023,0.78646394,High SDI,863.89445847974,2528.97824796181,-1665.0837894820702,0.3415982162661866,-1.0741200387845562,7330.71695103106,659.1284094512994,False,False,Neither
92,Spain,ESP,2023,0.811819795,High SDI,879.79038967876,2048.273878100528,-1168.4834884217682,0.4295277106666203,-0.8450690212068738,7330.71695103106,659.1284094512994,False,False,Neither
93,Sweden,SWE,2023,0.910927944,High SDI,871.89520946306,756.9474178985556,114.94779156450444,1.1518570363627418,0.14137545419304587,7330.71695103106,659.1284094512994,False,False,Neither
94,Switzerland,CHE,2023,0.946050659,High SDI,808.0061329821,494.5508927858951,313.4552401962049,1.6338179644777395,0.4909195853834455,7330.71695103106,659.1284094512994,False,False,Neither
95,United Kingdom,GBR,2023,0.880444683,High SDI,812.8425486624499,1060.467096178559,-247.6245475161088,0.7664948319392133,-0.26592732310759293,7330.71695103106,659.1284094512994,False,False,Neither
97,Argentina,ARG,2023,0.764786183,High SDI,2512.36657406578,2990.1878640359823,-477.82128997020254,0.8402035886383182,-0.1741110490844483,7330.71695103106,659.1284094512994,False,False,Neither
98,Chile,CHL,2023,0.788533125,High SDI,1966.1432787402705,2487.363989995078,-521.2207112548076,0.7904525781705801,-0.23514961379609747,7330.71695103106,659.1284094512994,False,False,Neither
99,Uruguay,URY,2023,0.745444259,High SDI,2385.15484068362,3439.840464523285,-1054.685623839665,0.6933911224322347,-0.3661610487663962,7330.71695103106,659.1284094512994,False,False,Neither
101,Canada,CAN,2023,0.887304675,High SDI,578.20536370774,985.4590943310365,-407.2537306232964,0.586737051830899,-0.5331785121026799,7330.71695103106,659.1284094512994,False,False,Neither
102,United States of America,USA,2023,0.876475276,High SDI,946.79547072534,1105.726015615472,-158.93054489013184,0.856265889880806,-0.15517433205286185,7330.71695103106,659.1284094512994,False,False,Neither
105,Antigua and Barbuda,ATG,2023,0.755852569,High SDI,4015.9661438137,3193.482095058996,822.484048754704,1.2575508564858604,0.22916606470746742,7330.71695103106,659.1284094512994,False,True,Excess-only
106,Bahamas,BHS,2023,0.813601011,High SDI,3296.48391560486,2016.900374468817,1279.583541136043,1.634430712262147,0.491294555498754,7330.71695103106,659.1284094512994,False,True,Excess-only
107,Barbados,BRB,2023,0.754794961,High SDI,4115.96855926126,3218.051351418577,897.9172078426836,1.2790251334699383,0.2460981732792656,7330.71695103106,659.1284094512994,False,True,Excess-only
108,Belize,BLZ,2023,0.628475098,Low-middle SDI,3556.97627194726,6811.843979049481,-3254.867707102221,0.5221752410782018,-0.6497520365600052,7330.71695103106,659.1284094512994,False,False,Neither
109,Cuba,CUB,2023,0.694880527,High-middle SDI,4042.7294374621697,4773.171040810933,-730.4416033487632,0.8469693214210346,-0.16609080526818437,7330.71695103106,659.1284094512994,False,False,Neither
110,Dominica,DMA,2023,0.75366422,High SDI,4088.28180227458,3244.4362885632186,843.8455137113615,1.2600900244785065,0.2311831664099146,7330.71695103106,659.1284094512994,False,True,Excess-only
111,Dominican Republic,DOM,2023,0.658091059,Middle SDI,3657.28131256664,5868.373976528094,-2211.0926639614545,0.6232188553754028,-0.4728575291461266,7330.71695103106,659.1284094512994,False,False,Neither
112,Grenada,GRD,2023,0.678048084,High-middle SDI,4080.3739996452896,5262.589776530384,-1182.215776885094,0.7753547536314854,-0.2544346077415433,7330.71695103106,659.1284094512994,False,False,Neither
113,Guyana,GUY,2023,0.695580314,High-middle SDI,3417.2319928416696,4753.280532583241,-1336.048539741572,0.7189207473484683,-0.3300041535555448,7330.71695103106,659.1284094512994,False,False,Neither
114,Haiti,HTI,2023,0.463794706,Low SDI,8949.67630920838,12498.099758050195,-3548.423448841817,0.7160829632075685,-0.33395924833231594,7330.71695103106,659.1284094512994,True,False,Structural high
115,Jamaica,JAM,2023,0.691833531,High-middle SDI,3366.7726204638,4860.212578773317,-1493.4399583095164,0.6927212680301218,-0.3671275713353716,7330.71695103106,659.1284094512994,False,False,Neither
116,Saint Lucia,LCA,2023,0.70288814,High-middle SDI,3839.26014954546,4547.83398597993,-708.5738364344697,0.8441953161397574,-0.16937139393181536,7330.71695103106,659.1284094512994,False,False,Neither
117,Saint Vincent and the Grenadines,VCT,2023,0.65846284,Middle SDI,3375.1845580933,5856.853418606447,-2481.668860513147,0.576279499734582,-0.5511624933836019,7330.71695103106,659.1284094512994,False,False,Neither
118,Suriname,SUR,2023,0.654870057,Middle SDI,3752.37003932975,5968.540679289443,-2216.170639959693,0.6286913738144231,-0.4641148043578043,7330.71695103106,659.1284094512994,False,False,Neither
119,Trinidad and Tobago,TTO,2023,0.770448612,High SDI,2710.74307016567,2865.2987832205845,-154.55571305491458,0.9460594776502872,-0.055449839126238756,7330.71695103106,659.1284094512994,False,False,Neither
121,Bolivia (Plurinational State of),BOL,2023,0.631803304,Middle SDI,7440.207928602401,6703.436523086159,736.7714055162423,1.109909507307014,0.10427848705226747,7330.71695103106,659.1284094512994,True,True,Double-high
122,Ecuador,ECU,2023,0.690996593,High-middle SDI,5266.9638147982,4884.243689731288,382.72012506691135,1.078358114250431,0.07543961977844194,7330.71695103106,659.1284094512994,False,False,Neither
123,Peru,PER,2023,0.685607664,High-middle SDI,5509.25704553358,5040.224938310101,469.0321072234792,1.0930577728105797,0.0889790648977701,7330.71695103106,659.1284094512994,False,False,Neither
125,Colombia,COL,2023,0.688855489,High-middle SDI,3153.35319463688,4945.960038377263,-1792.6068437403833,0.6375613976192728,-0.4501046965960491,7330.71695103106,659.1284094512994,False,False,Neither
126,Costa Rica,CRI,2023,0.71538598,High-middle SDI,2454.02282393754,4206.380791386863,-1752.357967449323,0.5834048189271133,-0.5388739615087302,7330.71695103106,659.1284094512994,False,False,Neither
127,El Salvador,SLV,2023,0.608140065,Low-middle SDI,3146.32744162048,7485.76261388483,-4339.43517226435,0.4203082042415521,-0.8667670171959534,7330.71695103106,659.1284094512994,False,False,Neither
128,Guatemala,GTM,2023,0.553757769,Low-middle SDI,4471.20898496616,9361.972129151249,-4890.763144185089,0.4775926400211914,-0.7389971273633743,7330.71695103106,659.1284094512994,False,False,Neither
129,Honduras,HND,2023,0.520269472,Low SDI,2888.62258023463,10540.69452400603,-7652.071943771401,0.2740448054590617,-1.294463662389371,7330.71695103106,659.1284094512994,False,False,Neither
130,Mexico,MEX,2023,0.693436757,High-middle SDI,1513.33403445923,4814.326436179283,-3300.992401720053,0.3143397221855677,-1.1572809601366993,7330.71695103106,659.1284094512994,False,False,Neither
131,Nicaragua,NIC,2023,0.535691817,Low-middle SDI,3139.91097077426,9997.640412104189,-6857.729441329927,0.3140652035226988,-1.1581546601002137,7330.71695103106,659.1284094512994,False,False,Neither
132,Panama,PAN,2023,0.71530692,High-middle SDI,3042.82832068322,4208.500384255753,-1165.6720635725324,0.7230196133678922,-0.32431892943490254,7330.71695103106,659.1284094512994,False,False,Neither
133,Venezuela (Bolivarian Republic of),VEN,2023,0.580213457,Low-middle SDI,3163.99782903712,8438.997047616864,-5274.999218579744,0.3749258130064898,-0.981027104565748,7330.71695103106,659.1284094512994,False,False,Neither
135,Brazil,BRA,2023,0.683949753,High-middle SDI,6194.3408642165405,5088.641511155144,1105.6993530613963,1.2172877280974737,0.196625210135143,7330.71695103106,659.1284094512994,False,True,Excess-only
136,Paraguay,PRY,2023,0.674088962,Middle SDI,4266.81004567222,5380.652853396322,-1113.8428077241017,0.7929911410246374,-0.2319432288792523,7330.71695103106,659.1284094512994,False,False,Neither
139,Algeria,DZA,2023,0.657757116,Middle SDI,5984.66604270513,5878.729324985206,105.93671771992376,1.018020342809403,0.01785990104203374,7330.71695103106,659.1284094512994,False,False,Neither
140,Bahrain,BHR,2023,0.784320905,High SDI,5578.38369139448,2572.523027762981,3005.8606636314985,2.168448496356256,0.7740119331955755,7330.71695103106,659.1284094512994,False,True,Excess-only
141,Egypt,EGY,2023,0.676519583,Middle SDI,8248.988093949421,5308.041898175144,2940.946195774278,1.5540548194966863,0.4408675277046528,7330.71695103106,659.1284094512994,True,True,Double-high
142,Iran (Islamic Republic of),IRN,2023,0.717585049,High-middle SDI,2776.05004523411,4147.634204072249,-1371.5841588381395,0.6693092757573741,-0.40150903007814204,7330.71695103106,659.1284094512994,False,False,Neither
143,Iraq,IRQ,2023,0.653812815,Middle SDI,6854.63682933101,6001.556492161857,853.0803371691527,1.1421431820700665,0.13290648171967764,7330.71695103106,659.1284094512994,False,True,Excess-only
144,Jordan,JOR,2023,0.72035157,High SDI,7165.26809211332,4074.30894792672,3090.9591441866,1.7586462351509908,0.5645443285025236,7330.71695103106,659.1284094512994,False,True,Excess-only
145,Kuwait,KWT,2023,0.877142895,High SDI,10401.755995638789,1098.0175330979484,9303.73846254084,9.473214845933525,2.248468326456073,7330.71695103106,659.1284094512994,True,True,Double-high
146,Lebanon,LBN,2023,0.723671502,High SDI,7005.694524592281,3987.17848345409,3018.5160411381908,1.7570556607045222,0.5636394881024513,7330.71695103106,659.1284094512994,False,True,Excess-only
147,Libya,LBY,2023,0.770482329,High SDI,7505.98166476235,2864.564419287068,4641.4172454752825,2.620287263998914,0.9632839545103559,7330.71695103106,659.1284094512994,True,True,Double-high
148,Morocco,MAR,2023,0.612385219,Low-middle SDI,6339.835944959089,7343.5150553625235,-1003.6791104034346,0.863324429399718,-0.14696472644646727,7330.71695103106,659.1284094512994,False,False,Neither
149,Palestine,PSE,2023,0.6379798,Middle SDI,7398.178954804401,6503.77397469935,894.4049801050505,1.1375209199434697,0.1288512628329474,7330.71695103106,659.1284094512994,True,True,Double-high
150,Oman,OMN,2023,0.781268794,High SDI,5930.28981778007,2635.3202577082684,3294.9695600718014,2.2503108684548185,0.811068370430293,7330.71695103106,659.1284094512994,False,True,Excess-only
151,Qatar,QAT,2023,0.859589918,High SDI,5990.892539220679,1313.926749203223,4676.965790017456,4.559533126830404,1.5172202338176308,7330.71695103106,659.1284094512994,False,True,Excess-only
152,Saudi Arabia,SAU,2023,0.828451182,High SDI,5652.44470174113,1767.5156078552588,3884.929093885871,3.197960276345128,1.1625131929290902,7330.71695103106,659.1284094512994,False,True,Excess-only
153,Syrian Arab Republic,SYR,2023,0.58868192,Low-middle SDI,7702.664296598299,8147.090245721387,-444.4259491230878,0.9454497328838984,-0.05609455688295234,7330.71695103106,659.1284094512994,True,False,Structural high
154,Tunisia,TUN,2023,0.683722134,High-middle SDI,6353.425097380031,5095.304298915862,1258.1207984641687,1.2469176961093102,0.22067466300351282,7330.71695103106,659.1284094512994,False,True,Excess-only
155,Türkiye,TUR,2023,0.730952258,High SDI,5079.97192635007,3799.445769843583,1280.526156506487,1.3370297233007236,0.290450529212053,7330.71695103106,659.1284094512994,False,True,Excess-only
156,United Arab Emirates,ARE,2023,0.862209546,High SDI,5506.32909380916,1279.9323752468842,4226.396718562276,4.302046889584345,1.4590909302711101,7330.71695103106,659.1284094512994,False,True,Excess-only
157,Yemen,YEM,2023,0.446393545,Low SDI,11472.52899260395,13081.443617731891,-1608.9146251279435,0.8770078691508435,-0.1312393138442305,7330.71695103106,659.1284094512994,True,False,Structural high
160,Afghanistan,AFG,2023,0.333711266,Low SDI,11865.47544886917,16460.214884512206,-4594.739435643036,0.7208578704542714,-0.32731328948699634,7330.71695103106,659.1284094512994,True,False,Structural high
161,Bangladesh,BGD,2023,0.517107282,Low SDI,9008.64499067312,10651.878875133902,-1643.233884460782,0.8457329543713831,-0.16755162597741366,7330.71695103106,659.1284094512994,True,False,Structural high
162,Bhutan,BTN,2023,0.52425393,Low SDI,6326.53584007223,10400.488473153271,-4073.952633081041,0.6082921832376321,-0.4970999479145464,7330.71695103106,659.1284094512994,False,False,Neither
163,India,IND,2023,0.606982048,Low-middle SDI,8613.16113084222,7524.700685489433,1088.4604453527863,1.1446516600257288,0.13510036366800027,7330.71695103106,659.1284094512994,True,True,Double-high
164,Nepal,NPL,2023,0.471006784,Low SDI,8423.68553298228,12252.89373518262,-3829.20820220034,0.6874853985548526,-0.3747146881326191,7330.71695103106,659.1284094512994,True,False,Structural high
165,Pakistan,PAK,2023,0.512722944,Low SDI,15356.059810624509,10805.87034217767,4550.189468446839,1.4210849588567112,0.3514206354042311,7330.71695103106,659.1284094512994,True,True,Double-high
168,Angola,AGO,2023,0.499296938,Low SDI,6833.60398246464,11275.778592402792,-4442.174609938153,0.60604276028166,-0.5008047338812784,7330.71695103106,659.1284094512994,False,False,Neither
169,Central African Republic,CAF,2023,0.259147219,Low SDI,15119.462837139,18240.46286639148,-3121.00002925248,0.8288968842450264,-0.18765951729505528,7330.71695103106,659.1284094512994,True,False,Structural high
170,Congo,COG,2023,0.57784943,Low-middle SDI,6931.40390876314,8520.852020142465,-1589.4481113793254,0.8134637114197002,-0.20645396128395882,7330.71695103106,659.1284094512994,False,False,Neither
171,Democratic Republic of the Congo,COD,2023,0.395104186,Low SDI,10276.8403893682,14715.099470164429,-4438.259080796228,0.6983874224027495,-0.3589812837787775,7330.71695103106,659.1284094512994,True,False,Structural high
172,Equatorial Guinea,GNQ,2023,0.646241526,Middle SDI,5581.58119591103,6239.931346592461,-658.3501506814309,0.8944940073674134,-0.11149707547736579,7330.71695103106,659.1284094512994,False,False,Neither
173,Gabon,GAB,2023,0.631085776,Middle SDI,6160.34337731758,6726.760407248083,-566.4170299305024,0.9157964613515612,-0.08796114276359213,7330.71695103106,659.1284094512994,False,False,Neither
175,Burundi,BDI,2023,0.307259853,Low SDI,12220.57701587248,17133.858272904654,-4913.281257032173,0.7132413973096768,-0.33793535021653776,7330.71695103106,659.1284094512994,True,False,Structural high
176,Comoros,COM,2023,0.478698597,Low SDI,9546.50102276371,11989.441347051692,-2442.9403242879816,0.7962423557884353,-0.22785167240754817,7330.71695103106,659.1284094512994,True,False,Structural high
177,Djibouti,DJI,2023,0.491006575,Low SDI,9262.101197123671,11564.266191012308,-2302.1649938886367,0.8009242475170739,-0.2219889087742005,7330.71695103106,659.1284094512994,True,False,Structural high
178,Eritrea,ERI,2023,0.414533257,Low SDI,13199.150945042831,14113.091063900998,-913.9401188581668,0.9352416763471556,-0.06695030571633494,7330.71695103106,659.1284094512994,True,False,Structural high
179,Ethiopia,ETH,2023,0.393767735,Low SDI,8832.14604735234,14755.683406846,-5923.537359493661,0.598558928368889,-0.5132302987325922,7330.71695103106,659.1284094512994,True,False,Structural high
180,Kenya,KEN,2023,0.548710797,Low-middle SDI,14302.637622573438,9539.319913852933,4763.317708720506,1.4993351467124243,0.40502177432521325,7330.71695103106,659.1284094512994,True,True,Double-high
181,Madagascar,MDG,2023,0.379987683,Low SDI,10880.43729404419,15167.663222882024,-4287.225928837834,0.7173443353904312,-0.33219930904599687,7330.71695103106,659.1284094512994,True,False,Structural high
182,Malawi,MWI,2023,0.409532838,Low SDI,8843.57258955434,14270.126748677843,-5426.554159123503,0.6197262817146116,-0.47847737952994,7330.71695103106,659.1284094512994,True,False,Structural high
183,Mauritius,MUS,2023,0.736236312,High SDI,8532.69450114996,3666.129664810971,4866.564836338988,2.3274393655658967,0.8447686785154136,7330.71695103106,659.1284094512994,True,True,Double-high
184,Mozambique,MOZ,2023,0.341791325,Low SDI,6796.73260683972,16244.927913481824,-9448.195306642105,0.4183910598457654,-0.871338733941152,7330.71695103106,659.1284094512994,False,False,Neither
185,Rwanda,RWA,2023,0.462112705,Low SDI,10106.528353431631,12555.014794840405,-2448.4864414087715,0.8049794061242366,-0.21693858434517474,7330.71695103106,659.1284094512994,True,False,Structural high
186,Seychelles,SYC,2023,0.753016949,High SDI,10269.11516278566,3259.59402037996,7009.5211424057,3.150427660187149,1.1475382087610668,7330.71695103106,659.1284094512994,True,True,Double-high
187,Somalia,SOM,2023,0.229019065,Low SDI,11679.651580832651,18862.1830412206,-7182.531460387945,0.6192099586409722,-0.47931087375944553,7330.71695103106,659.1284094512994,True,False,Structural high
189,United Republic of Tanzania,TZA,2023,0.465888633,Low SDI,10169.993961330589,12427.099288744786,-2257.1053274141977,0.8183723107886925,-0.2004378982642308,7330.71695103106,659.1284094512994,True,False,Structural high
190,Uganda,UGA,2023,0.442281237,Low SDI,8611.93386057941,13217.407870610055,-4605.474010030646,0.6515599688596068,-0.42838583928632656,7330.71695103106,659.1284094512994,True,False,Structural high
191,Zambia,ZMB,2023,0.505571537,Low SDI,6219.711193596289,11056.526731467073,-4836.815537870783,0.5625375259931205,-0.5752974342521082,7330.71695103106,659.1284094512994,False,False,Neither
193,Botswana,BWA,2023,0.677582005,High-middle SDI,7123.59825240792,5276.432038101226,1847.1662143066944,1.3500786518177943,0.3001628513590285,7330.71695103106,659.1284094512994,False,True,Excess-only
194,Lesotho,LSO,2023,0.509816661,Low SDI,16716.94903820866,10907.82197103602,5809.12706717264,1.5325652621208752,0.4269429733184793,7330.71695103106,659.1284094512994,True,True,Double-high
195,Namibia,NAM,2023,0.619642149,Low-middle SDI,7783.113785130109,7102.210250978614,680.9035341514955,1.0958720609626664,0.09155044901373505,7330.71695103106,659.1284094512994,True,True,Double-high
196,South Africa,ZAF,2023,0.70261336,High-middle SDI,9965.14925982399,4555.483102300885,5409.666157523105,2.187506579662383,0.7827623470907696,7330.71695103106,659.1284094512994,True,True,Double-high
197,Eswatini,SWZ,2023,0.606902305,Low-middle SDI,7333.211689709799,7527.384125262164,-194.1724355523648,0.9742045267889656,-0.02613401094735807,7330.71695103106,659.1284094512994,True,False,Structural high
198,Zimbabwe,ZWE,2023,0.491184885,Low SDI,10242.88233505578,11558.0775957218,-1315.1952606660216,0.8862098606127339,-0.1208014934306099,7330.71695103106,659.1284094512994,True,False,Structural high
200,Benin,BEN,2023,0.40649626,Low SDI,8590.05600133257,14364.791826117362,-5774.735824784792,0.5979937687446714,-0.514174945245208,7330.71695103106,659.1284094512994,True,False,Structural high
201,Burkina Faso,BFA,2023,0.306760806,Low SDI,7131.39903429697,17146.11170792992,-10014.712673632948,0.415919314872932,-0.8772639921648809,7330.71695103106,659.1284094512994,False,False,Neither
202,Cameroon,CMR,2023,0.487083713,Low SDI,7348.07034161533,11700.219162815049,-4352.148821199717,0.6280284359944759,-0.46516983329307704,7330.71695103106,659.1284094512994,True,False,Structural high
203,Cabo Verde,CPV,2023,0.562409777,Low-middle SDI,4830.36235071415,9058.683114978092,-4228.320764263942,0.5332300831593701,-0.6288022722403072,7330.71695103106,659.1284094512994,False,False,Neither
204,Chad,TCD,2023,0.239323301,Low SDI,13470.30073356452,18655.17355268658,-5184.872819122062,0.7220678325785195,-0.3256361935626463,7330.71695103106,659.1284094512994,True,False,Structural high
205,Côte d'Ivoire,CIV,2023,0.451524015,Low SDI,7320.20796514121,12910.760642858157,-5590.552677716945,0.5669850264934257,-0.5674223839039267,7330.71695103106,659.1284094512994,False,False,Neither
206,Gambia,GMB,2023,0.432615004,Low SDI,8319.070825546709,13533.87072370179,-5214.799898155081,0.6146852585918061,-0.4866449168244312,7330.71695103106,659.1284094512994,True,False,Structural high
207,Ghana,GHA,2023,0.573769063,Low-middle SDI,6329.25139100965,8662.474182082777,-2333.2227910731262,0.7306516888790157,-0.3138184185894114,7330.71695103106,659.1284094512994,False,False,Neither
208,Guinea,GIN,2023,0.355150968,Low SDI,10792.60866961379,15879.230781157938,-5086.622111544148,0.6796682294220537,-0.3861504977816418,7330.71695103106,659.1284094512994,True,False,Structural high
209,Guinea-Bissau,GNB,2023,0.373341963,Low SDI,8720.49487280476,15362.03125850096,-6641.536385696199,0.5676654816060903,-0.5662229745891086,7330.71695103106,659.1284094512994,True,False,Structural high
210,Liberia,LBR,2023,0.38302106,Low SDI,9487.48922817474,15078.002109095003,-5590.512880920263,0.6292272119030887,-0.4632628603176109,7330.71695103106,659.1284094512994,True,False,Structural high
211,Mali,MLI,2023,0.284970766,Low SDI,8088.13538489103,17664.994260546788,-9576.858875655758,0.4578623273575112,-0.7811867353450487,7330.71695103106,659.1284094512994,True,False,Structural high
212,Mauritania,MRT,2023,0.518009346,Low SDI,8251.15136725873,10620.170911987156,-2369.019544728426,0.7769320697038429,-0.2524023588149788,7330.71695103106,659.1284094512994,True,False,Structural high
213,Niger,NER,2023,0.203013134,Low SDI,11958.87798295491,19361.344701855407,-7402.466718900498,0.6176677378100129,-0.48180460718935947,7330.71695103106,659.1284094512994,True,False,Structural high
214,Nigeria,NGA,2023,0.511952631,Low SDI,12039.683642782227,10832.903290812075,1206.7803519701502,1.11139953155436,0.10562006037210689,7330.71695103106,659.1284094512994,True,True,Double-high
215,Sao Tome and Principe,STP,2023,0.522633002,Low SDI,6201.02874173648,10457.538895247935,-4256.510153511455,0.5929720944718955,-0.5226079393178306,7330.71695103106,659.1284094512994,False,False,Neither
216,Senegal,SEN,2023,0.412747283,Low SDI,7130.26906517842,14169.340979104256,-7039.071913925836,0.5032181154856487,-0.6867315736762469,7330.71695103106,659.1284094512994,False,False,Neither
217,Sierra Leone,SLE,2023,0.383229086,Low SDI,10119.910915429493,15071.831761165424,-4951.920845735931,0.6714453210328944,-0.3983226944312477,7330.71695103106,659.1284094512994,True,False,Structural high
218,Togo,TGO,2023,0.4605221,Low SDI,9010.08443490722,12608.738446460557,-3598.654011553336,0.7145904781169026,-0.3360456582550393,7330.71695103106,659.1284094512994,True,False,Structural high
298,American Samoa,ASM,2023,0.743030595,High SDI,6620.004677934339,3498.408140782186,3121.5965371521534,1.892290553741456,0.6377880284698686,7330.71695103106,659.1284094512994,False,True,Excess-only
305,Bermuda,BMU,2023,0.826940374,High SDI,3746.77522268584,1791.897379253542,1954.8778434322985,2.0909541283255013,0.7376204825327399,7330.71695103106,659.1284094512994,False,True,Excess-only
320,Cook Islands,COK,2023,0.777404869,High SDI,6708.50701980164,2716.132896442719,3992.374123358921,2.4698743675567854,0.9041672860089686,7330.71695103106,659.1284094512994,False,True,Excess-only
349,Greenland,GRL,2023,0.860113904,High SDI,772.65031207911,1307.0765765920055,-534.4262645128957,0.5911285734257994,-0.5257217329091972,7330.71695103106,659.1284094512994,False,False,Neither
351,Guam,GUM,2023,0.811868521,High SDI,7407.560540449699,2047.411463795206,5360.149076654493,3.618012632750721,1.285924878606234,7330.71695103106,659.1284094512994,True,True,Double-high
367,Monaco,MCO,2023,0.92270063,High SDI,822.3329825589799,659.2939394746445,163.0390430843354,1.247293404841932,0.2209759275879901,7330.71695103106,659.1284094512994,False,False,Neither
369,Nauru,NRU,2023,0.626371926,Low-middle SDI,11446.95521865991,6880.636544941085,4566.318673718825,1.6636477081580718,0.5090126061371639,7330.71695103106,659.1284094512994,True,True,Double-high
374,Niue,NIU,2023,0.748490237,High SDI,7735.37451151143,3366.697613617717,4368.6768978937125,2.29761487346626,0.831871573330211,7330.71695103106,659.1284094512994,True,True,Double-high
376,Northern Mariana Islands,MNP,2023,0.791104245,High SDI,6486.173108238299,2436.244503353798,4049.9286048845015,2.662365415010384,0.979214981405025,7330.71695103106,659.1284094512994,False,True,Excess-only
380,Palau,PLW,2023,0.75589719,High SDI,6792.642163054439,3192.447829891857,3600.1943331625816,2.127722213485486,0.755052024182853,7330.71695103106,659.1284094512994,False,True,Excess-only
385,Puerto Rico,PRI,2023,0.847508564,High SDI,3433.34057015421,1478.9582186312389,1954.3823515229712,2.321458799107748,0.8421957807897656,7330.71695103106,659.1284094512994,False,True,Excess-only
393,Saint Kitts and Nevis,KNA,2023,0.754464215,High SDI,4304.140417921791,3225.7565751254583,1078.3838427963324,1.33430416018121,0.28840992763682516,7330.71695103106,659.1284094512994,False,True,Excess-only
396,San Marino,SMR,2023,0.883012202,High SDI,855.48700628964,1031.9210588504811,-176.4340525608411,0.8290236922217853,-0.1875065449768319,7330.71695103106,659.1284094512994,False,False,Neither
416,Tuvalu,TUV,2023,0.611233842,Low-middle SDI,7615.06886600853,7382.017938648911,233.05092735961887,1.03157008412828,0.03108199511665709,7330.71695103106,659.1284094512994,True,False,Structural high
422,United States Virgin Islands,VIR,2023,0.816423321,High SDI,3121.51178621093,1967.8319787685723,1153.6798074423575,1.5862694680692735,0.461385012985662,7330.71695103106,659.1284094512994,False,True,Excess-only
435,South Sudan,SSD,2023,0.379080534,Low SDI,11048.540012845411,15194.362596623763,-4145.822583778354,0.7271473181310305,-0.3186261835574348,7330.71695103106,659.1284094512994,True,False,Structural high
522,Sudan,SDN,2023,0.573101197,Low-middle SDI,7979.42215441398,8685.693199935622,-706.271045521642,0.9186857019625242,-0.08481121516258017,7330.71695103106,659.1284094512994,True,False,Structural high
