location_name,iso3,year,clean_cooking,hap_pm,basic_water,basic_sanitation,dpt,hib3,pcv3,uhc_index,stunting_u5_pct,wasting_u5_pct,hiv_prevalence,tb_incidence,current_health_expenditure_pc_usd,nurses_midwives_per1000,physicians_per1000,ambient_pm25,mean_temperature,mean_absolute_humidity,outside_midrange_humidity_days
China,CHN,2000,40.3,213.507611919885,80.5934883327843,56.8201092570023,85.0,0.0,,64.0,17.8,2.5,,107.0,42.80797577,0.998,1.263,45.3043575048227,14.89885966706291,10.748140168868137,304.6601922955496
Democratic People's Republic of Korea,PRK,2000,1.3,294.8855951394095,99.3029365439307,,56.0,0.0,,70.0,51.0,12.2,,,,,,25.782862802035,9.270109691453705,8.294767151182757,290.1586196939704
Taiwan,TWN,2000,,14.040240894453948,,,,,,,,,,,,,,26.2683105799586,21.96623244894632,16.290901600942423,362.345194466764
Cambodia,KHM,2000,3.4,315.5752426892945,52.3082345073141,10.447277669756,59.0,0.0,,26.0,49.0,17.1,1.2,853.0,19.27847862,0.893,0.164,26.8156618935143,27.460458208451705,20.29966840782683,337.4237527101778
Indonesia,IDN,2000,6.7,150.0146777179575,75.7755519212516,41.5831787269392,75.0,0.0,,44.0,42.3,5.5,0.1,370.0,15.39148712,,,26.6747237905048,25.388278256954063,19.615991363787504,364.6400672600234
Lao People's Democratic Republic,LAO,2000,1.3,284.421929238314,48.3413334597011,28.5792078387046,51.0,0.0,,33.0,47.5,17.5,0.1,330.0,14.10313892,1.004,0.279,37.6985057680764,22.43198389956384,16.535002060376552,354.1293599881003
Malaysia,MYS,2000,97.9,41.5417695361791,96.1058225790824,93.0900303093071,98.0,0.0,,71.0,,,0.4,152.0,111.8384552,2.049,0.68,22.6382855101956,26.04808880587316,20.476842133527537,365.2828124451044
Maldives,MDV,2000,23.95,90.02299680487289,93.9754416536862,76.1204180921548,98.0,0.0,,52.0,,,0.1,139.0,219.8586731,,,21.0840784564148,27.045715165169465,20.506237953648643,363.9094067608631
Myanmar,MMR,2000,1.7,330.808638266584,47.0143575446257,63.4598787059053,82.0,0.0,,32.0,40.8,10.7,0.6,555.0,4.47214985,,0.302,41.2825574441838,24.879430122636457,17.334404239119042,309.6208278162834
Philippines,PHL,2000,37.4,187.199601141069,86.5149829591624,64.5780150363269,78.0,0.0,,56.0,,,0.1,590.0,32.10300446,4.228,1.194,34.7109496864893,26.06898808239475,20.647840309673693,365.9665031988184
Sri Lanka,LKA,2000,16.4,165.4176585582925,83.6750656092532,76.8072668848757,99.0,0.0,,61.0,18.3,15.9,0.1,148.0,42.54893112,1.16,0.413,33.2284604405149,25.762363985450648,19.629572093872003,359.55270160376966
Thailand,THA,2000,59.9,85.6309952587855,93.7765869713253,92.1750602372757,97.0,0.0,,68.0,,,2.4,241.0,62.21043015,,,33.9346430150406,26.783059529001846,19.13426686355629,327.2085541663184
Timor-Leste,TLS,2000,0.9,282.559653379061,,,,,,30.0,,,0.1,,,,,15.4379306340429,24.37772286250057,17.935980164778965,356.6062851423117
Viet Nam,VNM,2000,13.2,256.970003498599,80.6482449440381,49.1489172818795,96.0,0.0,,52.0,42.9,6.1,0.2,296.0,21.0719223,,,37.5642151429551,24.599876151040466,18.863526605340702,361.7612061984708
Fiji,FJI,2000,28.4,114.79496429117071,94.8171817941027,87.5905781537548,90.0,98.0,,60.0,,,0.1,49.0,74.28569794,,,6.95580637191927,24.97903545000278,18.97970903209324,365.1713635892743
Kiribati,KIR,2000,0.7,287.416646188307,56.1653892565175,29.4332516112154,90.0,0.0,,27.0,,,,1280.0,65.61151886,,,5.03904377751818,26.67298256572596,20.29093114253712,365.9999979044944
Marshall Islands,MHL,2000,7.3,234.8297556311245,88.7785656055878,74.7275535409277,39.0,45.0,,65.0,,,,190.0,306.73342896,2.98,0.471,4.90596253135099,26.700323180486063,21.132847988091008,365.9999888350745
Micronesia (Federated States of),FSM,2000,10.8,242.997267903629,91.7920940857296,25.0484297460343,85.0,75.0,,42.0,,,,281.0,161.47862244,3.8827,0.571,4.76003367104441,26.95259680404319,21.3614233779466,366.0000066396275
Papua New Guinea,PNG,2000,5.4,235.9395036900605,29.7724173309513,16.2164700300816,59.0,0.0,,24.0,,,0.7,1060.0,18.84121323,0.513,0.05,15.394493890494,21.935234592660823,16.994821892281998,365.8166352515033
Samoa,WSM,2000,17.6,213.571444994758,87.2425744445138,91.9576951837593,98.0,0.0,,58.0,,,,24.0,60.4606514,,,4.96896135871415,25.969906571456765,20.116624919691727,365.9747143573049
Solomon Islands,SLB,2000,8.6,267.79467102512,76.7476885901905,21.8188257252679,86.0,0.0,,38.0,,,0.1,282.0,46.02681351,,,9.24123021095523,26.29599227420348,20.92155328543687,365.9999993013608
Tonga,TON,2000,33.7,189.514405862236,98.5410497914921,89.1918092232378,95.0,0.0,,66.0,,,,23.0,53.3949585,,0.499,4.94320382456389,24.691137455176488,17.860901260825862,350.6744630279382
Vanuatu,VUT,2000,13.3,257.0807986909965,85.3317599013791,54.7109808046722,71.0,0.0,,46.0,,,0.1,331.0,48.28763199,,,9.24896059895032,25.481168821494965,19.20875172674049,363.798043174507
Armenia,ARM,2000,79.3,216.050684279765,95.6686709319985,88.0309026952269,93.0,0.0,,57.0,17.3,2.5,0.1,115.0,25.6606369,5.803,2.652,29.5583670228137,7.792977564922983,5.594671467453692,247.0568483524053
Azerbaijan,AZE,2000,70.1,205.6070354862475,75.5627604174925,68.3537161993918,76.0,0.0,,54.0,24.2,9.0,0.1,183.0,19.01968193,8.606,3.552,23.1916047443539,13.49021477267808,8.743037506243951,295.5434141150561
Georgia,GEO,2000,46.0,206.9033872962135,94.0602241234961,76.0390884292644,80.0,0.0,,63.0,,,0.1,229.0,52.25807953,4.738,3.867,20.3782143426368,9.369068611402923,7.23361643505283,305.47266959949263
Kazakhstan,KAZ,2000,84.2,94.16744439200096,90.0307426152469,96.845702173166,97.0,0.0,,76.0,,,0.1,168.0,49.093647,5.943,3.158,17.2840511012748,8.314380000943142,5.713692774816473,262.2413243662739
Kyrgyzstan,KGZ,2000,53.3,247.431371517271,80.9425079923707,92.8282031249624,99.0,0.0,,70.0,,,0.1,291.0,12.0349474,7.788,1.803,22.1179326745024,9.524203995683678,5.9151565071186605,243.6908390980095
Mongolia,MNG,2000,22.2,212.0759194693955,62.4153289912774,43.3509577005442,94.0,0.0,,62.0,29.8,7.1,0.1,428.0,28.13583946,,2.647,27.4853810416765,-0.5092011320701284,3.720203897774152,228.28626355059703
Tajikistan,TJK,2000,36.3,302.037744858717,55.4730051221322,91.5699996065089,83.0,0.0,,66.0,42.1,9.4,0.1,140.0,5.90626955,4.136,2.148,23.7611473429215,10.97927196619329,6.09643616478122,212.1366078906917
Turkmenistan,TKM,2000,99.3,163.72597044775148,90.0851084900887,93.3187665874563,97.0,0.0,,76.0,27.2,8.0,,193.0,75.52490234,8.634,2.708,31.2047704232925,15.66474388015177,6.550124781085036,258.8907459187479
Uzbekistan,UZB,2000,83.0,199.0458494228945,87.3125968713833,93.3766111569877,99.0,0.0,,78.0,,,,156.0,35.72119904,10.9,2.961,36.9582260160268,14.951991977645225,6.514402297490233,248.48496385446435
Albania,ALB,2000,36.6,184.881945108743,86.3970424808695,89.4886699063414,97.0,0.0,,56.0,,,0.1,21.0,65.47674561,3.97,1.366,21.9339577897421,13.06858538853012,8.581998056341602,291.2689440840653
Bosnia and Herzegovina,BIH,2000,53.8,172.972936509118,97.4048252713074,95.0784435393171,85.0,0.0,,54.0,12.1,7.4,,158.0,106.5786972,4.03,1.312,36.0398653671008,11.74932962766659,7.663968140356685,268.7181954403639
Bulgaria,BGR,2000,,85.08590967862796,99.7377221618343,85.8270758424306,93.0,0.0,,62.0,,,0.1,83.0,94.51976013,4.451,3.441,28.5902074500045,12.151962516402069,7.746155468184748,264.74311592652384
Croatia,HRV,2000,100.0,47.830674505407146,98.6451317481292,98.451172519388,93.0,0.0,,69.0,,,0.1,56.0,385.78341675,5.122,2.413,24.2069954953366,13.464797398685691,8.425366410283289,263.0297464720395
Czechia,CZE,2000,100.0,22.69462407840955,97.972246151234,99.0199352987206,98.0,0.0,,77.0,,,,18.0,342.92108154,8.081,3.38,20.9784237660356,9.712884757499282,7.352415248134323,323.54664823455505
Hungary,HUN,2000,100.0,38.0923304320817,93.8958473145808,98.0437275919474,99.0,99.0,,73.0,,,,45.0,313.10858154,5.494,3.012,21.8521440388594,11.95752644029315,7.551240520216285,260.21304016924825
North Macedonia,MKD,2000,54.5,105.4546345542452,96.7613264219734,88.6499475814466,95.0,0.0,,57.0,,,0.1,59.0,162.68013,3.524,2.166,31.5786973937028,11.286707137602448,6.9142049569643405,247.17487018447184
Montenegro,MNE,2000,66.85,105.24263209127923,,,,,,65.0,,,0.1,,,,1.823,24.8365477123333,11.42889627361755,7.990813939733007,293.3668248716661
Poland,POL,2000,100.0,52.51963833345355,,87.5745482145907,98.0,0.0,,67.0,,,,46.0,238.00448608,5.532,2.223,25.8847363092344,9.609705822494924,7.485958906388734,331.9577960304157
Romania,ROU,2000,100.0,86.31328673956429,99.9999987242735,,99.0,0.0,,63.0,12.8,4.3,0.1,189.0,69.89345551,5.394,1.961,23.7730609211264,10.355790151787424,7.39194781422991,292.57194308830105
Serbia,SRB,2000,57.5,116.5378561239748,89.4192393475068,95.5039510992611,95.0,0.0,,56.0,,,0.1,,56.52191544,,,26.5470961148318,12.791637032143097,7.453088545467318,239.02302735183423
Slovakia,SVK,2000,100.0,39.75913502045215,97.9808934698164,99.8249510243293,99.0,59.0,,75.0,,,0.1,32.0,203.50627136,7.449,3.238,21.8384274304588,10.394972185662164,7.383172755547128,294.8173329745795
Slovenia,SVN,2000,100.0,20.179202040910752,99.689229399328,99.1116751269035,91.0,0.0,,77.0,,,0.1,27.0,796.64703369,6.862,2.154,21.4891839160343,11.405995856638771,8.185482571612575,319.8884720730465
Belarus,BLR,2000,92.7,106.885332094148,97.8523126087327,91.9136871793446,99.0,0.0,,69.0,,,,153.0,57.02944183,9.549,3.268,28.0525502050665,7.895742829144599,6.830090837141873,323.3834243637009
Estonia,EST,2000,100.0,46.36691683638645,97.4667553534915,99.7576887855181,93.0,0.0,,66.0,,,0.1,105.0,209.97769165,6.199,2.942,16.310780276735,6.9515255683470185,6.657041472759992,340.56359222298204
Latvia,LVA,2000,100.0,73.65929883077625,97.957430289515,89.1822298525204,96.0,79.0,,68.0,,,0.3,196.0,181.57072449,4.782,2.879,29.5790323571039,7.771964087139511,6.841467771470946,333.7883789006835
Lithuania,LTU,2000,100.0,66.58792214927931,89.6457241496505,84.2628327273275,94.0,2.0,,65.0,,,0.1,181.0,217.1761322,8.023,3.626,25.8614330363668,8.126817662388873,6.938175134003256,331.7343034335293
Republic of Moldova,MDA,2000,63.1,204.3445674258515,83.0002243513663,71.2506597546078,95.0,0.0,,67.0,,,0.4,70.0,21.37988663,5.622,2.437,28.1224595999728,11.091431564178576,7.513896389979804,276.45562758832284
Russian Federation,RUS,2000,100.0,60.07190426946135,96.4118385935672,,96.0,0.0,,68.0,,4.9,,95.0,95.20859528,7.405,4.636,22.5833277033171,5.093513757041757,6.209657009992843,315.12738334514074
Ukraine,UKR,2000,91.2,149.7587065040815,98.2039141812344,94.3966034938473,99.0,0.0,,70.0,22.9,8.2,,193.0,34.62232971,6.5,2.986,30.4395800949164,9.34895234303382,7.246973983589039,306.14964195448886
Brunei Darussalam,BRN,2000,100.0,42.56892771247085,99.5610226883862,72.7148465774726,99.0,0.0,,72.0,,,,231.0,519.05047607,3.971,1.029,9.00761356811497,26.61612344011412,21.15491111010338,366.0000080401566
Japan,JPN,2000,100.0,16.4563617957305,98.5196139100947,99.9977656818046,85.0,0.0,,76.0,5.8,1.7,,47.0,2751.38452148,8.6546,1.931,12.6626784287597,14.667133609951254,10.502529542250072,309.6086330548936
Republic of Korea,KOR,2000,100.0,21.79596659740675,,100.0,97.0,0.0,,75.0,,,,50.0,475.2520752,3.0,1.302,21.3595672710361,12.607490240483472,9.135659959231452,270.4557370156635
Singapore,SGP,2000,100.0,42.56892771247085,100.0,100.0,98.0,0.0,,85.0,4.5,3.6,0.1,77.0,796.03100586,,1.382,21.1295723647151,26.859545558830725,21.182520168712728,365.9999924159848
Australia,AUS,2000,100.0,16.3280072518072,99.7122967555461,99.9911608638651,90.0,90.0,,84.0,,,0.1,6.8,1626.73388672,10.01,2.476,6.20655090377755,16.76853547737212,10.39634484973407,308.6702956876097
New Zealand,NZL,2000,100.0,14.034805510613,99.9999993417981,99.9999993417981,90.0,90.0,,81.0,,,0.1,12.0,1054.28100586,9.585,2.233,8.28581868258924,13.523303374860705,9.271959178279191,359.4931508733438
Andorra,AND,2000,100.0,42.56892771247085,99.9999977350507,99.9999977350507,98.0,90.0,,69.0,,,,18.0,1294.09118652,3.303,2.557,15.4934537394429,8.482699346881834,6.6550935984617325,319.374964660372
Austria,AUT,2000,100.0,17.80267178039535,99.9999997318786,99.9999792345879,81.0,72.0,,71.0,,,,22.0,2301.89208984,5.734,3.876,21.2144588293067,9.369125082558345,7.325292472647174,326.5328492835531
Belgium,BEL,2000,100.0,15.2793470026069,99.9999953394811,99.484629951934,95.0,86.0,,81.0,,,0.1,17.0,1849.91601563,,2.829,19.7514457745692,10.870932753977028,8.391547128691323,359.08209268329006
Cyprus,CYP,2000,100.0,16.649440596906,99.8808389848329,99.6199406645238,97.0,32.0,,66.0,,,,8.2,750.51672363,3.093,1.899,27.4895816516736,19.96451544675006,11.606983075351769,275.76810422735474
Denmark,DNK,2000,100.0,23.993662582853048,99.9999969457606,99.5972376023296,97.0,95.0,,74.0,,,0.1,16.0,2491.54174805,10.31,2.913,14.9461833497097,9.38790178837809,7.747374698676017,360.57896148045256
Finland,FIN,2000,100.0,13.532219828532298,100.0,99.4481877671759,99.0,96.0,,77.0,,,,14.0,1726.74438477,8.002,2.499,9.42018047776389,5.575138113953394,6.232539071475869,336.4168976591771
France,FRA,2000,100.0,14.4125260248336,99.9999963750584,98.6630246141196,97.0,86.0,,78.0,,,0.2,12.0,2161.85302734,6.815,3.328,17.8829359936674,12.495001491082144,8.8916311219187,341.8690730022518
Germany,DEU,2000,100.0,16.28876670325605,100.0,99.21811250617,90.0,94.0,,79.0,,,,12.0,2336.36230469,8.827,3.263,18.6835865198912,10.14510230054533,7.773633501764751,341.9013463131738
Greece,GRC,2000,100.0,18.1292980159809,99.7578133347086,97.8758799190344,89.0,87.0,,63.0,,,0.1,9.7,885.41052246,2.965,4.382,26.195521899844,16.174987852292936,9.504798276337176,265.21913737166966
Iceland,ISL,2000,100.0,15.260199481618148,99.9999968536342,98.7980041291152,98.0,98.0,,80.0,,,0.1,4.6,2855.57470703,13.99,3.441,6.11754607086844,3.573766449692059,5.3069854608375415,356.86346582312274
Ireland,IRL,2000,100.0,14.32091382996425,96.6432181326014,90.0039815195189,86.0,85.0,,72.0,,,0.1,14.0,1564.83764648,13.96,2.219,12.2859742168336,9.885761479227147,7.89660200869677,364.7855961306456
Israel,ISR,2000,100.0,13.94025900422075,99.9999980424614,99.9999980424614,93.0,93.0,,76.0,,,,13.0,1473.00915527,5.823,3.697,27.678786065811,20.4648508106803,13.276199595789045,317.0625081610044
Italy,ITA,2000,100.0,15.540202553835451,99.5570595333996,99.8859327621191,87.0,55.0,,74.0,,,0.2,9.1,1524.23962402,5.707,3.424,28.2834795799035,14.620589725140071,9.63135922220452,309.64924181846214
Luxembourg,LUX,2000,100.0,42.56892771247085,99.9999973690054,97.6901859875283,99.0,93.0,,76.0,,,0.1,14.0,2901.19995117,7.606,2.151,16.7565093346559,10.342567423457908,8.066872087424393,352.9437835815464
Malta,MLT,2000,100.0,21.618007977012653,100.0,99.9492010508807,94.0,93.0,,75.0,,,0.1,4.0,647.10150146,,2.561,16.1841960260526,19.281857057869885,12.906181866402,346.24920089194126
Netherlands,NLD,2000,100.0,22.86058977297775,100.0,98.056483719237,97.0,96.0,,77.0,,,0.1,8.9,2028.18139648,10.31,2.423,18.9140142897011,10.935611354812716,8.411122490736112,357.99954519171456
Norway,NOR,2000,100.0,42.56892771247085,100.0,98.0719414200245,90.0,93.0,,73.0,,,0.1,7.0,2948.93164063,,3.38,11.1772507463387,6.530500288272684,6.385378548676735,340.6688185403403
Portugal,PRT,2000,100.0,17.03164627954665,99.2296665594465,97.6509233684472,96.0,86.0,,81.0,,,0.5,59.0,995.34210205,,3.207,13.863291392809,15.091902169870176,9.822426241905704,330.3904899490669
Spain,ESP,2000,100.0,14.2708251328124,99.9999986287101,99.81337600395,95.0,92.0,,74.0,,,0.5,30.0,1005.28399658,3.657,3.101,16.6508374732758,15.501745032196144,9.255776565796792,301.1826238468931
Sweden,SWE,2000,100.0,15.3777402512906,99.4843695619829,99.2347634124279,99.0,98.0,,70.0,,,0.1,6.7,2173.1940918,10.32,3.026,10.8757265993123,7.499305431625984,6.858668266596238,337.91876216386345
Switzerland,CHE,2000,100.0,42.56892771247085,100.0,99.8809744521453,93.0,91.0,,81.0,,,0.2,11.0,3550.12597656,11.87,3.51,20.6434293387248,9.315232271719756,7.312151283980204,331.32811601479875
United Kingdom,GBR,2000,100.0,13.753346097395047,100.0,99.129987387211,91.0,91.0,,77.0,,,,12.0,2020.96813965,8.577,1.987,17.8817798155015,10.122542253626102,7.955554414868695,365.1005477288334
Argentina,ARG,2000,95.8,40.39663803114865,96.2840256103646,87.6669268418186,83.0,83.0,,74.0,,,0.3,49.0,702.23309326,,,17.9272656722768,16.162461898884718,10.196463482929133,298.8489247419569
Chile,CHL,2000,100.0,47.5274405442188,96.3391511046989,93.0315875725164,91.0,91.0,,64.0,,,0.2,33.0,353.25033569,,,27.4209856615691,12.93065794943777,7.792445894105542,270.8407998537229
Uruguay,URY,2000,100.0,46.6531860279322,97.0615629070095,93.4676984029791,90.0,88.0,,73.0,,,,33.0,699.20495605,,,12.9164270701874,17.0259898922608,11.052432948187722,318.98743439222784
Canada,CAN,2000,100.0,18.17138744277795,99.5548066941218,99.8666796985606,89.0,88.0,,82.0,,,0.2,8.0,1988.15942383,9.9,,8.82273603145294,6.3771148615677165,6.63021589293484,325.7181367451733
United States of America,USA,2000,100.0,42.56892771247085,,99.872730795484,94.0,93.0,,79.0,3.2,0.5,,7.7,4548.5546875,10.19,2.596,14.4872386444898,13.682761835599123,9.225415183488172,288.6266266588218
Antigua and Barbuda,ATG,2000,100.0,22.83301405837505,97.4577878338136,84.7653410086149,95.0,0.0,,76.0,,,0.5,5.3,520.12213135,,,10.5485473515749,25.9265334963628,18.799283500941343,359.7164088302469
Bahamas,BHS,2000,100.0,14.0700050775301,98.0705934581737,92.9767147467029,99.0,90.0,,79.0,,,2.1,57.0,948.88244629,,,9.1867660539942,24.510939363144697,17.255420439668573,345.72661077703475
Barbados,BRB,2000,100.0,32.0042539715425,98.0685680611877,89.6408774970221,93.0,0.0,,77.0,,,1.0,1.1,622.47875977,6.036,1.393,12.2602772846717,26.171793286935102,19.50129472955249,365.999999052001
Belize,BLZ,2000,79.6,99.17383113156784,89.4207966981103,83.9950793415802,91.0,0.0,,64.0,,,1.1,113.0,139.00151062,1.258,1.042,19.3006069211347,24.76092145527719,18.91481922955122,364.0364606750524
Cuba,CUB,2000,62.8,216.9585588041685,91.7610721399503,81.3080697127974,95.0,99.0,,74.0,7.0,2.4,0.1,23.0,181.09315491,,5.941,11.9170426504031,25.19811631860777,17.420822839699017,347.61657686089364
Dominica,DMA,2000,79.6,109.16283805967043,94.2668749983249,64.0425728567548,99.0,0.0,,68.0,,,0.4,4.4,259.0213623,,,12.9130091307182,25.58611605255556,19.04046113561921,366.0000044906108
Dominican Republic,DOM,2000,83.7,115.35785834645068,91.0193202795321,76.5972413927346,78.0,0.0,,68.0,7.7,1.5,1.4,145.0,138.29624939,1.788,1.825,15.3325038640262,24.33513067540789,16.937862104507698,348.393780149534
Grenada,GRD,2000,92.2,102.7190712382666,93.3076378093218,88.5722720006749,97.0,33.0,,73.0,,,,0.0,259.33764648,3.405,0.54,12.2090083450381,26.17722350250808,19.863106363047784,366.0000139919801
Guyana,GUY,2000,100.0,138.22599881435252,89.3211330907679,77.3735224791758,88.0,0.0,,61.0,13.9,12.1,0.9,148.0,62.37635422,2.273,0.479,26.6667630065721,25.709899323718904,20.29650855434256,365.89464325748816
Haiti,HTI,2000,2.6,273.23164460385954,54.3912791265866,19.4402337637977,44.0,0.0,,32.0,28.8,5.5,2.5,576.0,30.35855865,,,16.0482143550912,25.21627038230393,17.93776742874122,359.0776235697099
Jamaica,JAM,2000,74.0,110.70926724405292,93.044767295069,80.3897902476816,93.0,0.0,,61.0,7.2,3.0,1.7,12.0,206.44976807,,,19.3231591657439,25.4726222916424,18.70999696468193,364.3704600597108
Saint Lucia,LCA,2000,84.9,75.34332725539414,90.6274300137184,84.9744584780529,70.0,0.0,,67.0,,,0.2,5.7,285.84280396,,,11.9070962566207,26.1237560781862,19.35575591898348,365.75000004753264
Saint Vincent and the Grenadines,VCT,2000,96.0,102.9542772867292,95.4488766672821,66.7294523137454,98.0,0.0,,67.0,,,0.9,14.0,149.9225769,3.938,0.784,12.3618958915415,26.134884786202445,19.664362416281417,365.9999934989687
Suriname,SUR,2000,75.2,85.66668448452295,89.0616565682896,78.0261256777533,71.0,0.0,,59.0,14.1,7.0,1.1,50.0,166.90083313,1.444,0.401,27.7145798619468,25.82259201937773,20.29192920585855,365.9574082769335
Trinidad and Tobago,TTO,2000,100.0,38.75547408835576,,,90.0,74.0,,70.0,5.3,5.2,,34.0,266.16275024,2.496,0.966,14.440741465907,25.87622937343593,19.8498030338882,365.9999957524316
Bolivia (Plurinational State of),BOL,2000,63.1,199.36130459910152,81.2238988047302,34.9158555656195,75.0,77.0,,45.0,,,0.3,402.0,42.89028168,,,72.1428460382098,14.24509340016877,9.478813223824597,307.2855239698512
Ecuador,ECU,2000,88.4,117.2679195128078,84.7569577363027,73.0247894296071,87.0,0.0,,66.0,,,0.3,124.0,49.37281418,1.622,0.812,37.8388443359289,17.93704506779639,13.904044642356814,365.3156341902838
Peru,PER,2000,41.1,142.932562855009,80.4077059975962,64.6899370720139,98.0,43.0,,62.0,31.3,1.1,0.4,367.0,83.63842773,,,59.8143393279411,15.589153987401245,11.196723570505844,339.8462646927154
Colombia,COL,2000,78.0,91.66008607632575,90.9190300374548,75.4148773585247,79.0,65.0,,66.0,18.2,1.0,0.4,70.0,134.71453857,0.504,1.264,29.415320325071,19.621670388252443,14.435164139163712,357.1229404296271
Costa Rica,CRI,2000,88.9,80.09654507167059,94.6502911361544,93.6849644850518,88.0,92.0,,76.0,,,0.1,25.0,250.30950928,1.184,1.322,20.772000742563,21.19258567803364,16.081336571185556,363.5191856095935
El Salvador,SLV,2000,58.4,181.620471925999,85.7434516377226,80.6037786224969,99.0,0.0,,69.0,,,0.5,58.0,155.52601624,,,39.7840683859746,25.410924649603984,16.460448234620358,273.6183818245052
Guatemala,GTM,2000,40.5,150.1090404537315,87.5089539389725,61.0672448487816,81.0,0.0,,56.0,51.0,3.7,0.4,28.0,83.61930084,,,36.2152036953811,20.037510880655123,13.331754219228566,332.24798708875056
Honduras,HND,2000,30.3,224.3805850423,85.7009621339026,64.5085971386328,94.0,93.0,,56.0,,,0.8,280.0,68.48374939,1.297,0.559,38.3828425843864,23.139295146878748,15.716996928899738,311.75106416945835
Mexico,MEX,2000,82.6,40.4883604689783,91.5623322939428,79.2052351502487,97.0,97.0,,68.0,,,0.2,37.0,319.34719849,3.136,1.631,20.7978333604737,19.359237666340203,11.011810090839177,272.70289909501696
Nicaragua,NIC,2000,33.9,227.7242620702205,,,83.0,,,59.0,,,,125.0,53.29532623,,,26.1263349279098,25.631227368235,17.002451175042417,286.0381932847328
Panama,PAN,2000,100.0,76.54519564787485,89.6201521615703,62.5612964932235,98.0,0.0,,70.0,,,0.7,71.0,300.66052246,,,19.3840422153432,24.789321029725777,19.344924945770103,364.36223258982943
Venezuela (Bolivarian Republic of),VEN,2000,97.6,62.2319430772111,97.2276979084936,86.3991591939645,77.0,2.0,,63.0,17.4,3.9,0.3,62.0,,,,24.4520037611865,24.18979174319201,17.33904588834246,348.11224291410656
Brazil,BRA,2000,89.0,69.89379543854764,93.5416689721765,73.3661541884085,98.0,90.0,,71.0,,,0.3,49.0,313.92590332,3.788,,26.2571266295641,22.592023820163465,15.706884559203958,335.88061816855617
Paraguay,PRY,2000,48.0,113.42683041724892,76.3911610414799,70.767087190756,86.0,0.0,,62.0,,,0.2,98.0,104.49077606,,1.17,24.899057498062,22.045361709449324,14.41609876471328,314.9998339191206
Algeria,DZA,2000,96.5,83.53410863277965,88.9938081102024,84.480825904855,86.0,0.0,,68.0,23.6,3.1,0.1,118.0,61.85785294,,,15.5593728806651,17.784314974908565,8.94763055403054,274.8543309816687
Bahrain,BHR,2000,100.0,15.4519788110089,99.958665400505,99.9393894019496,97.0,97.0,,74.0,,,0.1,57.0,451.50253296,2.959,1.013,60.8389792785229,26.230210016621783,16.411880891605517,278.78404248148195
Egypt,EGY,2000,82.2,137.2766878437415,98.9933618838288,91.974568364989,98.0,0.0,,73.0,24.4,,0.1,21.0,69.37174988,,,49.0415207208352,21.7087345408152,10.552763860051058,210.1517609260576
Iran (Islamic Republic of),IRN,2000,90.9,69.3365635460609,94.2087234514971,78.218293196505,99.0,0.0,,68.0,,,,43.0,79.89089203,,,36.6465560582351,15.52816755240665,5.713875052392835,285.10340431789683
Iraq,IRQ,2000,64.4,127.11473467033584,80.8465210339668,70.5047677877262,80.0,0.0,,61.0,28.1,6.6,0.1,60.0,,,,48.233066680328,23.99014492716401,6.298089395722783,309.6576447055812
Jordan,JOR,2000,99.8,129.82352871115552,98.375425418806,99.0001342310668,91.0,0.0,,75.0,,,0.1,9.5,151.33486938,2.89,1.778,20.3251403985306,19.021213313143207,9.6171886751055,212.11710648963128
Kuwait,KWT,2000,100.0,42.56892771247085,100.0,100.0,98.0,98.0,,79.0,,,0.1,36.0,425.20968628,,,61.8597974661704,26.17970195737279,8.6424923916045,293.53135273834124
Lebanon,LBN,2000,,94.58733764830797,84.3171788931217,76.9237295197972,83.0,0.0,,64.0,,,0.1,28.0,425.70095825,,,24.4963018475226,18.51081399987203,11.80967428765991,310.0509688607228
Libya,LBY,2000,,18.824876771763,,91.0645500144262,94.0,0.0,,66.0,,,0.1,59.0,247.1134491,,,22.873705106782,20.356367395473136,10.489219278005868,267.3023790225168
Morocco,MAR,2000,89.8,167.962132524211,62.1439995989876,68.2172980422046,95.0,0.0,,55.0,,,0.1,114.0,54.63968277,,,18.6816279893228,18.029928212640524,10.059503514818225,290.0228847671306
Palestine,PSE,2000,,196.74157098706,92.3932690944566,90.2843720055734,93.0,0.0,,66.0,10.7,2.0,,5.6,129.54533386,,,22.6603454971421,20.09738773182328,12.34680832326092,303.65950517993804
Oman,OMN,2000,100.0,13.84068292677305,85.6380767775356,89.1558441928925,99.0,0.0,,73.0,,,0.1,25.0,261.88265991,3.431,1.428,46.0919910220633,27.45535053809846,13.887176935727634,268.85083529745634
Qatar,QAT,2000,100.0,42.56892771247085,99.9029247892536,99.9365492602027,80.0,80.0,,81.0,,,0.1,99.0,553.08605957,,,109.397429696323,27.34669813687284,14.793974943506804,246.15058115334008
Saudi Arabia,SAU,2000,100.0,25.3074688917327,99.0787561449635,,95.0,0.0,,74.0,,,0.1,23.0,493.36984253,2.256,0.924,62.5985899878844,26.28995176268254,9.144087844444522,276.0674256684287
Syrian Arab Republic,SYR,2000,98.4,161.53320416458251,91.6158541063871,88.4362434436707,86.0,0.0,,66.0,24.3,4.9,0.1,79.0,53.69049835,1.928,1.347,27.8889810973571,17.459655610853538,8.392382187746145,249.6754499470593
Tunisia,TUN,2000,91.1,110.2909464731066,87.5364530934515,77.6805623507761,97.0,0.0,,61.0,16.8,2.9,0.1,57.0,111.01378632,,0.762,20.7487399091956,19.36750218828531,10.778835968528323,264.99141677870904
Türkiye,TUR,2000,89.7,52.4591997264668,92.5207717291777,86.5326055844195,85.0,0.0,,64.0,,,,54.0,192.8344574,1.699,1.303,25.8782888545993,13.358881905162352,8.148224329713818,282.210254134933
United Arab Emirates,ARE,2000,100.0,42.56892771247085,99.6158333255027,99.160856612895,94.0,92.0,,73.0,,,0.1,8.1,706.03112793,3.051,1.616,56.1314285251562,27.698883145377923,14.313944720825267,217.95108829829857
Yemen,YEM,2000,54.25,244.711770799811,40.098879307896,43.4185272650508,74.0,0.0,,41.0,,,0.1,94.0,22.91244888,,,46.1316748214055,23.590665914772256,12.315231438884725,260.7059722375148
Afghanistan,AFG,2000,6.2,347.9065252591555,29.7309664339367,22.298273284655,24.0,0.0,,30.0,,,0.1,148.0,,,,48.7545318119826,12.95458912444912,5.085263248524223,260.6983411315125
Bangladesh,BGD,2000,7.7,299.84369934378003,94.5566591015105,23.694677075884,82.0,0.0,,24.0,51.1,12.5,0.1,221.0,8.27585602,,,64.5991296360229,25.01208986316462,18.520063736900727,344.0525808025392
Bhutan,BTN,2000,26.45,214.8202488061115,83.7501240711568,44.0519313998862,92.0,0.0,,46.0,,,0.1,667.0,30.5911293,,,31.2008908845033,20.15008517437585,14.241164102928204,325.0150497691424
India,IND,2000,22.7,266.495121819434,79.4918924474821,14.6638821125248,58.0,0.0,,31.0,,,,322.0,18.47883415,0.734,,50.7630256086335,25.32135978140535,15.47291719017134,274.5965891218568
Nepal,NPL,2000,5.0,308.7908797107275,79.4883969819743,14.8948751074731,74.0,0.0,,18.0,,,0.2,417.0,8.34249592,,,42.2413397707567,20.97376944122324,14.313134877708558,315.0106622233502
Pakistan,PAK,2000,23.4,227.9510075776485,87.3443263636155,36.3820444881262,59.0,0.0,,36.0,,,0.1,275.0,15.36755657,0.388,0.593,57.2504034732813,23.86594257048777,12.348641492034988,210.1802322073688
Angola,AGO,2000,40.3,227.669647227399,37.8422368865436,33.8004076625916,31.0,0.0,,28.0,,,1.4,270.0,13.15998554,,,23.4471727308732,21.61615180772915,13.31729417858682,319.10050381060546
Central African Republic,CAF,2000,0.6,340.587436014148,59.0104891106011,20.5939671158027,37.0,0.0,,23.0,44.4,10.4,7.5,681.0,9.9123354,,,32.5166839126645,25.152205548607853,16.51568104405509,322.6723527274615
Congo,COG,2000,7.9,197.0049004153645,58.3988116212173,11.9201113215231,33.0,0.0,,25.0,,,4.5,569.0,17.35089302,,,37.2165776558513,24.2061818749012,18.63857340320046,365.9136812339794
Democratic Republic of the Congo,COD,2000,1.0,360.8457850382855,37.5495370732434,23.7477310886232,30.0,0.0,,25.0,,,2.1,612.0,17.52071953,,,37.3040219126318,23.631114307759773,16.847773345146674,346.629618336085
Equatorial Guinea,GNQ,2000,18.9,136.415992441232,51.0981400291321,54.790530594174,35.0,0.0,,24.0,42.7,9.2,,323.0,20.14153671,,,41.651393632891,23.951063970183423,18.890724048695905,366.0000040067265
Gabon,GAB,2000,64.1,39.6282596725065,80.0652503338317,26.818195491378,45.0,0.0,,38.0,25.9,4.2,4.7,332.0,123.197258,,,29.4796770034997,24.59240484272589,19.17603123573244,365.97274651284187
Burundi,BDI,2000,0.3,354.30953858279554,49.9050035081871,45.8832028889367,80.0,0.0,,24.0,64.0,8.1,3.4,213.0,5.67927122,,0.052,38.6222296147357,20.508090573593403,11.15784826111847,244.81924173224505
Comoros,COM,2000,0.5,271.2923093214165,87.3387610880315,24.4251137817351,70.0,0.0,,25.0,46.9,13.3,0.1,51.0,47.59479904,,,11.7135148808779,25.52111082428724,18.79355493970284,366.00001129198665
Djibouti,DJI,2000,3.8,249.61228858281447,74.3096347205208,43.8005585471414,46.0,0.0,,31.0,,,3.6,2700.0,35.48954773,,,41.2470749725392,28.15185545271488,16.903507525237888,283.44195063601927
Eritrea,ERI,2000,3.5,298.530025976577,46.8142152971943,8.28530072689983,81.0,0.0,,24.0,,,2.3,1440.0,14.03034782,,0.045,40.0146286455709,23.902481080665016,11.224797219962376,226.7430736166058
Ethiopia,ETH,2000,0.8,364.0204699595765,18.7590608817132,2.9657663244498,30.0,0.0,,13.0,57.4,12.4,2.7,489.0,5.28970861,,0.021,22.0133744377738,18.88212956024882,9.335741028032407,269.5423710003892
Kenya,KEN,2000,1.7,266.491265601768,45.3600224507061,23.6473801064419,82.0,0.0,,29.0,40.8,7.4,8.8,451.0,21.53400993,,,18.9691263168701,20.701248321127405,11.884109530806596,266.3284741602254
Madagascar,MDG,2000,1.2,313.435374386132,36.4427561061797,3.82452281975997,57.0,0.0,,15.0,,,0.1,207.0,11.1882658,,,11.1407867147437,20.58826741600237,13.884115637084292,327.8594031662833
Malawi,MWI,2000,2.1,333.736035385208,54.1308258661442,9.3511917456521,75.0,0.0,,25.0,54.7,6.8,15.3,386.0,8.84964848,,,18.6560015224114,21.243381637211005,13.442567702095408,295.4608162513088
Mauritius,MUS,2000,92.7,53.5176934536732,99.3576713358025,90.5194424395301,88.0,0.0,,67.0,,,,32.0,115.89820862,,0.888,14.7005442107343,23.41810837213208,16.307738113140037,364.92749509826047
Mozambique,MOZ,2000,1.9,352.4104101508705,23.4410418674047,10.7368086528161,70.0,0.0,,23.0,,,8.8,336.0,7.00877714,0.28,0.024,16.4128001970052,22.931206806380672,15.295977199943527,319.99148103002705
Rwanda,RWA,2000,0.1,348.4350165761555,47.5705840769265,43.8876413678193,90.0,0.0,,18.0,47.9,8.7,4.9,238.0,9.00399399,,,38.053419206979,18.95162158498768,10.953967049201392,266.66256972501407
Seychelles,SYC,2000,100.0,29.9062166681303,93.566407764684,95.4940997507991,98.0,0.0,,62.0,,,,24.0,340.23703003,,,10.8135027895392,26.082322810939765,19.99158873394166,366.0000061001797
Somalia,SOM,2000,0.4,390.446307797915,26.5548279259121,20.1837885796287,33.0,0.0,,14.0,,,0.3,352.0,,,,21.1107375026393,26.721852606320823,15.741372096804916,239.4171990614631
United Republic of Tanzania,TZA,2000,0.6,325.086541728398,28.6115317838844,3.44646184127631,79.0,0.0,,20.0,,,6.1,503.0,12.33031845,,,20.3380354960434,22.521368504680044,13.420579372186998,272.2083779719586
Uganda,UGA,2000,0.8,321.4866675545215,26.2357051861037,14.7116633613524,52.0,0.0,,24.0,44.9,5.0,8.5,276.0,16.42602158,,,31.7323586306744,21.927138942900523,14.050610925417056,324.6409375713204
Zambia,ZMB,2000,13.8,296.3067278866685,46.2307991562581,21.0415384052929,85.0,0.0,,32.0,,,13.5,759.0,14.80953312,,,22.8954468066316,21.172592125322723,11.756413716466874,272.63381456262937
Botswana,BWA,2000,44.7,77.9492641142639,75.45956642678,53.7395555164228,97.0,0.0,,41.0,29.1,5.9,25.9,976.0,206.93144226,2.575,0.298,17.4330918248454,19.58648440619251,10.4378638735923,259.2080642474097
Lesotho,LSO,2000,15.9,297.751639598201,64.405856278949,13.9109680595621,84.0,0.0,,31.0,,,22.0,827.0,23.71122551,,,28.5360697410404,11.8794816266064,7.452748849247142,281.1500298639103
Namibia,NAM,2000,34.0,134.851389350269,76.2362461884581,27.1488440827973,79.0,0.0,,49.0,29.3,10.0,13.4,985.0,217.55029297,,,16.9118172513865,21.27256316164923,7.7099573135874655,280.87455094774253
South Africa,ZAF,2000,56.7,83.13193101928144,85.9559975488844,60.4973716866815,73.0,73.0,,54.0,,,13.8,762.0,236.08114624,0.687,,23.6125082947236,17.099046540447603,10.63328505509024,303.5322612491421
Eswatini,SWZ,2000,24.9,135.443851306808,52.3827344327009,50.2519164138463,84.0,0.0,,51.0,36.5,1.7,24.2,981.0,76.93126678,3.212,,19.7651609900454,19.0104529553618,12.889153745174672,345.2211113021908
Zimbabwe,ZWE,2000,33.6,221.2878163869165,67.9217425252817,44.5170067494269,78.0,0.0,,34.0,,,25.8,605.0,,,0.126,16.4276621408383,19.72263941300972,11.369508387441629,283.37127941458624
Benin,BEN,2000,0.7,288.959125611193,61.053428974703,8.52812393636387,78.0,0.0,,25.0,,,1.5,71.0,14.42371464,,,46.665452864223,26.825578745787823,18.33114974703942,335.9814113391926
Burkina Faso,BFA,2000,2.6,328.91507874772947,55.6390919539438,8.8416258208353,45.0,0.0,,19.0,,,1.9,93.0,10.00902748,,,42.3569447252964,28.12087101425704,12.784077297925974,308.0116196288872
Cameroon,CMR,2000,10.0,261.4960128855415,55.8213658801787,37.5661811000038,62.0,0.0,,32.0,,,5.5,84.0,30.438097,,,56.248614358923,24.65726436477408,14.62432381017534,334.8167609490376
Cabo Verde,CPV,2000,62.3,229.161528545475,79.3677594529209,36.827954010232,90.0,0.0,,49.0,,,0.7,176.0,59.54011154,,,26.2994768841021,23.260702099159204,16.401507748358352,365.4867107282649
Chad,TCD,2000,2.7,332.3000301906675,38.6325926482475,9.69267435850219,38.0,0.0,,18.0,38.9,13.9,2.4,123.0,10.07452297,0.122,0.028,45.6993238031246,27.10780143772573,11.210305742310911,311.6525167415733
Côte d'Ivoire,CIV,2000,15.9,221.9916811741025,68.7946138845833,20.0416175559052,65.0,0.0,,26.0,,,6.7,166.0,30.33073425,,,26.0249614733989,25.71103341723745,18.89308553853179,348.6843046591258
Gambia,GMB,2000,3.6,273.374637275517,71.751986616962,51.0627069646761,80.0,90.0,,38.0,24.1,9.1,1.6,187.0,74.83678436,,,41.3445147582243,27.22812400846917,15.492288847000928,297.2519814779423
Ghana,GHA,2000,6.2,247.33829945435696,65.517218378745,5.7234427408028,88.0,0.0,,28.0,,,2.6,216.0,10.46035767,,,38.6461879024236,26.55928385704939,18.437227140223385,337.4705069050317
Guinea,GIN,2000,0.7,294.8806826851385,49.7532822926472,9.16230658478803,46.0,0.0,,19.0,,,1.5,120.0,22.71741867,0.451,0.091,30.1896817369956,25.49651759817731,16.52897016489231,311.6479772253623
Guinea-Bissau,GNB,2000,1.4,310.3439205922765,55.1797262603998,4.53445720097512,49.0,0.0,,25.0,33.8,11.8,3.8,202.0,13.2785511,,,36.5823717867966,27.338528102598463,16.75765652471653,270.60738117455924
Liberia,LBR,2000,0.5,354.50923333045546,61.0278430215118,12.1734894943623,48.0,0.0,,26.0,45.3,7.4,2.7,115.0,7.93455124,,,19.0392606511675,24.77552281344081,18.97059478395323,355.7151235060051
Mali,MLI,2000,0.7,322.68872223702647,49.4074258741145,17.3336177697569,43.0,0.0,,24.0,,,1.7,76.0,14.00473022,,0.044,36.163988051303,28.121518715149183,11.939926225810176,309.0340398069147
Mauritania,MRT,2000,29.8,218.49013775638247,41.4134230835058,18.1529733941699,51.0,0.0,,23.0,38.6,15.3,0.7,229.0,23.00290108,,,52.6965670362457,28.63542483512217,10.851222924643295,300.5867672523983
Niger,NER,2000,0.9,340.2713497520325,36.5479060182649,6.49095998473198,34.0,0.0,,19.0,53.5,16.2,0.7,83.0,9.04467964,,,58.4211881572582,27.993811163806505,9.831999693265438,306.21410607896314
Nigeria,NGA,2000,0.7,279.28243846799853,44.4803085080205,27.9946368630353,29.0,0.0,,30.0,,,2.2,219.0,17.15887642,,0.269,68.4230600395925,26.254484462088296,15.769293801914529,331.3575168316391
Sao Tome and Principe,STP,2000,0.3,272.966700875212,69.1887073923262,20.7903937086521,82.0,0.0,,41.0,,,,254.0,49.63587952,,,16.0301838041703,25.646195653269142,19.63682826723349,365.99998807014777
Senegal,SEN,2000,34.8,264.261921339612,59.7997359655038,36.6397850159843,52.0,0.0,,24.0,26.0,10.0,0.7,173.0,21.41570663,,,47.2871228630735,26.27261059564053,14.928154417639176,296.3331525901892
Sierra Leone,SLE,2000,0.0,336.3096380632795,40.8831188702794,7.69468734199492,44.0,0.0,,18.0,35.5,11.6,1.6,604.0,17.66835022,,,23.4993166191587,25.62138465151154,19.55387874847817,354.1411299762851
Togo,TGO,2000,0.3,306.099930334362,45.8401052749538,8.03359662210635,64.0,0.0,,21.0,,,3.7,51.0,13.0541811,,,45.2931346749042,26.7388845021837,17.924860405921798,330.463082735842
American Samoa,ASM,2000,,71.56208501691125,95.0344768560381,62.2935163766246,,,,,,,,5.3,,,,4.89573082811857,26.50572854398189,20.50670610563247,365.5672390806103
Bermuda,BMU,2000,,42.56892771247085,100.0,99.9791403999453,,,,,,,,0.0,,,,6.65933234258372,21.75991147232182,15.105873544337706,341.06250849219595
Cook Islands,COK,2000,,87.70064898792941,,,,0.0,,,,,,,,,,4.66012741420677,24.782253478005828,18.08955073213336,354.5816192068595
Greenland,GRL,2000,,42.56892771247085,100.0,,,,,,,,,192.0,,,,1.53253596247466,-3.086136017371455,3.518129383007412,331.9239991927116
Guam,GUM,2000,,14.01697467370765,99.4735533221536,88.9735320691109,,,,,,,,81.0,,,,4.2676709095661,27.194933784291333,21.36107656366354,365.9999988725708
Monaco,MCO,2000,100.0,42.56892771247085,100.0,100.0,99.0,99.0,,77.0,,,,0.0,2975.82250977,,,19.6556557998941,13.354803105630143,9.20911978798821,334.18751632216964
Nauru,NRU,2000,100.0,120.3014879071406,98.3154023672406,64.6715903640463,44.0,0.0,,39.0,,,,39.0,463.77734375,,,5.88031336424513,27.01935721497117,20.48747048338977,366.0000110148322
Niue,NIU,2000,,119.7489708144656,,,,99.0,,,,,,,,,,3.92846689782585,25.38160110354705,18.82096957031648,356.9811428898729
Northern Mariana Islands,MNP,2000,,23.26570725815195,96.4844231168673,94.0133637810378,,,,,,,,264.0,,,,3.88528900856573,27.143600481490346,21.240848719391053,366.00001216529193
Palau,PLW,2000,100.0,52.53456782272235,99.3410767592974,92.3055211823769,96.0,96.0,,69.0,,,,56.0,675.54473877,,,6.07185408633686,27.07214546794217,21.470039426074543,365.99999869801513
Puerto Rico,PRI,2000,,14.57908448826125,97.2132456329924,97.6257622005571,,,,,,,,9.8,,,,8.0038423601464,25.06539409044692,17.985407135056786,360.579559675842
Saint Kitts and Nevis,KNA,2000,100.0,31.9046527959884,98.4498940767374,86.4508633800915,99.0,12.0,,75.0,,,0.4,0.0,446.66659546,,,10.7587031530128,25.94313554455396,18.86667950248373,359.6874855806338
San Marino,SMR,2000,100.0,42.56892771247085,100.0,100.0,98.0,95.0,,70.0,,,,3.7,2176.20825195,,,18.8973107106002,13.049719758918464,8.6637533328821,302.56248740492214
Tuvalu,TUV,2000,7.3,240.0184677889465,98.9489058922468,78.9362425407756,82.0,0.0,,57.0,,,0.2,168.0,351.92758179,,,6.38948559507805,27.09864106389304,20.6342836169251,365.5405642349408
United States Virgin Islands,VIR,2000,,14.74651650919305,98.4974021270708,99.0395649488659,,,,,,,,,,,,7.89580650096777,25.93030216198052,18.911468864945583,355.71954918458306
South Sudan,SSD,2000,0.4,234.0331983455915,,,,,,21.0,,,2.4,,,,,27.177199341238,27.574372652260344,14.331136387916704,308.6355795405351
Sudan,SDN,2000,7.2,250.1676424410315,45.7431194646581,17.3575354903131,62.0,0.0,,27.0,,,0.1,148.0,13.99440289,,0.158,37.4950680215587,28.21895299993031,9.78480127063038,301.5830506027707
China,CHN,2001,41.6,205.26185090544152,80.9279647085062,57.5684600392291,86.0,0.0,,64.0,,,,104.0,44.36042023,1.006,1.28,45.6987498614813,15.1518161685345,10.6825465219872,295.15932409847744
Democratic People's Republic of Korea,PRK,2001,1.6,296.249340906942,99.3025425719049,,62.0,0.0,,70.0,,,,,,,,26.6829371839012,9.36538449861188,8.203238314192115,277.55787601294145
Taiwan,TWN,2001,,13.6681633566567,,,,,,,,,,,,,,27.1596659409627,22.02104927862401,16.184649681716984,358.40708480890703
Cambodia,KHM,2001,4.0,312.7326432032745,53.9811685919562,10.7958282120224,60.0,0.0,,27.0,,,1.1,815.0,22.18333626,,,25.7905994521283,27.816481456745983,20.150181367380974,322.79846312964406
Indonesia,IDN,2001,7.7,149.279148604664,76.7750513576089,43.534313765172,76.0,0.0,,45.0,41.6,5.4,0.1,369.0,16.8734417,,,25.302335714927,25.41457287216497,19.596719568195443,363.3228518619047
Lao People's Democratic Republic,LAO,2001,1.4,279.7782260314275,50.5352610633994,31.5102351712047,52.0,0.0,,35.0,,,0.1,317.0,14.46665001,,,37.1669933121952,22.702948015569845,16.84968766038068,354.839211512573
Malaysia,MYS,2001,98.1,39.95844394590505,96.2135218448603,93.271833713747,96.0,0.0,,71.0,,,0.4,136.0,114.91710663,2.11,0.686,21.2276290468844,26.145492085902504,20.59448494150313,364.4680086401708
Maldives,MDV,2001,32.1,85.60141370547765,94.3299211609412,77.3138917274855,98.0,0.0,,54.0,31.9,13.4,0.1,141.0,229.80044556,,,20.3713049440275,27.09668079805774,20.7437628455846,364.90886072374735
Myanmar,MMR,2001,2.0,326.267251585174,48.6071024243715,64.0138771425064,73.0,0.0,,34.0,,,0.7,555.0,4.62700701,,,41.7558914980277,25.122469495069364,17.59756857684007,304.35950509332656
Philippines,PHL,2001,38.6,185.829498756018,86.8671120695057,65.0101350604839,79.0,0.0,,56.0,,,0.1,579.0,27.60987473,4.207,1.194,30.6026455078693,26.25235808674802,20.67304752815604,364.9518099021236
Sri Lanka,LKA,2001,17.3,161.34502000888102,83.9203655866914,77.6040116337401,98.0,0.0,,60.0,,,0.1,140.0,39.87185287,0.806,0.428,32.8129875379596,26.064959101132043,19.602019019011948,352.299725660938
Thailand,THA,2001,61.3,84.3235930905105,94.1405368582414,92.4269815292223,96.0,0.0,,69.0,,,2.3,245.0,57.19389343,1.226,0.298,32.9849617599958,27.13721474196556,19.412619900843566,327.7086096357435
Timor-Leste,TLS,2001,1.1,284.120278480863,,,,,,30.0,,,0.1,,,,,15.7934183516148,24.529932715036164,17.905544380962294,357.13811164299113
Viet Nam,VNM,2001,16.0,250.9227863579675,81.4816912239643,51.1126663714229,96.0,0.0,,53.0,,,0.3,290.0,25.55491257,0.759,0.543,35.8639629063132,24.773797058685943,19.03473843848476,361.2218296126716
Fiji,FJI,2001,28.4,113.46289267406748,94.8440772206677,87.645208009653,91.0,98.0,,60.0,,,0.1,58.0,61.49855804,,,7.40315189957814,24.92298800854492,18.610783810863328,361.5828225110658
Kiribati,KIR,2001,0.8,287.5980235427735,57.3246303582442,30.4939861959849,85.0,0.0,,30.0,,,,908.0,85.88798523,,,5.32742869689629,27.09185641004585,20.912453063912253,364.9997479492584
Marshall Islands,MHL,2001,9.7,235.187956025002,88.7361116250114,74.8983706314678,48.0,45.0,,66.0,,,,304.0,269.22146606,,,5.122994525592,26.972121191673047,21.22981481396463,365.00000061774153
Micronesia (Federated States of),FSM,2001,10.7,241.84872271658048,91.6727103398297,29.1362716817011,75.0,73.0,,44.0,,,,312.0,181.29023743,,,4.92369010996103,27.07709608249738,21.40865830620672,364.9999996380674
Papua New Guinea,PNG,2001,5.4,238.68608348832447,29.7586410519185,16.2062854132542,55.0,0.0,,24.0,,,0.7,972.0,18.19814301,,,14.1822308717311,21.93250379697439,17.034875360005458,364.93555965398747
Samoa,WSM,2001,18.5,209.6648640430975,87.239587051713,91.9588441153795,90.0,0.0,,58.0,,,,12.0,56.09679031,,,5.27725888188339,26.141726604101944,20.24142731911006,364.7499926740557
Solomon Islands,SLB,2001,8.5,272.8528007205085,76.806666574329,22.0200324772691,84.0,0.0,,39.0,,,0.1,264.0,60.23266602,,,10.0952786408614,26.40460876401684,21.025702711344724,364.76629683856896
Tonga,TON,2001,36.4,186.678995294342,98.5407585756614,89.1948394556071,94.0,0.0,,66.0,,,,12.0,55.2772522,3.301,0.339,5.18544494930561,24.405736896535444,17.483925878057303,347.8866755228105
Vanuatu,VUT,2001,13.5,257.7768894472365,85.3746035828269,54.7648829566551,70.0,0.0,,46.0,,,0.1,286.0,45.73453903,,,9.637264300495,25.551283758407536,18.999142293838933,358.9635791644479
Armenia,ARM,2001,82.2,212.08869364528647,95.8831045898119,88.2341286586243,94.0,0.0,,58.0,,,0.1,116.0,31.90725899,5.393,2.59,31.4125055642383,8.481664215944216,5.971374502857061,254.23151033695825
Azerbaijan,AZE,2001,73.8,205.8786719406695,76.4735701189235,69.4110838151646,77.0,0.0,,54.0,18.0,3.2,0.1,176.0,19.19010162,8.494,3.525,23.6305632037511,13.8267482363792,9.015010782937384,294.0823746323117
Georgia,GEO,2001,47.0,204.459440808264,94.1619919143867,76.3455620066701,87.0,0.0,,64.0,,,0.1,222.0,56.36803818,4.397,3.793,20.8458638000748,10.014981216233233,7.538160799884121,308.65541971984555
Kazakhstan,KAZ,2001,85.3,90.91928608562183,90.4543144790286,96.8453385380879,95.0,0.0,,76.0,,,0.1,170.0,49.36683273,6.179,3.293,17.9864857377904,8.501399370559923,5.768191899329484,254.9505847412277
Kyrgyzstan,KGZ,2001,54.9,251.0210342279155,80.94207386678,92.8282378799564,99.0,0.0,,70.0,,,0.1,303.0,12.87845421,7.263,1.745,22.2501727897393,9.833580918046504,5.973475875078697,235.99964821888184
Mongolia,MNG,2001,23.0,208.19283761867,63.8236899461792,43.9293436353835,95.0,0.0,,62.0,,,0.1,428.0,27.85225105,,2.68,27.833771856192,0.0952329961057004,3.824638209830669,223.05647632243875
Tajikistan,TJK,2001,39.95,306.914632662053,56.9482130526026,91.8092789104417,85.0,0.0,,66.0,43.2,19.4,0.1,163.0,7.56599855,3.841,2.095,23.6293965210049,11.567694002607343,6.203735897528113,212.0041143775776
Turkmenistan,TKM,2001,99.4,160.4215919998145,90.4468711751016,93.3098698647818,95.0,0.0,,77.0,,,,177.0,120.8463974,8.514,2.702,32.0771359238804,15.8552646036028,6.633125335329701,266.00886702702843
Uzbekistan,UZB,2001,83.5,198.832212724368,87.8034451574225,93.5376880221384,99.0,0.0,,78.0,,,,163.0,30.46290398,10.89,2.911,36.5916696587327,15.165509408449632,6.702954695452234,238.510011553064
Albania,ALB,2001,39.3,175.3258722491845,86.9040698997327,90.0309557632919,97.0,0.0,,55.0,,,0.1,20.0,73.92171478,3.81,1.303,20.7951911445688,13.052323365021412,8.818658864660197,309.0125772420211
Bosnia and Herzegovina,BIH,2001,52.7,158.92347898458348,97.319504252611,95.0879638199528,91.0,0.0,,54.0,,,,141.0,105.10999298,3.951,1.303,35.4563640190541,10.823165105607984,7.973713082787391,321.79396734006866
Bulgaria,BGR,2001,,84.8978034550843,99.7079288676967,85.8352608493331,94.0,0.0,,62.0,,,0.1,94.0,119.82997894,4.198,3.429,28.1926059046664,11.932647326932912,7.998706878261427,284.9683840890983
Croatia,HRV,2001,100.0,44.4253896844064,98.6513600849869,98.4543940798405,94.0,0.0,,69.0,,,0.1,47.0,387.8130188,5.158,2.453,23.8831308886975,12.506018859276969,8.525982901661967,301.16903291061993
Czechia,CZE,2001,100.0,21.657870902894253,97.9706166565361,99.0183220788767,98.0,0.0,,78.0,2.8,4.5,,17.0,388.54403687,8.317,3.442,21.599775192058,8.374136670385944,7.291862678645774,348.0384110866004
Hungary,HUN,2001,100.0,35.4571157397925,94.1936032568207,98.0429567293229,99.0,99.0,,74.0,,,,43.0,359.69750977,5.732,3.255,21.6392377842657,10.734813118079137,7.788049721861002,295.0312564831424
North Macedonia,MKD,2001,56.15,103.7396231282701,96.7649803792738,88.6252235401792,91.0,0.0,,57.0,,,0.1,59.0,150.4312439,3.535,2.158,30.089636484847,10.941242212879516,7.313697419491548,272.8965152550982
Montenegro,MNE,2001,66.9,100.5529640304095,,,,,,66.0,,,0.1,,,,1.85,24.3098369294511,11.218912706621166,8.130554691978071,317.03775061940934
Poland,POL,2001,100.0,48.5417531176707,,88.2568300626224,98.0,0.0,,68.0,,,,42.0,282.8210144,5.447,2.267,25.7588704250148,8.30358858452732,7.424399505432267,347.1837991110023
Romania,ROU,2001,100.0,83.479870020346,99.9999999643589,74.1221850215514,99.0,0.0,,64.0,14.0,3.9,0.1,196.0,78.8175354,5.473,1.988,23.7737864801854,9.77228080163758,7.540054311039339,312.83446421479243
Serbia,SRB,2001,58.6,113.84231780773436,89.395392420878,95.5024770214585,93.0,0.0,,56.0,,,0.1,,112.19754028,,,26.7248536307523,11.658821148063684,8.041944045795015,294.70870300365493
Slovakia,SVK,2001,100.0,37.80348102218805,97.9794231997538,99.8323941977163,99.0,70.0,,75.0,,,0.1,30.0,212.22207642,7.263,3.223,22.133266539498,9.293125000452232,7.368026842402072,314.1887940817285
Slovenia,SVN,2001,100.0,18.9531688185268,99.6842452602705,99.1116751269035,92.0,93.0,,78.0,,,0.1,26.0,826.22576904,7.134,2.174,20.5446275229193,10.847204191756264,8.009749682092947,320.2177605238389
Belarus,BLR,2001,93.8,104.07271990700386,97.8488587505276,91.8950406947121,99.0,0.0,,69.0,,,,121.0,73.3659668,9.653,3.252,27.1696587491467,7.128178893911617,6.9218048192501245,328.9331747003673
Estonia,EST,2001,100.0,42.5784600169177,97.6082566784307,99.7554350798851,94.0,0.0,,67.0,,,0.2,94.0,214.70417786,6.125,2.783,15.5892073227066,6.000655017600367,6.598757391750708,348.7155881706501
Latvia,LVA,2001,100.0,69.53241949172156,97.9544905186091,89.1580310942879,97.0,84.0,,68.0,,,0.3,193.0,205.02047729,4.714,2.686,27.3492542825672,6.828137792898542,6.939545764187432,346.5891618569367
Lithuania,LTU,2001,100.0,62.923742468887895,90.0977606045696,84.7312747207925,95.0,4.0,,65.0,,,0.1,172.0,218.81802368,7.955,3.628,24.2742851119888,7.183682350715947,7.048699722242038,345.9330079640408
Republic of Moldova,MDA,2001,67.1,210.5880514925275,83.3234923417837,71.6566360139353,97.0,0.0,,67.0,,,0.5,87.0,25.3985939,5.531,2.291,28.2611534078966,10.255023481516902,7.55428303870036,294.2852393404443
Russian Federation,RUS,2001,100.0,59.1039435399279,96.4115548229706,,96.0,0.0,,69.0,,4.2,,92.0,117.87785339,6.999,4.639,20.8711916130482,4.926359738710846,6.176358679790394,316.3194270262493
Ukraine,UKR,2001,91.7,152.797997702334,98.2474033169623,94.5175683409695,99.0,0.0,,71.0,,,,205.0,44.14328766,6.479,2.984,29.5476552636907,9.007932913469194,7.27925471918225,305.61432848711985
Brunei Darussalam,BRN,2001,100.0,42.56892771247085,99.5835794186549,73.9314819787646,97.0,0.0,,74.0,,,,146.0,474.11706543,,,9.05012669954098,26.6780419630152,21.21148430850324,364.9782650337144
Japan,JPN,2001,100.0,16.89548963694005,98.5196139100947,99.9954967125937,95.0,0.0,,77.0,,,,41.0,2488.65185547,,,12.3945030401425,14.43204806243207,10.18873699798327,307.8567489851092
Republic of Korea,KOR,2001,100.0,20.0474337500978,,100.0,97.0,0.0,,76.0,,,,85.0,503.15795898,3.404,1.397,21.2264400970736,12.88513865821452,9.080144143251616,265.1784448147452
Singapore,SGP,2001,100.0,42.56892771247085,100.0,100.0,96.0,0.0,,85.0,,,0.1,65.0,690.01330566,4.227,1.439,19.7372165094146,26.979529006691656,21.215659241100063,365.0000044317202
Australia,AUS,2001,100.0,17.8859580643081,99.7112430397977,99.9916171040366,92.0,95.0,,85.0,,,0.1,6.3,1550.37390137,10.5,2.551,6.15501576616747,16.78512788387697,10.314518280451017,307.9461744975936
New Zealand,NZL,2001,100.0,13.74680628245985,100.0,100.0,90.0,90.0,,82.0,,,0.1,13.0,1053.73632813,10.13,2.182,8.16662967841872,13.635596579371487,9.488928663777102,358.5134216869006
Andorra,AND,2001,100.0,42.56892771247085,99.9999981868428,99.9999981868428,96.0,92.0,,69.0,,,,15.0,1378.70837402,3.247,2.656,14.6642939715343,8.001632323887327,6.636802491240075,325.07630214640886
Austria,AUT,2001,100.0,19.6111841590467,100.0,99.9999909725854,84.0,74.0,,72.0,,,,18.0,2315.42285156,5.781,3.989,20.0683446748278,8.43406289253592,7.132586685348831,334.01032601866143
Belgium,BEL,2001,100.0,16.2558146380083,99.9999973086871,99.4847964563623,95.0,86.0,,82.0,,,0.1,17.0,1879.93457031,,2.849,18.2545491321112,10.481954411340782,8.20313756296726,352.65735880428065
Cyprus,CYP,2001,100.0,15.80996996254675,99.8807090471894,99.6200247256728,97.0,32.0,,67.0,,,,8.9,782.16162109,3.073,1.908,26.9017007316662,20.53327110191428,12.293040476172584,293.7043750955885
Denmark,DNK,2001,100.0,28.04142424134485,100.0,99.5972416304782,97.0,95.0,,74.0,,,0.1,13.0,2597.97290039,10.42,2.933,12.6994304088912,8.466286343729896,7.517439483864888,360.234482487454
Finland,FIN,2001,100.0,14.03303042615625,100.0,99.4481778138621,98.0,96.0,,78.0,,,,12.0,1810.40380859,,2.5,8.71213926366463,4.25257830852756,5.994186097161534,336.3828416278106
France,FRA,2001,100.0,15.098909573540553,100.0,98.6622562806952,97.0,86.0,,78.0,,,0.2,12.0,2192.71557617,6.972,3.358,17.1691780362976,12.21120275539899,8.800256865111319,336.095045037004
Germany,DEU,2001,100.0,17.4068822534689,99.9999997139462,99.2187285711442,93.0,94.0,,80.0,,,,9.3,2338.12231445,8.91,3.31,17.5573414754755,9.366588982174624,7.556568059532132,337.5955612528962
Greece,GRC,2001,100.0,17.1672586136011,99.7743844570764,97.9452945342735,91.0,87.0,,64.0,,,0.1,6.8,1004.81542969,3.176,4.422,24.3862148237956,16.55861371478312,9.711460101266812,261.0802421157333
Iceland,ISL,2001,100.0,16.5280384738181,100.0,98.7971837425424,92.0,92.0,,80.0,,,0.1,4.2,2528.5456543,13.9,3.473,5.79249942983925,4.168061106061415,5.527470782900717,358.44451950383353
Ireland,IRL,2001,100.0,16.9457987356878,96.6636726128136,89.9934206605421,84.0,84.0,,73.0,,,0.1,14.0,1823.73474121,14.77,2.373,11.402821680916,9.80399393415876,7.898753613423815,364.7586058790611
Israel,ISR,2001,100.0,13.69337038588835,99.9999999141995,99.9999999141995,92.0,94.0,,77.0,,,,12.0,1509.44506836,5.878,3.693,27.4652763164557,21.03820963390244,13.610495784899106,324.3749876850595
Italy,ITA,2001,100.0,16.54305147884875,99.582772000592,99.8859214415661,93.0,70.0,,75.0,,,0.2,11.0,1586.67272949,5.755,3.487,24.5137947951282,14.393010526983408,9.55290105922079,309.4365996886215
Luxembourg,LUX,2001,100.0,42.56892771247085,100.0,97.68316460089,99.0,96.0,,77.0,,,0.2,9.7,3109.20141602,7.675,2.209,15.9868001165179,9.801180665082692,7.784340118682642,338.5349867558886
Malta,MLT,2001,100.0,20.0223545273452,99.9999986778727,99.9490461275994,95.0,84.0,,75.0,,,0.1,4.0,685.98400879,3.657,3.031,15.777853106844,19.46227490837428,13.217815302733229,346.9564982484926
Netherlands,NLD,2001,100.0,28.287924676909448,99.999998974117,98.0316592994205,97.0,96.0,,77.0,,,0.1,10.0,2175.73046875,10.61,2.494,17.1259421099777,10.471863299524742,8.229293588278821,352.95387155778576
Norway,NOR,2001,100.0,42.56892771247085,99.9999996105569,98.0708656188717,91.0,93.0,,75.0,,,0.1,8.5,3099.00341797,,3.54,9.70581791613243,5.185073530982091,6.014297190628287,331.8144999893336
Portugal,PRT,2001,100.0,16.22416958922105,99.2163865594471,97.7681484102338,97.0,90.0,,81.0,,,0.6,59.0,1015.54956055,,3.258,13.3056594359964,15.19767437989491,9.987089489884069,324.9171032754375
Spain,ESP,2001,100.0,13.7948302476726,99.9999991097535,99.8132386621396,96.0,96.0,,75.0,,,0.5,25.0,1045.05065918,3.995,3.106,15.6047091437375,15.672663232254656,9.41973676756498,301.9028751089564
Sweden,SWE,2001,100.0,16.662574955428198,99.4963792681382,99.2332384165328,99.0,98.0,,71.0,,,0.1,6.2,2154.63354492,10.48,3.121,9.13327915778459,6.31773649257449,6.540943020320391,334.25365932461995
Switzerland,CHE,2001,100.0,42.56892771247085,99.9999998783755,99.8809658313733,93.0,91.0,,81.0,,,0.2,10.0,3751.75244141,11.91,3.514,19.5744828842303,8.888311069777428,7.239027586093461,330.36915970506067
United Kingdom,GBR,2001,100.0,14.2847607803262,99.9999980893085,99.1295456734681,91.0,91.0,,78.0,,,,11.0,2074.59936523,8.789,2.036,15.8040865771241,9.846099963661374,7.851140957233485,362.8526486531567
Argentina,ARG,2001,96.3,40.31917373904915,96.5228185604677,88.1359380067969,83.0,83.0,,74.0,,,0.3,46.0,660.63378906,,3.2481,17.9178130849004,16.80735921393736,11.042735739045757,319.47977605022527
Chile,CHL,2001,100.0,45.5975704144599,96.5072402967363,93.4409142723436,97.0,97.0,,65.0,2.8,0.5,0.2,31.0,323.63336182,,,27.4116036062229,13.121209968251293,8.111643038698405,276.6004003097118
Uruguay,URY,2001,100.0,46.7094725362075,97.1242376171319,93.4893466298161,94.0,90.0,,73.0,,,,34.0,679.4229126,,,12.5364986620246,17.737631685685443,12.269129394112731,351.48862522554225
Canada,CAN,2001,100.0,20.287979049115,99.5594403921651,99.8688346973746,89.0,88.0,,83.0,,,0.2,8.0,2041.87512207,9.777,1.8871,8.95315956066693,7.482407383485261,6.7885530281653015,312.7046747461461
United States of America,USA,2001,100.0,42.56892771247085,,99.8724443985302,94.0,93.0,,79.0,,,,7.4,4901.67529297,10.21,,13.7495654068876,14.12098512003582,9.404961348513783,286.73954807383103
Antigua and Barbuda,ATG,2001,100.0,22.4413412969457,97.5248437141817,85.5344312360032,97.0,97.0,,76.0,,,0.5,1.3,572.20776367,,,10.3698107682576,26.19280204915625,19.41636403055057,363.71692602593873
Bahamas,BHS,2001,100.0,14.696673859319,98.1289046419546,92.9788412178291,99.0,99.0,,79.0,,,2.0,39.0,995.71844482,,,8.91673895996971,24.76789136806178,17.549915710841567,339.9802222094215
Barbados,BRB,2001,100.0,31.0604133974901,98.1161361778788,90.0296586370686,84.0,18.0,,77.0,,,1.0,2.3,643.1159668,6.021,1.601,11.9523457572711,26.27482296313966,19.661398840831644,365.0000092755765
Belize,BLZ,2001,80.5,96.65684395991826,89.6672176355809,83.9981236500007,96.0,96.0,,65.0,,,1.1,131.0,163.11247253,,,18.2327278363794,25.01108921487617,19.03576982428575,361.246108376703
Cuba,CUB,2001,67.0,210.6333824233875,91.9170181666427,81.5051365608873,98.0,99.0,,75.0,,,0.1,16.0,198.49874878,,5.952,11.5268583173801,25.21533063709409,17.86493152771932,357.3290486853488
Dominica,DMA,2001,80.7,107.34165228874916,94.3836399842442,65.298253781627,99.0,0.0,,68.0,,,0.4,5.4,231.52333069,6.413,1.816,12.6994586530776,25.81708834540277,19.3684744803046,365.0000039232588
Dominican Republic,DOM,2001,84.7,109.6899227550268,91.3815553025836,77.1486058727442,72.0,20.0,,68.0,,,1.4,124.0,143.32540894,,,14.1841310809903,24.584387458486848,17.438813328290415,354.03542600668504
Grenada,GRD,2001,92.6,98.4543258719603,93.5399527788903,89.0844419136279,96.0,96.0,,73.0,,,,0.69,271.03814697,3.389,0.537,11.9927138224644,26.292303517484868,19.976814056209307,365.00000604060017
Guyana,GUY,2001,100.0,133.998602306577,89.5993039165579,77.9231007582273,85.0,85.0,,61.0,,,1.0,134.0,60.09927368,,,24.7804398895575,25.9039563625076,20.16948665720735,364.7137593961122
Haiti,HTI,2001,2.7,272.737025222479,55.6370732142044,20.1252072093036,47.0,0.0,,33.0,,,2.4,576.0,27.39323044,,,14.552958419015,25.486233341121032,18.413114633828062,361.26005718096593
Jamaica,JAM,2001,75.9,110.33908073646184,93.2314642021095,80.4397265320862,98.0,0.0,,63.0,6.6,3.2,1.7,11.0,180.66116333,,,18.3735863274115,25.77138094274112,19.12479606008276,364.6617330415488
Saint Lucia,LCA,2001,86.5,75.3948466424052,90.6105122656627,84.9803185483626,99.0,0.0,,68.0,,,0.2,9.4,285.04898071,2.316,0.819,11.6375919592213,26.28375976959075,19.531826299880933,364.8750000278536
Saint Vincent and the Grenadines,VCT,2001,96.1,100.16484851028986,95.605670586011,68.2932876455311,99.0,0.0,,68.0,,,0.9,8.8,162.93431091,4.194,0.546,12.0337193727578,26.2531763427918,19.82816283746357,365.00001408080254
Suriname,SUR,2001,76.6,84.13077477199644,89.5297821338861,78.3498083783454,68.0,0.0,,62.0,,,1.2,38.0,91.73781586,,,23.8797262934932,26.04615771459914,20.17400644234053,364.80044021921685
Trinidad and Tobago,TTO,2001,100.0,35.2977267729039,,,91.0,85.0,,71.0,,,,33.0,272.72851563,2.665,0.931,14.5149353921564,26.05373045995355,19.900700368793903,365.0000005502063
Bolivia (Plurinational State of),BOL,2001,64.1,197.5712153559325,81.8386242036735,36.1069276710251,71.0,77.0,,45.0,,,0.3,382.0,44.88241577,2.067,1.18,68.8114730581515,14.36708554869288,9.805266481099707,311.5155784276336
Ecuador,ECU,2001,89.3,117.15872280808657,85.3327219287917,73.682272686074,89.0,0.0,,66.0,,,0.3,103.0,72.7922287,1.584,0.851,38.630595434544,18.1455236945014,13.989120001980195,364.2044904414653
Peru,PER,2001,45.15,140.922934478184,81.1652005641867,65.4068839269518,90.0,38.0,,63.0,37.3,1.0,0.4,327.0,89.36621857,,,63.7365642620224,15.542482978371297,11.215331224549564,339.00877367034195
Colombia,COL,2001,78.9,91.82203491779605,91.2370228033185,76.3087852021203,80.0,55.0,,67.0,,,0.5,64.0,138.47569275,0.537,1.29,25.4602022877193,20.05652614208994,14.489874847852082,347.8951951213493
Costa Rica,CRI,2001,89.3,77.72588694673395,95.06241560763,93.9239551778215,91.0,89.0,,77.0,,,0.2,26.0,258.00057983,1.274,,20.0868653248229,21.466882543431584,16.174040405063007,359.30326970461977
El Salvador,SLV,2001,60.6,177.62081714936,85.8876471763751,80.6919918345083,92.0,0.0,,69.0,,,0.5,53.0,162.30456543,,,35.0889221635209,25.66162649931433,16.409540476093426,270.0226570072506
Guatemala,GTM,2001,39.9,147.9602100632345,87.7752601776246,61.5616929942508,77.0,0.0,,56.0,,,0.4,23.0,100.02039337,,,31.8738625616511,20.09206670963724,13.456792611118711,337.51755239905816
Honduras,HND,2001,31.9,223.529062359271,86.2042781519171,65.5099238868381,96.0,95.0,,57.0,35.5,1.3,0.8,200.0,67.13735199,,,34.7359131306932,23.353672570540446,15.75714743604518,308.5962605312607
Mexico,MEX,2001,83.4,39.1112823344947,92.0447445301781,79.9105993233351,97.0,97.0,,67.0,,,0.2,36.0,364.39672852,2.231,1.519,16.964832806014,19.20475431188049,11.136117955946274,272.67211414992653
Nicaragua,NIC,2001,34.9,224.473612985548,,,87.0,,,59.0,25.1,2.3,,120.0,57.69081879,,,25.6796881066035,25.89063116064693,17.167213141234257,280.5423777477533
Panama,PAN,2001,100.0,74.28043940878685,89.9759773021274,63.300048397865,99.0,99.0,,70.0,,,0.7,99.0,296.75146484,1.853,1.252,17.9464455683349,25.05617376480837,19.514724266005523,362.1328704623875
Venezuela (Bolivarian Republic of),VEN,2001,97.4,62.5960170168095,97.0506030485361,86.9444513205468,70.0,34.0,,64.0,17.3,4.4,0.4,56.0,,1.121,1.922,25.803936044542,24.58375229875124,17.40336064704945,334.0355807464842
Brazil,BRA,2001,89.5,68.69101153682729,93.871177189366,74.2359273551558,98.0,93.0,,70.0,,,0.3,46.0,271.56121826,3.005,,26.4030413745218,23.064854257272987,15.823608079113384,328.14769758319926
Paraguay,PRY,2001,48.0,114.85465903885886,77.7732253839347,72.0502385165428,89.0,0.0,,63.0,,,0.2,96.0,91.8441391,,,24.2593252910089,22.58942806149068,15.403472228488011,332.085595039575
Algeria,DZA,2001,97.0,80.8550491022605,89.1698016074929,84.7599258051821,89.0,0.0,,68.0,,,0.1,111.0,67.05859375,,,14.4363592906282,18.21194842096854,9.272008266062782,277.56823070520227
Bahrain,BHR,2001,100.0,16.74295818828715,99.9567270815289,99.9434088778498,99.0,99.0,,75.0,,,0.1,49.0,457.59741211,3.094,1.06,58.7648643963331,26.65899161827689,16.482723198305752,264.399162864909
Egypt,EGY,2001,86.2,131.9769629362225,98.9226105742463,92.1886612012788,99.0,0.0,,73.0,,,0.1,21.0,68.67334747,,,49.9574653231969,22.33929961146326,10.66112344950719,191.01057503768152
Iran (Islamic Republic of),IRN,2001,92.0,66.1293878702522,94.4127376646145,78.9731471753929,96.0,0.0,,69.0,,,,42.0,93.23036957,,,36.4723770294369,16.239512904735985,5.954058949589187,281.60325076670944
Iraq,IRQ,2001,69.6,114.8615949751523,81.7364082372658,71.075866107073,78.0,0.0,,61.0,,,0.1,63.0,,,0.543,43.3223765593102,24.435564128408245,7.054578538781063,306.63448611495335
Jordan,JOR,2001,99.8,127.0353756610508,98.4048334640758,98.8872678903901,99.0,59.0,,75.0,,,0.1,10.0,161.33900452,2.894,1.933,23.0049173481187,19.71832623346066,9.889773636926869,211.6308680718816
Kuwait,KWT,2001,100.0,42.56892771247085,100.0,100.0,99.0,99.0,,79.0,3.9,2.1,0.1,33.0,553.75134277,4.58,,62.1348569863305,26.7441388075298,9.079427743462992,292.57186714647304
Lebanon,LBN,2001,,90.90579295097396,84.7752376134038,76.9237295197972,80.0,0.0,,63.0,,,0.1,24.0,416.57485962,0.944,2.614,26.1068805095928,19.233513424868768,12.267925431820036,320.09594454264493
Libya,LBY,2001,,19.096019846294148,,90.9576581822951,94.0,0.0,,67.0,,,0.1,62.0,255.77108765,,,24.7886160176987,20.934496495751954,10.828586809193894,269.1137480541916
Morocco,MAR,2001,90.9,165.824844214418,63.4571073529221,68.9979286734151,96.0,0.0,,55.0,,,0.1,110.0,56.55395889,,0.483,18.2021114211041,18.482874346207613,10.184246363060646,283.673735027739
Palestine,PSE,2001,,198.8968946407565,92.8828468337993,90.3396200979111,97.0,0.0,,67.0,,,,4.3,127.37930298,,0.837,23.8535290115717,20.77227422456715,12.60899827107524,299.0077313194003
Oman,OMN,2001,100.0,14.5889651865129,85.6337685184132,89.1527859645842,99.0,0.0,,73.0,,,0.1,22.0,259.59085083,,1.47,44.4125040083418,27.479773860819712,13.822689633823265,267.1100283108388
Qatar,QAT,2001,100.0,42.56892771247085,99.9029247892536,99.9365492602027,93.0,93.0,,81.0,,,0.1,95.0,598.73602295,4.936,2.217,104.611838805936,27.509789192261728,14.92705486115264,231.85089112922404
Saudi Arabia,SAU,2001,100.0,24.40136508529995,99.0771228125944,,97.0,0.0,,75.0,,,0.1,21.0,482.10446167,,0.849,59.7508629327144,26.590402222589617,9.300497739676766,275.3037172347171
Syrian Arab Republic,SYR,2001,98.7,164.20068373930252,91.7586218999109,88.5934283502185,83.0,84.0,,66.0,31.7,10.2,0.1,73.0,57.71026993,,,28.9859156894993,18.189596835167563,8.966265456092488,248.3756577115557
Tunisia,TUN,2001,93.1,106.2291660889321,87.8472449975765,78.3012933034024,98.0,0.0,,61.0,,,0.1,49.0,114.00454712,,0.787,20.4305538700966,19.682034511002705,10.983779517528111,261.7805942403762
Türkiye,TUR,2001,90.4,51.97453093562476,92.6069916760716,86.6924044195484,88.0,0.0,,65.0,,,,49.0,148.86210632,1.725,1.356,26.3505516121367,14.50296161882308,8.604071493270196,281.23811952154665
United Arab Emirates,ARE,2001,100.0,42.56892771247085,99.6138918433509,99.1568733967511,94.0,92.0,,74.0,,,0.1,4.6,689.29278564,3.298,1.759,56.390498735709,27.85711383146425,14.498824346854382,224.7567128123367
Yemen,YEM,2001,55.2,241.438375504122,40.3227907996973,43.7166842861444,73.0,0.0,,41.0,,,0.1,87.0,24.09247589,,,38.2437705796612,23.558164390477103,12.292195498640972,249.2361130407513
Afghanistan,AFG,2001,7.1,350.7347563233195,29.7629255070812,22.3095245309963,33.0,0.0,,31.0,,,0.1,175.0,,,0.202,47.3439128482616,13.643273593194216,5.218191983124755,258.7466039279064
Bangladesh,BGD,2001,8.0,297.689437920303,94.7286986016594,25.1767692981385,85.0,0.0,,25.0,53.2,12.7,0.1,221.0,8.10025787,,0.238,64.1618253741628,25.21579628885136,18.589440834075752,336.7405826618748
Bhutan,BTN,2001,30.3,208.563859000141,84.6535806640707,44.4113711801723,88.0,0.0,,46.0,,,0.1,587.0,35.08880234,,,30.3076040698504,20.60666812717094,14.557913998289813,328.01472229438616
India,IND,2001,23.8,262.3119960191245,80.0659857611388,17.2206798996747,59.0,0.0,,34.0,,,,321.0,19.74444199,0.748,,50.4537854823933,25.39163740726748,15.670526601181136,272.5388275207762
Nepal,NPL,2001,6.5,306.561786849165,80.1670910944801,17.3959627043357,72.0,0.0,,20.0,56.1,11.3,0.2,405.0,10.26854038,,0.052,43.6416299876088,21.48615869490011,14.582045451463882,315.500920947138
Pakistan,PAK,2001,24.6,226.742312836219,87.5860762080419,36.4704767337174,61.0,0.0,,37.0,41.4,14.1,0.1,275.0,13.41587162,0.394,0.604,56.554332613352,23.97386597901175,13.038868409210211,212.3328165462494
Angola,AGO,2001,41.0,226.683380762213,38.3388157469695,34.2558546036306,42.0,0.0,,29.0,,,1.4,336.0,29.26095772,,,24.3136425768266,21.746685382974054,13.442909666417972,308.6732594005404
Central African Republic,CAF,2001,0.6,340.8654721365875,57.8285760231061,20.5472812527442,40.0,0.0,,23.0,,,7.3,667.0,9.20995235,,,31.4224711856521,25.226046689792287,16.770384020135044,324.06875602463634
Congo,COG,2001,8.5,196.45321822028848,58.6923918261786,11.9684717452745,31.0,0.0,,25.0,,,4.3,550.0,20.30390549,,,39.8527970238748,24.27003444937297,18.538011296299764,364.2567400022821
Democratic Republic of the Congo,COD,2001,1.2,363.960221318051,37.5216314439844,23.2925757259411,30.0,0.0,,24.0,44.4,15.9,2.0,600.0,5.4341011,,,39.4762031022403,23.72775147263578,16.844847792241556,340.7324346026404
Equatorial Guinea,GNQ,2001,19.05,92.60996465691966,51.7904438770813,55.776966411997,37.0,0.0,,24.0,,,,316.0,29.59247589,,,36.9753366403699,23.97690231762704,18.78265710691788,364.9999978368221
Gabon,GAB,2001,66.0,39.9475953960568,80.5692237305059,27.9500597734658,45.0,0.0,,37.0,,,4.8,336.0,120.90242767,,,28.5624541624179,24.60171700013684,19.03689714116671,364.9871178380739
Burundi,BDI,2001,0.3,355.939792373087,50.6076370665848,45.9762261657477,81.0,0.0,,25.0,,,3.1,209.0,7.50815582,,,38.2232545279687,19.93358305082741,11.961363820127085,281.616740766676
Comoros,COM,2001,0.7,271.2904854314975,87.5288111586306,26.1545650647282,70.0,0.0,,27.0,,,0.1,49.0,45.34629059,,,12.6941017004379,25.675457105736207,18.87089447780121,364.9999964239299
Djibouti,DJI,2001,3.9,251.54776039464952,74.527572653683,43.8212949493816,53.0,0.0,,31.0,,,3.6,2650.0,33.61427689,,,40.8641190820244,28.114638684885247,16.911226006880238,276.5351730235443
Eritrea,ERI,2001,3.9,297.119564912448,47.1204233529644,8.6404789305264,86.0,0.0,,25.0,,,2.2,538.0,14.90675831,,0.041,35.7758221833271,23.96326312836777,11.246379525096838,228.20356276436883
Ethiopia,ETH,2001,0.9,363.384068721547,20.2861313623688,3.22631881592251,32.0,0.0,,14.0,,,2.6,462.0,5.50955105,,0.028,25.1711735487158,18.901945169153628,9.91603666783412,249.47257701876853
Kenya,KEN,2001,2.1,266.8770007926485,46.2300505152725,24.3164597238105,80.0,0.0,,28.0,,,8.3,499.0,22.11487579,,,21.7647728598005,20.47503817850631,12.578868722899166,303.1949310710437
Madagascar,MDG,2001,1.2,312.428401048609,37.1365510037545,4.27623527366861,60.0,0.0,,15.0,,,0.1,215.0,13.13894939,,0.087,15.5668104852449,20.95155115981396,14.040851941040296,322.2305252460376
Malawi,MWI,2001,2.1,334.4005066055665,54.9347725459043,9.35302758911489,90.0,0.0,,23.0,,,14.8,395.0,7.42542601,,,21.3263856042346,21.71988326302395,13.303162846555784,265.56869201483954
Mauritius,MUS,2001,93.7,51.15445787643825,99.3807165047382,90.8010935078889,92.0,0.0,,67.0,,,,24.0,116.36106873,,0.903,14.5109073864343,23.79588420100517,16.69524149044333,360.9858833177112
Mozambique,MOZ,2001,2.0,351.3007385651025,24.4482966648571,11.6891382934177,73.0,0.0,,23.0,50.7,8.1,9.4,338.0,8.53719139,0.276,,18.4931730625653,23.359423481713467,15.206484306572476,299.6727719852273
Rwanda,RWA,2001,0.1,347.38263848167696,48.3703423230961,45.6902028796929,77.0,0.0,,19.0,,,4.8,215.0,7.86746025,,,38.4901465240592,18.573018457143533,11.619120120008576,317.6672763894775
Seychelles,SYC,2001,100.0,28.87759246602645,93.7397794837197,95.6912191218088,96.0,0.0,,62.0,,,,22.0,334.48275757,,,10.2908545087057,26.394769574484627,19.97418071488697,365.0000127760389
Somalia,SOM,2001,0.4,390.37428965927154,27.7109662630007,20.9631310018359,33.0,0.0,,14.0,,,0.3,354.0,,,,18.3830110501876,26.924136603579253,16.05636151720742,235.4094694315336
United Republic of Tanzania,TZA,2001,0.6,323.141223612627,29.8677621346393,4.73290413603406,87.0,0.0,,21.0,,,5.9,506.0,15.1739912,,,24.9393937862166,22.338658650938275,13.806237442816023,277.9483941612186
Uganda,UGA,2001,0.8,319.1009789455255,27.5298826781499,15.1044104366213,55.0,0.0,,24.0,,,8.2,266.0,15.99579906,,,33.0863590031497,21.72105399003464,14.452836530932062,337.93360482541215
Zambia,ZMB,2001,14.3,295.259338915133,47.3291576082813,21.6786889419233,85.0,0.0,,33.0,,,13.2,728.0,18.94953918,,,25.4677074198447,21.266372092189098,11.767380020959132,253.0153600785401
Botswana,BWA,2001,46.5,74.9845712380466,75.7549489796856,54.7451404334018,97.0,0.0,,43.0,,,25.7,938.0,203.01203918,2.333,0.298,19.9787265036222,20.228769820608107,10.374018723489732,236.90542014341497
Lesotho,LSO,2001,17.6,295.5854102942445,64.9608173437241,15.4957394207867,79.0,0.0,,32.0,,,22.5,923.0,28.22144127,,,29.4464898217418,12.075879036560922,7.419695944839108,270.3249250146593
Namibia,NAM,2001,34.7,133.3779135267305,76.6073397311336,27.5998396163148,78.0,0.0,,50.0,,,13.7,1100.0,201.46917725,,,17.4672796375505,21.09962901926168,8.083303226795792,283.5698570100298
South Africa,ZAF,2001,58.6,81.2486623108047,86.4622424726781,61.2759508701069,71.0,71.0,,54.0,,,14.5,867.0,202.81065369,0.675,,22.9646822588578,17.60029455436763,10.48243884261338,280.76944005265835
Eswatini,SWZ,2001,26.4,133.8732687141025,53.4258407035318,50.7480641733809,84.0,0.0,,54.0,,,25.2,1010.0,75.41345978,,0.17,17.2862997940998,19.625199681522258,12.715949015793814,319.57363611955003
Zimbabwe,ZWE,2001,33.7,224.1331705757195,68.0887310014955,44.632782507168,75.0,0.0,,33.0,,,24.5,617.0,,,,20.5419189070541,20.24735133601068,11.23857286840284,260.95686871374136
Benin,BEN,2001,0.9,286.9577482958025,61.4110451186381,8.93975126867492,76.0,0.0,,24.0,36.2,9.0,1.4,75.0,16.26979828,,,38.11244474866,26.86207491321283,18.43868709136328,338.5347110952049
Burkina Faso,BFA,2001,2.9,327.401344840464,55.8329037014079,9.13087025476494,62.0,0.0,,18.0,,,1.8,91.0,10.27519512,,0.04,38.1501718509654,28.43508114254196,12.497012954991083,300.60985640555884
Cameroon,CMR,2001,10.8,260.268653990181,56.6676381767761,37.7799954148968,63.0,0.0,,31.0,,,5.6,131.0,29.82297325,,,47.1854377533032,24.78090603849488,14.706852969561472,332.1085985432082
Cabo Verde,CPV,2001,62.7,220.873000227,79.6627777965322,39.1910554393962,90.0,0.0,,50.0,,,0.7,168.0,63.55782318,,,19.5538573659048,23.56445574664585,16.916647523498032,364.7637235720241
Chad,TCD,2001,2.6,332.352063818179,39.2138920881582,9.7751135418566,26.0,0.0,,17.0,,,2.4,123.0,11.64042854,,,40.5359071544849,27.46594077872852,11.258980620536354,316.146806081279
Côte d'Ivoire,CIV,2001,15.9,222.68693114330296,69.1799896467784,20.7171311612942,66.0,0.0,,25.0,,,6.4,180.0,30.58369255,,,20.5468232712032,25.769524445262,18.99071546646833,348.1504196902629
Gambia,GMB,2001,3.6,272.294106456887,72.4709852394757,49.9139746844975,87.0,87.0,,37.0,,,1.7,189.0,55.65046692,,,35.0777271873364,27.40025528475494,15.891599303877404,292.8100529237301
Ghana,GHA,2001,6.9,245.87696477128247,66.2724810777251,5.81107386081924,79.0,0.0,,26.0,,,2.5,214.0,12.15051079,,,29.8112835954564,26.58116758370181,18.407580026813577,336.8098577875302
Guinea,GIN,2001,0.8,295.7960616955895,50.503637310744,9.88629196850462,50.0,0.0,,19.0,,,1.5,133.0,21.76875114,,,26.6548275944908,25.638838436488903,16.46339086206168,317.6861195740749
Guinea-Bissau,GNB,2001,1.3,310.9964493499,55.6355112802185,5.01574870772438,53.0,0.0,,25.0,,,4.2,225.0,13.50725842,,,30.8973467022134,27.510081976789746,17.07840527828883,287.6629713457728
Liberia,LBR,2001,0.5,350.312713706154,61.9197046364816,12.4677838881013,44.0,0.0,,25.0,,,2.6,152.0,6.46313238,,,16.1357156963332,24.9462732340332,19.039753798197204,350.4969661043917
Mali,MLI,2001,0.8,319.7783195451,51.0043528727808,18.5366288294077,49.0,0.0,,23.0,42.5,12.6,1.7,77.0,13.15901566,,,33.3307648186634,28.438042470274723,11.708183360702357,310.3769258229495
Mauritania,MRT,2001,31.3,220.1488423136285,42.3280271481034,19.3093273656577,75.0,0.0,,23.0,,,0.7,224.0,23.28163338,,,41.9393497812816,29.13159016159357,10.6680979993069,300.53517726640825
Niger,NER,2001,0.9,340.675679295534,37.358813438708,6.90942898388813,36.0,0.0,,19.0,,,0.7,94.0,9.68088055,,,57.6673961252487,28.1268213413543,10.02512137701468,307.8794496174431
Nigeria,NGA,2001,0.7,277.273501628584,45.7654579242041,28.0339074690086,27.0,0.0,,28.0,,,2.2,219.0,17.96053314,,,58.1213895225908,26.28332628252799,16.06515248811926,329.42479731477266
Sao Tome and Principe,STP,2001,0.3,271.6440286601385,69.6465271453616,21.9474707249804,92.0,0.0,,42.0,,,,241.0,47.14751816,,,14.9980476986343,25.45149643610644,19.45681316423836,365.0000034462948
Senegal,SEN,2001,35.9,262.94180726594254,60.9066465806354,37.6230679917559,52.0,0.0,,24.0,,,0.7,177.0,23.45893669,,,37.386298225181,26.77639819075397,15.234000623677533,301.13781045601166
Sierra Leone,SLE,2001,0.1,339.345752616031,41.2237067367546,7.92617092793216,38.0,0.0,,18.0,,,1.7,592.0,19.32042122,,,20.8343356237282,25.67837731696788,19.444906137966047,344.3340741900812
Togo,TGO,2001,0.4,306.875074545639,47.2066551581281,8.26404186167869,50.0,0.0,,20.0,,,3.7,61.0,13.04282379,,0.057,35.3104119281614,26.78404170124698,18.032774939975816,329.0226947089814
American Samoa,ASM,2001,,70.65434539878186,95.2698888592873,62.2856155405329,,,,,,,,5.3,,,,5.00312414651031,26.67527988981165,20.53198235158195,364.3290175568599
Bermuda,BMU,2001,,42.56892771247085,100.0,99.9770577444815,,,,,,,,0.0,,,,6.72228695580297,21.526701261345792,14.800199075684198,335.43749917287
Cook Islands,COK,2001,,78.7667832344395,,,,0.0,,,,,,,,,,4.80602089701688,24.468963543850847,17.677510707417554,352.6358514640152
Greenland,GRL,2001,,42.56892771247085,100.0,,,,,,,,,194.0,,,,1.55250825015885,-2.8589287740247875,3.598947855679149,332.2295311384262
Guam,GUM,2001,,13.95585718116535,99.4760873255075,89.0373069363675,,,,,,,,92.0,,,,4.41480693379239,27.25167855149173,21.33636888276254,364.9999976534404
Monaco,MCO,2001,100.0,42.56892771247085,100.0,100.0,99.0,99.0,,77.0,,,,0.0,3050.57739258,,,18.4290414801297,13.436977892965286,9.155601635762794,310.6250003110121
Nauru,NRU,2001,100.0,132.3004170686765,98.3187193593697,64.6701987454564,95.0,0.0,,42.0,,,,30.0,349.01687622,,,5.84255435768091,27.379134572622185,21.074674299351777,365.0000096405074
Niue,NIU,2001,,116.18318391416966,,,,99.0,,,,,,,,,,4.00483687167751,25.18250078569941,18.3604614436098,355.04196838957074
Northern Mariana Islands,MNP,2001,,23.363309872787497,96.6735663156931,94.2745099221282,,,,,,,,200.0,,,,4.01950378495928,27.244909447993194,21.21020088159748,364.99998669088313
Palau,PLW,2001,100.0,52.60011874334685,99.3442874502384,92.5732732194194,98.0,93.0,,69.0,,,,55.0,640.58422852,,,6.83858055058582,27.124404025455032,21.49561783737929,365.0000007338466
Puerto Rico,PRI,2001,,13.89951070762,97.3607259079284,97.8050783983287,,,,,,,,6.4,,,,7.81658146813671,25.37127996443885,18.71087871681045,364.8013213200062
Saint Kitts and Nevis,KNA,2001,100.0,29.9873013176551,98.4623525425581,87.1049196213683,99.0,99.0,,75.0,,,0.4,4.4,440.21563721,6.419,1.07,10.7389341663786,26.1906927824284,19.489733004595124,364.7500066295359
San Marino,SMR,2001,100.0,42.56892771247085,99.9999973894558,100.0,97.0,95.0,,71.0,,,,0.0,2202.07763672,,,17.5403521774993,12.547802438666093,8.53426145564524,311.4999960404687
Tuvalu,TUV,2001,8.9,236.922216732187,98.9547762217723,79.3657428797952,96.0,0.0,,58.0,,,0.2,167.0,261.71032715,,,6.43361474703248,27.15002647327587,21.221661840698665,364.28046512527374
United States Virgin Islands,VIR,2001,,14.607648414769953,98.5414147711479,99.0495339073909,,,,,,,,,,,,7.7295833011939,26.244212763465168,19.57478353892025,364.49895674291287
South Sudan,SSD,2001,0.3,233.9863369869485,,,,,,21.0,,,2.4,,,,,25.1031590055503,27.57026269149541,15.094321909615292,298.6082245165764
Sudan,SDN,2001,8.8,245.241073831191,45.7567441742092,17.374607093096,66.0,0.0,,27.0,,,0.1,139.0,15.18372345,,,37.5195732602702,28.4360723901028,10.048770897082257,303.3624379433853
China,CHN,2002,42.8,196.4494270936045,81.8650671947267,59.7190918918749,86.0,0.0,,65.0,21.8,3.0,,100.0,49.92394638,0.969,1.137,46.1289083082357,15.416465285675018,10.878077545404778,297.56179519505054
Democratic People's Republic of Korea,PRK,2002,1.8,296.9422138804045,99.3021526100743,75.1954267554782,64.0,0.0,,71.0,44.7,8.7,,,,,,25.7152592762494,9.63574542166994,7.950705737852237,273.2140337558179
Taiwan,TWN,2002,,13.436298945785753,,,,,,,,,,,,,,27.088722822811,22.27629431907495,16.177374444540668,355.95913013616047
Cambodia,KHM,2002,4.6,309.354441022162,55.5106135698106,13.5213126606582,54.0,0.0,,29.0,,,1.1,773.0,24.25898743,,,26.8182120440941,28.4269183737423,19.649211569440308,281.3192210733353
Indonesia,IDN,2002,9.2,148.455171500923,77.764828826511,45.5010531020753,70.0,0.0,,46.0,,,0.1,367.0,18.97848511,,,25.8911322229788,25.663953403598423,19.37173940137143,358.5404016157473
Lao People's Democratic Republic,LAO,2002,1.5,274.696403673804,52.7107421470585,34.4269495344491,53.0,0.0,,36.0,,,0.1,305.0,12.90540886,,,37.4960518138561,22.83543790246107,16.839803028722518,349.95080874898656
Malaysia,MYS,2002,98.1,38.41889101669695,96.3185542508289,93.4499785457309,94.0,0.0,,72.0,,,0.4,121.0,121.61391449,2.15,0.724,22.341022282645,26.498219482441712,20.355043272210708,359.8850442539389
Maldives,MDV,2002,41.5,81.15161574010139,94.6785046984777,78.4909414521848,98.0,0.0,,56.0,,,0.1,122.0,249.48114014,,,20.4177119107499,27.219487351322915,20.88663348300535,365.0000030900658
Myanmar,MMR,2002,2.3,320.882289599753,50.2257370348603,64.5659679367751,79.0,0.0,,36.0,,,0.7,554.0,7.0817728,,,42.9248176207148,25.200079355438664,17.489819323886156,303.64433666199784
Philippines,PHL,2002,39.3,184.53934338420248,87.2412451973365,65.4430807592906,79.0,0.0,,57.0,,,0.1,569.0,26.76997948,4.18,1.088,31.4769323672191,26.325002673916742,20.48346902625781,364.6736696823379
Sri Lanka,LKA,2002,17.8,157.405933589987,84.1981104690897,78.4039232794379,98.0,0.0,,61.0,,,0.1,132.0,41.24043274,1.022,,31.8215300040034,26.16812789726057,19.78143016812275,353.04345555755305
Thailand,THA,2002,62.9,82.3881390688744,94.4998959008986,92.6825085503493,96.0,0.0,,70.0,,,2.2,244.0,69.68746185,1.318,0.295,34.0594154863525,27.35966232368577,19.63003644037147,337.5460729886807
Timor-Leste,TLS,2002,1.3,287.2503496224975,49.6179443771692,18.7862054534433,54.0,0.0,,31.0,55.7,13.7,0.1,1140.0,,,,16.4185014634922,24.69567551223726,17.376801620398755,345.53701309080174
Viet Nam,VNM,2002,19.2,244.732819326041,82.3091593236672,53.0643186028264,75.0,0.0,,54.0,37.5,8.8,0.3,284.0,21.87733841,0.785,0.571,37.1521909220304,25.09945987929153,18.95819218990893,353.17053151596497
Fiji,FJI,2002,28.6,111.99782605329744,94.8709679022019,87.6998330662388,93.0,99.0,,60.0,,,0.1,44.0,69.40512085,,,7.02299803363811,25.02534261887088,18.83525065458872,362.8495493572975
Kiribati,KIR,2002,0.9,287.7852494565385,58.3321099401164,31.411410840326,77.0,0.0,,33.0,,,,888.0,92.96794891,,,4.76245870407476,27.17349473349723,21.46997447257173,365.0000057870839
Marshall Islands,MHL,2002,12.6,234.57003013388905,88.6939841063505,75.0678760410401,80.0,80.0,,67.0,,,,270.0,309.72741699,,,4.65289133567556,26.99026070498355,21.344724727055087,365.0000024201232
Micronesia (Federated States of),FSM,2002,10.8,240.743750767027,91.5533265939298,33.2241136173679,84.0,70.0,,46.0,,,,372.0,169.95617676,,,4.84892752722634,27.06139044906592,21.49174668620899,364.99999285209685
Papua New Guinea,PNG,2002,5.6,242.0942083003855,29.7473711837204,16.197953472063,61.0,0.0,,24.0,,,0.8,887.0,20.55322266,,,13.4675024435674,21.927914684218106,16.84098012532666,363.4026376861451
Samoa,WSM,2002,19.3,205.0086205237545,87.2437553911035,91.9572397043017,92.0,0.0,,58.0,,,,17.0,72.41275024,,,4.89543586122747,26.46850850860745,20.70023048763545,363.72353142126775
Solomon Islands,SLB,2002,8.6,278.5472113319995,76.8668530163014,22.2253869365298,78.0,0.0,,39.0,,,0.1,224.0,76.49930573,,,9.50451424224512,26.4040010586112,21.0092945689852,364.9778423589022
Tonga,TON,2002,39.1,183.22322270529705,98.5404796097005,89.1977672693598,90.0,0.0,,66.0,,,,28.0,62.6541748,3.369,0.289,4.86805155548699,24.49835733720946,17.50316961249989,352.5369923178858
Vanuatu,VUT,2002,13.6,259.987061122085,85.4177585547483,54.8191733536334,70.0,0.0,,46.0,,,0.1,248.0,52.34658813,,,8.67513816633943,25.51428393838968,18.8915800015836,359.5024044298876
Armenia,ARM,2002,84.7,203.65727123964805,96.1112432491429,88.4571722319779,94.0,0.0,,58.0,,,0.1,116.0,59.20983887,5.093,2.545,30.0036787737701,7.613771235779832,6.076953706075283,255.0487795564524
Azerbaijan,AZE,2002,77.0,201.6057543864555,77.3859207363957,70.4645166968746,76.0,0.0,,54.0,,,0.1,189.0,20.45606041,8.303,3.541,23.5330336648888,13.34798840639128,9.128804343581956,303.5882673973661
Georgia,GEO,2002,48.6,197.663873495823,94.2915348792621,76.7308281538671,84.0,0.0,,64.0,,,0.1,216.0,66.08916473,4.399,3.928,19.9249102686051,9.652330699687198,7.707481736723968,317.00926831726383
Kazakhstan,KAZ,2002,86.4,85.28365172355785,90.8203534835021,96.8978353203907,95.0,0.0,,77.0,,,0.1,178.0,56.88095856,6.358,3.427,17.8333945322102,8.781746501391293,6.13635616728842,247.980200263054
Kyrgyzstan,KGZ,2002,57.0,253.02853112144203,81.5848105745917,93.005572595951,98.0,0.0,,71.0,,,0.1,322.0,14.4122982,6.839,2.017,22.8295208044159,9.893560080607608,6.301447801110426,245.31472581750413
Mongolia,MNG,2002,23.7,203.137927330753,65.2096971996007,44.4988380043393,98.0,0.0,,62.0,,,0.1,428.0,30.67812347,3.53,2.729,29.839533939686,0.5470735243304989,3.8663437781148806,224.296479652202
Tajikistan,TJK,2002,43.5,307.5429814580955,58.4307742770428,92.048248339145,85.0,0.0,,67.0,37.1,6.1,0.1,181.0,8.21969986,3.798,2.008,22.7363441991969,11.29376347478754,6.670237265509541,211.6942416815173
Turkmenistan,TKM,2002,99.5,154.31863824192152,90.8108818994509,93.3009582565221,98.0,0.0,,77.0,,,,155.0,128.08802795,7.195,2.657,30.7659458645621,15.600170053156711,6.899820367327762,258.85682642042684
Uzbekistan,UZB,2002,83.9,197.296587813483,88.2901754569752,93.6957052425144,99.0,0.0,,79.0,24.9,9.0,,166.0,24.50708961,10.85,2.849,36.3669698036249,14.914885263094677,7.216893513882888,229.6723843680201
Albania,ALB,2002,42.3,166.180277478223,87.4516361586881,90.6055152426868,98.0,0.0,,55.0,,,0.1,21.0,78.72909546,3.66,1.167,23.3012204378614,13.140382317741048,9.059970017593484,322.81063666027705
Bosnia and Herzegovina,BIH,2002,51.6,146.5465997296215,97.2320116330882,95.0981431878974,80.0,0.0,,55.0,,,,87.0,118.87058258,4.009,1.3,39.2565817514332,11.4694472897567,8.260504052291166,317.9847596837879
Bulgaria,BGR,2002,,82.85311416276386,99.678880786955,85.8462388142112,93.0,0.0,,63.0,,,0.1,80.0,148.1479187,4.063,3.522,31.1118628833264,11.821808126683184,8.26499709016851,304.44752127536583
Croatia,HRV,2002,100.0,40.7182061403299,98.7625377853519,98.2933337796124,95.0,79.0,,70.0,,,0.1,48.0,386.41821289,5.176,2.459,27.3481876201074,13.062368488958176,8.918324673238878,299.9763866228453
Czechia,CZE,2002,100.0,20.73356436373205,98.0088325485114,99.0224988407021,98.0,95.0,,78.0,,,,15.0,497.74203491,8.442,3.491,23.9432985890004,9.265287038457204,7.487615190581616,336.3801134503039
Hungary,HUN,2002,100.0,32.6800217505895,94.5133631793189,98.0396092982152,99.0,99.0,,74.0,,,,40.0,473.12783813,5.898,3.679,24.4454640967473,11.712827017923225,7.925434945100713,270.37853873122685
North Macedonia,MKD,2002,57.5,101.73088776231556,96.7686348116492,88.6004998671063,96.0,0.0,,57.0,,,0.1,62.0,172.87971497,3.678,2.204,32.6003866452365,11.10104432390686,7.58437905868074,292.2111779720177
Montenegro,MNE,2002,66.8,95.53159463669144,,,,,,66.0,,,0.1,,,,1.84,26.5594589475258,11.41683870107556,8.332357134701558,328.8174067348062
Poland,POL,2002,100.0,45.18636864448745,,88.9353545903738,99.0,0.0,,69.0,,,,41.0,315.83145142,5.431,2.304,29.930870694435,9.195438506053202,7.4920234533201,330.03073446945933
Romania,ROU,2002,100.0,79.3849260494431,100.0,74.0945506298244,98.0,0.0,,65.0,12.8,3.5,0.1,203.0,96.57698822,5.669,2.104,26.9688438657033,10.149950841407028,7.514937462235562,295.09096719583306
Serbia,SRB,2002,59.6,108.4420219927752,89.3717200962522,95.5013470819749,95.0,0.0,,56.0,,,0.1,,173.24946594,,,28.9155179942938,12.361121250108884,8.129981440018549,273.89386261509867
Slovakia,SVK,2002,100.0,35.70347405985905,97.9762727758847,99.8348565220667,99.0,92.0,,76.0,,,0.1,29.0,254.12765503,7.132,3.201,25.1150899570058,10.044975679668209,7.556373004463067,300.1282581665644
Slovenia,SVN,2002,100.0,17.84445089888145,99.679261121213,99.1116751269035,93.0,93.0,,78.0,,,0.1,24.0,944.87145996,7.171,2.229,23.190173239082,11.29553480160962,8.384455878026197,323.68474389978945
Belarus,BLR,2002,94.9,99.92039649256574,97.8455566770834,91.8772136566358,99.0,0.0,,70.0,,,,110.0,85.97066498,9.767,3.275,30.1968793279745,7.706814750785871,6.5210982500988015,278.4009474284056
Estonia,EST,2002,100.0,38.45476294561525,97.7507016968826,99.75165299687,94.0,0.0,,68.0,,,0.3,83.0,250.48020935,6.319,2.964,17.3042682813066,6.207810839067322,6.311738852897336,322.6210224900498
Latvia,LVA,2002,100.0,63.7788573218947,97.9875163492266,89.3860553955735,97.0,87.0,,69.0,,,0.3,170.0,237.29516602,4.765,2.788,31.591631701475,7.249124152790661,6.5887164607174284,310.6448602430519
Lithuania,LTU,2002,100.0,57.9625755232917,90.5462424491186,85.1946973431147,95.0,5.0,,66.0,,,0.1,156.0,254.36688232,7.792,3.702,27.1992237660939,7.825408399707354,6.674324741746362,294.27607358405754
Republic of Moldova,MDA,2002,70.3,211.8647282181525,83.6512440151413,72.0679189727621,97.0,0.0,,67.0,,,0.6,92.0,33.9242363,5.589,2.33,30.8998289135509,10.685278609600598,7.578320515138349,275.06014407291275
Russian Federation,RUS,2002,100.0,56.73044619564135,96.4240617687704,81.6606940878558,97.0,0.0,,70.0,,4.4,,90.0,140.05729675,7.061,4.676,22.0934384249641,5.064483328542538,5.909736503086947,288.7449203287303
Ukraine,UKR,2002,92.1,152.1081317949505,98.2725981349604,94.6431371878903,99.0,0.0,,71.0,,,,210.0,52.11910248,6.465,2.976,31.3031652173627,9.416784220107765,7.196192820245863,281.75751035111347
Brunei Darussalam,BRN,2002,100.0,42.56892771247085,99.6061361489237,75.1481173800566,94.0,94.0,,74.0,,,,140.0,482.52624512,6.234,1.176,9.79900856182154,26.91963576350928,21.126334278963142,364.4429818291544
Japan,JPN,2002,100.0,17.24573930333425,98.5196139100947,99.9932277433829,96.0,0.0,,77.0,,,,37.0,2412.35131836,8.6,1.976,12.1329776849249,14.700166055752709,10.22680449610662,301.47597053239366
Republic of Korea,KOR,2002,100.0,18.36632499638265,98.7656134279428,100.0,97.0,0.0,,77.0,,,,79.0,536.91662598,3.639,1.5,20.973103782326,12.775425668241176,9.059457377580642,270.55772727215947
Singapore,SGP,2002,100.0,42.56892771247085,100.0,100.0,94.0,0.0,,85.0,,,0.1,62.0,749.44445801,,1.454,19.1323459260381,27.11215647819815,21.266066540593464,364.9999904760674
Australia,AUS,2002,100.0,20.0154253850717,99.7121919885478,99.9920733442082,92.0,95.0,,85.0,,,0.1,6.4,1752.93896484,9.893,2.546,6.39048299480691,16.91881255044822,9.97648002407368,295.59094865993893
New Zealand,NZL,2002,100.0,13.5358072139474,100.0,100.0,90.0,88.0,,82.0,,,0.1,11.0,1250.12634277,9.389,2.124,8.09945527895256,13.387592977162894,9.134280314130322,354.81174180319084
Andorra,AND,2002,100.0,42.56892771247085,100.0,100.0,97.0,92.0,,70.0,,,,7.5,1590.68554688,3.293,3.053,14.6880299711952,8.273254663798184,6.697098833571787,325.0526292665315
Austria,AUT,2002,100.0,21.77620250271235,100.0,100.0,83.0,82.0,,73.0,,,,18.0,2531.61938477,5.881,4.06,20.5951513902197,9.34274045774876,7.436780757444056,327.4484364778035
Belgium,BEL,2002,100.0,17.4486391496769,100.0,99.4849653278491,95.0,86.0,,82.0,,,0.1,15.0,2084.7199707,,2.859,18.279988843942,10.98998727448375,8.353882494257537,350.2196664566956
Cyprus,CYP,2002,100.0,15.14765135676475,99.8807921007244,99.6199751312853,98.0,32.0,,67.0,,,,4.0,890.48297119,3.051,1.87,26.8859116061605,20.26993949054484,11.871882320311697,281.8991801700757
Denmark,DNK,2002,100.0,32.5362766243813,100.0,99.5972442699568,98.0,96.0,,75.0,,,0.1,10.0,2891.71069336,10.56,3.037,13.8490840108028,9.236050767926551,7.716169322820516,359.6437119063801
Finland,FIN,2002,100.0,14.835580880515352,99.9999968734503,99.4481635733416,98.0,96.0,,78.0,,,,11.0,2059.3269043,,2.527,8.72261703000733,4.416175938603955,5.853749973801501,328.9402373460665
France,FRA,2002,100.0,15.89437201659075,100.0,98.66149050435,97.0,87.0,,78.0,,,0.2,11.0,2449.75830078,6.862,3.381,16.7497368006463,12.602534228998447,8.882947496934552,335.7783213803277
Germany,DEU,2002,100.0,18.5363381082252,99.9999978295524,99.2193421952122,93.0,94.0,,80.0,,,,9.3,2557.53564453,9.017,3.338,18.2294992691416,9.867152425489577,7.784979452343146,339.08832463571514
Greece,GRC,2002,100.0,16.2462890310442,99.7919945033005,98.0197252313027,92.0,86.0,,65.0,,,0.1,7.6,1168.82409668,3.527,4.623,25.1631455303145,16.258175098878255,10.136109704392275,295.8704508666652
Iceland,ISL,2002,100.0,17.88147857476545,100.0,98.7963729510366,95.0,95.0,,81.0,,,0.1,2.8,3046.81665039,13.99,3.578,6.17142765495746,4.399386108237645,5.654070133784549,357.6889424865789
Ireland,IRL,2002,100.0,22.3892969030832,96.6839393286038,89.9824305641103,83.0,83.0,,73.0,,,0.1,13.0,2200.35742188,15.3,2.404,11.6700043861585,10.277779099534126,8.115725970230326,364.7448234253204
Israel,ISR,2002,100.0,13.571581943263752,99.9999966748332,99.9999966748332,90.0,91.0,,77.0,,,,10.0,1355.33447266,5.797,3.698,28.1814916219436,21.045587963710783,13.56174304581642,319.3750066549017
Italy,ITA,2002,100.0,17.58241050292775,99.6084844677844,99.8858964413785,93.0,83.0,,76.0,,,0.2,9.7,1762.359375,5.817,9.344,25.84658258487,14.400878815457585,9.866884730458354,326.416280456474
Luxembourg,LUX,2002,100.0,42.56892771247085,100.0,97.6782432463947,99.0,98.0,,77.0,,,0.2,9.5,3600.86743164,7.991,2.256,16.0456369788227,10.316027260287123,7.85185801249821,330.689144278597
Malta,MLT,2002,100.0,18.71746930611515,99.999996839623,99.9488990899102,95.0,84.0,,76.0,,,0.1,5.9,830.64630127,5.38,3.21,15.9841960503247,19.37742784214778,13.16570890163094,346.0395583515741
Netherlands,NLD,2002,100.0,34.8246713946491,100.0,98.0008258449046,97.0,96.0,,77.0,,,0.1,9.6,2544.81347656,7.881,2.553,17.7603665370674,10.887987391132649,8.401929771872743,353.12894532116826
Norway,NOR,2002,100.0,42.56892771247085,100.0,98.0698018240546,93.0,95.0,,76.0,,,0.1,7.2,3889.95947266,14.22,3.218,10.0131694740813,5.965668027963266,6.257609770983858,337.84231986884066
Portugal,PRT,2002,100.0,15.615723661364347,99.2046765501516,97.8834679572702,98.0,94.0,,81.0,,,0.6,58.0,1139.4029541,4.014,3.291,13.2774509635965,15.24680003237654,10.15938936458708,334.3073467852365
Spain,ESP,2002,100.0,13.5061722042167,100.0,99.8203750851097,98.0,97.0,,75.0,,,0.5,26.0,1174.5793457,4.2,3.105,15.7520489542014,15.616313444820394,9.47610164494366,300.7590094565381
Sweden,SWE,2002,100.0,18.32114780048005,99.5085347124105,99.2277089490057,99.0,98.0,,72.0,,,0.1,5.9,2456.70068359,10.7,3.212,9.58072096498382,6.894942561791261,6.710534125506031,343.061588496936
Switzerland,CHE,2002,100.0,42.56892771247085,100.0,99.8809871491783,93.0,91.0,,81.0,,,0.3,11.0,4198.36376953,12.32,3.561,19.0914104029517,9.276758691709269,7.391068821819767,329.9368836800443
United Kingdom,GBR,2002,100.0,15.023543032422053,100.0,99.1282510737863,91.0,91.0,,79.0,,,,13.0,2364.04736328,9.093,2.107,16.3877890369293,10.46324335487959,8.077270366400523,364.1001212518445
Argentina,ARG,2002,96.9,41.9553980135141,96.755473929203,88.6033982942423,93.0,93.0,,75.0,,,0.3,45.0,219.96408081,,,17.9424613527905,16.619636759441295,10.672856697000816,310.4990816436354
Chile,CHL,2002,100.0,44.0484365414225,96.6625859523194,93.8324984055007,97.0,97.0,,66.0,2.5,0.5,0.2,24.0,319.53222656,,0.882,27.120140408603,12.887638723804551,7.846345361065095,268.7619813726294
Uruguay,URY,2002,100.0,48.18741596464235,97.1962111279597,93.5102862936807,95.0,95.0,,74.0,14.7,2.4,,26.0,436.44049072,0.878,3.777,12.4572270141533,17.308664202732594,11.881865979091472,346.5432881790689
Canada,CAN,2002,100.0,22.9087199169408,99.5605310127561,99.869342983024,88.0,88.0,,84.0,,,0.2,7.3,2134.84960938,9.406,1.8969,8.74794195914844,7.057983378409565,6.746295994576539,314.81625608913805
United States of America,USA,2002,100.0,42.56892771247085,,99.8721627429703,94.0,93.0,,80.0,3.1,0.3,,6.8,5327.93701172,10.21,,13.6341124128111,14.15314892088592,9.422913662456672,286.9602471451137
Antigua and Barbuda,ATG,2002,100.0,22.10122651874945,97.5893217683329,86.312524859028,98.0,97.0,,76.0,,,0.6,5.2,559.08331299,,,10.7429183433564,26.280206601579444,19.46662655752937,362.3349844046294
Bahamas,BHS,2002,100.0,15.77312781023685,98.1872158257356,92.9792508409001,94.0,94.0,,79.0,,,2.0,25.0,1021.03601074,,,9.03184659764032,25.2037647382456,18.0783390765367,348.1128778268467
Barbados,BRB,2002,100.0,30.2695737842374,98.1637042945698,90.4184397771151,87.0,66.0,,77.0,,,1.0,1.9,689.30773926,,,12.4473812366362,26.440607849832343,19.89323481927955,365.0000003322477
Belize,BLZ,2002,81.2,94.06453074246816,89.9135823182955,84.0010582579802,89.0,89.0,,65.0,,,1.2,119.0,172.81750488,,,17.692760305697,25.42538771966778,19.32903060279312,361.791446207989
Cuba,CUB,2002,69.85,203.7530656339905,92.0704754889772,81.700801188387,99.0,99.0,,76.0,,,0.1,15.0,213.81524658,7.504,6.001,11.8994944078658,25.59771208480128,18.353873360340977,359.5249962317352
Dominica,DMA,2002,82.0,106.60509547893876,94.5072339611788,66.5539347064993,98.0,0.0,,69.0,,,0.4,2.9,226.86923218,,,13.1888869642395,25.954380348013512,19.508088374661096,364.297937571662
Dominican Republic,DOM,2002,85.4,104.34203141864172,91.7350612908746,77.6989945887233,82.0,43.0,,68.0,11.6,2.2,1.4,100.0,152.86595154,,,14.7725867180919,24.753654900864174,17.602506684649743,356.3287117979594
Grenada,GRD,2002,92.9,94.20787539338036,93.7722677484587,89.5954337141359,98.0,98.0,,73.0,,,,0.92,307.84365845,3.376,0.535,12.4938107145339,26.486558199950043,20.243537357614297,364.9999865585575
Guyana,GUY,2002,100.0,129.959595438636,89.8783543179936,78.4735839467328,91.0,91.0,,62.0,,,1.0,173.0,65.04125214,,,24.3411450326598,26.01497855670962,20.56117531534208,364.5284616107276
Haiti,HTI,2002,2.8,272.28927454945654,56.8689780584715,20.802648871567,51.0,0.0,,34.0,,,2.3,571.0,22.36586189,,,15.6478610174017,25.68115565822722,18.65143178236493,361.5369517866082
Jamaica,JAM,2002,77.5,109.88966900680126,93.4126955865185,80.4900715011556,97.0,0.0,,64.0,8.2,2.4,1.7,8.9,205.3553772,,,19.6164167259559,25.950944454578085,19.446884459602103,364.63426017348365
Saint Lucia,LCA,2002,88.1,75.3297623042969,90.5462084125431,85.0025858792269,74.0,14.0,,68.0,,,0.2,11.0,299.7996521,,0.4391,12.1440832611531,26.44361972615108,19.72392862155544,364.6904163855479
Saint Vincent and the Grenadines,VCT,2002,96.0,96.76384648851696,95.7631065225404,69.8685930812809,99.0,0.0,,69.0,,,1.0,8.8,175.48046875,,,12.5388085365408,26.43576958176304,20.042742745590232,364.9999896558501
Suriname,SUR,2002,78.3,82.21207199732015,89.996030258504,78.6724770234777,73.0,0.0,,65.0,,,1.3,44.0,158.21212769,,,22.8899693139678,26.133659909153863,20.49284157019117,364.1075699079082
Trinidad and Tobago,TTO,2002,100.0,31.871614001225,,,96.0,59.0,,71.0,,,,20.0,324.36880493,2.864,0.791,15.0904616976353,26.171780718694883,20.24536885486814,364.9999983912496
Bolivia (Plurinational State of),BOL,2002,65.0,195.949123752824,82.4311855099011,37.2788771085079,77.0,77.0,,46.0,,,0.3,362.0,43.49106216,,,71.1955453060466,14.777237845404136,9.966067622625008,304.7215659791416
Ecuador,ECU,2002,90.1,116.1597493742956,85.8681168812422,74.2940388985466,88.0,0.0,,66.0,,,0.4,95.0,99.12815857,1.628,0.849,38.3099517263994,18.54079722107097,14.41857381231264,364.34144021734886
Peru,PER,2002,48.5,138.28200736463748,81.9120898487203,66.1134789664025,95.0,40.0,,64.0,,,0.4,295.0,97.6605072,,,60.9884090511047,15.98805236649684,11.448405589148445,339.02398139416226
Colombia,COL,2002,79.8,91.9353333524666,91.5497229084839,77.201981016796,81.0,69.0,,68.0,,,0.5,59.0,132.18363953,0.57,1.321,26.0154728496912,20.420053615365795,14.6496087308373,345.760676020872
Costa Rica,CRI,2002,89.7,75.64201478149275,95.4574835012159,94.1561067618918,94.0,93.0,,78.0,,,0.2,21.0,279.41705322,1.301,,20.4853805006686,21.964775551435004,16.45901781749855,358.89117688853025
El Salvador,SLV,2002,62.3,173.7920606246655,86.6377642417652,80.7798862617498,81.0,81.0,,69.0,,,0.6,52.0,166.81164551,0.859,1.326,35.7339208244734,26.122752523814466,16.718332261492783,261.4490578386047
Guatemala,GTM,2002,39.3,145.7833255457095,88.0390155719247,62.0451166230721,82.0,0.0,,56.0,54.8,1.9,0.4,27.0,107.62042236,,,31.3656402187038,20.595262594486023,13.575377428350198,328.50667697399626
Honduras,HND,2002,33.2,222.572186890206,86.7288882403504,66.5348518759434,95.0,94.0,,56.0,,,0.7,161.0,70.72001648,,,35.5103022431416,23.84500705342661,16.139913363959412,308.6105113308156
Mexico,MEX,2002,83.9,38.1664767834427,92.5226572701038,80.6059707016954,97.0,97.0,,67.0,18.9,2.5,0.2,33.0,385.61471558,2.226,1.529,17.4147706784582,19.423591331083543,11.257386136725652,270.67337480575407
Nicaragua,NIC,2002,36.2,221.81921748544897,,,85.0,,,60.0,,,,98.0,58.15333939,,,25.6798615765626,26.2249031505389,17.733759782370353,290.6021159011542
Panama,PAN,2002,100.0,72.335746544885,90.3289872671352,64.3589021380052,99.0,99.0,,71.0,,,0.8,87.0,308.58657837,1.929,1.343,17.8296298557181,25.46981741197141,19.86249055837589,362.4727578661
Venezuela (Bolivarian Republic of),VEN,2002,97.3,64.36212648047135,96.8735081885788,87.4897434471292,65.0,59.0,,64.0,17.6,4.8,0.4,51.0,,,,25.46337418912,24.873022369768496,17.736830421671883,342.2591722251939
Brazil,BRA,2002,90.1,67.51357124813055,94.1864278135922,75.086752161079,99.0,93.0,,71.0,,,0.3,50.0,248.37753296,3.397,,25.9439153902526,23.39917074609962,15.949960972522517,324.2669279782086
Paraguay,PRY,2002,48.2,114.7540511339705,79.1178795847731,73.3060100380697,87.0,0.0,,64.0,,,0.2,91.0,65.0742569,1.95,1.208,23.7611786482954,22.800596229131497,15.240766817282998,321.1549105002402
Algeria,DZA,2002,97.45,77.6725267948737,89.3436399760295,85.0328039749713,86.0,0.0,,68.0,24.0,9.6,0.1,112.0,66.681633,2.197,1.114,15.0411273853982,17.90868148851097,9.231355509148738,270.09356440782466
Bahrain,BHR,2002,100.0,18.0439359191875,99.9547887625528,99.9474283537501,98.0,98.0,,75.0,,,0.1,45.0,469.15478516,2.806,1.053,54.0853602970119,26.66989326690547,16.34737628889728,263.09828322105085
Egypt,EGY,2002,89.6,127.3861615251432,98.8519309322285,92.4027780839966,97.0,0.0,,74.0,,,0.1,20.0,63.99928665,,,51.8442698872966,22.44622446099185,10.930720899318798,211.97824465363504
Iran (Islamic Republic of),IRN,2002,92.8,61.89703742487215,94.612110469542,79.7155487867345,99.0,0.0,,69.0,,,,40.0,104.64128113,,,35.362362450169,15.743333571188076,5.95709283394845,280.0991713141011
Iraq,IRQ,2002,74.5,107.49965217305252,82.6260373037079,71.6455694675998,77.0,0.0,,62.0,,,0.1,69.0,,,,44.3150200616787,23.92618571551013,6.935374042632481,303.7674421559188
Jordan,JOR,2002,99.8,123.6829370988867,98.4342212914986,98.7679426094807,95.0,95.0,,75.0,11.7,2.5,0.1,9.0,164.75001526,2.672,2.086,24.1994168948282,19.362661894144896,9.783785581978432,213.28512389724696
Kuwait,KWT,2002,100.0,42.56892771247085,100.0,100.0,99.0,99.0,,79.0,3.6,2.2,0.1,38.0,578.41534424,,,56.8932235999752,26.46376542505739,8.79520457464411,270.7230279209322
Lebanon,LBN,2002,,87.1071220495992,85.233296333686,76.9237295197972,77.0,0.0,,63.0,,,0.1,19.0,391.74139404,,,26.9375504045863,18.9990014516829,12.049130194283649,314.48985873204225
Libya,LBY,2002,,19.4335850597604,,90.8507663501639,93.0,0.0,,67.0,,,0.1,63.0,181.7310791,,,23.6369405934109,20.72794973056362,10.663029099694642,269.75293423270193
Morocco,MAR,2002,91.7,163.65665813448948,64.7639532171435,70.1959471768186,94.0,0.0,,56.0,,,0.1,115.0,63.57953644,,,17.3902860144688,18.085209968305698,10.318129518507527,288.9816686518192
Palestine,PSE,2002,,204.7680448485725,93.3711212063226,90.3948305962946,97.0,0.0,,67.0,11.4,2.4,,3.2,118.22906494,,,24.5123651038486,20.7091830700149,12.529671098277529,299.6969875324432
Oman,OMN,2002,100.0,15.5719354736222,85.6294622656884,89.9116284921649,99.0,97.0,,73.0,,,0.1,22.0,274.11166382,,1.513,41.7248672675478,27.476264940408623,13.96493186388782,258.31381398787454
Qatar,QAT,2002,100.0,42.56892771247085,99.9029247892536,99.9365492602027,96.0,96.0,,81.0,,,0.1,89.0,668.85986328,,,94.0591125842585,27.54634754985148,14.718377500328335,231.5099626346377
Saudi Arabia,SAU,2002,100.0,23.08427916605605,99.0755044509286,,95.0,95.0,,76.0,,,0.1,21.0,449.84130859,,,59.1641405359292,26.45355040821654,9.365906624742715,271.90875163961465
Syrian Arab Republic,SYR,2002,98.7,165.41046084061298,91.8997721443818,88.7492874257757,86.0,83.0,,67.0,,,0.1,65.0,62.74715805,1.918,1.435,30.426364608784,17.550162328872354,8.577571925266016,233.47790009727603
Tunisia,TUN,2002,94.7,103.0050890791115,88.1389782075232,79.2381759455373,96.0,0.0,,62.0,,,0.1,44.0,124.64620972,,0.799,22.2279710417573,19.385819392636712,10.929570520797808,268.5898068200334
Türkiye,TUR,2002,91.2,51.1409652231425,92.8175922761901,87.4876884090788,78.0,0.0,,65.0,,,,49.0,181.39144897,1.698,1.371,27.3588850035587,13.598448986454196,8.468343070570912,278.6700970001661
United Arab Emirates,ARE,2002,100.0,42.56892771247085,99.6347999053031,99.1529487950729,94.0,94.0,,74.0,,,0.1,4.9,754.26220703,3.339,1.761,48.9007592225192,27.99171244692145,14.782355841984272,207.66601585507053
Yemen,YEM,2002,55.7,237.997389750982,40.5501471459305,44.0194283654926,65.0,0.0,,41.0,,,0.1,76.0,24.80142403,,,37.0458574241884,23.627242024573462,12.339733313209544,245.0802564664487
Afghanistan,AFG,2002,8.3,348.281224565354,31.8360773279001,23.7347094449173,36.0,0.0,,32.0,,,0.1,197.0,16.70697403,,,49.6187837868913,13.512962518856073,5.444213416808284,259.81577848909336
Bangladesh,BGD,2002,8.3,295.459742574904,94.9052687199245,26.6816894127761,83.0,0.0,,26.0,51.4,12.4,0.1,221.0,9.05402279,,,65.2444384481628,25.204738196065783,18.73351854929141,342.76384887967106
Bhutan,BTN,2002,34.1,201.20827754407705,85.6151812486618,46.6649669760176,86.0,0.0,,47.0,,,0.1,598.0,32.9380188,,,30.8358858199388,20.417625313648458,14.608953414642912,334.353701628638
India,IND,2002,24.9,258.4283417397785,80.7684916224213,19.9645829063411,59.0,0.0,,36.0,,,,320.0,20.15651703,,,51.2544544512511,25.800042502056623,15.551234433180648,268.8120159505413
Nepal,NPL,2002,8.0,305.054624607404,80.8065175847141,19.8888097263775,72.0,0.0,,22.0,,,0.2,393.0,10.46419716,,,43.9354913551095,21.505178671930988,14.8516819303504,317.38010196841753
Pakistan,PAK,2002,25.8,225.524027452785,87.8248146353087,36.5597990039308,63.0,0.0,,37.0,,,0.1,275.0,14.98332214,,,57.8280038864152,24.38504294909844,12.446917795488508,210.71916253067545
Angola,AGO,2002,41.4,222.9632549498635,38.8353924997189,34.7112995930867,47.0,0.0,,30.0,,,1.5,390.0,29.37077141,,,24.0566632119627,21.851987661621184,13.919885530341524,321.31080876340644
Central African Republic,CAF,2002,0.5,341.1359907253895,56.6533336515989,20.5005930190466,44.0,0.0,,23.0,,,7.0,654.0,10.44132614,,,31.7235988537475,25.492755586695008,16.88544385722369,326.4523243014702
Congo,COG,2002,9.2,195.2437280576355,59.1842225873936,12.2942562189499,41.0,0.0,,26.0,,,4.2,532.0,16.99031258,,,38.1830717877932,24.64781946598189,19.08109477263269,364.73586047621694
Democratic Republic of the Congo,COD,2002,1.5,366.344908877281,37.4846118447221,22.8409794207926,38.0,0.0,,25.0,,,1.9,588.0,4.17578602,,,38.7707305217958,23.903687385193965,17.02387190670021,338.9411577239387
Equatorial Guinea,GNQ,2002,19.5,64.7938112686616,52.54199672143,56.7470042992933,39.0,0.0,,23.0,,,,310.0,74.93979645,,,38.0153838309901,24.261607481090945,19.192661339430234,365.0000029020951
Gabon,GAB,2002,67.8,40.4183408980008,81.0600023349324,29.1019683421917,45.0,0.0,,37.0,,,4.8,342.0,132.07215881,,,28.9830225588465,25.011914677604903,19.57991008918961,364.9844647008913
Burundi,BDI,2002,0.3,357.1500612719285,51.3135864667635,46.0714530473161,81.0,0.0,,25.0,,,2.8,205.0,6.46998882,,,36.6463162438684,20.39449261277861,11.70390345078227,244.4462100054507
Comoros,COM,2002,0.8,270.87673161734847,87.4264757809148,27.7107884685143,89.0,0.0,,32.0,,,0.1,47.0,51.12159729,,,11.7566704177952,25.763106002934403,19.174370577579527,364.9999983381773
Djibouti,DJI,2002,4.2,253.513138633732,74.7450869974976,43.8420347636871,62.0,0.0,,32.0,,,3.6,1870.0,39.49966431,0.691,,39.6996117347376,28.39635227591143,17.372437287240924,289.70774580272587
Eritrea,ERI,2002,4.4,296.6664674842869,47.4409244567689,8.98629579771191,90.0,0.0,,27.0,43.0,15.0,2.0,498.0,15.77544498,,0.055,35.228606583568,24.436297263897767,10.649475687824768,232.15097063096195
Ethiopia,ETH,2002,1.0,363.13755535452754,21.8105947283134,3.48709965924687,35.0,0.0,,14.0,,,2.4,437.0,5.14964151,,0.029,23.7744190388863,19.5461120933218,9.890469855307344,250.9065708602965
Kenya,KEN,2002,2.5,267.54602272781,47.0979850578154,25.0346081207823,84.0,84.0,,29.0,,,7.8,534.0,22.28772163,,0.138,20.3545236162742,20.791516787667405,12.631673523940446,292.3851519858245
Madagascar,MDG,2002,1.2,313.649130227135,37.8285452576804,4.72902485932566,62.0,0.0,,16.0,,,0.1,221.0,15.02957344,0.299,0.13,11.7697765848527,20.902622010836847,14.248989307872078,327.92174548737023
Malawi,MWI,2002,2.0,334.757185972281,55.7358012245672,9.35480608724583,64.0,64.0,,20.0,58.3,6.3,14.3,401.0,11.17413807,,,19.2582764489274,21.712182038913863,13.327729593349996,270.29411364129874
Mauritius,MUS,2002,94.4,49.2907393683164,99.403804146101,91.0831578826494,88.0,0.0,,68.0,,,,26.0,132.38633728,,0.961,14.3019528683928,23.962345876027644,16.7160036407809,362.9004787631891
Mozambique,MOZ,2002,2.1,349.805052686908,25.8920562991607,12.6706023887281,76.0,0.0,,23.0,,,9.9,339.0,10.00207806,0.297,,16.3645447100653,23.39000463661195,14.981235051396562,298.9705900360872
Rwanda,RWA,2002,0.1,345.1885763553605,49.1857227790083,47.4611936352188,88.0,88.0,,21.0,,,4.6,193.0,7.32393837,,0.019,36.0537831585831,19.00673679247839,11.342211812603605,268.7965680967688
Seychelles,SYC,2002,100.0,27.934620071717248,93.9131512027555,95.8883384928185,99.0,0.0,,62.0,,,,34.0,340.82293701,,,10.3648146340038,26.27867848351746,20.341602410796828,365.0000105198303
Somalia,SOM,2002,0.4,390.136852583454,28.8628866509847,21.7385524325851,40.0,0.0,,14.0,,,0.2,351.0,,,,19.025605442363,26.91257679035577,16.438968138683745,250.1414658678372
United Republic of Tanzania,TZA,2002,0.7,320.5673032097545,31.1241267343725,6.02169752992319,89.0,0.0,,22.0,,,5.7,509.0,17.0355854,0.368,0.023,22.1530914714233,22.464148834851,13.960962790555294,281.1604783065875
Uganda,UGA,2002,0.8,316.5874868343835,28.8504493952135,15.4966529446954,57.0,29.0,,24.0,,,8.0,256.0,15.74441719,,0.047,30.5515391830957,22.17833229814768,14.261305778275387,322.4528153471663
Zambia,ZMB,2002,14.6,293.703254394476,48.5669310132522,22.413804959209,84.0,0.0,,31.0,52.5,6.2,12.9,695.0,23.19246864,,,23.1074612038561,21.498198458706128,11.666661929244276,226.684970017806
Botswana,BWA,2002,48.2,71.6923724327096,75.9139062526894,55.6040876882088,97.0,0.0,,45.0,,,25.3,901.0,206.11392212,2.376,0.307,18.4313729829953,21.093799511231133,8.881185580067271,203.880662125502
Lesotho,LSO,2002,19.0,293.7289358735595,65.5201920460199,17.0718164332742,85.0,0.0,,32.0,,,22.8,1010.0,23.20003891,,,29.5940988557262,12.195484517204717,7.270166422875742,243.75034365945191
Namibia,NAM,2002,35.2,131.2055942863115,77.0810806268773,28.1968311809375,77.0,0.0,,50.0,,,13.8,1190.0,187.86433411,,,17.821132581929,21.46751930135044,7.839973616208458,292.9150578471151
South Africa,ZAF,2002,60.7,78.98506787353735,86.9757383414211,62.0623724472109,70.0,70.0,,55.0,,,15.1,971.0,179.5135498,0.677,,22.3772160364822,17.76182704050669,9.896947677169,256.56173935114856
Eswatini,SWZ,2002,27.8,132.286634165319,54.4752825791537,51.2776269086054,85.0,0.0,,56.0,,,25.9,1110.0,74.66481781,,,16.6647839844526,19.805202306732,11.855050517550389,285.515846592898
Zimbabwe,ZWE,2002,33.5,228.615133290188,68.2658520764718,44.8209715461033,71.0,0.0,,33.0,,,23.2,617.0,,,,17.6837732370339,20.755734632190435,10.319576358168504,188.80425167444864
Benin,BEN,2002,1.2,284.769829152278,61.7826864714812,9.37391256843619,75.0,0.0,,22.0,,,1.4,78.0,16.9179287,,,40.4228029902921,26.8078554284487,18.726281019400343,339.3416463699021
Burkina Faso,BFA,2002,3.1,325.9943309473245,55.6114304370044,10.0598427351821,69.0,0.0,,17.0,,,1.6,89.0,11.93992615,,,42.7706156784348,28.596595584322746,12.768941610819375,297.35579737520527
Cameroon,CMR,2002,11.8,258.662413550524,57.4955566062435,37.9947075137207,66.0,0.0,,30.0,,,5.7,172.0,31.79577446,,,50.3019887807152,25.01827821026049,15.020728433684685,331.3204769178231
Cabo Verde,CPV,2002,63.0,213.093777156135,79.9527732071617,41.5375071985025,91.0,0.0,,51.0,,,0.7,104.0,69.12203979,,,21.5588769432619,23.404129096632143,16.46242961472345,364.6893606760101
Chad,TCD,2002,2.4,332.62692849973,39.797511560643,9.85770983495689,25.0,0.0,,17.0,,,2.3,124.0,18.01737785,,,43.6200875541725,27.730545531325923,11.426045877329438,315.2418902508034
Côte d'Ivoire,CIV,2002,16.1,224.0790529190695,69.5630827839749,21.3928455958678,65.0,0.0,,25.0,,,6.0,191.0,32.55319595,,,24.6652096974011,25.95192143660503,19.19824426610934,348.73153011524647
Gambia,GMB,2002,3.5,272.5787685186415,73.1874046745589,48.7879556235198,87.0,89.0,,36.0,,,1.8,190.0,35.99459839,,,40.8223861593755,27.62739716340604,15.272545270778432,288.51059280361494
Ghana,GHA,2002,7.6,244.3021783289645,67.2870236576029,6.75045552246998,78.0,80.0,,24.0,,,2.4,212.0,14.30371571,,0.09,35.1593626800221,26.679797497627803,18.70586250529154,338.2257781877084
Guinea,GIN,2002,0.8,296.661615498786,51.2523026990112,10.6114415301292,53.0,0.0,,19.0,,,1.6,144.0,24.83917809,,,28.2763659431737,25.90921872503092,16.529177159893397,307.63366108341603
Guinea-Bissau,GNB,2002,1.2,311.89858441936053,56.0766781223188,5.72910394514667,57.0,0.0,,26.0,,,4.4,245.0,14.02086544,,,33.8435618674549,27.65458749617445,16.62682115428343,281.92200510750405
Liberia,LBR,2002,0.5,345.088927047044,62.8078227070838,12.7650839146354,39.0,0.0,,25.0,,,2.5,186.0,6.59576607,,,18.7396916685535,25.10537871917801,19.16591730851344,351.6907862742714
Mali,MLI,2002,0.8,317.13143967852704,52.6652852945174,19.7478525761063,61.0,0.0,,23.0,,,1.6,78.0,15.89499378,,,36.0044240750241,28.896410735018044,11.981682387834711,305.7094944560784
Mauritania,MRT,2002,32.9,221.7107120496975,43.8234469336447,20.5759918023257,89.0,0.0,,23.0,,,0.7,217.0,25.96999741,,,45.922028221614,28.995374108945217,10.416250472613893,286.98231213657965
Niger,NER,2002,0.9,340.795822935664,38.1115370315666,7.30986882133162,39.0,0.0,,18.0,,,0.6,103.0,10.84433079,,0.033,58.6974976869793,28.38463310309728,10.35479807743958,308.6298882980272
Nigeria,NGA,2002,0.7,272.43166883806146,47.3236744097303,28.6863485385753,25.0,0.0,,25.0,,,2.2,219.0,17.53752899,,,61.7052833837302,26.35817801262177,16.30827925649779,329.5101260361161
Sao Tome and Principe,STP,2002,0.4,270.2694238697715,70.122877439146,23.1391737283234,92.0,0.0,,43.0,,,,220.0,50.61143494,,,15.9952293667633,25.78388069543972,19.915232418182008,365.0000055115607
Senegal,SEN,2002,36.9,262.252162510487,62.0161291286122,38.6343782520626,60.0,0.0,,25.0,,,0.7,180.0,26.46221161,,,43.674232327864,26.48017568289187,14.900645070718191,290.69312601318336
Sierra Leone,SLE,2002,0.1,340.00210413599245,42.3564018737387,8.15825825383365,53.0,0.0,,18.0,,,1.7,580.0,22.29375267,,,21.8891543854993,25.805174489413247,19.472020295862933,345.76453312804045
Togo,TGO,2002,0.5,307.3944514627975,48.548643782428,8.49612982372265,59.0,0.0,,18.0,,,3.6,69.0,14.65135479,,,39.0146897198957,26.69523789537141,18.35940970884047,333.99251618579694
American Samoa,ASM,2002,,69.61483249298865,95.5053008625365,62.2777147044412,,,,,,,,3.5,,,,4.90483414817477,26.975096095829045,21.044411613032864,362.9922914684024
Bermuda,BMU,2002,,42.56892771247085,100.0,99.9749750890177,,,,,,,,0.0,,,,6.09110655241241,22.085658921879325,15.403832504967848,331.12499514550206
Cook Islands,COK,2002,,70.1070984347501,,,,0.0,,,,,,,,,,4.72371587972527,24.76187140000249,17.917628876695147,352.7479647627201
Greenland,GRL,2002,,42.56892771247085,100.0,,,,,,,,,196.0,,,,1.45852928030692,-3.353941368893056,3.41644830945675,316.3534394361008
Guam,GUM,2002,,13.88205830297635,99.4786213288614,89.1010818036241,,,,,,,,72.0,,,,5.1134823230071,27.149078897881115,21.38774183732343,365.00000472012425
Monaco,MCO,2002,100.0,42.56892771247085,100.0,100.0,99.0,99.0,,78.0,,,,0.0,3375.89013672,,,19.432545920594,13.250106875813216,9.296068134932607,336.75000145607373
Nauru,NRU,2002,100.0,144.100951585695,98.3220363514988,64.6688071268665,80.0,0.0,,44.0,,,,50.0,298.91278076,,,5.64475105424255,27.18387357178341,21.51808867362146,365.0
Niue,NIU,2002,,112.51657283348646,,,,99.0,,,,,,,,,,3.91684730714607,25.42590435908096,18.66883534184188,355.57178299372293
Northern Mariana Islands,MNP,2002,,23.5411803795823,96.8627095145188,94.5356560632186,,,,,,,,182.0,,,,4.45892733341922,27.1131904237158,21.241557035717346,362.8553674626679
Palau,PLW,2002,100.0,52.0641389429793,99.3475993941894,92.8439227609951,99.0,90.0,,69.0,,,,56.0,609.03295898,,,8.42959885821439,27.16101543346009,21.440584945654354,365.0000080229642
Puerto Rico,PRI,2002,,13.5190678310856,97.5082061828645,97.9843945961003,,,,,,,,6.5,,,,7.67376705153002,25.462842275806903,18.838451464371644,364.3510328991261
Saint Kitts and Nevis,KNA,2002,100.0,28.18696769838275,98.4748110083788,87.7589758626448,97.0,95.0,,75.0,,,0.4,6.5,465.07720947,,,10.2526679035925,26.27961318766956,19.53529593909961,363.68751545125366
San Marino,SMR,2002,100.0,42.56892771247085,99.9999980365223,100.0,96.0,95.0,,71.0,,,,3.6,2253.21850586,,,17.7582905194713,12.682441566371471,8.966204670381293,329.93749296881896
Tuvalu,TUV,2002,10.4,232.242492712642,98.9600772515552,79.792403408127,98.0,0.0,,59.0,,,0.2,135.0,207.1824646,4.063,0.625,6.17970063679937,27.37999809768754,21.679061008720165,364.5101977389159
United States Virgin Islands,VIR,2002,,13.48561225491645,98.5854274152251,99.0595028659159,,,,,,,,,,,,7.58623685993306,26.28399710502141,19.667121226291247,364.89639952942
South Sudan,SSD,2002,0.3,233.765044507917,,,,,,21.0,,,2.5,,,,,24.7292513427046,28.12251267737756,14.523827518920998,291.6983537536798
Sudan,SDN,2002,10.4,240.165445383813,45.7703695906518,17.3916786977486,60.0,0.0,,27.0,,,0.1,139.0,16.70709991,,,37.3094817719177,28.68816558113742,9.476535120805584,304.9281399913036
China,CHN,2003,44.1,187.150790237432,82.7791612491228,61.8436136467816,86.0,0.0,,66.0,,,,97.0,56.54468155,0.978,1.185,45.7397469955709,15.046255578252792,10.873613523475209,299.40684092361835
Democratic People's Republic of Korea,PRK,2003,2.1,297.040133226927,99.3017595191265,75.2058209642884,68.0,0.0,,71.0,,,,,,3.878,3.097,26.3153935292367,9.750744021164268,8.217255090318789,288.6754463273374
Taiwan,TWN,2003,,13.37141283266145,,,,,,,,,,,,,,25.3830196198821,22.023433748398283,16.018970341867536,358.495976018652
Cambodia,KHM,2003,5.2,305.206473992553,56.9174716552401,16.4957664710748,69.0,0.0,,31.0,,,1.1,728.0,25.00667191,,,25.8067525314098,28.125140168906245,19.639940652507523,285.3182661154705
Indonesia,IDN,2003,11.0,147.3667009216005,78.7445787552337,47.4821079251045,71.0,0.0,,46.0,,,0.1,366.0,25.51065636,0.8,0.131,24.1865400529461,25.686640642479272,19.534746152572687,362.15963313961066
Lao People's Democratic Republic,LAO,2003,1.7,269.629074569195,54.8653838022074,37.3258889602635,49.0,0.0,,37.0,,,0.1,293.0,17.59125519,,,35.4440477654082,22.982947433085634,16.7897650672068,352.68389565415424
Malaysia,MYS,2003,98.2,36.8072399375854,96.421011641098,93.6245544667529,96.0,0.0,,72.0,,,0.4,121.0,142.21202087,2.246,0.737,21.2930201518658,26.347732261261005,20.49153807123116,363.9517300414357
Maldives,MDV,2003,52.0,75.34297362165455,95.0207841451374,79.6500594890905,98.0,0.0,,58.0,,,0.1,129.0,240.54026794,,,20.7024177072528,27.300316191226567,20.90214745102379,364.99999781397264
Myanmar,MMR,2003,2.8,314.3081078207935,51.870427267256,65.1163596898644,78.0,0.0,,38.0,42.7,11.7,0.8,552.0,6.57480383,,,41.6103250812711,25.260449039071368,17.563738617188218,310.9258733291488
Philippines,PHL,2003,39.9,182.971840316088,87.6160741981153,65.8768513398554,84.0,0.0,,57.0,33.4,5.8,0.1,559.0,31.60413551,4.153,1.201,32.0703382296126,26.27445400985376,20.308350364010423,364.5415247911324
Sri Lanka,LKA,2003,18.5,153.0503400205755,84.4762345244091,79.2069755512289,99.0,0.0,,63.0,,,0.1,125.0,40.82443619,,,31.4030354816637,26.21679515177738,19.95002683625433,357.7609811360901
Thailand,THA,2003,64.4,79.60234641219455,94.8543257310885,92.9418411854686,98.0,0.0,,71.0,,,2.1,240.0,76.13368225,,,32.5589750251249,27.250023637715667,19.33929353401768,333.103485126836
Timor-Leste,TLS,2003,1.5,290.8733906289395,51.3108607473429,21.2656644837503,55.0,0.0,,32.0,54.8,14.3,0.1,1070.0,15.18759537,,,15.1164512911254,24.78554566513781,17.97193132936815,358.76370232625624
Viet Nam,VNM,2003,22.2,238.313462279466,83.1297312995414,55.0019694498601,99.0,0.0,,56.0,35.4,10.8,0.3,278.0,24.88381386,,,36.0545561365113,25.196786278154097,18.9969083698296,355.5235704349562
Fiji,FJI,2003,28.8,110.91236730028668,94.8927029314255,88.3372852839181,94.0,99.0,,61.0,,,0.1,51.0,86.09690094,1.916,0.439,7.13613433410344,24.687358384489112,18.138385376443583,358.5055640409696
Kiribati,KIR,2003,1.0,288.243898555418,59.3399106669223,32.3289642125859,70.0,0.0,,34.0,,,,1220.0,102.43731689,,,5.02460847614319,27.51728176958161,21.030800709145343,364.9999987134616
Marshall Islands,MHL,2003,16.8,234.450191616096,88.6522614448274,75.2357419905979,68.0,70.0,,66.0,,,,311.0,338.22610474,,,4.81262672360548,27.0617348492581,21.23884698483548,365.0000129066832
Micronesia (Federated States of),FSM,2003,10.9,239.3642483891195,91.4339428480299,37.3119555530347,92.0,68.0,,48.0,,,,304.0,208.84524536,2.3408,0.534,4.67582189197791,27.15075095170912,21.399325638670703,365.0000049387437
Papua New Guinea,PNG,2003,5.7,244.79407011272,29.7361017887769,16.1896215101361,68.0,0.0,,24.0,,,0.8,810.0,21.9858036,,,14.0011088101588,21.889571327138768,16.99081032594314,364.912743923241
Samoa,WSM,2003,20.3,199.840008357327,87.2517446333924,91.9541841185767,90.0,0.0,,59.0,,,,15.0,81.95996094,1.672,0.27,5.07343834233738,26.35743197073812,20.607223369367578,364.8274581805232
Solomon Islands,SLB,2003,8.4,283.2088456354115,76.9282622438296,22.4348909969671,84.0,0.0,,39.0,,,0.1,249.0,53.52047729,1.351,0.129,9.68932619661834,26.436864930279928,20.939353295337423,364.8513773326
Tonga,TON,2003,41.8,180.246042570807,98.540184845287,89.200794074455,98.0,0.0,,66.0,,,,15.0,68.05188751,,,5.01587510794916,24.179799484886743,17.131128684279215,345.9766703950017
Vanuatu,VUT,2003,13.5,261.68844524801705,85.4615236094249,54.8742326769124,69.0,0.0,,46.0,,,0.1,214.0,54.93638229,,,9.27379807866516,25.32863859618157,18.447374221718512,354.3391035629986
Armenia,ARM,2003,87.1,192.651208696444,96.3451158105318,88.6878398317561,94.0,0.0,,59.0,,,0.1,120.0,66.31577301,4.904,2.439,30.1806671919397,7.274329281569175,6.125940385803013,285.0837685430546
Azerbaijan,AZE,2003,80.0,193.888394015058,78.3004156072873,71.514349403103,77.0,0.0,,54.0,,,0.1,145.0,23.62244987,8.254,3.534,22.5103069788787,12.770235960406234,8.887638031761316,314.34855186855066
Georgia,GEO,2003,50.4,188.083792616722,94.4532594161548,77.2078100471997,75.0,0.0,,64.0,,,0.1,211.0,80.6542511,4.392,3.97,19.2640781060563,9.045185491050884,7.546534872214991,332.9890198995189
Kazakhstan,KAZ,2003,87.1,77.79976464422614,91.1852959284243,96.9502145771284,99.0,0.0,,77.0,,,0.1,225.0,72.90396881,6.401,3.468,16.9890928261428,7.91988849994752,6.045433404388938,248.44345696411384
Kyrgyzstan,KGZ,2003,58.5,252.3786140627055,82.2273533172738,93.1829301574786,98.0,0.0,,71.0,,,0.1,299.0,21.68980598,6.633,2.081,21.0527203007801,9.239225942139104,6.222861028444054,243.40341211020265
Mongolia,MNG,2003,24.7,196.7325834351715,66.5727730993556,45.0591791576731,98.0,0.0,,62.0,,,0.1,428.0,27.18718147,,2.632,30.8495443826772,-0.5311339553413494,3.811225390652956,234.1030015388968
Tajikistan,TJK,2003,47.5,305.5175524539415,59.9206871400257,92.2869078236657,85.0,0.0,,67.0,42.4,5.9,0.1,194.0,10.97546482,3.502,1.906,21.4437232735728,10.71889139934172,6.470613315518644,220.09822792665523
Turkmenistan,TKM,2003,99.6,146.058943650347,91.1770647124339,93.2921017323084,83.0,0.0,,77.0,,,,172.0,199.93019104,7.546,2.551,27.8621886134908,14.927539844253538,6.962731199462578,255.74227011257483
Uzbekistan,UZB,2003,84.2,194.8021276464405,88.7725462000596,93.8505894484885,98.0,0.0,,79.0,,,,167.0,25.61911011,10.79,2.786,33.7027587296375,14.303369000304034,7.194034211821781,231.26291664019743
Albania,ALB,2003,45.4,157.239890406082,87.9871911194175,91.1654528669664,97.0,0.0,,55.0,,,0.1,20.0,105.43667603,3.604,1.186,25.4207582977575,13.154302329004931,8.637351368561657,270.5935123796072
Bosnia and Herzegovina,BIH,2003,51.0,136.24198402913152,97.1423004507177,95.1088597606974,87.0,0.0,,55.0,,,,84.0,168.42216492,4.353,1.33,42.1816563952014,11.00966543841671,7.624319674842951,273.8340560311734
Bulgaria,BGR,2003,,79.699027759521,99.6504220277504,85.8571204076455,96.0,0.0,,63.0,,,0.1,77.0,195.74369812,4.242,3.604,32.8668087120493,11.234016505519987,7.889958797974248,281.31027911363736
Croatia,HRV,2003,100.0,36.9450917561173,98.8729620215358,98.0735685776892,94.0,95.0,,70.0,,,0.1,46.0,511.99743652,5.195,2.512,29.1399150887477,12.499154019154725,8.240932391749821,253.3371496252617
Czechia,CZE,2003,100.0,19.75118763107995,98.0470367968107,99.0268406201915,97.0,97.0,,79.0,,,,15.0,640.66040039,8.406,3.509,24.8173311965406,9.196627649198517,6.726934950651307,275.0444490294781
Hungary,HUN,2003,100.0,30.0371612534142,94.8298573084003,98.0362810525522,99.0,99.0,,74.0,,,,40.0,682.86566162,5.984,3.783,25.8154815283458,10.777606073842357,7.281041988362223,243.14564407798497
North Macedonia,MKD,2003,58.8,99.3680478364992,96.7722873788314,88.5757736884035,96.0,0.0,,58.0,,,0.1,63.0,214.29603577,3.476,2.137,35.068044658111,11.07554579643543,7.045170959501915,252.18704781435565
Montenegro,MNE,2003,66.8,90.53425695760517,,,,,,66.0,,,0.1,,,,1.798,28.8929929695598,11.25148948424976,7.952879237265238,281.7760162957125
Poland,POL,2003,100.0,42.23286739505905,,89.5946791670526,99.0,0.0,,69.0,,,,40.0,339.33520508,5.299,2.434,30.5786482443409,8.422965971314438,6.954945952062626,309.1156321980914
Romania,ROU,2003,100.0,75.1412517571884,100.0,74.1452194428032,97.0,0.0,,65.0,,,0.1,202.0,143.54553223,5.574,2.007,27.7344484869386,9.313170342729174,7.092485744128238,286.02694060421
Serbia,SRB,2003,60.6,102.1158577738778,89.3482829983993,95.5005404334771,89.0,0.0,,57.0,,,0.1,,230.08865356,5.834,2.707,31.2167889740449,11.621615521255276,7.619962021520079,258.441906047145
Slovakia,SVK,2003,100.0,33.47189134598775,97.9731193457204,99.6609124436808,99.0,99.0,,76.0,,,0.1,28.0,344.47335815,6.802,3.148,26.1165488860349,9.561899362337178,6.910528524882656,266.2223624105717
Slovenia,SVN,2003,100.0,16.914355585699198,99.6742769821555,99.1116751269035,95.0,95.0,,78.0,,,0.1,20.0,1203.06359863,7.38,2.251,24.3887677497259,10.94022380079596,7.834937301622808,283.9583377916789
Belarus,BLR,2003,95.6,94.57950416213544,97.8422351567313,91.8592816297479,50.0,0.0,,70.0,,,,124.0,108.51013947,9.661,3.303,24.1332539050172,6.651261428032193,6.555641314952298,321.5686219732421
Estonia,EST,2003,100.0,34.262886083860195,97.8940454048991,99.7067384625393,94.0,0.0,,69.0,,,0.4,78.0,368.97955322,6.43,2.996,14.7439135672487,5.7518370324312285,6.45137230544735,340.4663422490581
Latvia,LVA,2003,100.0,57.542030725448896,98.0218970345515,89.5263556907713,98.0,96.0,,69.0,,,0.4,156.0,280.50878906,4.916,2.83,27.4218843685399,6.639394235593477,6.676792768997269,334.9495620609107
Lithuania,LTU,2003,100.0,51.8024647830504,90.9963592646398,85.6598602645547,94.0,10.0,,67.0,,,0.1,164.0,338.86306763,7.654,3.669,23.6662642179754,6.979678044307304,6.66877010788462,327.8971037478684
Republic of Moldova,MDA,2003,74.3,210.0973419540685,83.9834832387718,72.4845086683778,98.0,0.0,,67.0,,,0.6,106.0,38.43836975,5.489,2.326,25.0477042163654,9.764663968511352,6.999336284652659,267.2924542918446
Russian Federation,RUS,2003,100.0,52.7700195363164,96.4392520827246,81.6655198787968,96.0,0.0,,70.0,,2.9,,88.0,163.31135559,7.096,4.705,19.8751836902862,4.8076440467249935,6.077087792036132,312.6095373766455
Ukraine,UKR,2003,92.5,147.031414840539,98.2640372395686,94.771552584454,97.0,0.0,,72.0,,,,213.0,67.87039948,6.48,2.964,26.5597111510937,8.241617149939064,6.779950946960284,295.3632505788312
Brunei Darussalam,BRN,2003,100.0,42.56892771247085,99.6286928791924,76.3647527813482,92.0,92.0,,75.0,,,,116.0,545.55560303,,,9.36342811202869,26.779875849305306,21.09161098590868,365.0000075402318
Japan,JPN,2003,100.0,17.6717701456922,98.5196139100947,99.990958774172,97.0,0.0,,78.0,,,,35.0,2650.23852539,,,11.8142312622199,14.350753240066528,10.323105463181076,316.8170184188274
Republic of Korea,KOR,2003,100.0,17.0571243093462,98.7656134279428,100.0,97.0,0.0,,78.0,2.5,0.9,,83.0,684.79833984,3.598,1.579,20.7471997803811,12.706368910780238,9.303554636500069,278.3801609727552
Singapore,SGP,2003,100.0,42.56892771247085,100.0,100.0,96.0,0.0,,86.0,,,0.1,63.0,851.10961914,,1.521,17.1859053816285,27.117877828530585,21.30105411697201,365.0000120623475
Australia,AUS,2003,100.0,22.84368420504805,99.7343601568019,99.9925295843797,93.0,95.0,,86.0,,,0.1,5.9,2227.12768555,9.888,2.615,6.49076746289862,16.757671373471894,10.212749722564403,306.6050922583833
New Zealand,NZL,2003,100.0,13.40937442546165,99.9999984462731,99.9999984462731,90.0,85.0,,83.0,,,0.1,14.0,1610.73034668,9.077,2.177,7.83404860464787,13.395276506560164,9.255563558154003,355.7985647628083
Andorra,AND,2003,100.0,42.56892771247085,100.0,100.0,99.0,91.0,,70.0,,,,16.0,1888.13574219,3.094,3.511,14.9775602631261,8.687575292507669,6.881444065705315,316.09525204894965
Austria,AUT,2003,100.0,24.175435050178898,100.0,99.9983790003902,84.0,84.0,,74.0,,,,16.0,3122.31201172,5.887,4.144,21.2029287837817,8.988550308054378,7.037250075299139,300.6886886306136
Belgium,BEL,2003,100.0,18.73572205408875,99.9999968589093,99.4851241629527,95.0,87.0,,82.0,,,0.1,13.0,2822.50341797,5.829,2.857,20.5488521754402,10.81704647369467,7.944947687224802,333.26367907608
Cyprus,CYP,2003,100.0,14.6357293181431,99.8771500644463,99.6136877795187,98.0,58.0,,67.0,,,,6.4,1145.05847168,3.07,1.851,28.1603681117337,20.18720447043652,11.770309811211922,281.5765617088118
Denmark,DNK,2003,100.0,37.015519934893554,100.0,99.5972440111371,96.0,96.0,,76.0,,,0.1,10.0,3602.28295898,10.47,3.081,15.2726869757935,8.735626290950968,7.449640100053401,352.5475454930828
Finland,FIN,2003,100.0,15.9164221504214,100.0,99.448158371648,98.0,96.0,,79.0,,,,9.8,2613.84570313,,2.564,9.391679224902,4.338241156598073,5.971825217139426,337.0911732904486
France,FRA,2003,100.0,16.64505408957025,100.0,98.6607322407196,97.0,87.0,,79.0,,,0.2,12.0,3006.3059082,7.295,3.396,18.6509465537679,12.903937968273462,8.666764722100146,300.57231487645265
Germany,DEU,2003,100.0,19.60735485760015,99.9999979068126,99.2199547418402,97.0,93.0,,81.0,,,,9.4,3139.36328125,9.207,3.369,18.9082772364592,9.845971770005402,7.157213436954382,298.8939946563842
Greece,GRC,2003,100.0,15.3563144439703,99.8092301885099,98.0930878671239,94.0,86.0,,66.0,1.5,1.5,0.1,7.8,1566.40979004,3.547,4.783,26.5354031822727,16.185245346017425,9.854461697656747,272.95706675423145
Iceland,ISL,2003,100.0,19.4222667196461,100.0,98.7949491900819,97.0,97.0,,82.0,,,0.1,1.7,3839.6940918,14.38,3.615,6.48215327039167,5.205714009270645,5.965570572377894,360.02240893289274
Ireland,IRL,2003,100.0,31.8552113205846,96.7038676944039,89.9700431850216,86.0,86.0,,74.0,,,0.1,14.0,2910.93212891,14.77,2.572,14.0645339747037,10.2949006014951,8.085479994984151,364.1675691870694
Israel,ISR,2003,100.0,13.52615643996555,99.9999972968458,99.9999972968458,93.0,93.0,,78.0,,,,9.9,1384.18737793,5.664,3.699,30.6590547395971,20.776916198263912,13.37351758589376,319.56250124445666
Italy,ITA,2003,100.0,18.58171439689195,99.6341969349767,99.8858746241475,96.0,90.0,,76.0,,,0.2,11.0,2160.91210938,5.454,3.604,27.5041370051308,14.762690362502308,9.553936234930674,282.1860611256872
Luxembourg,LUX,2003,100.0,42.56892771247085,99.9999960556072,97.6734276628199,98.0,98.0,,77.0,,,0.2,16.0,4607.40283203,9.188,2.377,17.5314149054613,10.363260159603602,7.442461351092741,303.83326101525887
Malta,MLT,2003,100.0,17.600616393235597,100.0,99.9487652290629,94.0,84.0,,76.0,,,0.1,1.7,1082.75085449,5.375,3.072,17.5741764860216,19.861753110288152,13.715645956642312,349.9877395758353
Netherlands,NLD,2003,100.0,41.46074760704055,100.0,97.971318587799,98.0,97.0,,78.0,,,0.1,9.2,3244.35644531,8.054,2.594,19.3998595246036,10.651957718057949,7.963326052736315,340.787670648409
Norway,NOR,2003,100.0,42.56892771247085,99.9999988019394,98.0687468260808,92.0,94.0,,77.0,,,0.1,9.5,4632.56835938,14.68,3.23,10.8244506964839,5.982127736894483,6.211627405029525,339.2999538682705
Portugal,PRT,2003,100.0,15.20404096802665,99.1944200706602,97.9973101774028,99.0,99.0,,82.0,,,0.6,52.0,1443.37792969,4.194,3.342,14.1420647721118,15.537847300677836,10.15959873258944,328.9993723192509
Spain,ESP,2003,100.0,13.38182172592235,99.9999999264819,99.8274307046271,98.0,98.0,,75.0,,,0.5,33.0,1648.05712891,4.413,3.2,16.1634030933099,15.968135080090748,9.638352077124834,298.8815060248608
Sweden,SWE,2003,100.0,20.44270082276105,99.5206514635942,99.2051754500928,99.0,99.0,,73.0,,,0.1,6.1,3107.48876953,10.81,3.283,10.6157557408448,6.5480938289359285,6.620931250018564,341.6027436295024
Switzerland,CHE,2003,100.0,42.56892771247085,100.0,99.8810032241511,93.0,91.0,,82.0,,,0.3,10.0,5005.11816406,12.85,3.658,20.6635083905936,9.552509269507114,6.999839844673456,282.3959181479702
United Kingdom,GBR,2003,100.0,16.05255194220935,100.0,99.1269711322852,91.0,91.0,,80.0,,,,13.0,2773.99414063,9.334,2.194,19.3544864435061,10.3865642656511,7.862442080315155,354.7953223038161
Argentina,ARG,2003,97.2,42.8561519091753,96.9824151631383,89.0695612672158,96.0,96.0,,76.0,,,0.3,41.0,261.2038269,,,18.4432572840448,16.647938979695315,10.142810831506337,292.59396056388874
Chile,CHL,2003,100.0,42.494349126731805,96.7800041993786,94.1786535457262,96.0,96.0,,67.0,2.5,0.5,0.2,21.0,346.1635437,,0.936,27.1125957112241,13.259298637590856,7.947904276455453,267.33702111389294
Uruguay,URY,2003,100.0,49.67598168031275,97.2666556458584,93.5306773335471,91.0,91.0,,75.0,17.2,1.7,,31.0,383.55554199,,,12.5164773631916,16.87416694199998,11.192235826590872,334.2827202522517
Canada,CAN,2003,100.0,26.0459535760051,99.5616379756981,99.8698601366665,91.0,88.0,,84.0,,,0.2,6.9,2534.86474609,8.468,,8.85367536363244,6.255104359116146,6.633546501436964,317.7421530186307
United States of America,USA,2003,100.0,42.56892771247085,,99.8718811730402,96.0,94.0,,81.0,,,,6.6,5732.24365234,10.1,,13.320015301999,13.639883132474711,9.429426112910846,296.2863226083327
Antigua and Barbuda,ATG,2003,100.0,21.53348902828245,97.6549763744198,87.0891468581108,99.0,97.0,,77.0,,,0.6,1.3,613.65112305,,,9.61991777811975,26.354126228011875,19.69049601502297,364.99765539007865
Bahamas,BHS,2003,100.0,16.74872409739885,98.2455270095165,92.9779436159161,92.0,93.0,,80.0,,,1.9,19.0,1062.43786621,,,8.65521337788781,25.1891413242691,18.14159136734869,338.89799159486336
Barbados,BRB,2003,100.0,29.82937611281205,98.2112724112608,90.8072209171617,89.0,88.0,,78.0,,,1.1,3.3,808.06054688,,,11.3845666281254,26.49461163494464,19.93133598340552,365.0000141846261
Belize,BLZ,2003,81.9,90.59623744435154,90.1598864955055,84.0038792244829,96.0,96.0,,65.0,,,1.3,80.0,175.13619995,,,18.6613249021124,25.558670657351964,19.27294364209763,357.1290986477927
Cuba,CUB,2003,72.9,196.852832579363,92.2115760300604,81.8877194696665,72.0,99.0,,76.0,,,0.1,13.0,227.49208069,,6.068,11.1213562690059,25.73940736456172,18.25338187954551,352.1770707626133
Dominica,DMA,2003,82.9,104.7350600627581,94.6298513844787,67.8096156313715,99.0,0.0,,69.0,,,0.4,7.6,242.78863525,,,11.9088660595512,26.03883275998088,19.63334469405066,364.8496077940864
Dominican Republic,DOM,2003,86.0,100.95400508935415,92.1383561014256,78.3032583035324,79.0,75.0,,68.0,,,1.4,113.0,104.59856415,,,14.4240890704979,24.737324595100432,17.953958978458363,358.61542470067275
Grenada,GRD,2003,93.1,88.72484188636736,94.0045827180272,90.1052474021992,97.0,97.0,,74.0,,,,1.8,286.90512085,3.361,0.533,11.4623917162846,26.54287675223561,20.315939845557697,364.9999996354308
Guyana,GUY,2003,100.0,126.47298528107,90.1473891418165,79.0141225779314,90.0,90.0,,62.0,,,1.1,171.0,68.19880676,,,25.1729778182659,26.220036443748487,20.47398436413517,364.3945192205583
Haiti,HTI,2003,3.0,271.7664563654,58.0834240924689,21.4706205681824,54.0,0.0,,34.0,,,2.2,562.0,18.60943604,,,15.0843084958859,25.71949201132344,18.90370484318013,362.2101127226615
Jamaica,JAM,2003,79.0,108.66447746817406,93.5916605668837,80.5402961444726,94.0,35.0,,65.0,,,1.7,9.5,177.21534729,1.647,0.848,19.6410892247708,26.04413283811758,19.58213874867468,364.26040516262094
Saint Lucia,LCA,2003,89.7,73.85667411890765,90.8572851699581,85.0242495780866,90.0,84.0,,69.0,,,0.2,9.2,317.27593994,3.037,0.4673,11.1471366066076,26.495351910594504,19.813021831844875,364.9999990373721
Saint Vincent and the Grenadines,VCT,2003,95.8,92.549490096067,95.9211890736685,71.4550338353597,99.0,27.0,,70.0,,,1.0,12.0,178.1368866,,,11.5921241801349,26.49760410944388,20.12921164466184,364.9999842979451
Suriname,SUR,2003,79.6,79.23182606787665,90.4599421429217,78.9935674670335,75.0,0.0,,67.0,,,1.3,44.0,166.88664246,,,23.6515119797483,26.46494133972904,20.309176958333087,364.3960509044698
Trinidad and Tobago,TTO,2003,100.0,27.5897309822998,,,91.0,92.0,,71.0,,,,20.0,358.59500122,2.973,0.775,13.7894513000856,26.324375243620825,20.275635494281843,364.99999927229646
Bolivia (Plurinational State of),BOL,2003,66.0,194.313230931065,83.0130635028599,38.442320447364,88.0,80.0,,47.0,32.4,1.7,0.3,342.0,46.41044998,,,65.23851093935,14.624910709043547,9.58568995944488,296.6606468349796
Ecuador,ECU,2003,90.9,114.75925912997346,86.3770590659093,74.8765406550674,87.0,54.0,,66.0,,,0.4,105.0,134.12744141,1.523,0.808,38.2344207929529,18.38117543528815,14.307697627907846,364.73031707185226
Peru,PER,2003,51.7,135.4217071758655,82.6488673555992,66.8103000461573,94.0,41.0,,65.0,,,0.4,245.0,97.352211,,,59.6143294747596,15.912751739108366,11.21370873555922,333.73944148037003
Colombia,COL,2003,80.6,91.6625291183128,91.857192440764,78.094433998105,92.0,93.0,,69.0,,,0.5,56.0,129.71965027,0.599,1.352,27.5160133039776,20.32605747747174,14.682874098092295,347.66540029080016
Costa Rica,CRI,2003,90.1,73.47097109237735,95.8356618938296,94.3814516576699,88.0,88.0,,78.0,,,0.2,21.0,290.83309937,1.381,,20.7210825928484,21.9090737128859,16.70607225395752,360.7429150559525
El Salvador,SLV,2003,64.1,170.055291541004,87.3748691864792,81.1318629459244,94.0,94.0,,70.0,24.6,1.3,0.6,43.0,171.59013367,,,36.2599019798782,25.93786830874789,17.240293644950288,290.51914522737485
Guatemala,GTM,2003,38.6,143.92290374491148,88.2966588690078,62.5094447172638,84.0,0.0,,57.0,,,0.4,24.0,113.38285065,,,33.0730990005716,20.685137325186133,13.8438520796832,330.5609872725497
Honduras,HND,2003,34.7,221.308169974505,87.2031545778508,67.5560751753573,92.0,91.0,,57.0,,,0.7,133.0,79.65468597,,,37.3740532889195,23.823590050388496,16.555456888963608,321.681896653073
Mexico,MEX,2003,84.3,37.4004257547963,92.996063481636,81.2915094361491,98.0,98.0,,67.0,,,0.2,34.0,411.83197021,2.139,1.58,17.6968964790796,19.49690885366761,11.263800601863204,277.7363060792123
Nicaragua,NIC,2003,37.2,219.407659450832,,,86.0,,,60.0,,,,102.0,62.13036346,1.125,0.392,26.4224562069187,26.282380763728177,18.10015903122296,303.90417226422494
Panama,PAN,2003,100.0,70.03005314330335,90.6583978938369,65.4227494263176,98.0,98.0,,72.0,23.7,1.6,0.8,85.0,303.45755005,2.212,1.348,19.2994488785894,25.36468662434207,19.86168721951968,362.8719661773959
Venezuela (Bolivarian Republic of),VEN,2003,97.25,67.06336155478715,96.6964133286213,88.0350355737115,68.0,54.0,,65.0,17.7,5.2,0.5,52.0,,,,25.8588301883442,25.11119985609493,17.972204724400523,336.07505704316844
Brazil,BRA,2003,90.7,66.7168998357644,94.4949101012948,75.9322033943991,99.0,94.0,,72.0,,,0.3,51.0,253.08970642,3.684,,27.3498607654224,23.099887467952925,15.618025203876314,320.2313817819073
Paraguay,PRY,2003,48.7,114.02464293303076,80.3547889975801,74.4672620916261,86.0,86.0,,65.0,,,0.2,92.0,70.85758209,,,26.5363474908823,22.35799338160592,14.422212601028118,308.5616844408859
Algeria,DZA,2003,97.8,73.4911958436992,89.5151088113819,85.2991661888618,87.0,0.0,,68.0,,,0.1,112.0,75.9513092,,,14.1342155491004,18.09650716253037,9.791829141464808,289.5228439039198
Bahrain,BHR,2003,100.0,20.05346051518915,99.9528504435767,99.9514478296503,97.0,97.0,,75.0,,,0.1,56.0,530.5446167,2.712,1.006,72.0270349169906,26.356410697668284,16.49529293314574,273.427990979876
Egypt,EGY,2003,92.1,123.32968438248017,98.7813193917479,92.6169160199968,98.0,0.0,,74.0,20.2,5.2,0.1,19.0,50.34780884,,0.494,61.1019097323142,22.1682092545968,10.661162381569866,205.73084512087863
Iran (Islamic Republic of),IRN,2003,93.7,56.99738664832515,94.806889129544,80.4456337712598,99.0,0.0,,69.0,,,,38.0,115.51907349,,,38.5541278060393,15.484281051102174,6.080985257458948,278.4058750854618
Iraq,IRQ,2003,78.8,110.36894911929,83.5154009333644,72.2138771289347,75.0,0.0,,62.0,33.7,5.6,0.1,66.0,26.98275757,,,47.4418587296722,23.880072413564,6.8630635720079125,310.38320332456
Jordan,JOR,2003,99.8,120.1229966235575,98.4635783696491,98.6486747174721,97.0,97.0,,75.0,,,0.1,8.9,161.87841797,2.819,2.155,28.4351735211196,19.230241502181112,9.557914734990474,217.3944734532538
Kuwait,KWT,2003,100.0,42.56892771247085,100.0,100.0,99.0,99.0,,79.0,4.0,2.6,0.1,36.0,626.35095215,,1.9,66.9381193644789,26.46715892900222,8.775610830782856,281.4603012660096
Lebanon,LBN,2003,,83.60629462445576,85.6913550539682,78.2329078327086,74.0,74.0,,63.0,,,0.1,16.0,373.35971069,,,28.0332251190609,18.829307631730305,11.978134823390246,316.16912591811945
Libya,LBY,2003,,18.839817187573,,90.7438745180328,95.0,0.0,,67.0,,,0.1,64.0,189.72729492,,,25.3647347773243,20.82484072129141,10.907269424882749,267.8610671388011
Morocco,MAR,2003,92.4,160.71161074743,66.063149921039,71.3611031579094,91.0,0.0,,56.0,23.1,10.8,0.1,102.0,77.74629211,,,17.4058908217094,18.277244383046725,10.61052603518833,297.30355538447054
Palestine,PSE,2003,,208.4029518848285,93.8579862818772,90.4499080847933,98.0,0.0,,67.0,,,,2.1,111.62216187,,,27.0131703896589,20.46729191563213,12.286306799748342,294.89733231101445
Oman,OMN,2003,100.0,16.591484736079,85.6251514284285,90.6708884910228,99.0,99.0,,73.0,,,0.1,19.0,290.38589478,,1.576,46.1256283881511,27.34227966685437,14.34862775855863,265.39917903332423
Qatar,QAT,2003,100.0,42.56892771247085,99.9029247892536,99.9365492602027,92.0,92.0,,82.0,,,0.1,84.0,1115.45336914,,,124.657449236908,27.47549893317044,15.006400124412348,227.0262648849888
Saudi Arabia,SAU,2003,100.0,24.14575595902175,99.0738918579441,,95.0,95.0,,77.0,,,0.1,19.0,457.08770752,,,71.5848754228878,26.68716219777706,9.529715756745157,276.995608020714
Syrian Arab Republic,SYR,2003,98.8,166.4056274479575,92.0391528942306,88.9036732275118,85.0,82.0,,67.0,,,0.1,62.0,59.87030792,1.802,1.368,31.088764205537,17.430749024522104,8.64994705018443,249.33630898118392
Tunisia,TUN,2003,95.8,99.72311245232832,88.4264953069514,80.1731149302556,95.0,96.0,,63.0,,,0.1,42.0,148.93447876,2.053,0.813,20.0514707487458,19.686629324717764,11.578414879256758,290.4392005933524
Türkiye,TUR,2003,91.7,50.0785671124935,93.0240916066264,88.2670291386027,68.0,0.0,,66.0,,,,47.0,232.5562439,1.712,1.393,25.1556972044494,13.508886195305562,8.094567052082837,285.5311972152476
United Arab Emirates,ARE,2003,100.0,42.56892771247085,99.655965555115,99.1490944909121,94.0,94.0,,74.0,,,0.1,5.7,784.89343262,3.502,1.838,60.7690769621445,27.98628820587076,14.794591009750372,211.37856432820269
Yemen,YEM,2003,56.6,234.18430528077155,41.5481868875489,44.9249753275396,61.0,0.0,,42.0,57.3,15.3,0.1,66.0,31.60428619,,,39.1275724662467,23.67023123892103,12.418499734366018,245.50048102366705
Afghanistan,AFG,2003,9.35,345.10151188253803,33.9086290770251,25.160116505547,41.0,0.0,,33.0,,,0.1,215.0,17.74602509,,,48.6476680050411,12.933487458618648,5.5243167588874,258.4931990330738
Bangladesh,BGD,2003,8.7,293.0522428055235,95.0805824631407,28.1772949701868,87.0,0.0,,27.0,47.8,12.5,0.1,221.0,9.98434258,0.138,0.26,64.4362276968505,25.17028359412992,18.809092713962528,353.45813896591204
Bhutan,BTN,2003,38.2,193.7796264590445,86.5628618532112,48.8831966104405,95.0,0.0,,48.0,,,0.1,547.0,37.15467834,,,31.6397493993183,20.191730108647903,14.88949241383925,352.8060734889568
India,IND,2003,26.2,253.9229549150985,81.4693446422868,22.7256519741888,61.0,0.0,,38.0,,,,318.0,21.89380074,0.752,,52.5149836233186,25.51127820196804,15.722967353847825,286.5551566599194
Nepal,NPL,2003,9.7,303.596262270532,81.4416869635326,22.4289482098159,78.0,0.0,,23.0,,,0.2,382.0,11.06888008,,,44.2755831213027,21.341795214530244,14.77219948041774,316.88355889662347
Pakistan,PAK,2003,26.8,223.77711576517748,88.062537100299,36.6491235332267,66.0,0.0,,37.0,,,0.1,276.0,14.34851551,,,58.0375444755895,23.65202896339496,12.685443532440058,236.4091516868297
Angola,AGO,2003,41.7,219.218260561922,40.3965157225134,35.7566857674784,46.0,0.0,,30.0,,,1.5,434.0,35.2206955,,,23.4318011631518,22.073324965500426,13.923220195830387,316.5006278695658
Central African Republic,CAF,2003,0.5,342.1223104558975,55.4843767503789,20.4536055406808,47.0,0.0,,23.0,,,6.7,641.0,12.15000153,,,30.3327938830286,25.727826151801857,17.119311645861526,327.48196980793426
Congo,COG,2003,9.9,194.400857360651,59.6736944537537,12.623677389001,50.0,0.0,,26.0,,,4.0,515.0,21.51475716,,,39.7184970811992,24.95580134345861,19.277791440794207,364.63487896624014
Democratic Republic of the Congo,COD,2003,1.6,367.80116212176347,37.4384405884601,22.3929738740922,42.0,0.0,,25.0,,,1.8,576.0,6.03257608,,,38.6854968093585,24.023890394453662,17.057975755122143,338.19026096291145
Equatorial Guinea,GNQ,2003,19.9,46.68850758177345,53.3504174439606,57.6992350383254,41.0,0.0,,23.0,,,,304.0,86.82926178,,,35.3475948731449,24.40965850553825,19.342591246837127,365.0000031240966
Gabon,GAB,2003,69.3,40.56785147565785,81.5373154553374,30.2734572599332,45.0,0.0,,38.0,,,4.7,350.0,166.59495544,,,28.3199162236034,25.169337856286063,19.7617626884888,364.99999495348544
Burundi,BDI,2003,0.3,358.201530949786,52.0224447392286,46.1690271798233,82.0,0.0,,24.0,,,2.6,200.0,5.87316799,,,36.7569816342123,20.662893098485185,11.677981082869117,252.07424722173977
Comoros,COM,2003,1.0,270.674694133466,87.322688934515,29.2480866735385,80.0,0.0,,35.0,,,0.1,45.0,63.91786194,,,11.955880070601,25.856807811779284,19.11864330758115,364.9999915713938
Djibouti,DJI,2003,4.4,254.3882616189095,74.96217201496,43.8627723780355,68.0,0.0,,32.0,,,3.5,1780.0,46.27521896,,,36.4804504194382,28.34543788085763,17.431485667591552,280.4901992221148
Eritrea,ERI,2003,4.8,297.933174651804,47.7752228126397,9.32208650503035,93.0,0.0,,29.0,,,1.9,756.0,19.81480217,,0.042,34.4290245935084,24.25195702387196,11.066331576833669,243.1846231766028
Ethiopia,ETH,2003,1.0,363.300879788801,23.3303794917418,3.74769441878364,37.0,0.0,,14.0,,,2.2,412.0,5.70984173,0.193,0.026,22.2196766654647,19.21726717592624,9.803315965636534,252.1736296723711
Kenya,KEN,2003,3.0,268.15809594889754,47.96372108533,25.7535178867465,73.0,73.0,,28.0,35.8,6.2,7.4,610.0,25.64012337,,,17.4830084357361,20.89223829541925,12.480448190952467,282.9998153037501
Madagascar,MDG,2003,1.1,313.7774927985275,38.518227444298,5.18344484506749,66.0,0.0,,17.0,,,0.1,226.0,17.64075851,0.29,0.141,11.4390861965378,21.014439919969547,14.368284499006869,327.0250156623636
Malawi,MWI,2003,2.1,334.9446746878825,56.5342633361224,9.35670106577719,84.0,84.0,,22.0,,,13.6,403.0,12.3155899,,0.021,18.4195051879177,21.47094523589092,13.353807849253757,283.5450785657296
Mauritius,MUS,2003,95.0,47.46792282826925,99.4269447839906,91.3656724156252,99.0,0.0,,68.0,,,,25.0,157.68417358,2.382,0.944,14.4551006539831,24.24524918384909,17.025457183389012,363.8578511802213
Mozambique,MOZ,2003,2.2,348.29600005264354,27.3637062660651,13.6597206754492,85.0,0.0,,23.0,46.9,5.4,10.3,339.0,11.03660774,0.297,,15.0687302841981,23.26644436593435,15.070023484828988,306.5004891094685
Rwanda,RWA,2003,0.1,343.103712366677,49.7561626350801,49.0827278042719,96.0,96.0,,21.0,,,4.4,173.0,17.25927353,,,36.9038660273438,19.22922585628458,11.299782469710092,281.0194657096705
Seychelles,SYC,2003,100.0,27.880269747394053,94.0865229217912,96.0854578638281,99.0,0.0,,63.0,,,,11.0,394.09664917,,,10.971404085744,26.549226755635644,20.44572884244601,364.9999881747177
Somalia,SOM,2003,0.5,389.754056407169,30.2245772114979,22.6666436152902,40.0,0.0,,14.0,,,0.2,345.0,,,,17.4921588475627,27.012413229136364,16.370651571867683,242.7236536399619
United Republic of Tanzania,TZA,2003,0.7,317.6580703720165,32.4757991553598,7.3420470245643,95.0,0.0,,23.0,,,5.5,510.0,20.39437675,,,21.2032204300707,22.972258950517617,13.72985167063671,264.8291900170447
Uganda,UGA,2003,0.8,314.21056612337304,30.1967437598834,15.8883472908915,59.0,44.0,,25.0,,,7.7,248.0,14.23364067,,,29.6195633602095,22.27505758244799,14.264815799517232,320.0265444707932
Zambia,ZMB,2003,15.0,291.32224861786904,49.794666240805,23.1443864562221,83.0,0.0,,32.0,,,12.6,662.0,26.75762367,,,22.3755706249154,21.3706985746965,11.64770976802184,253.24524538095343
Botswana,BWA,2003,49.6,68.44888654465774,76.0519848505784,56.4322629301627,96.0,0.0,,47.0,,,24.9,863.0,269.58544922,2.506,0.296,17.3604387465354,21.55170071091519,8.763831248282669,203.6267307691768
Lesotho,LSO,2003,20.5,291.6573610625645,66.083827020152,18.6189165343031,90.0,0.0,,33.0,,,23.1,1080.0,32.02215576,0.566,0.045,26.6302840304412,12.848942332642793,6.875970392612002,224.96559574848987
Namibia,NAM,2003,35.8,129.132210321141,77.5698694830307,28.8122875122617,79.0,0.0,,49.0,,,13.8,1240.0,278.70162964,,,16.2153774009341,21.861881751523736,7.765685568425617,289.32540819142315
South Africa,ZAF,2003,62.9,76.65755302221275,87.4856409014173,62.8465144848753,69.0,69.0,,56.0,,,15.5,1070.0,286.01998901,0.692,,21.2996757186922,18.13815082892094,9.791215827744995,253.8767925117764
Eswatini,SWZ,2003,29.1,130.5805441525955,55.5310495688809,51.8180236273176,85.0,0.0,,58.0,,,26.3,1270.0,131.40959167,,0.15,15.7207670220637,20.30760241997848,12.048311425769503,283.5714099894868
Zimbabwe,ZWE,2003,33.2,237.054858339573,68.2300192515317,44.8625993105655,68.0,0.0,,34.0,,,21.9,617.0,,,,15.8129169534861,20.53065044086718,10.559304719754476,236.02134128615413
Benin,BEN,2003,1.5,282.7254676550965,62.177768242791,9.83877331929082,73.0,0.0,,22.0,,,1.4,80.0,21.06955719,,,32.7610204637739,27.03361183845329,19.08893148843201,342.6939753946375
Burkina Faso,BFA,2003,3.4,324.286652945854,55.3903115715643,11.0080883489168,79.0,0.0,,16.0,,,1.5,87.0,16.02656555,,,34.2320094981959,28.451708277603387,13.533658272496126,307.5887573972853
Cameroon,CMR,2003,12.7,256.605963181588,58.3047768722943,38.3633336781567,73.0,0.0,,29.0,,,5.6,206.0,38.56394196,,,48.3318278960266,25.17979264157192,15.20494533010418,336.9679459805137
Cabo Verde,CPV,2003,63.6,205.319046465391,80.2372000142623,43.8664094982459,92.0,0.0,,52.0,,,0.7,156.0,84.6628952,,,18.2659894004499,23.54232500676829,16.638664304217478,364.9193692483549
Chad,TCD,2003,2.3,331.432195951584,40.3843409836693,9.94081082830359,23.0,0.0,,17.0,,,2.2,126.0,18.0202446,,,42.415682252481,27.73204947583797,11.728142950559976,320.8780057244128
Côte d'Ivoire,CIV,2003,16.1,225.9214561514005,69.9435023946029,22.0684596804749,62.0,0.0,,24.0,,,5.7,201.0,43.81231308,,,20.2058271910428,26.17053849401944,19.54465609201609,350.30865053214046
Gambia,GMB,2003,3.5,272.213226199541,73.894195620681,47.7243148779708,87.0,91.0,,34.0,,,1.9,191.0,28.3001461,1.192,0.099,37.5733327417509,27.19981253066857,16.097275610122328,287.35833176596293
Ghana,GHA,2003,8.3,242.206220128695,68.3036435747065,7.7086235468762,80.0,80.0,,24.0,35.5,8.4,2.4,209.0,18.96423721,,,28.9236361356992,26.862465775953325,19.17817740967312,344.0704752023285
Guinea,GIN,2003,0.8,298.225847970955,51.9996253196521,11.3379449716538,57.0,0.0,,18.0,,,1.6,154.0,25.60194969,,,26.3257132393923,25.816415020158697,16.781965387452,310.42685800455973
Guinea-Bissau,GNB,2003,1.2,313.056997864126,56.5025111199122,6.75416506576179,60.0,0.0,,30.0,,,4.5,261.0,14.70093441,,,31.7554113700337,27.50552373753022,17.001770449928294,276.3403439149564
Liberia,LBR,2003,0.5,344.69293239071703,63.6915834211062,13.0649848713731,35.0,0.0,,25.0,,,2.4,216.0,5.76429653,,,15.5382154287504,25.22747300444723,19.27905134780932,352.88200217193554
Mali,MLI,2003,0.8,314.051988882321,54.3201164982467,20.9666083854735,63.0,0.0,,24.0,,,1.6,79.0,18.76944542,,,32.3667318370972,28.715480781554863,12.867319971573757,311.60909951757947
Mauritania,MRT,2003,34.4,222.260383522596,45.328257924083,21.8519258918573,76.0,0.0,,24.0,,,0.7,210.0,29.51877594,,,46.1043537611159,28.77285681990752,11.632735371931767,295.9724698363368
Niger,NER,2003,1.0,340.85213476286447,38.8582098965165,7.71048737435581,41.0,0.0,,18.0,,,0.6,112.0,12.55038452,,,50.073113387565,28.383503509523752,10.482434918277333,310.0697458821961
Nigeria,NGA,2003,0.8,265.862415593346,48.8898791765237,29.3592592810807,29.0,0.0,,24.0,42.5,11.2,2.2,219.0,37.91439438,1.533,0.255,51.4747260234232,26.556463822540533,16.68160619063909,334.8794541868253
Sao Tome and Principe,STP,2003,0.4,268.1697611074155,70.5928591242701,24.3386290849609,94.0,0.0,,44.0,,,,237.0,71.20994568,,,14.8039175154418,26.047282862321424,20.123789353516965,365.0000076636693
Senegal,SEN,2003,37.3,260.986303025877,63.1942453922298,39.7038070707232,73.0,0.0,,25.0,,,0.7,182.0,35.14493942,,,41.5108228121549,26.22962463666314,15.558227953123517,293.4095963236892
Sierra Leone,SLE,2003,0.1,340.00552318500047,43.4895263720977,8.39095201927437,73.0,0.0,,18.0,,,1.7,569.0,21.7804718,,,19.7608737678108,25.907074012252306,19.50425536670445,339.394751513419
Togo,TGO,2003,0.7,307.286402378269,49.8657131320708,8.7296739646634,72.0,0.0,,18.0,,,3.5,76.0,17.7094574,,,31.5674227170541,26.8507137053454,18.79349551807261,336.4808496046633
American Samoa,ASM,2003,,68.44306223305765,95.7407128657857,62.2698138683495,,,,,,,,5.3,,,,4.94522596756919,26.824847195571284,20.91676730418476,364.2647027356687
Bermuda,BMU,2003,,42.56892771247085,100.0,99.972892433554,,,,,,,,4.7,,,,6.28400235197218,22.26785329393533,15.524228136908674,342.2500117493403
Cook Islands,COK,2003,,61.6196923182648,,,,0.0,,,,,,,,,,4.7569044584617,24.759024252613823,17.734392348611998,350.4414665694486
Greenland,GRL,2003,,42.56892771247085,100.0,,,,,,,,,198.0,,,,1.51978648558285,-1.87569424636772,3.6993076623530383,323.8956960989899
Guam,GUM,2003,,13.8109619336159,99.4811553322154,89.1648566708808,,,,,,,,30.0,,,,4.3357250461388,27.070391891830983,21.219818700010663,364.8857147006637
Monaco,MCO,2003,100.0,42.56892771247085,100.0,100.0,99.0,99.0,,78.0,,,,0.53,4833.08740234,,,20.8949508532337,13.450916400820304,9.294253447678036,311.6250084513445
Nauru,NRU,2003,100.0,153.987944098564,98.3253533436279,64.6674155082765,80.0,0.0,,46.0,,,,30.0,273.59832764,,,5.52545557786373,27.59455340005421,21.246929326821803,364.9999919169105
Niue,NIU,2003,,106.57685351475708,,,,95.0,,,,,,,,,,4.0087264129408,25.31180333230698,18.258564010429605,349.9509859651795
Northern Mariana Islands,MNP,2003,,23.39960165996435,97.0518527133445,94.796802204309,,,,,,,,154.0,,,,3.89935351050117,27.044040734907423,21.042976875316445,362.1317115855102
Palau,PLW,2003,100.0,52.2034176958954,99.3510199759341,93.1174953662245,99.0,94.0,,70.0,,,,46.0,638.3067627,,,6.87490254873341,27.02301479017464,21.418279163077823,365.0000054693059
Puerto Rico,PRI,2003,,13.37632131781135,97.6556864578005,98.1637107938719,,,,,,,,5.6,,,,7.16649364039506,25.47828423146662,19.109037672176388,364.9778132185522
Saint Kitts and Nevis,KNA,2003,100.0,27.27280032405895,98.4872694741995,88.4130321039216,99.0,99.0,,76.0,,,0.4,2.2,482.87136841,,,9.51095790742326,26.37216071762252,19.751156059696545,365.00001573650354
San Marino,SMR,2003,100.0,42.56892771247085,100.0,100.0,96.0,94.0,,71.0,,,,3.6,2506.68334961,,,19.0903807361562,12.905302088356146,8.37383569900307,258.06249234878567
Tuvalu,TUV,2003,12.8,229.4725482959545,98.9637268810734,80.2316998514364,93.0,0.0,,60.0,,,0.2,320.0,274.99337769,5.155,1.031,6.1700231921409,27.3079069616619,21.490742628789768,364.4583195463668
United States Virgin Islands,VIR,2003,,13.5057852800163,98.6294400593023,99.0694718244409,,,,,,,,,,,,7.05753327919485,26.41943939293232,19.899979384797938,365.00000067510337
South Sudan,SSD,2003,0.2,233.34396228297,,,,,,21.0,,,2.5,,,,,25.0393064372515,28.137652520133603,14.733741125919106,304.4807987960352
Sudan,SDN,2003,12.7,235.0486508163255,45.7839943368364,17.4087500196024,69.0,0.0,,27.0,,,0.1,138.0,22.58504868,,,37.7394277625478,28.65164405923008,10.0224409805955,308.92937372912337
China,CHN,2004,45.7,176.987134547945,83.6692871081214,63.9406214031558,87.0,0.0,,67.0,,,,94.0,64.28150177,1.005,1.215,45.2550277984542,15.274644504326258,10.429020370728294,288.225811097605
Democratic People's Republic of Korea,PRK,2004,2.5,296.6312497962565,99.2395038400491,75.2163527896403,72.0,0.0,,72.0,43.1,8.5,,,,,,25.9720282965707,10.035315921871367,8.352524559770709,278.5092568957502
Taiwan,TWN,2004,,13.49172110775225,,,,,,,,,,,,,,26.0774508793981,21.90562327913577,15.734813432658903,358.8762923743383
Cambodia,KHM,2004,5.9,300.212655403152,58.3061105388914,19.4886033113327,85.0,0.0,,33.0,,,1.0,683.0,28.80763817,,,27.6191918923291,28.010805365766657,19.465942054458523,302.7356426010884
Indonesia,IDN,2004,13.3,145.4938203701365,79.7146661275456,49.4772142680194,71.0,0.0,,47.0,28.6,14.4,0.1,363.0,25.98270035,,,25.7310486246304,25.70352933095864,19.648857769921943,364.00679257877846
Lao People's Democratic Republic,LAO,2004,1.8,264.309979829151,56.9994142749096,40.206970140516,45.0,0.0,,39.0,,,0.2,282.0,16.23278809,0.969,0.346,38.0902374609134,22.42342772763629,16.325486175442897,353.01591164733287
Malaysia,MYS,2004,98.1,34.97439676410945,96.5209270315964,93.7956145310405,95.0,71.0,,73.0,,,0.4,107.0,153.86297607,2.378,0.722,22.4980099824331,26.35969782658368,20.34276576625006,364.1139209592632
Maldives,MDV,2004,62.1,69.2567007050493,95.3565498138063,80.7906424264184,96.0,0.0,,59.0,,,0.1,108.0,304.5932312,2.94,1.002,21.7242054888175,27.1325035993586,20.7649721886958,365.97973177451104
Myanmar,MMR,2004,3.3,306.427755441999,53.5410174702481,65.6650229848345,82.0,0.0,,39.0,,,0.8,549.0,7.01517916,,0.378,44.138227745466,25.092091584307536,17.18181801593514,294.0644128795266
Philippines,PHL,2004,40.1,180.811779898067,87.9916018113597,66.311449594431,88.0,0.0,,57.0,,,0.1,549.0,33.50411606,4.156,1.086,34.1896356366668,26.30671190987003,20.51911584597437,365.80311344263737
Sri Lanka,LKA,2004,18.9,148.702544582892,84.7545829171958,80.0131764124299,97.0,0.0,,64.0,,,0.1,118.0,49.14835358,1.654,0.522,32.7533733282669,26.18842954743236,19.80706516360789,353.131974654081
Thailand,THA,2004,65.6,76.18072621099135,95.2036653761552,93.2050846909476,98.0,0.0,,71.0,,,2.0,232.0,82.91682434,1.478,0.289,35.0034611208502,27.19616913498045,18.90314134422581,314.7375104460893
Timor-Leste,TLS,2004,1.8,294.385552098593,53.0007196129337,23.7373821027999,57.0,0.0,,33.0,,,0.1,1010.0,20.22569466,1.932,0.082,16.871280759887,24.63735864014001,17.66110855213567,352.7183415332009
Viet Nam,VNM,2004,25.8,231.3811204997695,83.9437132071868,56.9263485038899,96.0,0.0,,57.0,33.7,11.2,0.3,272.0,31.97719193,,,38.643573989012,24.726822178135016,18.44608624101944,358.6366196026528
Fiji,FJI,2004,29.0,109.12648694300732,94.9147944763189,88.9689415238331,95.0,99.0,,61.0,7.3,6.4,0.1,35.0,110.06819153,,,6.60343460527544,24.8351844465837,18.21479433015353,363.2421054721584
Kiribati,KIR,2004,1.2,289.1906643624145,60.3477274331315,33.2463631405513,62.0,0.0,,36.0,,,,1260.0,132.29045105,2.706,,4.62607582277716,27.45204219325545,21.27751154866349,366.0000073928141
Marshall Islands,MHL,2004,21.5,234.2497044306845,88.6109447251145,75.4019644335075,64.0,46.0,,66.0,,,,594.0,363.40332031,,,4.55808874912919,27.128041764634585,21.34139636250241,366.0000115085522
Micronesia (Federated States of),FSM,2004,10.9,238.7692122768495,91.3145591021301,41.3997974887025,78.0,65.0,,49.0,,,,332.0,257.98867798,,,4.43524407228315,27.16576541092196,21.47705833321024,366.00000056064
Papua New Guinea,PNG,2004,5.8,247.31229520629552,29.7242054629437,16.1808266451098,62.0,0.0,,24.0,,,0.8,741.0,25.73586273,,,13.570203254622,21.744215849335305,16.775297514205086,365.4566031576386
Samoa,WSM,2004,21.1,194.78432636885,87.259662979042,91.9511483539237,63.0,0.0,,58.0,,,,18.0,104.42662811,,,4.76648233589136,26.52261600190105,20.477887949960387,365.9964432019919
Solomon Islands,SLB,2004,8.4,286.678910802387,76.9908825274907,22.6485431199764,90.0,0.0,,39.0,,,0.1,280.0,64.72148895,,,9.28148641398953,26.290265674003784,21.031544528296987,366.0000016815655
Tonga,TON,2004,44.2,178.6181349974985,98.5398938298048,89.2038246506717,99.0,0.0,,66.0,,,,11.0,102.70134735,,,4.86503227100695,24.42554410835614,17.1372285711499,357.435646306656
Vanuatu,VUT,2004,13.6,262.9785298825165,85.5055935068699,54.9296762921394,69.0,0.0,,46.0,,,0.1,185.0,62.80937958,1.75,0.146,8.11666850209719,25.28335860582744,18.466186640998217,362.1941440033144
Armenia,ARM,2004,89.05,180.6869320632109,96.5805389121638,88.9185327648482,91.0,0.0,,59.0,,,0.1,125.0,71.65074158,4.826,2.443,28.8594792280716,7.551505778446541,6.069479167019916,269.3470641122542
Azerbaijan,AZE,2004,82.8,184.04392459480687,79.2166351690635,72.5604073968308,77.0,0.0,,55.0,,,0.1,208.0,27.1906395,8.152,3.54,21.654949425118,13.566989230780658,9.09731946063819,302.0275890368259
Georgia,GEO,2004,52.4,178.36829775244848,94.5980809160506,77.8624268677017,78.0,0.0,,65.0,,,0.1,206.0,105.09565735,4.339,3.96,19.0139190018133,9.634948990416357,7.5257180101488705,315.7405640813044
Kazakhstan,KAZ,2004,87.5,69.40107692603205,91.5491420882344,97.0024793846235,82.0,0.0,,77.0,,,0.1,181.0,108.43822479,6.523,3.455,16.4123168170023,9.068625789520247,5.924051735659591,246.8089828740678
Kyrgyzstan,KGZ,2004,60.5,249.905548608206,82.870122233362,93.3602758261186,99.0,0.0,,71.0,,,0.1,273.0,26.37302399,6.39,1.984,21.0264105179931,10.221994137898502,6.144732018249872,245.06656238229056
Mongolia,MNG,2004,25.8,188.1005448120555,67.9123756644867,46.565730094516,99.0,0.0,,63.0,23.5,0.8,0.1,428.0,33.7024498,,2.592,26.264146798508,0.3525128804013956,3.787527815955133,224.03205291369605
Tajikistan,TJK,2004,51.0,301.3604041469335,61.4175479349986,92.5252394619312,86.0,0.0,,68.0,,,0.1,203.0,14.6509676,3.46,1.914,21.20984082829,11.733899440700553,6.472028846520156,214.95340715375843
Turkmenistan,TKM,2004,99.7,135.8290643145765,91.5454676640224,93.283297506944,97.0,0.0,,77.0,,,,126.0,302.85839844,4.964,2.479,26.7580776754718,15.86374238455392,6.775402849451624,255.16418454275183
Uzbekistan,UZB,2004,84.6,190.712775845681,89.2503477603566,94.0022883501432,99.0,0.0,,79.0,,,,165.0,28.02430153,10.71,2.726,33.1304897805167,15.410541613824288,7.037474489733708,236.8212748000873
Albania,ALB,2004,48.6,148.4296184898695,88.5105821172325,91.710652089826,97.0,0.0,,55.0,,,0.1,20.0,136.50724792,3.594,1.194,22.4351342494154,12.712392575671265,8.656575918706501,306.5455662576336
Bosnia and Herzegovina,BIH,2004,50.0,127.1370816786528,97.0503974569639,95.1202453648273,84.0,49.0,,56.0,,,,103.0,222.27758789,4.372,1.372,37.4503438021972,10.585170545171632,7.899457679927158,323.43629885244184
Bulgaria,BGR,2004,,75.4440403162618,99.6225650156801,85.8679758462279,95.0,0.0,,64.0,8.8,3.6,0.1,71.0,233.11332703,4.282,3.537,28.6334698802039,11.43823608538579,8.11984634360041,307.5471698823966
Croatia,HRV,2004,100.0,33.55552116129865,98.9792715341788,97.8545220724704,96.0,95.0,,71.0,,,0.1,38.0,633.98242188,5.29,2.574,25.0842132029273,12.011678872879065,8.488837930605882,319.77348452676694
Czechia,CZE,2004,100.0,18.6814586966747,98.085247563922,99.0313656821167,98.0,98.0,,79.0,,,,13.0,746.32891846,8.486,3.499,21.4473240854619,8.684691376221858,6.856832076572358,315.4816773001812
Hungary,HUN,2004,100.0,27.51572539843275,95.1432578822385,98.0329662219326,99.0,99.0,,75.0,,,,33.0,798.45361328,5.985,3.344,22.1690752312132,10.591619515319229,7.600013462970992,301.6577226481746
North Macedonia,MKD,2004,60.2,96.3487791983246,96.775962091055,88.5509345256761,94.0,0.0,,58.0,,,0.1,58.0,230.68000793,3.482,2.152,31.0938859670638,10.80246757335368,7.199022845671976,271.7828265509621
Montenegro,MNE,2004,66.4,85.6175208104755,,,,,,66.0,,,0.1,,,,1.879,25.5096364457967,10.783403131133117,7.962850301625991,321.06315521345294
Poland,POL,2004,100.0,39.29803484651855,,90.2562618468016,99.0,0.0,,70.0,,,,34.0,392.00338745,5.509,2.291,26.57102718836,8.368827969316685,6.956323918831641,329.99814139637243
Romania,ROU,2004,100.0,69.3584569529232,100.0,74.1955058645708,97.0,0.0,,66.0,,,0.1,194.0,190.7950592,5.67,2.25,24.4795794724733,9.49053408092044,7.323454026783343,306.8232256196428
Serbia,SRB,2004,61.6,95.0239644037523,89.3249064672042,95.5001274109086,88.0,0.0,,57.0,,,0.1,,274.45532227,6.003,2.772,27.3518117791174,11.36773433463941,7.965245233835245,302.1928784009754
Slovakia,SVK,2004,100.0,31.23484665793825,97.9699700750668,99.4697212161582,99.0,99.0,,76.0,,,0.1,18.0,511.52990723,6.649,3.151,22.679897431824,9.119877113804993,7.151257477074177,317.02661161255355
Slovenia,SVN,2004,100.0,16.03613379814285,99.669292843098,99.1116751269035,94.0,94.0,,79.0,,,0.1,18.0,1368.64855957,7.435,2.302,21.4205510407973,10.18096382477129,7.923948240132782,339.0116823402409
Belarus,BLR,2004,96.4,87.61268869206106,97.9212434834377,92.3080167229921,99.0,0.0,,71.0,,,,111.0,140.99655151,9.808,3.299,23.0039569682161,6.742142948639789,6.5443028919382495,323.02484242971246
Estonia,EST,2004,100.0,30.32972615247155,98.038347638016,99.6452315858009,94.0,27.0,,70.0,,,0.5,71.0,474.50796509,6.542,3.023,13.5256376198137,5.91558420552773,6.419024490518765,332.4731879709888
Latvia,LVA,2004,100.0,51.15764055700245,98.0597159524281,89.6130829805605,99.0,98.0,,70.0,,,0.4,143.0,393.29806519,5.082,2.916,23.5579868249374,6.561850294574296,6.617260870451782,335.1618931610514
Lithuania,LTU,2004,100.0,45.90916382569405,91.4481167989435,86.1267686788169,94.0,35.0,,67.0,,,0.1,125.0,366.95968628,7.571,3.627,20.4229980040704,6.834308989543563,6.682490171460143,332.81703875922653
Republic of Moldova,MDA,2004,77.9,205.3921259772295,84.3204163424305,73.0585042277255,98.0,0.0,,67.0,,,0.6,120.0,64.60713959,5.338,2.247,23.2036151728216,10.255541665623392,7.276614611379301,272.635196099848
Russian Federation,RUS,2004,100.0,47.74175203974665,96.4554492200494,81.6723116501913,97.0,0.0,,71.0,,2.5,,87.0,207.61283875,7.111,4.74,18.0730281988839,5.145252963086779,6.224532934355879,317.40641093819454
Ukraine,UKR,2004,93.0,137.658273909313,97.7928382047192,94.9541705931486,99.0,0.0,,73.0,,,,211.0,83.23918915,6.496,2.968,24.9633458605128,8.912017835267271,7.252444734156037,315.0826264632961
Brunei Darussalam,BRN,2004,100.0,42.56892771247085,99.6512496094612,77.5813881826402,92.0,92.0,,75.0,,,,94.0,630.73266602,5.455,1.312,9.66237834354616,26.645509594734023,21.11853387080856,365.9999995262058
Japan,JPN,2004,100.0,18.26814356258545,98.5196139100947,99.9886898049611,99.0,0.0,,78.0,,,,32.0,2884.67358398,8.961,2.029,11.6310584517685,15.322967766959913,10.628982152369089,300.3503500613891
Republic of Korea,KOR,2004,100.0,15.93382008047875,98.7656134279428,100.0,88.0,0.0,,79.0,,,,78.0,764.49401855,3.858,1.577,20.1056692917502,13.363960808069969,9.316301201501084,266.310316027364
Singapore,SGP,2004,100.0,42.56892771247085,100.0,100.0,95.0,0.0,,86.0,,,0.1,55.0,868.43688965,4.632,1.556,17.1558355290961,27.10290413162712,21.172316348063784,366.0000093630268
Australia,AUS,2004,100.0,26.7842735179765,99.7563424952725,99.9929858245512,92.0,95.0,,86.0,,,0.1,6.6,2744.08105469,10.15,2.692,5.80113776180901,16.85014640588758,10.20816173048429,297.77710265286845
New Zealand,NZL,2004,100.0,13.3709557530846,99.9999993424079,99.9999993424079,89.0,83.0,,84.0,,,0.1,12.0,1981.9720459,9.423,2.19,7.7513608884228,12.920697268326869,9.004267818095505,358.90558268913946
Andorra,AND,2004,100.0,42.56892771247085,99.999995252479,99.999995252479,99.0,95.0,,71.0,,,,9.4,2060.26928711,2.988,3.217,13.7061703844032,8.107289452212218,6.627175227568385,322.02668725723146
Austria,AUT,2004,100.0,27.28292361917955,100.0,99.996535576376,83.0,83.0,,75.0,,,,15.0,3606.77856445,6.129,4.232,18.6021664481654,8.389934211694825,6.988590843967085,335.6799188257437
Belgium,BEL,2004,100.0,20.46761954789635,100.0,99.4852911508851,95.0,87.0,,82.0,,,0.1,14.0,3322.28857422,9.233,2.868,18.2276650083642,10.391279296347916,8.020553919820204,355.67590546276455
Cyprus,CYP,2004,100.0,14.17387082413855,99.8735238773651,99.6072927397661,98.0,58.0,,68.0,,,,5.0,1286.97155762,3.19,1.898,26.1365796744825,19.87493219794501,11.547602400900775,270.003313218177
Denmark,DNK,2004,100.0,42.56892771247085,100.0,99.5972402944734,95.0,95.0,,76.0,,,0.1,9.1,4189.47265625,10.61,3.227,12.6935403321234,8.70370802799832,7.44135167171176,358.94261145728154
Finland,FIN,2004,100.0,17.5197212676485,99.9999955263945,99.4481450211676,98.0,96.0,,79.0,,,,7.7,3044.12109375,8.99,3.653,8.47682800490288,4.545310237606338,5.989843818348091,335.41245414997206
France,FRA,2004,100.0,17.57006928171705,99.9999969222642,98.6599677611607,98.0,97.0,,79.0,,,0.2,10.0,3458.62744141,7.463,3.413,16.1714405286058,12.136197772610316,8.608252281121944,328.0265113407776
Germany,DEU,2004,100.0,20.86611143891685,99.9999988199317,99.2205650986776,96.0,94.0,,81.0,1.2,1.0,,8.3,3447.26977539,9.294,3.392,16.7169462173338,9.303366869633058,7.342728834654493,332.75065105240384
Greece,GRC,2004,100.0,14.558069147063652,99.8260994402101,98.1654410547609,95.0,85.0,,67.0,,,0.1,9.5,1782.69592285,3.531,4.928,23.2391621403789,16.146348557821923,9.838281256159023,274.1328343448288
Iceland,ISL,2004,100.0,22.3854851836767,99.9999997493148,98.7933244677551,99.0,99.0,,82.0,,,0.1,3.8,4414.23339844,14.45,4.192,6.08141343060427,4.815845426329977,5.726688147874361,360.4666477422896
Ireland,IRL,2004,100.0,42.56892771247085,96.7236314451944,89.9574538006016,89.0,89.0,,75.0,,,0.1,14.0,3483.16064453,12.35,2.74,10.6487309346359,10.188849417668392,8.033109725725213,365.6638548513418
Israel,ISR,2004,100.0,13.4902674548478,99.9999987008863,99.9999987008863,95.0,95.0,,78.0,,,,9.3,1438.98999023,5.532,3.67,29.0136830154247,20.566959694180817,13.294953887824304,317.7499877856114
Italy,ITA,2004,100.0,19.58237354754955,99.6599094021691,99.8858507122837,94.0,94.0,,77.0,,,0.2,9.3,2560.45776367,5.327,3.667,24.5741771394042,14.109534146182556,9.487845696057583,310.9157290820887
Luxembourg,LUX,2004,100.0,42.56892771247085,100.0,97.6687093721814,99.0,98.0,,77.0,,,0.2,9.2,5610.35351563,9.359,2.422,15.5666129527711,9.508077110402702,7.5366782767155325,332.40365003149435
Malta,MLT,2004,100.0,16.8277811665035,99.9999991531108,99.9486253040546,89.0,83.0,,76.0,,,0.1,4.4,1227.28881836,5.502,3.369,16.1865038020547,19.257321097066736,13.022272575668318,348.229796435159
Netherlands,NLD,2004,100.0,42.56892771247085,99.9999980142427,97.9431344903827,98.0,97.0,,78.0,,,0.1,9.2,3689.46435547,8.189,2.625,17.4425306234572,10.429182090253306,8.101501297815865,356.4739406372403
Norway,NOR,2004,100.0,42.56892771247085,100.0,98.0678039009157,92.0,94.0,,78.0,,,0.1,7.8,5097.34423828,15.09,3.401,9.29581153774881,6.039489658985511,6.1515991018512,341.0808523082059
Portugal,PRT,2004,100.0,14.854619355542752,99.1856102233495,98.1096749031417,95.0,95.0,,82.0,,,0.6,46.0,1723.74401855,4.368,3.417,12.5586112881224,15.231859839858846,9.92655862618416,322.8020366290656
Spain,ESP,2004,100.0,13.3929826338476,99.9999964221336,99.8345059516588,97.0,97.0,,76.0,,,0.5,20.0,1932.21398926,4.425,3.419,15.0279388325738,15.391067581857929,9.41467705508282,294.80851526060974
Sweden,SWE,2004,100.0,23.5391501089111,99.5327102571296,99.182623862092,99.0,99.0,,74.0,,,0.1,6.5,3488.65771484,11.01,3.373,9.04631929189997,6.51455452601116,6.549695936582968,342.1022466511759
Switzerland,CHE,2004,100.0,42.56892771247085,100.0,99.8810219544494,93.0,91.0,,82.0,,,0.3,9.7,5593.4765625,12.73,3.696,17.5356935410664,8.725755981854661,6.984094596338425,313.3270651987454
United Kingdom,GBR,2004,100.0,17.3945439244616,100.0,99.1256998824208,92.0,92.0,,80.0,,,,13.0,3361.65625,9.484,2.324,15.5840021759095,10.343897854032244,8.052942468991022,365.16162399977264
Argentina,ARG,2004,97.6,42.81318951388416,97.2043389305384,89.5350610098707,98.0,98.0,,76.0,,,0.3,42.0,303.31906128,,3.1857,17.3793108071762,16.736339858664415,10.182125133232049,291.1494444517969
Chile,CHL,2004,100.0,40.46067457535755,96.8968896897354,94.5235711330979,93.0,93.0,,68.0,2.4,0.5,0.2,24.0,422.96481323,,0.974,25.9755267022457,13.181983505665256,8.10290923143026,277.25346455443406
Uruguay,URY,2004,100.0,50.53383312445485,97.3351038717686,93.5503547896714,94.0,94.0,,76.0,13.9,3.0,,34.0,375.93881226,,,11.8615137105753,17.37880982416359,11.215970269366364,328.30991973059383
Canada,CAN,2004,100.0,30.2051870432638,99.5627264648411,99.8703662409249,91.0,91.0,,85.0,,,0.2,6.4,2896.19335938,8.471,1.8971,8.1008824990639,6.43794487960866,6.700515225297593,323.31955464437584
United States of America,USA,2004,100.0,42.56892771247085,,99.871602174116,96.0,94.0,,81.0,2.9,0.7,,6.3,6071.84423828,10.3,2.711,12.5754470787138,13.956335747425788,9.398026642114829,289.5253208891517
Antigua and Barbuda,ATG,2004,100.0,20.7144554882519,97.7217760832298,87.8643554393161,97.0,97.0,,77.0,,,0.6,4.6,597.74902344,,,9.18755471028022,26.16169333127198,19.435830586938632,364.9694238635871
Bahamas,BHS,2004,100.0,17.46605503308485,98.3038381932975,92.974919542877,93.0,93.0,,80.0,,,1.9,25.0,1078.31152344,,,8.11162034667286,24.680695208645783,17.170390876770387,339.50057839954644
Barbados,BRB,2004,100.0,29.453465651571697,98.2588405279519,91.1960020572082,93.0,93.0,,78.0,,,1.1,7.1,942.37701416,,,10.7087639076575,26.51250843667086,20.0066226125718,365.9999914445432
Belize,BLZ,2004,82.4,87.2566743202197,90.4061362273858,84.0065922016108,97.0,97.0,,65.0,,,1.3,61.0,176.26716614,,,15.8204070236252,25.4574929491856,19.469792673114704,361.6039643122482
Cuba,CUB,2004,75.9,191.0141419178385,92.3412457236427,82.0663791534735,88.0,99.0,,77.0,,,0.2,11.0,232.22746277,,6.203,10.523140205024,25.42093047331197,17.513688498579512,348.6995547823566
Dominica,DMA,2004,84.0,102.55163562522856,94.7515617669834,69.0652965562438,99.0,0.0,,70.0,,,0.4,8.7,253.70576477,,,11.3235702574892,25.9443269943114,19.60500754606173,366.0000057452877
Dominican Republic,DOM,2004,86.6,98.0167179680619,92.5503842742875,78.9271188808874,79.0,80.0,,68.0,,,1.3,103.0,105.12216187,,,12.9137167017171,24.456682324546748,17.557857387420523,360.8445738129303
Grenada,GRD,2004,93.2,84.4870871963016,94.2368976875956,90.6138829778177,83.0,83.0,,74.0,,,,1.8,294.12390137,,,10.7429890337504,26.53481962075472,20.294350759282047,366.0000061331501
Guyana,GUY,2004,100.0,122.6956229747577,90.4157865218795,79.6382981091298,91.0,91.0,,62.0,,,1.1,152.0,74.69225311,,,22.2574440428806,26.23990469558068,20.679231600573267,365.63653993691054
Haiti,HTI,2004,3.1,271.940730246473,58.9700056214304,21.9995783229731,57.0,0.0,,35.0,,,2.2,549.0,24.0406456,,,13.8203987243363,25.34829662607182,18.288964233798666,363.2083357116321
Jamaica,JAM,2004,80.3,107.2545487086178,93.5442678161321,81.06758684543,96.0,98.0,,66.0,4.9,4.5,1.7,8.7,222.27250671,,,18.2230885898189,25.877854410362573,19.046984354180207,364.8145457343203
Saint Lucia,LCA,2004,91.0,71.21649202719995,91.1770053038991,84.8312463406427,91.0,91.0,,68.0,,,0.2,9.1,309.42208862,2.284,0.4203,10.5771687850133,26.447524520861613,19.85508851459171,365.5247957038201
Saint Vincent and the Grenadines,VCT,2004,95.9,88.14351187663999,96.0799247403839,73.0525457928112,99.0,99.0,,71.0,,,1.0,7.1,188.43644714,4.468,0.895,10.9434742165808,26.4995090547866,20.115506226445536,366.0000132230865
Suriname,SUR,2004,80.6,75.37528329666515,90.9217521407363,79.3133628506981,85.0,0.0,,69.0,,,1.4,38.0,212.50817871,5.02,0.778,20.5879261489937,26.483303325832058,20.483848693802592,364.5260966061985
Trinidad and Tobago,TTO,2004,100.0,23.66790083877455,,,94.0,94.0,,72.0,,,,23.0,431.37268066,,,12.7028133020601,26.31363439326172,20.49905277357833,366.0000003113222
Bolivia (Plurinational State of),BOL,2004,67.2,192.239988676751,83.5879589258241,39.6007187610011,84.0,84.0,,47.0,,,0.3,321.0,46.35359192,,,66.9085928958547,14.66102350412848,9.78326320327407,303.5772409271646
Ecuador,ECU,2004,91.5,111.9398560823046,86.7913580761449,75.4556589592685,88.0,86.0,,67.0,29.2,2.0,0.4,93.0,152.10868835,,0.884,37.7655397059904,18.854096089404035,14.420148954439252,364.5164006469674
Peru,PER,2004,54.2,132.025651469273,83.3752476996589,67.4970575513904,86.0,96.0,,66.0,,,0.4,240.0,105.16587067,,,58.2612766171152,15.919742724390636,11.26911016395132,336.7040837745327
Colombia,COL,2004,81.2,90.61135908873474,92.1592296058929,78.9859213001689,89.0,89.0,,70.0,,,0.5,51.0,159.61109924,0.636,1.391,24.900560931689,20.297753632983525,14.735832826404762,349.55267621783486
Costa Rica,CRI,2004,90.5,71.19893650248281,96.1969667880475,94.5999033929198,90.0,90.0,,79.0,,,0.2,26.0,293.77548218,1.437,,19.033326405984,21.92470569922841,16.591698822777023,361.2197575504062
El Salvador,SLV,2004,66.1,166.4584559843185,87.8573946803212,81.4794904202867,90.0,90.0,,71.0,,,0.6,41.0,185.83404541,,,32.0998095725901,26.03065770271417,16.930256066470836,277.7463572625277
Guatemala,GTM,2004,38.1,142.175482296099,88.5496740208144,62.9581205196871,87.0,0.0,,57.0,,,0.4,29.0,122.16271973,,,28.0762889420471,20.331963601366432,13.761114788997002,345.6338586655851
Honduras,HND,2004,36.0,219.314235473304,87.6718091532633,68.5719444585829,94.0,93.0,,57.0,31.5,2.1,0.6,108.0,83.29620361,,,31.456415466241,23.761582009598783,16.46217537185593,322.5720355461718
Mexico,MEX,2004,84.5,36.4240206049713,93.4651323429629,81.9676485346638,98.0,98.0,,68.0,,,0.2,26.0,446.13604736,2.115,1.655,15.6942834641564,19.08270068752303,11.305741416650973,278.43494653953064
Nicaragua,NIC,2004,38.1,216.624391017256,,,79.0,,,61.0,18.8,0.4,,94.0,66.54763794,,,23.3437287850243,26.18977290982216,17.638544921668398,291.0723353115634
Panama,PAN,2004,100.0,67.1784448757099,90.866022326398,66.4912909784567,95.0,95.0,,72.0,,,0.8,86.0,344.4079895,2.002,1.329,17.3391903877035,25.54332927472812,20.105763759257968,363.6129668416213
Venezuela (Bolivarian Republic of),VEN,2004,97.2,65.96544481078845,96.5193184686639,88.5803277002941,86.0,60.0,,66.0,17.1,5.2,0.6,49.0,,,,22.1499464382358,25.03091036232551,18.295165275856657,348.30168536990953
Brazil,BRA,2004,91.2,65.3189215655228,94.796510365405,76.7719281688316,99.0,95.0,,73.0,,,0.3,52.0,297.68243408,3.756,,26.117644607986,22.771959097816595,15.589339698975191,331.2821402748355
Paraguay,PRY,2004,49.2,112.86184059470756,81.5575917746236,75.6031403142363,92.0,92.0,,66.0,,,0.2,88.0,88.10053253,,,24.5329911909995,22.105333725751965,14.0259833542557,294.590560168357
Algeria,DZA,2004,98.1,69.28140123052046,89.6842209126681,85.5590698525635,86.0,0.0,,68.0,,,0.1,109.0,92.6876297,,,14.3152403982725,17.4781726971857,9.504209969631493,285.71332247386454
Bahrain,BHR,2004,100.0,22.9386641355764,99.9509121246006,99.9554673055506,98.0,98.0,,75.0,,,0.1,48.0,527.82989502,,0.922,66.5082075307466,26.474742473930643,16.28355153665513,273.2903558990378
Egypt,EGY,2004,94.3,119.51476413041168,98.7107692619596,92.8310689127908,97.0,0.0,,74.0,,,0.1,19.0,50.33084488,1.847,,57.6960532192467,22.06271243254008,10.58137650226979,205.618815238964
Iran (Islamic Republic of),IRN,2004,94.55,52.07303227337975,94.9970316924209,81.1633098268727,99.0,0.0,,70.0,7.1,4.8,,35.0,139.75932312,1.37,0.865,34.9555185321932,15.613195635435272,6.167345582629702,277.95227513906764
Iraq,IRQ,2004,82.8,104.1591303284759,84.4044866614588,72.7807850256075,74.0,0.0,,63.0,20.0,6.9,0.1,58.0,51.81518173,,0.658,44.217191482765,23.846060166948813,6.938549956961823,310.9345438172396
Jordan,JOR,2004,99.8,115.23153889564716,98.4929393838046,98.5294571468879,95.0,95.0,,75.0,,,0.1,8.6,175.04393005,3.094,1.938,26.9381957904774,19.115817607523752,9.179217929091676,194.8126876617569
Kuwait,KWT,2004,100.0,42.56892771247085,100.0,100.0,98.0,98.0,,79.0,4.1,3.4,0.1,34.0,649.42504883,,1.5,58.3437843818978,26.30910472019361,8.805860463302082,293.15876126129336
Lebanon,LBN,2004,,79.20616347815195,86.1494137742504,79.54208614562,75.0,75.0,,64.0,16.5,6.6,0.1,15.0,368.01425171,,,27.591861609056,18.635385782560583,11.815125221808456,310.4355055574364
Libya,LBY,2004,,18.03187860357595,,90.6369826859016,97.0,0.0,,67.0,,,0.1,65.0,200.83604431,4.734,1.232,26.6298931726852,20.57163225485184,10.400660993974329,263.1353276671554
Morocco,MAR,2004,93.3,157.7170608187165,67.3552311379122,72.2380118322512,97.0,0.0,,57.0,,,0.1,97.0,91.17259979,0.812,0.534,18.8310554192907,17.94551438516669,10.305021888435574,295.43398727603244
Palestine,PSE,2004,,209.0429804527135,94.343564925414,90.935395618891,96.0,0.0,,67.0,10.5,3.2,,1.3,150.72610474,,,26.5232739325778,20.2500610170999,12.053928505094492,282.1602511428913
Oman,OMN,2004,100.0,18.23924631706,85.6936491406229,91.4715625397252,99.0,99.0,,73.0,,,0.1,21.0,306.42941284,3.637,1.61,47.8913466801975,27.56715950222401,13.766511761536112,268.9407403612693
Qatar,QAT,2004,100.0,42.56892771247085,99.9029247892536,99.9365492602027,96.0,96.0,,82.0,,,0.1,79.0,1261.61999512,,,117.675164345887,27.45818285428337,14.577973381604362,239.9908172351051
Saudi Arabia,SAU,2004,100.0,27.75116532778645,99.0722920952378,,96.0,96.0,,78.0,9.3,11.8,0.1,19.0,471.45797729,,,68.2932433782135,26.423975080369765,9.17505475219813,277.6164927871278
Syrian Arab Republic,SYR,2004,98.9,164.095465262167,92.1769036904115,89.0567218578073,84.0,81.0,,68.0,,,0.1,56.0,60.20412827,1.86,1.412,31.0518063790248,17.244725228782837,8.30300079173006,245.3379687955868
Tunisia,TUN,2004,96.8,96.14441713786825,88.7051137784581,81.0995386424089,97.0,97.0,,66.0,,,0.1,39.0,167.27586365,2.807,1.311,19.191779300458,19.135849510847866,11.145319128362932,284.6561703586964
Türkiye,TUR,2004,92.2,47.8512530018012,93.2266012493425,89.0308156718015,85.0,0.0,,66.0,15.2,1.1,,44.0,292.65307617,1.735,1.416,25.2906579356927,13.573169503691547,7.969056838574251,277.4298114856763
United Arab Emirates,ARE,2004,100.0,42.56892771247085,99.6773760456002,99.1452977289426,94.0,94.0,,74.0,,,0.1,4.0,821.74920654,3.079,1.762,61.1629888436701,27.984170067354945,14.5620289643657,223.3204473267084
Yemen,YEM,2004,57.55,229.47468369623948,42.54029809914,45.8273231512099,72.0,0.0,,42.0,,,0.1,61.0,34.62483978,0.622,0.305,38.9898952418143,23.81365750724004,12.108679651112324,245.58777025809704
Afghanistan,AFG,2004,10.8,342.3417364847535,35.9993546342258,26.592743290922,50.0,0.0,,34.0,59.3,9.1,0.1,228.0,21.42300415,,,47.3920074249934,13.693599745810642,5.398594465101369,258.8267517601903
Bangladesh,BGD,2004,9.1,290.38748029967303,95.2545490019723,29.6630423579707,99.0,0.0,,28.0,50.5,14.6,0.1,221.0,10.78997898,,0.269,63.9852155965893,25.31762678096292,18.632687541904875,345.0569967716429
Bhutan,BTN,2004,42.5,186.6392524902535,87.4959833141751,51.0646518155056,89.0,0.0,,49.0,,,0.1,512.0,46.06135941,0.792,0.181,31.5204026747987,20.18590299769937,14.611306248383332,343.42451060051224
India,IND,2004,27.3,248.798630649112,82.1686302902513,25.504088846955,63.0,0.0,,41.0,,,,315.0,24.9240799,1.208,,50.8446162251344,25.59911803458312,15.620737162722593,277.8357473857342
Nepal,NPL,2004,11.4,301.9747122088175,82.0725089382401,25.0160431336895,80.0,0.0,,25.0,,,0.3,371.0,12.92468262,0.455,0.207,42.8648725328072,21.65512253631348,14.97188203977969,326.8877815180715
Pakistan,PAK,2004,27.9,220.9239054977205,88.2993740055727,38.3533268350512,68.0,0.0,,38.0,,,0.1,276.0,15.53542328,0.419,0.679,56.7436632932081,24.36640392467296,12.69187857626367,219.18475414623643
Angola,AGO,2004,42.1,213.825515534986,41.9772367862102,36.8026608112345,47.0,0.0,,30.0,,,1.6,468.0,50.23310852,0.994,0.063,23.3720548464755,21.7788534792678,13.667137607472066,318.4481839236783
Central African Republic,CAF,2004,0.5,342.958549004229,54.321703276721,20.4063183359002,51.0,0.0,,23.0,,,6.4,628.0,12.96809387,0.385,0.079,34.9816529133275,25.795720205718062,16.700399422412225,320.14200386709905
Congo,COG,2004,10.5,192.9626401323925,60.6181552928178,13.081524943127,67.0,0.0,,27.0,,,3.9,499.0,27.50056839,1.03,0.212,41.0345462075284,24.649579261284256,18.95550282572024,365.5223291707784
Democratic Republic of the Congo,COD,2004,1.8,368.4955158142185,37.3830762048941,21.9485957968142,54.0,0.0,,25.0,,,1.8,564.0,7.83304834,0.529,0.107,40.8226571258789,24.036694937921165,16.734422211866388,336.87790262675634
Equatorial Guinea,GNQ,2004,20.6,32.05357493124315,54.2150297528476,58.6335894811516,43.0,0.0,,24.0,33.0,2.7,,298.0,104.54925537,0.301,0.17,38.9509223009798,24.359191622730123,19.25141600406941,366.0000019409984
Gabon,GAB,2004,71.1,40.28944709716055,82.0013798708484,31.4642634106599,45.0,0.0,,39.0,,,4.7,361.0,183.92318726,4.768,0.278,29.1137843717922,24.994501066240968,19.451649165602035,365.94009210213255
Burundi,BDI,2004,0.2,358.8389627995175,52.7341459347256,46.0744530371063,83.0,83.0,,23.0,,,2.4,194.0,8.88248062,0.189,0.027,38.2609792705125,20.551489495740284,11.77349626719746,259.9115423476549
Comoros,COM,2004,1.2,270.580702183168,87.2174998697346,30.7668527595674,76.0,0.0,,36.0,,,0.1,44.0,70.61806488,1.013,0.198,11.3537158469715,25.7136488201942,19.099111476403703,365.8502449460049
Djibouti,DJI,2004,4.5,254.1425000500535,75.1788322527145,43.883509634259,64.0,0.0,,31.0,,,3.4,1530.0,40.04951477,0.358,0.156,37.454143233255,28.46310575978713,17.032917246397872,289.6370299683188
Eritrea,ERI,2004,5.3,299.9469007765265,48.1234182056445,9.64744722939411,98.0,0.0,,31.0,,,1.7,617.0,23.15624809,0.964,0.055,33.8023894391221,24.27749794340295,10.632403000309484,239.8449059298182
Ethiopia,ETH,2004,1.1,362.61254932982354,24.8460769905675,4.03281392420472,39.0,0.0,,14.0,,,2.0,388.0,5.7385993,0.204,0.026,22.43685085496,19.222325752928263,9.824931659767442,256.47358613864327
Kenya,KEN,2004,3.4,268.4052235032975,48.8271492189302,26.4731149422539,73.0,73.0,,31.0,,,6.9,634.0,27.65002823,0.465,,16.848406503078,20.878779439926817,12.52206217052604,284.0981406692089
Madagascar,MDG,2004,1.1,313.581898025547,39.2060328929428,5.63879503752012,78.0,0.0,,18.0,52.7,15.1,0.1,231.0,14.29298973,0.273,0.149,10.1740207618185,20.97404011641406,14.198819954354985,325.13873493692404
Malawi,MWI,2004,2.1,334.6483931531625,57.3298008251815,9.35853844568126,89.0,89.0,,23.0,52.5,6.3,12.9,402.0,15.94395351,0.581,0.021,18.0502583369773,21.228025802440328,13.464939994057996,296.0042287581938
Mauritius,MUS,2004,95.6,45.731992898297705,99.4501410084641,91.6486409323772,98.0,0.0,,70.0,,,,24.0,184.74328613,3.684,1.043,14.9584465209057,23.97457657103371,16.911787871030953,361.8960870388864
Mozambique,MOZ,2004,2.3,346.70767052109954,28.8635945459384,14.656791437849,83.0,0.0,,24.0,,,10.6,341.0,14.12452602,0.328,0.026,15.0909978138877,23.141273973846847,15.10900841671297,306.3690198535868
Rwanda,RWA,2004,0.1,340.56818198486053,50.2902032669002,50.6829486597842,89.0,89.0,,20.0,,,4.2,155.0,20.23413277,0.413,0.049,38.9212050920577,19.27367282673405,11.362794190078862,279.53963338281187
Seychelles,SYC,2004,100.0,28.5083878796528,94.259894640827,96.2825772348378,99.0,0.0,,64.0,,,,20.0,444.24789429,7.188,1.372,10.9159827604822,26.43274092968324,20.034344161781515,366.0000074163651
Somalia,SOM,2004,0.5,389.2467430392935,31.5789442986576,23.5876311312832,30.0,0.0,,14.0,,,0.2,336.0,,,,17.6560919082838,26.839270034843832,16.095691541518363,243.2465577678827
United Republic of Tanzania,TZA,2004,0.8,314.382588487845,33.9471157006674,8.68990145112376,95.0,0.0,,25.0,44.4,3.5,5.2,510.0,23.4493866,,,21.09337947347,22.7472359146647,13.915256152508544,280.75694822000315
Uganda,UGA,2004,0.8,311.898358647919,31.5685635634506,16.2795981231902,62.0,62.0,,26.0,,,7.6,240.0,18.60707474,0.699,0.081,30.6445686870124,22.368132121240595,14.197639489733412,315.1670061088758
Zambia,ZMB,2004,15.5,288.11640927517897,51.0123240914284,23.8700357388516,83.0,83.0,,34.0,,,12.3,631.0,29.99057961,,0.132,21.6406039140068,21.076995640025103,11.801715539035776,255.0102930834656
Botswana,BWA,2004,50.9,65.476560473806,76.1888838062927,57.2488048403831,96.0,0.0,,50.0,,,24.5,826.0,297.2512207,2.63,0.396,16.7286855848236,20.504868258686408,9.546668248656909,227.8593239894909
Lesotho,LSO,2004,22.1,289.53969229522,66.6522079155788,20.1519465673748,90.0,0.0,,35.0,44.7,5.6,23.2,1150.0,41.18851089,,,24.297604440342,12.612661990546025,7.199788108051615,238.63133261826025
Namibia,NAM,2004,36.5,125.18033005965135,78.0541039412165,29.4178256763319,81.0,0.0,,53.0,,,13.6,1260.0,373.46408081,3.164,0.308,15.6499060376194,21.61447427900873,7.811152314742503,302.42697985996506
South Africa,ZAF,2004,65.1,73.9834554092041,87.9864909045076,63.6233578866547,74.0,75.0,,57.0,,,15.8,1150.0,362.28662109,0.72,0.711,21.4483297605201,17.81728362536411,10.160579514418664,270.4936028282204
Eswatini,SWZ,2004,30.3,128.727168035788,56.5922875058508,52.3689358798259,86.0,0.0,,60.0,,,26.6,1320.0,175.89544678,6.362,0.159,16.4801012597912,19.787782867929835,12.40885288557694,302.4054448114339
Zimbabwe,ZWE,2004,32.4,246.2160302766365,68.1605611787825,44.881689855498,65.0,0.0,,34.0,,,20.6,607.0,,,0.169,14.7665779281413,20.2158464857498,10.825766176681295,244.33939033877644
Benin,BEN,2004,1.9,280.63935993606003,62.5694755970266,10.3155921363995,72.0,0.0,,24.0,,,1.3,82.0,24.52665329,0.71,0.038,43.4912072609613,26.934102564442693,19.08950038519952,343.627528849248
Burkina Faso,BFA,2004,3.6,322.7187227084495,55.1712862578843,11.9759949734472,79.0,0.0,,16.0,,,1.4,85.0,21.12279129,0.486,0.052,50.0796245882526,28.66730769519438,13.21583183601078,282.5886860421629
Cameroon,CMR,2004,13.7,254.29840907588,59.0958722241739,38.736762781943,73.0,0.0,,29.0,35.6,6.2,5.6,234.0,42.25278473,1.568,0.188,54.9050040060034,25.204336399378324,15.13998198818568,333.83909906511246
Cabo Verde,CPV,2004,64.4,197.6553775295905,80.6602617486896,46.1784728572733,93.0,0.0,,53.0,,,0.7,135.0,93.43228912,0.874,0.493,20.2973940061833,23.59942770543425,16.683242160174036,364.6739748013276
Chad,TCD,2004,2.3,326.143412300464,40.9739132233023,10.0242446229249,22.0,0.0,,16.0,44.4,16.2,2.2,129.0,27.74994278,0.252,0.035,47.0635030454934,27.77358666188308,11.44560160029341,320.6779759163014
Côte d'Ivoire,CIV,2004,16.1,228.082811410151,70.3215551742465,22.7442737383766,68.0,0.0,,24.0,,,5.3,208.0,47.04700851,0.52,0.106,30.807744234524,26.13542079777144,19.536134143949152,351.6418429116396
Gambia,GMB,2004,3.4,270.29907784746604,74.5723410425054,46.6954252889106,87.0,93.0,,31.0,,,1.9,191.0,32.15613174,0.429,0.102,41.5490116499845,27.23278015674816,16.125832139130598,280.40288061661164
Ghana,GHA,2004,9.0,239.782133495606,69.3225909029972,8.68540857696259,80.0,80.0,,26.0,,,2.3,206.0,23.57214928,0.901,0.148,40.8471079792122,26.782782711127066,19.14602376609433,343.6433318115056
Guinea,GIN,2004,0.8,299.8595196990655,52.7452281197482,12.2068746539465,60.0,0.0,,17.0,,,1.7,163.0,26.41420937,0.486,0.109,33.3643330259586,25.91088507486567,17.251401352090085,314.15068950553035
Guinea-Bissau,GNB,2004,1.2,314.0560018215055,56.9133054099117,7.78216486739306,64.0,0.0,,29.0,,,4.5,273.0,18.42279816,0.794,0.139,36.7381808247812,27.489205601999466,17.19544852824149,271.7271030173675
Liberia,LBR,2004,0.4,344.6159471844615,64.5712728784184,13.3677053295354,31.0,0.0,,25.0,,,2.3,244.0,16.7787571,0.328,0.033,23.2290198095364,25.20685774384752,19.390629031669363,357.2094276193766
Mali,MLI,2004,0.8,312.1017446955925,55.9690552417302,22.193273656424,69.0,0.0,,25.0,,,1.5,79.0,21.72010231,0.636,0.055,42.1432276539235,28.990655745460657,12.438131326417384,295.4178727183857
Mauritania,MRT,2004,35.7,222.369781540735,46.8421748540114,23.1372199810227,70.0,0.0,,24.0,,,0.7,203.0,31.47280884,0.66,0.109,45.6776557825042,28.932898752200582,11.009458521083973,297.73694117307144
Niger,NER,2004,1.0,341.323515056745,39.5981949224788,8.11105189403746,43.0,0.0,,19.0,,,0.6,118.0,14.06374931,0.212,0.022,69.3727963569156,28.65627995646753,10.190710426849362,295.85667320068774
Nigeria,NGA,2004,0.9,257.3257451958255,50.463557619145,30.053264298702,33.0,0.0,,27.0,,,2.2,219.0,42.81798172,,,61.7935698630297,26.63245845312249,16.500633972874834,331.54769696507964
Sao Tome and Principe,STP,2004,0.5,265.8408140411196,71.0518333467706,25.5404255353565,96.0,0.0,,45.0,,,,252.0,71.05591583,1.953,0.514,15.6285685191054,25.72434618881902,19.81663329490388,365.9999972398289
Senegal,SEN,2004,37.5,259.530754922073,64.4218461577163,40.8160197921212,87.0,0.0,,23.0,,,0.7,184.0,41.94406128,0.3,0.054,44.6114146951369,26.35338402544599,15.407914226206856,289.9851600805921
Sierra Leone,SLE,2004,0.2,339.50025060402254,44.6230449596338,8.94954704248469,65.0,0.0,,17.0,,,1.7,557.0,23.03477859,0.226,0.031,26.7023883944884,25.83608523883077,19.80099805051272,353.27303829209114
Togo,TGO,2004,0.9,307.9063877018265,51.0022965045224,8.96468393915561,71.0,0.0,,23.0,,,3.4,82.0,18.62999153,0.34,0.043,42.8866048928066,26.743385639392603,18.90698128912773,338.82293357112553
American Samoa,ASM,2004,,67.2881381132136,95.9761248690348,62.2619130322578,,,,,,,,8.8,,,,4.62015587583084,27.039981539667505,20.77360002181526,365.9999967192808
Bermuda,BMU,2004,,42.56892771247085,100.0,99.9708097780902,,,,,,,,9.6,,,,5.66538060914111,21.58370659789952,14.556682955629183,330.9999985090953
Cook Islands,COK,2004,,53.80311078754255,,,,0.0,,,,,,,,,,4.50910245744137,24.888491263776988,17.871383626928505,349.8879202053405
Greenland,GRL,2004,,42.56892771247085,100.0,,,,,,,,,200.0,,,,1.38685225018092,-2.85753297721462,3.5672766126747364,327.38430112960464
Guam,GUM,2004,,13.650006781037298,99.4836893355693,89.2286315381374,,,,,,,,67.0,,,,4.62770178284191,27.14016214479324,21.35723344429385,365.9999994006993
Monaco,MCO,2004,100.0,42.56892771247085,100.0,100.0,99.0,99.0,,79.0,,,,0.63,5681.51171875,,,17.6645083951841,13.042306620193006,8.872632066365494,316.8750164139872
Nauru,NRU,2004,100.0,163.155047408218,98.328670335757,64.6660238896866,80.0,0.0,,47.0,,,,65.0,216.23666382,6.238,0.99,5.15231765866753,27.3162258704024,21.45419726001597,366.0000027352559
Niue,NIU,2004,,101.804867827519,,,,99.0,,,,,,,,,,3.76329969884022,25.49576561015651,18.533658920570566,361.1150656075866
Northern Mariana Islands,MNP,2004,,23.22196243133715,97.2409959121703,95.0579483453994,,,,,,,,181.0,,,,4.0501423585453,27.086562195672403,21.151957068258177,365.2854140756635
Palau,PLW,2004,100.0,51.9158918812663,99.3642473438433,93.5161878932532,98.0,98.0,,70.0,,,,25.0,765.0546875,6.061,,6.93320661284642,27.190704695807323,21.465881012620688,366.00000101413
Puerto Rico,PRI,2004,,13.44700250023815,97.8031667327366,98.3430269916435,,,,,,,,5.7,,,,6.42254996765708,25.329556062056373,18.858050364134,365.90488802311927
Saint Kitts and Nevis,KNA,2004,100.0,26.19101383182495,98.4997279400202,89.0670883451984,96.0,95.0,,76.0,,,0.4,4.3,491.62530518,,,8.56174209252267,26.155148333131272,19.47270637213781,365.2499914152984
San Marino,SMR,2004,100.0,42.56892771247085,99.9999993980994,100.0,95.0,93.0,,72.0,,,,0.0,2958.87963867,,,16.5547736169928,12.291680736901608,8.54401731390958,309.5624919686928
Tuvalu,TUV,2004,15.3,228.0936319532645,98.9655447437616,80.6725239368512,98.0,0.0,,61.0,,,0.2,173.0,216.72221375,,,5.74260120047427,27.27719430153728,21.45534046429913,365.4976531849168
United States Virgin Islands,VIR,2004,,14.635942751525253,98.6734527033794,99.079440782966,,,,,,,,,,,,6.38643870471012,26.1805411331182,19.438695244174724,365.4800803668872
South Sudan,SSD,2004,0.2,232.41945966219248,,,,,,22.0,,,2.5,,,,,25.3564661158324,28.22725374287645,14.278699429168432,296.04276673085155
Sudan,SDN,2004,15.0,230.09834539928,45.797621974813,17.4258224608883,74.0,0.0,,28.0,,,0.1,142.0,29.30404472,1.031,0.247,41.173288362648,28.691938384599023,9.599267306503233,301.7358021636992
China,CHN,2005,47.4,165.7679574528475,84.5333851261105,66.007414871417,87.0,0.0,,68.0,11.7,2.9,,91.0,73.00266266,1.03,1.239,46.1328560526843,14.960858942965483,10.520779630795628,286.42742895722324
Democratic People's Republic of Korea,PRK,2005,3.0,295.5103734816,98.8654741695466,75.2267505195982,79.0,0.0,,72.0,,,,,,,,25.5998218868133,9.024687415378216,8.230309729659755,263.3203722679546
Taiwan,TWN,2005,,13.8564146624792,,,,,,,,,,,,,,26.0810453437243,21.846360080117154,16.07660681676919,356.8972821839716
Cambodia,KHM,2005,6.6,293.9697772573445,59.676559152063,22.4997083184805,82.0,0.0,,35.0,42.8,8.5,1.0,640.0,32.33660507,,,27.2429490667385,27.87850221171318,19.77626978825945,306.4598278038676
Indonesia,IDN,2005,16.3,142.6512770918145,80.6739527502828,51.4837806650068,72.0,0.0,,48.0,,,0.2,360.0,34.09753036,,,24.8850896401555,25.76239737348645,19.903079009887097,363.6977982453412
Lao People's Democratic Republic,LAO,2005,2.1,258.8617151083075,59.0427496607497,43.0065419549901,49.0,0.0,,40.0,,,0.2,270.0,17.33082581,0.975,0.267,38.2507059626885,22.79263031320416,16.57599804091581,344.53633292544987
Malaysia,MYS,2005,97.9,33.13422158867835,96.6181133763505,93.9630919319295,96.0,85.0,,74.0,,,0.4,102.0,162.17677307,2.538,0.778,22.1031506606071,26.640442736937988,20.397612508598264,359.4475960496998
Maldives,MDV,2005,71.0,67.10729415959585,95.6853187306833,81.9107386991057,98.0,0.0,,62.0,,,0.1,107.0,335.13778687,,,20.1714056071339,27.306119972215907,20.776485419296595,364.9268671526282
Myanmar,MMR,2005,3.9,297.308129132286,55.2373698713053,66.2119516928638,73.0,0.0,,40.0,,,0.8,545.0,7.65254498,0.77,0.392,43.1275997489952,25.6482773834518,17.603233342655297,294.07370922359087
Philippines,PHL,2005,40.3,178.5031132386595,88.3678311380432,66.7468776426565,89.0,0.0,,58.0,,,0.1,539.0,45.67607498,4.193,1.205,33.0419500553782,26.4016694250999,20.5855143880672,364.5689458303997
Sri Lanka,LKA,2005,19.5,144.0612746078385,85.0330281014666,80.8225453170759,99.0,0.0,,64.0,,,0.1,112.0,55.40001297,1.361,0.504,32.7957793490217,26.34377925684517,19.91739057003128,353.7020585894685
Thailand,THA,2005,67.0,72.6200675477469,95.5388009228928,93.4725323543909,98.0,0.0,,72.0,,,1.9,224.0,90.61147308,,,34.0368087733727,27.47476405016764,19.503923750581027,319.78508739143393
Timor-Leste,TLS,2005,2.0,297.3116612708805,54.6754050235907,26.1851944213066,55.0,0.0,,34.0,,,0.1,952.0,25.72540092,,,15.551331735332,25.015520296556165,17.949289534183354,354.0679722925637
Viet Nam,VNM,2005,29.4,223.93277687866748,84.7504123379551,58.966321324654,95.0,0.0,,58.0,33.3,10.6,0.3,266.0,38.96974945,0.859,0.635,37.9564149631441,24.795835413536057,18.74088861706705,355.4225195954373
Fiji,FJI,2005,29.4,107.9657641572066,94.9370413957201,89.5944358182032,96.0,99.0,,61.0,,,0.1,32.0,120.21074677,,,6.83491264335033,24.9170198959242,18.40388844400914,362.0134391448613
Kiribati,KIR,2005,1.4,289.8311022598565,61.3552527879544,34.163338666221,79.0,0.0,,38.0,,,,1280.0,131.88641357,,,4.99442966048229,27.457876314597844,21.16045930424364,364.99653077804254
Marshall Islands,MHL,2005,27.7,233.58321080033,88.5455141117699,75.7826662619326,77.0,69.0,,67.0,,,,552.0,490.59927368,,,4.85773749571584,27.11806744835588,21.312778355335347,364.999994199939
Micronesia (Federated States of),FSM,2005,11.0,237.6878422292665,91.1951753562302,45.4876394243693,94.0,74.0,,50.0,,,,271.0,397.91644287,2.3446,0.557,4.59660703702622,27.16785162286861,21.53035560867047,364.9999917354444
Papua New Guinea,PNG,2005,6.0,248.730893384363,31.1975839865921,16.6059135071294,72.0,0.0,,25.0,43.9,4.3,0.9,679.0,27.49723434,,,13.4634685113363,21.895660105228345,17.142825249662465,364.9803752141893
Samoa,WSM,2005,21.9,188.9776664740425,87.4968982222586,92.2057450024926,59.0,0.0,,56.0,,,,13.0,121.24176788,,0.267,4.95609803922206,26.47787854359043,20.73639818283456,364.9897312061338
Solomon Islands,SLB,2005,8.4,288.9480150092055,76.7151460783191,23.2806567827526,89.0,0.0,,39.0,,,0.1,317.0,89.02578735,1.437,0.184,9.45645517550285,26.53378288885284,21.21172027107835,364.9940196431596
Tonga,TON,2005,46.8,177.63578810026598,98.5855837440187,89.6551557415148,99.0,99.0,,66.0,,,,17.0,108.29302216,,,4.830014502808,24.528813594604983,17.3352399355785,345.93825468594497
Vanuatu,VUT,2005,13.5,263.50136274891247,85.7460412564871,54.6248564154339,68.0,0.0,,46.0,,,0.1,162.0,61.93361664,,,8.54593429414889,25.397098800717487,18.7144040321513,359.7541914387623
Armenia,ARM,2005,90.8,166.963169426083,96.8174664083954,89.1491045548132,90.0,0.0,,59.0,17.9,5.4,0.1,161.0,95.55093384,4.947,2.543,30.0731073574406,7.804554748797289,6.397704140890335,280.0764275530765
Azerbaijan,AZE,2005,85.3,166.963953607986,80.1342105544124,73.9007809135916,75.0,0.0,,55.0,,,0.1,237.0,34.35204697,8.186,3.557,22.4573185913491,13.944024684772202,9.339098271778973,302.71712961600656
Georgia,GEO,2005,54.15,167.8490141229235,94.7414845988638,78.5154686105649,82.0,0.0,,66.0,14.6,3.0,0.1,201.0,132.22496033,4.331,3.991,19.9559288424734,9.97421675907254,7.959462932983084,327.1195855613175
Kazakhstan,KAZ,2005,88.6,60.76159554078245,91.9118915154506,97.0648490891514,98.0,0.0,,78.0,,,0.1,181.0,139.57885742,6.637,3.476,16.9135585626463,8.74164072749257,5.940475579601744,246.1255159792533
Kyrgyzstan,KGZ,2005,62.5,248.0078842921245,83.4769470367777,93.6560226009521,98.0,0.0,,71.0,,,0.1,258.0,34.93693161,6.131,2.02,21.646280675405,9.819179119463223,6.0606210342585785,230.422308414289
Mongolia,MNG,2005,26.9,178.197343263369,69.2258593497373,48.0796741751259,99.0,28.0,,63.0,27.5,2.7,0.1,428.0,38.04277039,,2.648,26.9654055981599,-0.4236637094209785,3.7001055899121016,220.85456894715267
Tajikistan,TJK,2005,54.3,296.527508814016,62.9221859580014,92.7632910189712,84.0,0.0,,68.0,33.1,8.7,0.1,208.0,17.38472557,3.396,1.917,21.6109102620719,11.046221590729544,6.25971789056392,215.53593900206965
Turkmenistan,TKM,2005,99.7,123.13984732666005,92.0373759307942,93.6603556052315,99.0,0.0,,78.0,,,,113.0,324.81155396,4.655,2.356,27.3450955544623,15.770641963855786,6.840290673320152,261.1136089746348
Uzbekistan,UZB,2005,85.1,185.645648805561,89.7235443851792,94.1508115621162,99.0,0.0,,80.0,,,,160.0,32.51261139,11.01,2.677,34.3004465213979,14.913510552394865,6.83899942376783,229.67364877893365
Albania,ALB,2005,51.2,139.720374154918,89.0211900611453,92.32297892735,98.0,0.0,,55.0,26.7,7.3,0.1,19.0,149.97515869,3.62,,22.259060754129,12.067299917222307,8.432187169572028,310.8692279298116
Bosnia and Herzegovina,BIH,2005,49.15,119.44982166587914,96.9562697238871,95.1357940491604,93.0,50.0,,56.0,,,,87.0,241.64047241,4.475,1.409,38.3870312261396,9.855532740352247,7.739283729602743,322.36053800079463
Bulgaria,BGR,2005,,70.18174088776215,99.5952857314263,85.8787353292987,96.0,0.0,,64.0,,,0.1,75.0,267.74139404,4.508,3.661,29.3063935722121,10.982174563628258,8.27709798997106,330.50397828208264
Croatia,HRV,2005,100.0,30.5291385685976,99.0847905577496,97.6362088912943,96.0,96.0,,71.0,,,0.1,34.0,726.6114502,5.326,2.573,26.5990115147249,11.459551387489338,8.372332793195872,311.3879230473625
Czechia,CZE,2005,100.0,17.514723277338952,98.1234653444269,99.0360747100717,97.0,97.0,,80.0,,,,13.0,852.65246582,8.478,3.539,22.8458396229473,8.552764464281138,6.945569583325745,319.2171750150712
Hungary,HUN,2005,100.0,25.1456676212418,95.4573933854111,98.029143037033,99.0,99.0,,75.0,,,,26.0,895.20330811,6.159,2.787,23.118993348319,10.268488841317644,7.675399540318522,305.87832227072573
North Macedonia,MKD,2005,61.4,92.64919175397156,96.8586412875669,89.1441375585342,97.0,0.0,,58.0,11.3,3.4,0.1,54.0,229.81243896,3.355,2.102,31.3067417253929,10.25157939507865,6.981320112527918,269.9688834996866
Montenegro,MNE,2005,65.9,80.78075063595304,,,,,,66.0,7.9,4.2,0.1,41.0,,5.218,1.897,25.1727148000148,10.170110082563614,7.758130319545421,320.6865965282228
Poland,POL,2005,100.0,36.64273263663605,98.239082450466,90.9202465624261,99.0,22.0,,71.0,,,,31.0,465.70019531,5.645,2.14,27.7870141840158,8.360623267040099,6.893604253767837,316.9629417234565
Romania,ROU,2005,100.0,63.71404281561689,99.9999985637019,74.2457870285484,97.0,0.0,,67.0,,,0.1,177.0,254.52961731,5.817,2.234,24.9079117568571,9.187614664402512,7.500632087874678,325.1906477564365
Serbia,SRB,2005,62.6,87.86449223923694,89.6720082723316,95.6679289682349,98.0,0.0,,57.0,8.1,4.5,0.1,69.0,307.54705811,5.813,2.757,28.1664143610539,10.72363406629502,7.960085520395679,313.2759730250688
Slovakia,SVK,2005,100.0,28.81231018350845,97.966819867386,99.2778705224537,99.0,99.0,,77.0,,,0.1,19.0,601.31323242,6.331,3.035,23.8419654340286,8.95747833001674,7.161971056778394,312.5623048556196
Slovenia,SVN,2005,100.0,15.2666621790544,99.6643087040405,99.1116751269035,95.0,95.0,,79.0,,,0.1,19.0,1449.18920898,7.52,2.35,22.6539558541347,9.828621021020274,7.761278938580967,320.27871880563174
Belarus,BLR,2005,96.9,79.7351279325258,98.0009256778293,92.7606037607482,99.0,0.0,,72.0,4.5,2.2,,105.0,196.13806152,9.932,3.326,21.833388800954,6.848243307063644,6.619834180428649,330.07649660060986
Estonia,EST,2005,100.0,26.40586698341505,98.1836064927541,99.5838417211126,96.0,37.0,,71.0,,,0.5,64.0,549.63024902,6.58,3.142,13.1754671293109,6.0352062742650405,6.42740654907812,336.905017625564
Latvia,LVA,2005,100.0,44.42166323191215,98.0973437234884,89.6980083736191,99.0,99.0,,70.0,,,0.4,125.0,440.8097229,5.204,2.959,23.6818026731461,6.575615523993968,6.582902740991387,339.6963443240547
Lithuania,LTU,2005,100.0,40.12985079375725,91.9151921739671,86.614106124964,94.0,61.0,,68.0,,,0.1,128.0,438.93267822,7.605,3.721,20.4022598864032,6.946709311001179,6.671940151752337,338.7277621676482
Republic of Moldova,MDA,2005,81.0,198.97774017151448,84.6970913966841,73.6881674871304,98.0,0.0,,67.0,10.7,5.8,0.7,130.0,79.33213043,5.889,2.515,22.3527485006497,10.285475827727527,7.439826825955403,269.98576203108286
Russian Federation,RUS,2005,100.0,42.38393817240665,96.471709178474,81.6791040024383,98.0,0.0,,72.0,,3.3,,88.0,270.1439209,7.086,4.774,16.6185162939132,5.320537699896672,6.269221980511217,313.4761061319423
Ukraine,UKR,2005,93.3,127.869785417188,97.3192965244118,95.1373679572065,96.0,0.0,,74.0,,,,205.0,114.63265228,6.544,2.974,23.8050030057707,9.085442949274087,7.118035146919721,291.3164818572518
Brunei Darussalam,BRN,2005,100.0,42.56892771247085,99.6738063397299,78.7980235839323,94.0,94.0,,76.0,,,,77.0,657.31945801,5.589,1.087,9.14633769345823,26.777125679240363,20.95390818018506,364.8697253723383
Japan,JPN,2005,100.0,19.00381474184395,98.5545378078553,99.9864208357503,98.0,0.0,,79.0,,,,29.0,2892.60473633,,,11.9342418120752,14.43045827871124,10.21169327795666,290.359945297067
Republic of Korea,KOR,2005,100.0,15.0240347132451,98.7656134279428,100.0,96.0,0.0,,79.0,,,,96.0,944.55078125,3.899,1.637,20.7171384675339,12.416459811593633,9.258357491578392,262.6128613251704
Singapore,SGP,2005,100.0,42.56892771247085,100.0,100.0,96.0,0.0,,86.0,,,0.1,51.0,908.3760376,4.725,1.581,17.5260473567112,27.286326228697416,21.269901327426176,365.0000125995195
Australia,AUS,2005,100.0,31.956446254491752,99.7781476301651,99.9934420647228,92.0,94.0,,86.0,,,0.1,6.3,2995.87255859,9.707,2.764,5.71554337062687,17.112210135981066,10.428514278287444,305.0213336328458
New Zealand,NZL,2005,100.0,13.4180785037754,99.9999975084119,99.9999975084119,89.0,80.0,,84.0,,,0.1,10.0,2295.37182617,9.708,2.105,7.69128251490132,13.84523341108932,9.608892775610103,359.2357441314668
Andorra,AND,2005,100.0,42.56892771247085,100.0,100.0,98.0,97.0,,71.0,,,,13.0,2279.53051758,3.437,3.295,13.9465958618342,7.74664949490578,6.323089268692435,291.9304708206444
Austria,AUT,2005,100.0,31.21574703348545,100.0,99.9947064734973,86.0,86.0,,76.0,,,,15.0,3720.02441406,6.197,4.348,20.2034560861732,8.149511508240384,6.9950531537374525,330.1106093379981
Belgium,BEL,2005,100.0,22.65465645756645,100.0,99.4854588007365,97.0,95.0,,83.0,,,0.1,13.0,3415.64599609,9.466,2.871,17.7070766725274,10.693144703664233,8.259904078471184,353.7573393451391
Cyprus,CYP,2005,100.0,13.790756330372002,99.8665320571823,99.6007951565338,98.0,58.0,,68.0,,,,5.2,1366.01708984,2.988,1.881,26.1631897992524,19.695535540468864,11.455897708087752,267.7791547243867
Denmark,DNK,2005,100.0,42.56892771247085,99.9999987386533,99.597236324295,93.0,93.0,,77.0,,,0.1,10.0,4436.07421875,10.75,3.335,13.5574625195906,8.833782618876258,7.503293694087937,357.9359799141749
Finland,FIN,2005,100.0,19.66132967286635,99.9999971053546,99.4481380769585,97.0,98.0,,80.0,,,,8.0,3236.85839844,9.367,3.674,8.8644509894831,5.099610737594417,6.156929808334524,334.4211635621518
France,FRA,2005,100.0,18.6790046691939,99.9999971982773,98.6592218035867,98.0,97.0,,79.0,,,0.2,9.8,3575.02514648,7.643,3.413,16.5468479487896,12.189118448439338,8.662363311706967,324.5504472976708
Germany,DEU,2005,100.0,22.2382861207866,100.0,99.2211744184797,96.0,94.0,,82.0,,,,7.6,3544.56616211,9.458,3.413,17.0327523133688,9.47849797629916,7.502846721329208,332.20171683384325
Greece,GRC,2005,100.0,14.0416618334809,99.8425963346564,98.2367240021803,96.0,84.0,,68.0,,,0.1,8.9,1935.26757813,3.567,5.059,24.1297098606129,15.96744686729375,9.693797551167366,271.2775390872529
Iceland,ISL,2005,100.0,27.568539764641848,99.9999985914996,98.7917259201809,95.0,95.0,,83.0,,,0.1,3.4,5079.68945313,14.75,3.612,5.86417564308246,4.242161393684713,5.467589386315773,351.4696241822534
Ireland,IRL,2005,100.0,42.56892771247085,96.743244411118,89.944799688173,90.0,90.0,,75.0,,,0.1,14.0,3938.19116211,12.23,3.531,11.661928529531,10.33171071029483,8.163063966633635,364.0149128856379
Israel,ISR,2005,100.0,13.46443280497105,99.999996277042,99.999996277042,93.0,93.0,,78.0,,,,7.3,1509.10583496,5.606,3.626,27.6850298573892,20.512675949550843,13.118011843467254,310.00000610249697
Italy,ITA,2005,100.0,20.545191346649705,99.6856218693615,99.8858236930033,95.0,95.0,,77.0,,,0.2,8.8,2669.72802734,5.189,3.687,25.1948564242359,13.623611927935372,9.209022232135732,305.7631964607322
Luxembourg,LUX,2005,100.0,42.56892771247085,99.9999981375846,97.6641072754687,99.0,98.0,,78.0,,,0.2,11.0,5818.14599609,11.29,2.557,15.8883875809941,9.872710687282437,7.743471567781131,338.2589150427448
Malta,MLT,2005,100.0,16.149887466396052,100.0,99.9484979431454,92.0,83.0,,77.0,,,0.1,5.3,1378.2388916,5.674,3.404,15.3887343777073,18.9024338380362,12.832996660956946,340.82467161282585
Netherlands,NLD,2005,100.0,42.56892771247085,99.999998280043,97.9163269623659,96.0,96.0,,79.0,,,0.1,7.9,3823.48095703,8.256,2.684,17.1027180284708,10.723294096941755,8.269997050912881,351.33833215671046
Norway,NOR,2005,100.0,42.56892771247085,100.0,98.0669754884968,91.0,93.0,,79.0,,,0.1,7.4,5584.68896484,15.51,3.563,9.14710097228594,6.376265434944792,6.188871794692753,332.5697145580795
Portugal,PRT,2005,100.0,14.56450364729245,99.1782486155744,98.2205201292001,93.0,93.0,,82.0,,,0.6,41.0,1814.35449219,4.585,3.502,12.9020244773912,15.21530451871384,9.481962820396184,304.820357393049
Spain,ESP,2005,100.0,13.5391606444933,100.0,99.8416133982387,96.0,96.0,,76.0,,,0.5,23.0,2074.33081055,4.485,3.521,15.0412994628953,15.271798409615078,8.939217650861753,283.9518356682467
Sweden,SWE,2005,100.0,27.5717894592701,99.5447070775688,99.1600494494,98.0,98.0,,75.0,,,0.1,8.1,3546.78686523,11.21,3.454,9.48965055755712,6.832217231065084,6.664133631759093,340.7834010310097
Switzerland,CHE,2005,100.0,42.56892771247085,99.9999983311842,99.8810375348048,94.0,93.0,,82.0,,,0.3,8.9,5661.17431641,12.93,3.74,18.1181168620581,8.58060023728513,6.98885795161312,312.4392675614537
United Kingdom,GBR,2005,100.0,19.05792573547415,99.9999990459371,99.1244438943876,91.0,91.0,,81.0,,,,15.0,3528.16162109,9.6,2.4,16.1136437372365,10.31242113352288,8.035829174988411,363.4251683407964
Argentina,ARG,2005,98.0,41.81156005935195,97.421184805077,89.9997295570375,98.0,98.0,,77.0,7.2,1.7,0.3,38.0,395.64596558,,,16.5905504324948,16.47879478112465,9.955121430153074,281.0384300734508
Chile,CHL,2005,100.0,38.1950530120194,97.0126905323196,94.8666435594801,91.0,91.0,,69.0,,,0.2,22.0,495.56002808,,0.97,25.5909128750775,13.006273771720444,8.013715048860375,278.23496045272816
Uruguay,URY,2005,100.0,50.369251628357205,97.5328552495879,93.6843491795697,96.0,96.0,,77.0,,,,28.0,445.28201294,,,11.4937593043429,17.33177468967755,11.079947174209464,310.9075352004466
Canada,CAN,2005,100.0,35.88890460092505,99.4969698010964,99.8639583203514,93.0,93.0,,85.0,,,0.2,6.3,3268.46850586,8.691,,8.59618989296122,7.113701874775266,6.94737050951071,321.18011202936214
United States of America,USA,2005,100.0,42.56892771247085,98.8969723453507,99.8713252821496,96.0,94.0,,82.0,,,,6.0,6428.60205078,10.41,,13.339296619319,14.275235444130912,9.256449156647223,270.6062370958485
Antigua and Barbuda,ATG,2005,100.0,19.6895664439635,97.7897055772759,88.6381274061459,99.0,99.0,,78.0,,,0.6,7.5,641.3157959,,,9.77154755214194,26.60868408135156,19.88349788782845,364.3300658053971
Bahamas,BHS,2005,100.0,18.4134526649666,98.3621493770784,92.9701786217826,93.0,93.0,,80.0,,,1.9,21.0,1153.21594238,,,8.51983511727044,24.81118087152629,17.562551112589198,337.1661189660106
Barbados,BRB,2005,100.0,28.8836549637143,98.3064086446429,91.5847831972547,92.0,92.0,,78.0,,,1.1,3.5,963.07849121,4.879,1.82,11.217137815951,26.91033063955208,20.458960895196984,365.0000061238344
Belize,BLZ,2005,82.6,84.57288398324326,90.6523242612086,83.9996958672325,96.0,96.0,,65.0,,,1.4,70.0,181.24623108,,,17.537764001577,25.860092102092867,19.617550573649407,358.10621055248225
Cuba,CUB,2005,78.6,185.5729839760665,92.4685863425789,82.6899916406474,89.0,94.0,,78.0,,,0.2,10.0,331.50354004,,6.268,10.8934677123573,25.270132823674818,18.272538343465182,360.3639726912369
Dominica,DMA,2005,84.8,100.6880487975433,94.8722688677582,70.3209774811161,98.0,0.0,,70.0,,,0.4,9.7,263.66098022,,,11.9749690824808,26.38170758810489,19.99401252722724,364.8765649472632
Dominican Republic,DOM,2005,86.7,93.99391060942196,92.9442462304413,79.5457900352117,87.0,87.0,,69.0,,,1.3,108.0,168.85827637,,,14.0561755496307,24.791016123287203,18.06945975931153,357.85354543845017
Grenada,GRD,2005,93.1,78.43391426094036,94.4692126571641,91.1213404409914,99.0,99.0,,75.0,,,,1.9,326.09225464,,,11.4843085150801,26.971559986028545,20.71225834109053,364.9999974473475
Guyana,GUY,2005,100.0,119.64300484891017,90.6866289837536,80.2648830646045,93.0,93.0,,62.0,,,1.2,151.0,85.35713959,,,24.4486595567648,26.5086014996642,20.996850353333613,364.6871373054301
Haiti,HTI,2005,3.3,272.208220230617,59.8048339456041,22.5049412936123,60.0,0.0,,35.0,,,2.1,532.0,25.25854683,,,14.5278127247137,25.614255992253792,18.844860074727297,361.7643138042409
Jamaica,JAM,2005,81.7,105.72321367995104,93.495904810275,81.5952850004995,99.0,99.0,,67.0,,,1.6,6.4,243.57797241,,,19.5222788845679,25.91841702242452,19.76603518766322,364.7416874576551
Saint Lucia,LCA,2005,92.2,69.06222560098995,91.5053069842669,84.6384275834936,95.0,95.0,,68.0,,,0.3,8.5,333.37374878,1.97,0.508,11.084162930221,26.86423324013068,20.31404649228189,364.7989458153095
Saint Vincent and the Grenadines,VCT,2005,95.8,84.0462949637277,96.2393271059169,74.6608057101443,99.0,99.0,,71.0,,,1.0,6.2,197.63206482,,,11.6027173812019,26.90120515128968,20.555540982329745,364.9999945639357
Suriname,SUR,2005,82.1,71.47066097841235,91.3567891042984,79.9454355206116,83.0,83.0,,70.0,,,1.4,42.0,241.68415833,,,23.1099209888035,26.654390795669304,20.863464915922748,364.7410064393618
Trinidad and Tobago,TTO,2005,100.0,20.51180424368995,97.3094204121503,94.3756517863125,95.0,95.0,,73.0,,,,20.0,530.35229492,,,13.8675495080232,26.713362044619107,20.760261043033907,364.9064734020554
Bolivia (Plurinational State of),BOL,2005,68.5,189.831022395493,84.1552356884604,40.7534588124944,85.0,85.0,,47.0,,,0.3,300.0,51.76200867,,,66.4836219904112,14.83429634484606,9.781117602729385,305.2991237131257
Ecuador,ECU,2005,92.0,108.18889397636076,87.1657190162046,76.2586729736281,92.0,90.0,,68.0,,,0.4,62.0,170.44190979,,0.902,37.6331086572784,19.05274909848,14.450138720333191,363.1897537539705
Peru,PER,2005,56.5,127.63713576730896,84.0910140674012,68.1735152494759,77.0,94.0,,66.0,29.2,1.0,0.3,228.0,123.25354004,,,58.0879024743826,15.912872124993571,11.073933857346509,331.0367406963215
Colombia,COL,2005,81.9,88.91742812641209,92.4559019256854,79.8764166229858,93.0,93.0,,71.0,16.0,1.6,0.5,44.0,209.68319702,0.678,1.432,24.6016375661702,20.53755282433671,15.098863145291372,352.78972953328366
Costa Rica,CRI,2005,90.8,68.9292983591277,96.5413161028421,94.8112740526154,91.0,89.0,,79.0,,,0.2,19.0,313.48355103,1.463,,19.5238014973594,21.956209926359936,16.76233427676123,362.7354541058009
El Salvador,SLV,2005,67.8,162.369619129591,87.4859778413184,81.8222708575253,89.0,89.0,,72.0,,,0.6,50.0,225.17417908,0.3457,1.724,33.7503003648435,25.77799238308229,17.45985844628677,299.8326248197961
Guatemala,GTM,2005,37.7,140.4933937017785,88.8001402609139,63.3959543094237,87.0,87.0,,57.0,,,0.4,33.0,132.41906738,,,29.2886105981655,20.587443977509352,14.122767860536989,343.0673906931303
Honduras,HND,2005,37.6,216.704864459139,88.133961090874,69.5815268362271,98.0,97.0,,57.0,,,0.6,92.0,97.86359406,1.043,0.358,33.7566101434543,23.923571357519965,16.854890347027172,324.334809798178
Mexico,MEX,2005,84.8,35.47658629139665,93.9295704021899,82.634046861873,98.0,98.0,,68.0,19.4,4.9,0.3,31.0,483.97970581,2.209,1.768,15.7867484626415,19.67951262350658,11.214582574545814,272.9443931028188
Nicaragua,NIC,2005,39.2,213.7276683043875,,,86.0,,,62.0,21.5,0.9,,77.0,73.65701294,1.178,0.509,24.8758708063952,26.15630930526032,18.22122122592481,304.3342974753159
Panama,PAN,2005,100.0,63.61477054634155,91.0627978402199,67.5645305842362,92.0,92.0,,72.0,,,0.8,79.0,323.0513916,2.015,1.355,17.6286715011758,25.588410805600063,20.272559410767443,364.0720661995346
Venezuela (Bolivarian Republic of),VEN,2005,97.1,62.14247779876125,96.3422236087065,89.1256198268765,87.0,87.0,,67.0,16.2,4.8,0.6,46.0,,,,22.9130616246927,25.40981073897521,18.524660938326868,344.8417026202819
Brazil,BRA,2005,91.8,63.825237473532255,95.0913772217223,77.6060442876745,99.0,96.0,,74.0,,,0.3,48.0,387.93121338,,,25.9108859294373,23.220026126035528,15.826087710491969,324.8191613294827
Paraguay,PRY,2005,50.2,111.848150273075,82.7470465879878,76.728771501701,96.0,93.0,,67.0,17.1,1.1,0.2,77.0,95.1805954,,,23.5227153674499,22.428969303568383,14.422095350675336,296.9233417338045
Algeria,DZA,2005,98.4,64.44912644420566,89.8507731580286,85.8122570569518,88.0,0.0,,68.0,,,0.1,113.0,100.83694458,,1.026,14.8913559511864,17.359506602002384,9.23663362960143,282.98813007991487
Bahrain,BHR,2005,100.0,27.8647288171412,99.9489738056245,99.9594867814508,98.0,98.0,,75.0,,,0.1,51.0,557.9574585,2.562,0.995,67.9241912376978,26.07576279788408,16.37233917643999,278.52805964510884
Egypt,EGY,2005,95.7,115.86515968878976,98.6402827769204,93.0452392877341,98.0,0.0,,74.0,23.9,5.3,0.1,18.0,59.4683876,,,51.0921546716322,22.020286433019034,10.590417151179048,194.1546840039262
Iran (Islamic Republic of),IRN,2005,95.1,47.2753956869081,95.18249701116,81.8685049537412,95.0,0.0,,70.0,,,,31.0,169.8145752,1.365,0.861,35.1401847092008,15.636404550496284,6.239702234088931,275.6470612876145
Iraq,IRQ,2005,85.9,99.52817206661,85.293291593962,74.4450745683206,65.0,0.0,,63.0,,,0.1,50.0,53.0551796,1.32,0.66,48.2620408886902,23.9361630478594,6.74035354045888,298.7898461090262
Jordan,JOR,2005,99.9,109.68336552328884,98.5494288674571,98.4169700805217,95.0,95.0,,75.0,,,0.1,9.4,185.0302124,2.89,2.141,25.1814261494981,18.939535097561624,8.975013386142598,195.0762016900988
Kuwait,KWT,2005,100.0,42.56892771247085,100.0,100.0,99.0,99.0,,79.0,4.5,3.3,0.1,30.0,727.25366211,,1.8,67.9496135382994,26.1899482632546,8.704440558204762,280.5030631504198
Lebanon,LBN,2005,,74.8321244990736,86.6074724945326,80.8512644585314,77.0,77.0,,64.0,,,0.1,14.0,347.40252686,1.011,,25.7247554638363,18.47531707084525,11.705365386475382,305.59629206837377
Libya,LBY,2005,,16.75672226951885,,90.5300908537705,98.0,0.0,,68.0,,,0.1,64.0,209.878479,,,27.4465945187141,20.49917838613456,10.544342546446346,267.81960511932374
Morocco,MAR,2005,94.0,155.026219069673,68.7554997680292,73.1773231573067,98.0,0.0,,58.0,,,0.1,97.0,97.19748688,,,18.8580390478673,18.04148207516264,10.05434828622003,274.7502365427732
Palestine,PSE,2005,,207.8304459396425,94.8277543650199,91.4202595193558,96.0,0.0,,67.0,,,,1.5,158.43028259,,,23.933915417606,20.09103233636092,11.82401550960348,277.360839603943
Oman,OMN,2005,100.0,20.3861259534655,86.0602755793835,92.2937638272692,99.0,99.0,,73.0,,,0.1,18.0,326.909729,3.771,1.7,46.1222426864483,27.43013279721109,14.196996537515748,261.23018186801846
Qatar,QAT,2005,100.0,42.56892771247085,99.9029247892536,99.9365492602027,97.0,97.0,,82.0,,,0.1,88.0,1386.015625,5.912,2.605,120.054909720744,27.1692255166857,14.761704695998455,238.82888940855835
Saudi Arabia,SAU,2005,100.0,35.0653469837366,99.0706866241394,,96.0,96.0,,78.0,,,0.1,19.0,545.73571777,,,67.4821830709381,26.48324272255851,9.488785914586016,271.8631607213599
Syrian Arab Republic,SYR,2005,98.8,157.144511109355,92.3127500006423,89.4008999377627,83.0,80.0,,68.0,,,0.1,49.0,62.29284668,1.839,1.501,29.8467540423526,17.060630292982832,8.266904092106111,235.37038774278489
Tunisia,TUN,2005,97.4,92.68339176745974,88.9588512587041,81.9968796979531,98.0,80.0,,66.0,,,0.1,38.0,169.84550476,,0.919,18.7888523060274,18.967851217502588,10.976534644693668,278.6279002658994
Türkiye,TUR,2005,92.7,44.92703904143685,93.4249804113802,89.7785316915136,90.0,0.0,,67.0,,,,48.0,357.40197754,1.756,1.455,24.8623084006683,13.689698061564602,8.246830825651315,283.44677881768206
United Arab Emirates,ARE,2005,100.0,42.56892771247085,99.6990274979322,99.1415716401996,94.0,94.0,,71.0,,,0.1,4.1,898.36480713,2.951,1.494,56.3211849082399,27.919000028264897,15.049507579315591,227.32163944417456
Yemen,YEM,2005,58.0,222.288023483484,44.0403246300673,46.737084522042,79.0,43.0,,43.0,57.0,13.8,0.1,54.0,38.27000809,,,39.7683599707831,23.80158713458569,12.659021675551502,246.25124303083385
Afghanistan,AFG,2005,12.1,338.99380976791304,38.1080542246859,28.0329173729232,58.0,0.0,,35.0,,,0.1,237.0,25.11388779,0.612,,48.0980843024941,12.420380036446977,5.648264413066668,255.17052864877724
Bangladesh,BGD,2005,9.4,287.2921231735425,95.4615869207047,31.4358349503108,93.0,0.0,,30.0,46.2,14.5,0.1,221.0,11.31403732,0.139,0.296,65.5001984165459,25.62172159104922,19.01462650746309,348.08274137275833
Bhutan,BTN,2005,46.7,179.5490044013015,88.4084271837874,53.1957068456674,95.0,0.0,,50.0,,,0.1,508.0,46.79434204,,,31.9794021694406,20.45074382632379,14.687999444795874,341.3262412581947
India,IND,2005,28.3,242.914942785876,82.8660018054267,28.2988919138167,65.0,0.0,,43.0,,,,311.0,27.49770737,1.283,,51.3369278641143,25.615851757613743,15.444620682861885,279.05552799203895
Nepal,NPL,2005,13.3,300.35306228869297,82.6989066918082,27.6497562651801,75.0,0.0,,28.0,,,0.3,360.0,14.14693356,,,42.5390450676083,22.15367376211915,14.469284692052565,296.0381245180287
Pakistan,PAK,2005,29.3,217.12265553385905,87.9858227113677,40.051948707326,63.0,0.0,,39.0,,,0.1,276.0,19.58962631,,0.72,56.8396606078595,23.30227263447916,12.609950581705515,231.054753740266
Angola,AGO,2005,42.8,205.514865621469,43.5743439976406,37.8465318357126,47.0,0.0,,31.0,,,1.6,491.0,54.66142273,,,24.275362134715,22.13864466100769,13.935753920330557,323.489143738008
Central African Republic,CAF,2005,0.5,343.66138632968,53.1725538897854,19.9721484876891,54.0,0.0,,23.0,,,6.0,615.0,13.93517494,,,31.3614707385598,25.94840738897533,16.95216908202802,321.9823314768793
Congo,COG,2005,11.4,189.5685783152965,61.5609564350404,13.5511098859657,63.0,0.0,,28.0,31.2,8.0,3.7,484.0,30.90304375,,,39.5625513524715,24.72194787725504,19.04660969962071,362.9555036556543
Democratic Republic of the Congo,COD,2005,2.0,368.624334490254,37.3204734649606,21.5079480867388,61.0,0.0,,25.0,,,1.7,553.0,8.55065727,,,39.5597658599719,24.22459435275661,17.02284093546486,337.97712039857635
Equatorial Guinea,GNQ,2005,21.05,22.7775762464824,55.1317186570274,59.5483734842498,44.0,0.0,,25.0,,,,292.0,122.75533295,,,36.2939932144901,24.44574694444069,19.222269235082173,364.60815364060574
Gabon,GAB,2005,72.6,38.89045069499235,82.4519182271315,32.6738741656831,45.0,0.0,,45.0,,,4.6,373.0,188.91426086,,,28.9608227435123,25.075682417782687,19.39600538602709,364.2874886777725
Burundi,BDI,2005,0.3,359.35162985583054,53.4486364755219,45.9780778470214,87.0,87.0,,24.0,57.7,9.0,2.2,188.0,11.13118172,,,37.1835146222948,20.913275663498265,11.997400770691408,259.43597291484986
Comoros,COM,2005,1.4,269.6778623172985,87.1113174713824,32.2696522597859,68.0,0.0,,40.0,,,0.1,43.0,67.80059814,0.58,0.196,11.4586271132294,25.778995777372668,19.087096304236727,365.00000155643255
Djibouti,DJI,2005,4.8,253.334072512732,75.3947621757465,45.4139101542283,71.0,0.0,,32.0,,,3.3,1530.0,45.12551498,0.536,0.167,36.9089850876565,28.51243199803345,17.354290887356317,278.5852936467755
Eritrea,ERI,2005,5.7,302.1309483560945,48.4844074537935,9.96153520031783,96.0,0.0,,32.0,,,1.6,483.0,21.92651939,,0.046,37.3049578548729,24.014773927129585,11.020164309630443,240.6507628950939
Ethiopia,ETH,2005,1.2,361.189307598893,26.3576124690887,4.31725101635963,43.0,0.0,,14.0,50.0,12.4,1.8,366.0,6.4820013,0.24,0.031,22.6872373649016,19.56804414478276,9.816036380229402,266.51403757409696
Kenya,KEN,2005,3.9,267.9759511434375,49.6872335728162,27.1932269454509,76.0,76.0,,36.0,40.3,6.9,6.5,630.0,30.9943428,,,16.6111179464216,21.205439837687106,12.262028635878853,263.83431913225
Madagascar,MDG,2005,1.1,313.1237850972445,40.0429127960642,6.12117413127887,85.0,0.0,,20.0,,,0.1,234.0,15.9498682,0.335,0.172,11.8808125587182,21.01946791694264,14.13728508673996,320.6808360646393
Malawi,MWI,2005,2.2,334.41389710882754,58.1227398593288,11.6430173155279,93.0,93.0,,24.0,,,12.3,398.0,17.24028015,,,18.3940412647607,22.05484806177795,12.859094156169624,236.90153912148813
Mauritius,MUS,2005,96.0,44.66496486688225,99.473396831772,91.9320916263266,97.0,0.0,,70.0,,,,22.0,192.13858032,,1.068,17.4038662387744,24.007309934583933,16.70889623809626,360.5607969664504
Mozambique,MOZ,2005,2.4,345.1085013390715,30.391019323665,15.661495607588,80.0,0.0,,26.0,,,10.9,342.0,18.40718079,0.334,,15.8207526220006,23.795650637686744,14.699274060270422,275.511275510593
Rwanda,RWA,2005,0.2,337.869635244162,50.8247607465071,52.2806585813749,95.0,95.0,,22.0,51.4,4.9,4.1,138.0,25.02086639,0.448,0.024,37.541687019449,19.48386183895261,11.629727560786518,288.72768662177583
Seychelles,SYC,2005,100.0,28.28615907815195,94.4332663598628,96.4796966058475,99.0,0.0,,64.0,,,,16.0,457.77093506,4.367,1.165,10.3534632713302,26.447174315626064,20.11003869733729,364.9997638719297
Somalia,SOM,2005,0.6,388.690418928598,33.4314329999319,24.6385730237392,35.0,0.0,,15.0,,,0.2,323.0,,,,16.7699928020904,26.927464293211344,15.979426472972229,236.542470572098
United Republic of Tanzania,TZA,2005,0.8,310.7150897402285,35.4283532789457,10.0407875300945,90.0,0.0,,27.0,,,5.0,510.0,27.71374512,,,21.3408410624558,23.19587498639698,13.792109148318788,264.61019181320006
Uganda,UGA,2005,0.8,309.0981566171095,32.9633010331223,16.6697698999299,64.0,64.0,,28.0,,,7.5,233.0,25.86819267,1.346,0.12,29.2305214083581,22.621144865409065,14.222796043942209,316.73556249218126
Zambia,ZMB,2005,15.6,284.28037673382903,52.2193583121082,24.5900224977226,82.0,82.0,,37.0,,,12.1,602.0,44.99598694,0.714,0.055,22.6799735528213,21.977160125469947,11.241504633341806,242.28421344953108
Botswana,BWA,2005,52.1,62.083362398895446,76.3234089658612,58.0524375220249,96.0,0.0,,50.0,,,24.2,788.0,281.38796997,2.428,0.253,18.2631821087748,21.68768078129388,9.238142745977187,211.4011024042191
Lesotho,LSO,2005,23.6,287.21695001426247,67.224549621847,21.6703679710685,89.0,0.0,,37.0,,,23.3,1200.0,41.66717911,,,24.2353477660472,12.873280759714682,7.011050441704455,241.698201059391
Namibia,NAM,2005,37.4,121.37005209521624,78.5320876453257,30.0109518702615,86.0,0.0,,55.0,,,13.4,1250.0,402.20068359,,,16.300420585427,22.3935798267774,7.469909406348864,301.6208463201761
South Africa,ZAF,2005,67.4,70.87922228954466,88.4775318362901,64.3920939153514,81.0,82.0,,58.0,,,16.1,1210.0,400.5355835,0.749,,21.7029465326669,18.17006161723278,9.96577331682078,271.90497926046334
Eswatini,SWZ,2005,31.7,125.95826173725624,57.6602730930279,52.9308437622057,86.0,0.0,,61.0,,,26.8,1420.0,217.26066589,,,17.7076782209482,20.192246870594413,12.343987656046169,296.58546270514023
Zimbabwe,ZWE,2005,32.1,256.1240475961285,68.0898216410004,44.2555884952354,68.0,0.0,,34.0,35.3,7.2,19.5,588.0,,,0.121,16.6255771860203,21.217306010732,10.30468222964362,218.18989207584875
Benin,BEN,2005,2.3,279.211404113541,62.9572986699117,10.8039533008181,70.0,35.0,,24.0,,,1.3,83.0,25.12485313,,,35.0414153042718,27.15642889457892,19.08145833164823,338.18912216784264
Burkina Faso,BFA,2005,3.9,320.8650716937225,54.9540483069105,12.9610876994314,82.0,0.0,,19.0,,,1.3,84.0,21.34285545,,,42.9547755025749,28.828341100142943,13.4980023994065,300.0313037792253
Cameroon,CMR,2005,14.6,252.55382723871747,59.8676453814021,39.1141100533379,80.0,0.0,,28.0,,,5.5,255.0,43.10830688,0.393,0.061,51.4735733267749,25.500587651571024,15.264298259621262,334.2392692007317
Cabo Verde,CPV,2005,65.1,190.4965106376145,81.0817210123183,48.4726022548582,95.0,0.0,,54.0,,,0.7,126.0,96.08917999,,,19.8486158144964,23.963422567717185,17.1774071868406,364.3812485454663
Chad,TCD,2005,2.3,319.7105306332695,41.5662153725752,10.1080110721991,26.0,0.0,,17.0,,,2.1,133.0,31.27608871,,,45.4351112657358,28.08592249057333,11.705751557822342,317.6392556819569
Côte d'Ivoire,CIV,2005,16.3,230.5060442166765,70.6961620276826,23.5549453716697,77.0,0.0,,24.0,,,4.9,213.0,46.69436264,0.448,0.085,24.4488344712161,26.20864733792297,19.59507697331898,352.4509336333656
Gambia,GMB,2005,3.3,269.2492676175065,75.2482865822258,46.5783414763304,95.0,95.0,,37.0,,,2.0,190.0,33.2039566,0.439,0.1,36.6934099988931,27.722611266367288,16.901801461527025,280.9135310811987
Ghana,GHA,2005,10.0,237.20996479442948,70.3428380680709,9.68014854216275,84.0,84.0,,27.0,,,2.2,203.0,38.51657486,,,31.5057622691659,26.871027795976914,19.139136356860224,341.8882134105902
Guinea,GIN,2005,0.8,301.390430371636,53.4890999882019,13.0950354311112,59.0,0.0,,18.0,39.3,11.0,1.7,171.0,19.66388702,,0.102,29.1480141344485,25.94920009481002,17.57489097844266,318.3562432407349
Guinea-Bissau,GNB,2005,1.2,314.7316921454245,57.3083913147458,8.8783527585904,68.0,0.0,,29.0,,,4.4,281.0,20.99864388,,,32.7806696065658,27.87288406927652,17.91082529269764,286.8957977005825
Liberia,LBR,2005,0.4,344.855117223347,65.4465992759902,13.6730363587121,60.0,0.0,,25.0,,,2.2,268.0,19.14579582,,,20.6417012216306,25.19376706268385,19.64290614418936,358.18485865415954
Mali,MLI,2005,0.8,310.1360143018645,57.6096707559848,23.4264099806876,77.0,1.0,,26.0,,,1.5,79.0,23.97353554,,0.06,36.4234848906707,28.95621640993371,12.90546465187211,299.7802131235575
Mauritania,MRT,2005,37.0,221.0910951282195,48.3637496328725,24.4309798679279,71.0,0.0,,24.0,,,0.7,195.0,34.00539017,,,46.2188599791526,29.070087925287115,11.821739629720916,289.7985505754649
Niger,NER,2005,1.0,341.3923707520985,40.3308901559153,8.51225299855436,45.0,0.0,,22.0,,,0.5,123.0,18.67140198,,,60.3523468823656,28.784622753008183,10.557857999525757,314.3816876223485
Nigeria,NGA,2005,0.9,246.1501091173265,52.0438578033599,30.7689136757313,36.0,0.0,,29.0,,,2.1,219.0,52.24337006,1.472,0.27,57.1814452958929,26.92808877877816,16.62492610882772,334.753963777031
Sao Tome and Principe,STP,2005,0.6,262.9459884150375,71.4990303925917,26.8577839135173,97.0,0.0,,47.0,,,,268.0,80.13071442,,,16.5017607784507,25.669631732056544,19.905126621356064,365.00000163828224
Senegal,SEN,2005,37.4,257.905060788515,65.6454033379623,41.9259089969181,84.0,18.0,,25.0,19.9,8.7,0.7,185.0,36.00606155,,,39.9058959476708,26.803729863637766,16.26425853516866,290.74557932011226
Sierra Leone,SLE,2005,0.2,338.6029757986845,45.7867241537435,9.53865069026283,65.0,0.0,,18.0,45.0,10.2,1.7,546.0,26.04933357,,,24.0200836399125,25.876640336852528,20.18995973958625,359.05661861047093
Togo,TGO,2005,1.1,309.436727670385,51.9453319211915,9.61445795262473,82.0,0.0,,25.0,,,3.3,86.0,20.9699707,,,33.3657327572542,26.943611951404066,18.86464109012275,330.30288303121665
American Samoa,ASM,2005,,66.3219775023812,96.2115368722841,62.254012196166,,,,,,,,11.0,,,,4.70911505475052,26.95712672809319,21.07550599220824,365.00001269636863
Bermuda,BMU,2005,,42.56892771247085,100.0,99.9687271226264,,,,,,,,6.9,,,,5.92579726295481,21.575556781211727,14.713555464907351,333.4374848594352
Cook Islands,COK,2005,,48.098973512407696,,,,0.0,,,,,,,,,,4.61295550668642,24.828342806552733,17.919033078369253,354.8298685348215
Greenland,GRL,2005,,42.56892771247085,100.0,,,,,,,,,202.0,,,,1.40144904120517,-1.848754300118853,3.6805579212381256,319.649327864667
Guam,GUM,2005,,13.49909670737335,99.4862233389232,89.292406405394,,,,,,,,82.0,,,,3.85095485656127,27.10827882868444,21.116118096064664,365.00000224095743
Monaco,MCO,2005,100.0,42.56892771247085,100.0,100.0,99.0,99.0,,79.0,,,,0.73,5878.00683594,,,18.4732808100705,12.655484453287947,8.967126790309061,316.8750094289593
Nauru,NRU,2005,100.0,172.299298936016,98.3319873278861,64.6646322710967,80.0,0.0,,49.0,,,,109.0,328.92779541,,,5.51489552605181,27.57619057878336,21.389456118737648,364.9999956910988
Niue,NIU,2005,,94.80634316167996,,,,99.0,,,,,,,,,,3.67538486380621,25.551456393701088,18.6719561357758,359.38938450164306
Northern Mariana Islands,MNP,2005,,23.8189493248404,97.430139110996,95.3190944864897,,,,,,,,195.0,,,,3.46771275551573,27.0188253961655,20.82871808468196,363.09184852449954
Palau,PLW,2005,100.0,51.278488110572056,99.3769813295124,93.9036183333376,98.0,98.0,,70.0,,,,50.0,810.10369873,,,5.93956437803909,27.027028214310064,21.46182579660324,364.9999894427754
Puerto Rico,PRI,2005,,13.6726121693086,97.9506470076727,98.522343189415,,,,,,,,5.0,,,,6.92917357262739,25.593708096307907,19.38782400239289,364.6512231033288
Saint Kitts and Nevis,KNA,2005,100.0,24.362073583543697,98.5121864058409,89.7211445864751,99.0,99.0,,77.0,,,0.4,0.0,556.97229004,,,9.25012516862384,26.59469907150378,19.944063548955214,363.6250161049384
San Marino,SMR,2005,100.0,42.56892771247085,100.0,100.0,96.0,93.0,,72.0,,,,0.0,3055.63232422,,,17.21609781732,11.369049867757784,8.214162925251516,309.49999524460145
Tuvalu,TUV,2005,18.4,228.2833519427075,98.9659492701757,81.1061453638606,93.0,0.0,,61.0,,,0.3,121.0,232.03250122,,,6.09603458417321,27.420384507499147,21.52112055235227,364.4214798991931
United States Virgin Islands,VIR,2005,,17.29993274258275,98.7174653474566,99.089409741491,,,,,,,,,,,,6.77715097590973,26.522981226666467,19.90297795924929,364.92384143648405
South Sudan,SSD,2005,0.1,231.20736209386047,,,,,,23.0,,,2.4,,,,,26.2169821230822,28.505215587711334,14.321212106818049,312.73383784080306
Sudan,SDN,2005,17.3,224.4252367873605,46.740256350294,19.1365769047278,78.0,0.0,,29.0,,,0.1,143.0,37.07490158,,,38.8927077014878,28.80515585968742,10.028190924874474,303.31928256530966
China,CHN,2006,49.1,153.55372150367302,85.3617795517819,68.0323487727096,93.0,0.0,,69.0,,,,88.0,82.48256683,1.082,1.273,49.9470246016505,15.577247481527822,10.75325483535434,292.30770735529313
Democratic People's Republic of Korea,PRK,2006,3.4,294.679231375327,98.4923401809143,75.2372785852435,89.0,0.0,,72.0,,,,,,,,27.645558698473,9.916845997883147,8.420292404802199,285.26426673312795
Taiwan,TWN,2006,,14.558243002444,,,,,,,,,,,,,,25.5754299077647,22.393929456374067,16.439505357972816,359.5344371248802
Cambodia,KHM,2006,7.5,287.130523984614,61.028548229185,25.5284652809793,80.0,0.0,,37.0,,,1.0,593.0,32.84370041,,,23.467849825933,27.914026407601256,19.89901969298972,316.99924732687026
Indonesia,IDN,2006,20.0,138.73664631216798,81.6230405666446,53.5018961119134,72.0,0.0,,49.0,,,0.2,357.0,44.3965683,,,22.6033726151212,25.6698826441668,19.373763359594623,359.7693084103417
Lao People's Democratic Republic,LAO,2006,2.3,252.340916852408,60.9334481098934,45.6181272062028,57.0,0.0,,41.0,47.7,7.4,0.2,260.0,19.22654533,,,33.2888400263904,23.01958511052697,16.694604957575027,348.7885293627823
Malaysia,MYS,2006,97.8,31.18070724911685,96.7127740822189,94.1271404616595,95.0,89.0,,74.0,17.5,13.2,0.4,101.0,200.54800415,2.658,0.83,20.5274305026719,26.2205695673873,20.68523764171249,364.6768849347844
Maldives,MDV,2006,78.3,61.5263195140738,95.9990896604814,82.9678419611105,98.0,0.0,,64.0,,,0.1,78.0,403.94284058,,,16.1433402627041,27.15898735992966,20.77043932150921,364.9999919748609
Myanmar,MMR,2006,4.6,287.12733824638,56.9590615338735,66.756940787588,82.0,0.0,,42.0,,,0.8,540.0,8.47415161,0.812,0.429,37.9547736422782,25.10001175002648,17.72102417682867,312.02862925023084
Philippines,PHL,2006,40.3,175.48763858618,88.7447546834869,67.1831301872284,88.0,0.0,,59.0,,,0.1,530.0,53.87452698,4.325,1.214,26.5807186900689,26.51542029049823,20.81409595247128,364.6105435004284
Sri Lanka,LKA,2006,19.9,138.4009708063675,85.3118425923699,81.6350563894259,98.0,0.0,,65.0,,,0.1,106.0,63.2890892,1.618,0.505,28.4391238683404,26.14695948073998,19.93901771476619,357.48013504598566
Thailand,THA,2006,68.2,68.58423735570454,95.8682489978773,93.7441160220544,98.0,0.0,,72.0,15.7,4.7,1.9,215.0,103.26116943,1.527,0.284,29.0446114632451,27.40113954333817,19.55237557277413,329.25741708784113
Timor-Leste,TLS,2006,2.4,300.6895750388155,56.3470575289693,28.6397241043122,63.0,0.0,,34.0,,,0.1,894.0,27.90169907,,,13.9224659210433,24.31341836632999,17.31317160998567,346.17018251646874
Viet Nam,VNM,2006,33.3,216.2439437803065,85.5499500318679,61.0003176611455,94.0,0.0,,60.0,31.7,9.8,0.3,260.0,46.86905289,0.906,0.643,32.9909964498164,25.050165622853164,18.874516284176693,356.0068263108729
Fiji,FJI,2006,29.9,106.40312229752404,94.9596519780134,89.9493490621546,98.0,99.0,,61.0,,,0.1,27.0,126.38617706,,,6.91449791395721,24.82571310396834,18.30748463578321,360.23822353694766
Kiribati,KIR,2006,1.6,290.2672702197335,62.5045689065929,35.2022104813693,86.0,0.0,,39.0,,,,1320.0,126.86061859,,,4.8592673402038,27.18997475090949,21.08831794379956,365.000000575135
Marshall Islands,MHL,2006,34.1,232.585592416011,88.4803975214392,76.0448233755654,74.0,60.0,,67.0,,,,643.0,613.29852295,,,5.31847554380336,27.02395836869421,21.291185158154946,364.9999914363312
Micronesia (Federated States of),FSM,2006,11.1,236.5602409634725,91.0757916103303,49.5754813600361,67.0,59.0,,51.0,,,,271.0,245.42320251,,,4.65293406472832,27.11773695803588,21.4056817088205,364.9999949527718
Papua New Guinea,PNG,2006,6.2,249.51698469640047,32.6715142031645,17.0313208013981,70.0,0.0,,25.0,,,0.9,628.0,30.03865242,,,14.7140954538581,21.82286197248476,17.002931713437235,364.84198840324575
Samoa,WSM,2006,23.0,183.7471290702265,87.7333448331469,92.4608198651495,50.0,0.0,,56.0,,,,13.0,133.41867065,,,5.26105846912469,26.24442637839968,20.48602887463372,364.8651883664626
Solomon Islands,SLB,2006,8.3,290.202705136027,76.2781998781212,23.9183247473617,99.0,0.0,,40.0,,,0.1,271.0,87.74922943,,,9.51957404304205,26.325904601590626,21.110491587998272,365.0000022734679
Tonga,TON,2006,49.8,177.3521405599525,98.6313008465176,90.1063131747226,99.0,99.0,,67.0,,,,17.0,149.22753906,,,4.73693971689068,24.406305696034885,17.112945953898397,346.17405928966224
Vanuatu,VUT,2006,13.4,262.6893716726995,85.8467063690572,54.315607363214,68.0,0.0,,46.0,,,0.1,143.0,67.60163116,,,7.69051894032105,25.28410140477744,18.679575942104258,358.4563025529277
Armenia,ARM,2006,92.3,152.01974042404652,97.0560181785414,89.3798500479523,87.0,0.0,,61.0,,,0.1,124.0,124.8989563,5.057,2.562,27.6732118169161,8.173918955121895,6.255266407527174,261.85292923548224
Azerbaijan,AZE,2006,87.6,142.0560568174915,81.0533923471331,75.2446071207106,78.0,0.0,,56.0,26.5,6.8,0.1,200.0,49.87102127,8.181,3.532,24.6326802865821,13.728449418397368,9.313477845962357,305.3291963967533
Georgia,GEO,2006,56.3,156.5450654358135,94.8835839201569,79.1671925516486,88.0,0.0,,66.0,,,0.1,196.0,152.0617218,4.187,4.055,19.4147947150316,10.069420734908697,7.77809170227865,314.65900128977955
Kazakhstan,KAZ,2006,89.2,52.03399088220445,92.2735462006636,97.1271155183214,99.0,0.0,,78.0,17.5,4.9,0.1,167.0,170.9365387,7.023,3.572,19.4062130370223,8.778256090653143,5.860840756974914,254.8605971468311
Kyrgyzstan,KGZ,2006,64.5,245.809993180459,84.0832799038686,93.9520874390933,92.0,0.0,,72.0,18.1,3.4,0.1,243.0,44.5950737,5.835,1.958,22.1535811446927,10.248936813792891,6.221882490741293,240.1002963077159
Mongolia,MNG,2006,28.0,166.469221719406,70.5155400151406,49.6017260697185,99.0,56.0,,64.0,,,0.1,428.0,49.52784348,,2.739,42.7865875377072,0.3883791037764879,3.6907689972305016,223.55882598971223
Tajikistan,TJK,2006,57.7,291.1636691728765,64.4341771355512,93.0010371753061,83.0,0.0,,69.0,,,0.2,209.0,20.04485893,3.44,1.88,28.365544602652,11.768680657656738,6.362901915987619,219.7082306094917
Turkmenistan,TKM,2006,99.8,110.2665111444235,92.5306501265555,94.0385120989703,98.0,0.0,,78.0,18.9,7.2,,109.0,349.6842041,4.474,2.236,29.8332035984712,15.735820879050086,6.601597010064691,273.80491147867275
Uzbekistan,UZB,2006,85.2,179.8385294806535,90.1922179828623,94.2961900036945,96.0,0.0,,80.0,19.6,4.4,,153.0,37.97257233,10.83,2.662,33.0365255800493,15.104946293658978,6.799284310083241,249.13559565977243
Albania,ALB,2006,54.4,130.76249030863602,89.519134788664,92.9214090363528,97.0,0.0,,56.0,,,0.1,17.0,164.22090149,4.178,1.189,21.6940202849085,12.358127160923416,8.479104294101225,297.3419088891803
Bosnia and Herzegovina,BIH,2006,47.7,112.21961302623475,96.8599179487528,95.1516329661408,87.0,82.0,,57.0,11.8,4.0,,73.0,281.26403809,4.577,1.46,33.9661638101497,10.69292328417886,7.9740321965042735,325.600259214475
Bulgaria,BGR,2006,,64.21364689322375,99.5685847178938,85.8894058121124,95.0,0.0,,65.0,,,0.1,72.0,294.10891724,4.585,3.676,29.5054981153315,11.375945512766764,8.147921654732091,311.84071632037285
Croatia,HRV,2006,100.0,27.55445605226545,99.1895126647337,97.4186224972522,96.0,96.0,,72.0,,,0.1,33.0,815.39093018,5.412,2.607,23.6944781711781,12.38125282650022,8.691831058536694,320.3276584147675
Czechia,CZE,2006,100.0,16.31400413769705,98.1616913225965,99.0409691577394,98.0,97.0,,80.0,,,,12.0,942.11804199,8.433,3.551,21.2799637756624,9.05003511864761,7.175380231996725,321.401235276901
Hungary,HUN,2006,100.0,22.9601404684734,95.7715235232241,98.0248277713699,99.0,99.0,,75.0,,,,24.0,893.20300293,6.407,3.042,21.8799842132505,10.97676209992372,7.85092252694224,304.8276174350644
North Macedonia,MKD,2006,63.3,88.35101519310035,96.9404130326478,89.7448433584085,93.0,0.0,,59.0,,,0.1,49.0,242.60142517,3.416,2.483,30.3267980796383,10.526344598493202,7.109760552085942,270.4735050764329
Montenegro,MNE,2006,65.4,74.7209584650527,95.1771363433135,90.6415121374975,90.0,90.0,,66.0,,,0.1,43.0,,5.242,1.942,25.7586231372335,10.511791299188436,7.8906027837848605,320.85366144608145
Poland,POL,2006,100.0,33.85587419903655,98.2358209800508,91.5867449958382,99.0,31.0,,72.0,,,,30.0,524.09747314,5.654,2.183,26.0761473898688,8.754105059542043,7.235830553558499,322.46202995234654
Romania,ROU,2006,100.0,57.00448025120426,99.9999973631177,75.1835159880533,97.0,0.0,,67.0,,,0.1,165.0,291.00408936,6.016,2.231,22.6903871409255,9.47124398153659,7.522306397177433,326.5583770887062
Serbia,SRB,2006,63.4,80.20850298574541,90.0205820679196,95.836103340787,92.0,42.0,,58.0,,,0.1,68.0,371.506073,5.784,2.783,25.7513262793308,11.406278896613832,8.086434367995052,309.68366340261923
Slovakia,SVK,2006,100.0,26.05767322416045,97.9636510753121,99.085354726035,99.0,99.0,,77.0,,,0.1,18.0,729.01324463,6.346,3.169,22.6862196454561,9.482823716435188,7.408349880613065,316.45536223857107
Slovenia,SVN,2006,100.0,14.55961297601705,99.6593245649829,99.1116751269035,97.0,97.0,,79.0,,,0.1,15.0,1541.66430664,7.649,2.366,20.5654942100885,10.657821623341968,8.062590417437827,329.6070211956357
Belarus,BLR,2006,97.5,71.28340908809105,98.081163773337,93.2164038239813,99.0,0.0,,72.0,,,,97.0,221.70170593,9.992,3.393,18.3729166053979,6.916381246788134,6.803506398469596,326.8341995559937
Estonia,EST,2006,100.0,22.6766687951503,98.3297821115906,99.522563231891,95.0,88.0,,71.0,,,0.6,54.0,627.18377686,6.612,3.182,11.3193811582759,6.5784448736716765,6.547375548185654,312.98156175022643
Latvia,LVA,2006,100.0,37.689019103484,98.1320758435858,89.7567394506575,96.0,96.0,,71.0,,,0.4,111.0,552.30163574,5.832,3.028,21.7387076338544,7.279463319232573,6.882061782655649,323.1790440330822
Lithuania,LTU,2006,100.0,34.68042379339165,92.3957545700156,87.120025751018,94.0,94.0,,69.0,,,0.1,142.0,536.05737305,7.678,3.791,17.3122813951894,7.406128598614236,6.974573439566096,319.8760770316124
Republic of Moldova,MDA,2006,84.0,191.7878031284395,85.1105293092425,74.3686465028657,97.0,0.0,,67.0,,,0.7,129.0,100.10816193,5.939,2.573,21.0934016622648,10.034533375922008,7.446755262404097,295.1930473309481
Russian Federation,RUS,2006,100.0,36.75505459956415,96.4880294929915,81.6858939304323,98.0,0.0,,72.0,,,,88.0,350.84014893,7.154,4.873,15.7102838028261,4.637108092021753,6.1712763634994205,316.65963366211867
Ukraine,UKR,2006,93.65,117.14531265312814,96.8423737285602,95.3185357936314,98.0,11.0,,74.0,,,,197.0,146.27377319,6.556,3.04,20.9942498347461,8.622940375184184,7.269331277607651,311.49712059612483
Brunei Darussalam,BRN,2006,100.0,42.56892771247085,99.6963630699986,80.0146589852238,97.0,97.0,,76.0,,,,91.0,664.74499512,5.402,1.094,9.49809904232257,26.646615827497023,21.35596080094422,365.0000099707662
Japan,JPN,2006,100.0,19.8948613476118,98.5894617056158,99.9841518665394,98.0,0.0,,79.0,,,,27.0,2763.53344727,9.313,2.082,13.7848973922945,14.660339067414249,10.45353948547185,311.6139900051585
Republic of Korea,KOR,2006,100.0,14.29600742328455,98.7656134279428,100.0,98.0,0.0,,80.0,,,,94.0,1130.53796387,4.043,1.701,23.545289233757,13.062814655385186,9.433239223128709,282.7107086478542
Singapore,SGP,2006,100.0,42.56892771247085,100.0,100.0,95.0,0.0,,86.0,,,0.1,45.0,989.73895264,4.749,1.573,20.9757158677444,27.04061764397164,21.17267569412316,365.0000019828755
Australia,AUS,2006,100.0,38.473615426302345,99.7997730308655,99.9938983048943,92.0,95.0,,86.0,,,0.1,6.9,3174.86865234,,2.825,6.03408696468731,16.854718802975842,10.014567175057246,294.1590829410997
New Zealand,NZL,2006,100.0,13.5446144440775,100.0,100.0,89.0,80.0,,85.0,,,0.1,10.0,2304.06518555,9.397,2.273,7.18451073875474,13.17938571301714,9.1297224221343,356.17981768796835
Andorra,AND,2006,100.0,42.56892771247085,100.0,100.0,93.0,93.0,,71.0,,,,15.0,2151.95092773,3.254,3.065,12.9297272785491,9.148377651631604,6.816087372842845,307.38718977084466
Austria,AUT,2006,100.0,37.04185926197185,99.9999993859507,99.9928944921009,83.0,83.0,,77.0,,,,13.0,3899.90722656,6.354,4.477,18.2211876930105,8.726453648864473,7.221598330706936,336.03533299409
Belgium,BEL,2006,100.0,25.4738901046282,100.0,99.4856201119658,98.0,98.0,,83.0,,,0.1,12.0,3547.06835938,9.597,2.886,17.0273395429666,10.9950057196979,8.440086554415258,347.11502144391585
Cyprus,CYP,2006,100.0,13.51254933674575,99.8586266149932,99.5942003777619,97.0,90.0,,68.0,,,,5.3,1474.02062988,3.298,1.822,21.8129801568767,19.64797705633454,11.794812082874168,283.8344231759686
Denmark,DNK,2006,100.0,42.56892771247085,100.0,99.5972374048181,93.0,93.0,,77.0,,,0.1,8.5,4770.13720703,10.8,3.424,12.0699164611648,9.499381561536078,7.957849361370502,352.8431150264505
Finland,FIN,2006,100.0,22.77656251799705,100.0,99.4481326778555,97.0,98.0,,80.0,,,,6.5,3414.94140625,9.656,3.691,8.50175665837285,5.112327969195862,6.08968123231276,315.1760332305353
France,FRA,2006,100.0,20.076275268466247,99.9999982498947,98.6584766292502,99.0,97.0,,79.0,,,0.3,9.7,3811.55175781,7.837,3.406,14.4667104567385,12.728549178988148,9.017512537900243,328.1060872163692
Germany,DEU,2006,100.0,24.574784869899,99.9999996366367,99.2217727206521,96.0,93.0,,82.0,,,,6.9,3681.3659668,9.584,3.465,15.7601029936779,10.003585178508866,7.67907012189524,326.2480858311984
Greece,GRC,2006,100.0,13.612223703458202,99.8587352408423,98.3069816511148,98.0,84.0,,69.0,,,0.1,7.8,2052.87548828,3.476,5.41,21.1531220679768,15.904709352370093,9.718606042639893,278.5495189341937
Iceland,ISL,2006,100.0,35.7207538994449,100.0,98.7901467233098,97.0,97.0,,83.0,,,0.1,4.3,4918.23339844,14.5,3.603,5.18989176520569,4.628853766087889,5.656649087243865,350.35536014919256
Ireland,IRL,2006,100.0,42.56892771247085,96.7628104274409,89.9326745170445,91.0,91.0,,76.0,,,0.1,14.0,4147.1328125,12.56,3.631,9.93058988671308,10.443204156812008,8.154632910102,363.1111462155718
Israel,ISR,2006,100.0,13.4276830477737,99.9999970677578,99.9999970677578,95.0,94.0,,78.0,,,,6.6,1555.56396484,5.595,3.593,22.6809156201955,20.482126070304616,13.05363135110376,308.81249387214604
Italy,ITA,2006,100.0,21.83954879345805,99.7113343365538,99.8858036076723,96.0,96.0,,78.0,,,0.3,9.3,2821.77392578,5.352,3.685,23.0453426603963,14.280405157400953,9.380765311638411,305.00331322597003
Luxembourg,LUX,2006,100.0,42.56892771247085,99.9999986253518,97.6595985810241,99.0,98.0,,78.0,,,0.2,9.4,6070.73583984,11.26,2.605,15.0510159188466,10.32888043424506,7.946458883657318,327.79587071557324
Malta,MLT,2006,100.0,15.59423703183435,99.9999978183576,99.9484166203892,85.0,83.0,,77.0,,,0.1,7.2,1480.1126709,5.803,3.764,14.7723657079424,19.436224880725536,13.121614227064512,346.0653824094168
Netherlands,NLD,2006,100.0,42.56892771247085,100.0,97.8921645573829,96.0,96.0,,79.0,,,0.2,7.0,4080.21972656,8.27,2.77,15.5942145682684,11.16948483023918,8.417360398950203,342.0773513314853
Norway,NOR,2006,100.0,42.56892771247085,100.0,98.0661529563292,94.0,95.0,,80.0,,,0.1,7.3,5892.98730469,15.84,3.732,8.4325156759703,6.688399106405768,6.487666645069426,329.1264928802673
Portugal,PRT,2006,100.0,14.29488480387795,99.1723206497846,98.3299181904217,97.0,97.0,,83.0,,,0.6,39.0,1857.64526367,4.842,3.572,12.6035383651427,15.72145001346992,10.21724235629577,329.84747957052633
Spain,ESP,2006,100.0,13.873342456761549,100.0,99.8487382179383,98.0,98.0,,76.0,,,0.5,24.0,2256.68066406,4.581,3.601,14.3447196948568,16.089359774318353,9.634106511171764,299.6490214276233
Sweden,SWE,2006,100.0,34.2782428050239,99.5571126332243,99.1374844622195,98.0,98.0,,76.0,,,0.1,7.2,3755.67529297,11.37,3.543,8.69753368536954,7.349743449039196,7.0374360759638215,336.17907949911944
Switzerland,CHE,2006,100.0,42.56892771247085,100.0,99.8810597647058,94.0,93.0,,83.0,,,0.3,8.0,5657.28222656,13.35,3.79,15.12653213903,9.26875457159644,7.258758473190196,321.23053695580364
United Kingdom,GBR,2006,100.0,21.13427629932775,99.9999963913423,99.1231962812761,92.0,92.0,,82.0,,,,15.0,3802.56347656,9.443,2.45,13.4620257611205,10.676686078432995,8.193069389931042,358.0930264318904
Argentina,ARG,2006,98.3,39.96717335829325,97.633212136416,90.4637841739601,91.0,91.0,,77.0,,,0.4,34.0,456.06246948,,,16.1544260860828,16.984880326181393,10.207087064858577,286.23428568541874
Chile,CHL,2006,100.0,35.414837781659244,97.1279537978578,95.2084736344443,94.0,94.0,,69.0,2.2,0.5,0.3,21.0,565.8493042,,1.031,22.7742033505889,13.40700071435792,8.1247991910183,277.13494108584047
Uruguay,URY,2006,100.0,49.55768761180455,97.7230375834935,93.9897585152977,95.0,95.0,,77.0,,,,25.0,500.65515137,3.024,,12.4748414943861,17.460681716543174,11.227081652454675,326.8759998940044
Canada,CAN,2006,100.0,42.56892771247085,99.4312610155848,99.8430162755526,95.0,95.0,,86.0,,,0.2,6.0,3758.35961914,8.807,1.9086,8.18328321464726,7.759523983920721,6.977271927554963,317.7865353810447
United States of America,USA,2006,100.0,42.56892771247085,98.9038126009011,99.8710519405417,96.0,93.0,,83.0,3.1,0.9,,5.8,6802.47509766,10.5,,11.747869941365,14.726904173237914,9.043647348071568,261.85871230930906
Antigua and Barbuda,ATG,2006,100.0,18.184533442249048,97.8587455751822,89.410528383537,99.0,99.0,,78.0,,,0.7,5.0,665.11560059,,,9.36913899961844,26.371086211333164,19.78587140238081,365.0000096725863
Bahamas,BHS,2006,100.0,19.1877763180757,98.4204605608593,92.9637208526333,95.0,95.0,,80.0,,,1.9,25.0,1257.64587402,,,6.92914071208145,24.779403671234995,17.37796396625157,340.9366508209794
Barbados,BRB,2006,100.0,28.159254690724453,98.3539767613339,91.9735643373012,84.0,84.0,,79.0,,,1.2,1.9,1028.39282227,,,11.3416172280359,26.629573760296367,20.088602797508887,364.9999922566407
Belize,BLZ,2006,83.1,81.86995360721245,90.8984562243048,83.9933189485274,98.0,98.0,,66.0,22.0,1.9,1.4,55.0,196.13124084,,,17.6945314617259,25.394317331809617,19.7202852370388,361.5338083049419
Cuba,CUB,2006,80.7,177.30424105483598,92.5950448888063,83.3149183953816,89.0,97.0,,79.0,,,0.2,10.0,386.8258667,,6.339,10.7333376897627,25.45231456461293,18.062888804485304,348.40009857259787
Dominica,DMA,2006,85.6,98.01552428950396,94.9920765320284,71.5766584059883,95.0,7.0,,71.0,,,0.4,28.0,271.24331665,,,12.1226185915148,26.11579620721381,19.740274363293373,364.9999888021102
Dominican Republic,DOM,2006,86.7,88.77197996771531,93.3208356941648,80.1598054522456,89.0,80.0,,69.0,8.4,1.7,1.3,92.0,161.94844055,,,13.7250123053593,24.8353457413838,17.88076868183557,358.2856239252218
Grenada,GRD,2006,93.2,74.5493437714164,94.7015276267326,91.6276197917204,91.0,91.0,,75.0,,,,0.91,324.32067871,3.615,0.627,11.3373013440089,26.673369435079504,20.4252827405152,364.9999966938756
Guyana,GUY,2006,100.0,115.2894912002767,90.9599679575981,80.8939339660195,93.0,93.0,,62.0,17.9,8.3,1.2,163.0,98.34314728,,,19.7577890407045,26.165888140977813,20.688377815761672,364.779973688233
Haiti,HTI,2006,3.4,272.5400461617315,60.624746654321,23.0018363162708,61.0,0.0,,36.0,29.6,10.2,2.0,514.0,29.11877251,,,14.8318504330844,25.737988011046703,18.77544232805157,361.8192849723748
Jamaica,JAM,2006,82.7,103.58835627219396,93.3551724042309,82.123305250613,94.0,97.0,,66.0,7.5,3.7,1.6,6.4,243.38668823,,,20.0392481276174,26.124892738499653,19.65803964924377,364.8086087772981
Saint Lucia,LCA,2006,93.1,66.93498433330684,91.8416872501898,84.4463989755519,85.0,85.0,,68.0,,,0.3,9.0,389.94595337,,,11.0732884265831,26.60673539448233,19.94231328609144,364.7413062895964
Saint Vincent and the Grenadines,VCT,2006,95.9,79.18043552938245,96.3994046363042,76.2797356313722,99.0,99.0,,71.0,,,1.0,12.0,209.83639526,,,11.3275660377201,26.626227068960763,20.238284719659493,365.0000087618087
Suriname,SUR,2006,83.3,67.29002540797894,91.7905024637707,80.5786141828713,84.0,84.0,,70.0,10.6,4.9,1.4,45.0,313.68301392,,,19.2971250949736,26.291414596919115,20.6539908486168,364.6384600857655
Trinidad and Tobago,TTO,2006,100.0,17.51069150471895,97.3097399307231,94.3805673799329,92.0,89.0,,73.0,,,,27.0,568.72583008,3.407,1.172,14.437404094539,26.407989075932253,20.442419894401127,365.00000116755547
Bolivia (Plurinational State of),BOL,2006,70.0,186.6694629898125,84.715963142208,41.9015542609366,83.0,83.0,,46.0,,,0.3,279.0,56.05701447,,,43.7556419473966,14.979269557718531,9.974826097662875,302.06442488229254
Ecuador,ECU,2006,92.4,104.0570283530899,87.4804800870579,77.060905576886,96.0,94.0,,68.0,25.9,2.1,0.4,60.0,192.55101013,,0.895,25.3459664495104,19.23700303609745,14.669950078210384,362.2005267208904
Peru,PER,2006,58.7,121.68988527623986,84.796972001847,68.8406174970812,94.0,94.0,,67.0,,,0.3,218.0,136.14295959,,,38.3799011518371,16.062509555928038,11.34650191675974,336.2314162721579
Colombia,COL,2006,82.5,86.03212131689486,92.7472892906741,80.7659057665672,93.0,93.0,,72.0,,,0.5,45.0,240.10488892,0.718,1.469,20.9880173077394,20.33702625935969,15.062180740113051,354.3948470428589
Costa Rica,CRI,2006,91.1,66.10099995918264,96.8693455688098,95.0158919320253,89.0,88.0,,79.0,,,0.2,17.0,364.52426147,1.525,2.053,18.8696244508244,21.89842262054901,16.58132645841129,361.49600091637865
El Salvador,SLV,2006,69.5,157.4449931432745,87.0964668490524,82.160813551355,96.0,96.0,,72.0,,,0.6,44.0,231.73410034,,,29.3762572082898,25.879690386688267,17.08756690899903,283.06654878564774
Guatemala,GTM,2006,37.4,138.28399884225,89.0482040016156,63.8233780145297,89.0,89.0,,57.0,,,0.4,31.0,149.04266357,,,27.4303207162049,20.41251270609496,14.036996490566814,342.4038254742366
Honduras,HND,2006,38.7,213.3095926851015,88.5903297607965,70.5856087424602,95.0,94.0,,57.0,29.8,1.4,0.5,84.0,112.11707306,,,31.5234447764269,23.81827754809809,16.561695923080418,320.4221034736952
Mexico,MEX,2006,84.9,34.326744111483,94.3895494210949,83.2911380511861,98.0,98.0,,69.0,15.5,2.0,0.3,29.0,514.29864502,2.228,1.886,16.9775033810062,19.55089282375214,11.377213915686754,279.5984425625053
Nicaragua,NIC,2006,40.0,210.6956833803265,,,88.0,,,63.0,,,,75.0,79.3536377,1.178,0.501,23.1967206955892,26.180487961694723,17.86376894105484,300.89166648487736
Panama,PAN,2006,100.0,59.50325142893645,91.2562151531688,68.6424595699143,88.0,88.0,,73.0,,,0.8,76.0,370.62973022,2.013,1.356,15.9645120676111,25.507857640574112,20.093170952902508,363.2257643468315
Venezuela (Bolivarian Republic of),VEN,2006,97.1,56.536980162251794,96.1651287487491,89.6709119534588,71.0,71.0,,67.0,16.2,4.8,0.6,43.0,,,,22.0025115255695,25.26874564617733,18.42251769708177,346.0911126330577
Brazil,BRA,2006,92.2,61.8000969699377,95.3798210203177,78.4350490232115,99.0,97.0,,75.0,,,0.3,44.0,489.53884888,,,18.8706469637809,23.045438846760064,15.702786893051352,322.595949305732
Paraguay,PRY,2006,51.2,109.9684911231894,83.9229047552195,77.8439277858393,98.0,92.0,,68.0,,,0.3,82.0,122.45078278,,,20.8892673046297,22.916844007698515,14.716081515980877,295.2191921415945
Algeria,DZA,2006,98.6,59.95225844313435,90.0150202695134,86.0591336531477,95.0,0.0,,68.0,15.4,4.1,0.1,107.0,116.7750473,,,16.7994819481555,18.18662048701677,9.50246123864307,279.2323548805777
Bahrain,BHR,2006,100.0,34.728392148523454,99.9470354866484,99.9635062573511,98.0,98.0,,75.0,,,0.1,47.0,578.29705811,2.619,0.977,57.907881750334,26.541865660835903,16.713843676527322,270.1836562033332
Egypt,EGY,2006,97.0,111.58797581895112,98.5698644772866,93.2594315118991,98.0,0.0,,75.0,,,0.1,17.0,66.32707214,2.172,,44.4190276887862,22.00553345437201,10.629778506768575,207.6561020127635
Iran (Islamic Republic of),IRN,2006,95.6,42.836603208017294,95.3633556923125,82.5614052358839,98.0,0.0,,70.0,,,,30.0,192.07597351,1.624,0.515,38.4483997597332,15.85154069960112,6.296271643033754,276.752468434414
Iraq,IRQ,2006,88.8,94.7739659872945,86.1815126073683,76.1219593481463,59.0,0.0,,63.0,27.5,5.8,0.1,43.0,56.76464462,,,47.9192893845428,24.08629817935505,7.2726503928287425,296.02312391853803
Jordan,JOR,2006,99.9,103.8607219754823,98.6120434709162,98.308206099878,98.0,98.0,,76.0,,,0.1,8.9,188.72041321,3.083,2.136,27.3761480740913,18.85341943272677,8.984424165345306,191.82679428961976
Kuwait,KWT,2006,100.0,42.56892771247085,100.0,100.0,99.0,99.0,,80.0,4.8,3.0,0.1,36.0,782.20379639,4.169,1.46,58.6612505040327,26.55240851859949,9.218843809549496,285.72093371416145
Lebanon,LBN,2006,,71.32364979670095,87.0655312148148,82.1604427714428,78.0,78.0,,64.0,,,0.1,13.0,401.43670654,,2.475,25.9127305500264,18.45452456707861,11.772809754093853,309.89039698685536
Libya,LBY,2006,,15.6548189933875,,90.4231990216393,98.0,0.0,,68.0,,,0.1,63.0,231.11968994,,,23.0376447604199,20.59736970483201,10.686448060590156,271.2787327548706
Morocco,MAR,2006,94.7,151.1154893718305,70.163478359653,74.1286277364386,97.0,0.0,,59.0,,,0.1,95.0,110.22368622,,,19.6247328804347,18.3087890234993,10.471696460562091,291.4463507781733
Palestine,PSE,2006,,208.039018717303,95.3106208970364,91.9045563015934,96.0,0.0,,68.0,13.6,1.8,,2.1,154.09745789,,,21.8022871372412,19.97437583725735,11.800123119365685,278.1364824864985
Oman,OMN,2006,100.0,25.9290718027178,86.4235189460014,93.1032818281143,98.0,98.0,,73.0,,,0.1,23.0,341.97601318,3.823,1.821,43.7212899961108,27.47197677975902,14.342856135827592,264.7744550795548
Qatar,QAT,2006,100.0,42.56892771247085,99.9029247892536,99.9365492602027,96.0,96.0,,82.0,,,0.1,72.0,1378.9296875,6.358,2.378,97.0259188382572,27.6157243738262,15.13346864808573,220.99824313480508
Saudi Arabia,SAU,2006,100.0,42.56892771247085,99.0690879620457,,96.0,96.0,,79.0,,,0.1,19.0,634.81872559,,,67.7907570198288,26.536065693500458,9.561057554965858,265.8949233544953
Syrian Arab Republic,SYR,2006,98.8,152.09253191721098,92.4468435279916,89.7438154668414,82.0,80.0,,69.0,28.7,10.3,0.1,42.0,64.00552368,,,30.5546679885314,17.12548031114235,8.316371341418819,234.63403157717687
Tunisia,TUN,2006,98.1,88.9837569419266,89.2096520385554,82.8949793127084,99.0,0.0,,67.0,9.0,3.4,0.1,38.0,178.82592773,,,19.0664238659217,19.568337972497503,11.22080940034628,280.5951182552108
Türkiye,TUR,2006,93.0,41.471017870438246,93.6194753638319,90.5110315275318,90.0,0.0,,68.0,,,,47.0,409.25881958,1.815,1.492,25.5447917989279,13.711679774407624,8.254640583091769,290.1125833433698
United Arab Emirates,ARE,2006,100.0,42.56892771247085,99.7209168610159,99.1379008454285,92.0,92.0,,71.0,,,0.1,3.3,1031.14904785,2.963,1.407,53.0567535809252,27.9810462013076,14.905797740394776,221.7064446453398
Yemen,YEM,2006,58.4,215.9178917802745,45.5579291881896,47.6441864752994,78.0,73.0,,43.0,,,0.1,49.0,44.81512451,,,39.4733097249864,23.847917050573475,12.68096545900027,240.27810643492904
Afghanistan,AFG,2006,13.6,335.417812316708,40.2157630407476,29.4737113537171,58.0,0.0,,35.0,,,0.1,242.0,28.9412632,0.458,0.166,40.5380153002123,13.71484813118848,5.823974695139466,264.29271975087585
Bangladesh,BGD,2006,10.0,283.456027259368,95.6665612927773,33.2264398318266,94.0,0.0,,31.0,45.1,11.9,0.1,221.0,12.05988026,0.138,0.305,63.1277622403815,25.815673203178864,18.825950361972414,340.7077668863856
Bhutan,BTN,2006,50.6,172.1289715153735,89.2613067874058,55.1902160222257,95.0,0.0,,51.0,,,0.1,429.0,54.21236038,,,30.2874992139427,20.875737044246705,14.614483115644273,333.56946274529594
India,IND,2006,29.3,236.2286988513145,83.5615500374212,31.1102746501892,65.0,0.0,,45.0,47.8,20.0,,305.0,29.37600899,0.775,,49.2546056005498,25.81476783415421,15.88506976601064,271.06948268726177
Nepal,NPL,2006,15.0,298.5828262069175,83.3207910288118,30.3297393254008,89.0,0.0,,30.0,49.1,12.7,0.3,350.0,13.68047714,,,48.7982657548418,22.38554061083728,14.889392012467829,315.68358974166904
Pakistan,PAK,2006,30.3,212.7415872801215,88.1422644667259,41.8712078550453,59.0,0.0,,40.0,,,0.1,276.0,24.43647003,,,54.0021102654504,24.22818299169974,13.475351046536192,243.29466747332992
Angola,AGO,2006,43.2,194.6032205468645,45.0139996038983,38.7338819151989,44.0,0.0,,34.0,,,1.6,507.0,70.28185272,,,20.9105363923632,21.820343146722404,13.80868710921509,320.29767428304893
Central African Republic,CAF,2006,0.5,343.889768812502,52.0363869925111,19.5450443579564,51.0,0.0,,24.0,43.6,12.1,5.7,603.0,15.15495491,,,32.8133526000185,25.66454753444792,17.097898170704664,320.4878008718366
Congo,COG,2006,12.3,185.4598385100495,62.5017877997765,14.0325360521402,74.0,0.0,,30.0,,,3.6,470.0,35.94208145,1.368,0.204,32.4339733297653,24.756013113750647,19.05958324762436,364.5773722181144
Democratic Republic of the Congo,COD,2006,2.3,368.355873428722,37.2515489023917,21.0891369417888,62.0,0.0,,25.0,,,1.6,542.0,10.37645721,,,35.5554014908526,23.93300507089916,16.874737875176,339.56296280177827
Equatorial Guinea,GNQ,2006,21.3,17.95862950708235,56.1005801258044,60.4443395996533,46.0,0.0,,27.0,,,,286.0,143.95661926,,,33.0668025327087,24.369319169835777,19.147351756559544,365.0000058070659
Gabon,GAB,2006,74.4,38.43902978342135,82.8900757983957,33.9024749587278,45.0,0.0,,51.0,,,4.6,387.0,211.9914093,,,25.3048779024936,24.9994069337384,19.403033643609344,364.997075341895
Burundi,BDI,2006,0.2,359.5937571481685,54.1661932522389,45.8797490696037,92.0,92.0,,31.0,,,2.0,182.0,14.10514736,,,37.7660922966848,20.468047691376924,12.150571887939838,272.94635769136806
Comoros,COM,2006,1.7,268.8518955352465,87.0042522799134,33.75605986205,69.0,0.0,,41.0,,,0.1,43.0,65.72916412,,,11.9019296970617,25.683277493972582,19.196448557613056,365.0000008831283
Djibouti,DJI,2006,5.0,250.2597483221205,75.6105690415926,46.9402321181691,72.0,0.0,,33.0,,,3.2,1350.0,53.26344299,,0.216,36.3893301915657,28.301215529179995,17.58256755081635,285.93928885755304
Eritrea,ERI,2006,6.3,304.8318423331365,48.8594940483832,10.2644175982683,94.0,0.0,,33.0,,,1.4,375.0,23.77408791,,0.05,31.7087262200735,23.981566206145143,11.29733018482409,229.99292783883
Ethiopia,ETH,2006,1.3,359.4105498303745,27.8655119170134,4.60119614731006,46.0,0.0,,17.0,,,1.7,345.0,8.42413712,0.221,0.026,22.9542180809591,19.637303199964087,10.415308947039753,259.25630853156264
Kenya,KEN,2006,4.5,266.672395134182,50.5448296064454,27.9138955031129,80.0,80.0,,41.0,,,6.2,646.0,40.3040123,,,19.5654533448443,21.01466365768969,12.70841979267526,286.15726858939314
Madagascar,MDG,2006,1.1,312.26325760890904,40.878116387823,6.60626042533301,85.0,0.0,,22.0,,,0.1,236.0,16.44085503,0.289,0.163,14.1534652757151,21.236711728220136,14.23804707946058,322.09933416446904
Malawi,MWI,2006,2.2,333.931672766658,58.9127413872202,13.9195182666637,99.0,99.0,,33.0,53.1,4.2,11.8,392.0,20.95070648,,,20.0975886186749,21.54716886020349,13.441485919872177,284.74324302126763
Mauritius,MUS,2006,96.4,43.323304194761,99.4967060410466,92.2159724037212,97.0,96.0,,70.0,,,,19.0,203.24180603,,1.108,17.0159562797598,24.05226806799537,16.707454770323107,359.5072556766957
Mozambique,MOZ,2006,2.5,343.4478520334835,31.9468315696643,16.6744657730016,78.0,0.0,,27.0,,,11.1,345.0,18.05057144,0.343,0.026,17.4303539620152,23.35829855026381,15.13734534033901,301.84906897881444
Rwanda,RWA,2006,0.2,334.8511755505255,51.3601414899442,53.8759294452882,99.0,99.0,,31.0,,,4.0,123.0,27.1564312,,,37.7844473320159,19.1319379979677,11.71760398981079,297.3631585781186
Seychelles,SYC,2006,100.0,27.3267987908268,94.6066380788986,96.6768159768572,99.0,0.0,,65.0,,,,19.0,487.17950439,4.58,0.83,10.3916544790965,26.443120832833404,20.30407334598849,364.9999920534493
Somalia,SOM,2006,0.6,388.0987194451605,35.3395798096483,25.6985522654712,26.0,0.0,,16.0,42.0,13.3,0.2,308.0,,0.088,0.027,17.6086611823624,26.96448269011104,16.59305981675977,249.83249991257955
United Republic of Tanzania,TZA,2006,0.9,306.99755302218546,36.9195071413939,11.3955838103187,90.0,0.0,,29.0,,,4.9,504.0,35.59762955,0.234,,22.7154375314207,22.7797019477558,14.08810429074738,282.02822000443496
Uganda,UGA,2006,0.8,305.94694662078746,34.3826242141433,17.0595600245412,64.0,64.0,,31.0,38.4,6.2,7.4,227.0,31.60310555,,,30.8984124333984,22.192769764212027,14.399710685768566,327.28871426381505
Zambia,ZMB,2006,15.9,279.45616250556,53.4162602894897,25.3042918374618,81.0,81.0,,42.0,,,11.9,577.0,58.68175507,0.69,0.054,22.7021281626197,21.23419571325328,11.885894599135328,245.1708413770923
Botswana,BWA,2006,53.1,58.35988501073515,77.3793746447191,58.8441205990319,96.0,0.0,,52.0,,,23.9,751.0,258.01873779,2.671,0.315,16.5709961302696,19.945810240384,9.884939624101907,227.32697475841528
Lesotho,LSO,2006,25.3,284.6954123658865,67.8015454898826,23.1744368605151,89.0,0.0,,39.0,,,23.5,1230.0,49.67809296,,,28.2123555930668,11.920885677481568,7.420290476862986,255.2544811723705
Namibia,NAM,2006,37.9,116.59057000290537,79.0046008864518,30.5926680157068,86.0,0.0,,56.0,,,13.3,1210.0,437.56240845,,,16.6897277846556,20.485836850277984,8.76771662970503,285.34468629615185
South Africa,ZAF,2006,69.5,67.27111087788604,88.9593651216847,65.1530628772458,84.0,84.0,,59.0,,,16.3,1250.0,417.91174316,0.786,,25.7850003309516,17.377459922796923,10.13894450655626,275.90673579655834
Eswatini,SWZ,2006,32.9,122.3322411171198,58.7341694131305,53.5034552326693,87.0,0.0,,63.0,29.2,2.9,27.0,1460.0,237.50752258,,,18.0368751645293,19.540809699631858,12.420321736374918,297.6905211042065
Zimbabwe,ZWE,2006,31.7,266.230082913064,68.0173816965522,43.6313729086374,70.0,0.0,,36.0,,,18.6,561.0,,,,18.488492284243,20.333677914459688,10.924699279710104,239.61836562316807
Benin,BEN,2006,2.8,278.0600449504735,63.3414202893598,11.3039620341641,74.0,74.0,,25.0,,,1.2,84.0,26.60264206,,,38.7828720839409,27.197883176324563,19.011268355777503,339.69491329638606
Burkina Faso,BFA,2006,4.3,319.137690378328,54.7404102452083,13.9636797865369,86.0,76.0,,23.0,,,1.2,82.0,23.55202866,,,44.4270955520084,28.567349889739905,12.61679056496711,310.23551415132675
Cameroon,CMR,2006,15.6,250.874702558674,60.6211512430006,39.4959944299355,81.0,0.0,,33.0,37.6,7.6,5.4,271.0,44.52022934,,,52.4989116337912,25.429815969391587,15.09279965779734,329.0973124385719
Cabo Verde,CPV,2006,66.0,182.487467570961,81.5021226151102,50.7498010778296,96.0,0.0,,55.0,,,0.7,106.0,113.13097382,,,19.4160937796529,23.769112387497245,16.89011931201042,364.8553831469471
Chad,TCD,2006,2.2,314.29444989287947,42.1612381034332,10.1921113947544,41.0,0.0,,18.0,,,2.0,137.0,33.8651123,0.177,0.034,46.2027813756072,28.02154998550567,11.47513567114661,318.0549593878766
Côte d'Ivoire,CIV,2006,16.3,232.61266479932448,71.0679891332651,24.3743169320385,77.0,0.0,,26.0,,,4.6,217.0,47.08904266,,,24.4264565831986,26.231868870435104,19.4639360844006,350.64574253983966
Gambia,GMB,2006,3.2,269.30539612396,75.9220098738399,46.4862604097152,95.0,95.0,,43.0,27.7,7.4,2.0,188.0,33.41355896,0.439,0.102,37.6425471457947,27.271613177969265,16.0733716569478,288.0074501122948
Ghana,GHA,2006,10.8,234.273967771167,71.3651562013802,10.6928566524772,84.0,84.0,,31.0,27.9,6.0,2.1,199.0,49.34616852,,,31.4140355286574,26.92256685217259,18.99245306687667,344.1775837064324
Guinea,GIN,2006,0.8,302.73725100861753,54.2315783654935,14.0026334670864,57.0,0.0,,21.0,,,1.7,177.0,16.15967941,,,28.8374671729279,25.86524319475093,17.034629977297076,313.2486121410183
Guinea-Bissau,GNB,2006,1.2,315.47549912318595,57.6886837795946,9.9897316228944,71.0,0.0,,35.0,,,4.4,286.0,22.77665329,,,33.7323484464674,27.51797731997668,17.081746985068648,286.1195790440318
Liberia,LBR,2006,0.4,345.2961313110045,66.2032069100531,14.1158011729766,60.0,0.0,,26.0,,,2.0,288.0,18.34446335,,,19.5383602882312,25.300680313507065,19.51173708392352,357.30959681021375
Mali,MLI,2006,0.9,307.97312169623103,59.2432791544715,24.6671660825145,78.0,16.0,,30.0,37.6,15.4,1.4,78.0,26.93190002,,0.057,39.3549415450591,28.37496084502315,12.256592283047809,310.25276239913245
Mauritania,MRT,2006,38.0,214.8655778006335,49.8930914741819,25.9997164897389,68.0,0.0,,26.0,,,0.6,186.0,35.14922333,,,46.4800582232681,28.731497696390143,11.07892698665752,296.44727047813035
Niger,NER,2006,1.1,341.2205117076075,41.0575024887785,8.91225988238255,52.0,0.0,,28.0,51.0,11.6,0.5,127.0,19.9213028,,,71.8910622718847,28.589391899662253,10.109181601446307,302.15339129200777
Nigeria,NGA,2006,1.0,234.9090228632135,53.6309977200112,31.5068491941473,40.0,0.0,,30.0,,,2.1,219.0,63.63072205,1.437,0.333,63.273214898786,26.90221964374787,16.58643790747753,328.6312760436956
Sao Tome and Principe,STP,2006,0.6,259.28602323718053,71.9349975867541,28.1835957707981,97.0,0.0,,48.0,,,,273.0,57.2040329,,,14.1739298864797,25.81181990046684,19.83440579765088,365.0000118246347
Senegal,SEN,2006,37.0,256.625744805059,66.865607080287,43.0340621400577,89.0,89.0,,31.0,,,0.6,185.0,38.28113556,,,40.1865159374905,26.4387246042735,15.326070867064212,295.78408035310105
Sierra Leone,SLE,2006,0.3,337.2160799464575,46.9721511803673,10.156650697941,64.0,0.0,,23.0,,,1.6,535.0,29.63347244,,,22.6282697929527,26.00718850491197,20.032424498755223,356.5346008926097
Togo,TGO,2006,1.5,310.8080092143995,52.8533718752421,10.2925202802465,84.0,0.0,,25.0,29.9,,3.2,90.0,22.74487495,,,35.4445329158888,26.98484268204804,18.733052990509485,328.77340041692264
American Samoa,ASM,2006,,66.2089409693934,96.4469488755332,62.2461113600743,,,,,,,,7.1,,,,4.67818706927393,26.733708976999186,20.79737471237465,363.74997642197366
Bermuda,BMU,2006,,42.56892771247085,100.0,99.9666444671626,,,,,,,,4.8,,,,5.89162999364547,21.64926575522443,14.813724394220609,330.6250108889881
Cook Islands,COK,2006,,42.21405594253444,,,,0.0,,,,,,,,,,4.27105775405498,24.746951484555726,17.79223987948055,354.7723658660462
Greenland,GRL,2006,,42.56892771247085,100.0,,,,,,,,,204.0,,,,1.70196183288896,-2.9056342538591324,3.565773678545346,321.552911992314
Guam,GUM,2006,,13.4456607141741,99.4887573422771,89.3561812726507,,,,,,,,55.0,,,,4.02656330800954,27.15773184630324,21.26990934850916,364.9999932969545
Monaco,MCO,2006,100.0,42.56892771247085,100.0,100.0,99.0,99.0,,80.0,,,,0.82,6146.87744141,,,16.9773438903919,13.464973448295552,9.241378975618112,321.49999657397365
Nauru,NRU,2006,100.0,180.957353618895,98.3353043200152,65.0151108339822,72.0,0.0,,50.0,,,,120.0,363.46365356,,,5.17058632507481,27.293729257662488,21.15607303461293,365.0000025509408
Niue,NIU,2006,,89.3945933473382,,,,99.0,,,,,,,,,,3.91136830365138,25.22924469160097,18.3025239562743,354.06560663050163
Northern Mariana Islands,MNP,2006,,24.59743864672355,97.6192823098218,95.5802406275802,,,,,,,,172.0,,,,3.59671540559819,27.058380138104365,21.090605626562382,364.9999869961314
Palau,PLW,2006,100.0,50.6037263391229,99.3892669217874,94.2803727715843,98.0,98.0,,71.0,,,,61.0,852.00756836,6.02,1.327,6.308509465759,27.124660720501893,21.477489386925672,364.9999933996302
Puerto Rico,PRI,2006,,13.9558861367144,98.0981272826087,98.7016593871866,,,,,,,,4.9,,,,7.34932316934938,25.610890179599583,19.09350754689281,364.3331733912633
Saint Kitts and Nevis,KNA,2006,100.0,22.73673980659405,98.5246448716616,90.3752008277517,99.0,99.0,,77.0,,,0.4,2.1,689.44549561,,,9.51672319533944,26.38072673919078,19.833286641451288,364.9999988670074
San Marino,SMR,2006,100.0,42.56892771247085,100.0,100.0,92.0,91.0,,73.0,,,,0.0,3242.24291992,,,20.1548523924789,12.41283983106374,8.31562684365914,296.2500001945222
Tuvalu,TUV,2006,22.4,228.59009496778896,98.9649313855609,81.6022136044618,97.0,0.0,,62.0,,,0.3,90.0,291.76730347,,,5.98100082201153,27.28533553180358,21.34492183907436,364.55512142857134
United States Virgin Islands,VIR,2006,,22.44146327064555,98.7614779915338,99.099378700016,,,,,,,,,,,,6.70897810216983,26.457818151021662,19.855611547036496,364.85085636557886
South Sudan,SSD,2006,0.1,229.62053404183848,,,,,,24.0,36.2,24.6,2.4,,,,,23.9356097082857,27.91174774107496,14.44136609154744,314.6742943475434
Sudan,SDN,2006,19.8,217.722002581489,47.6822962076852,20.8471551509776,78.0,0.0,,31.0,38.3,14.5,0.1,146.0,55.32660294,1.043,0.346,39.1820410202823,28.434637949501564,10.01433979191945,298.616946488568
China,CHN,2007,51.2,140.5648787111025,86.1591731490747,70.020980914326,93.0,0.0,,70.0,,,,85.0,98.5569458,1.176,1.294,51.6734727828923,15.68549598727484,10.687348175198885,285.40411125763507
Democratic People's Republic of Korea,PRK,2007,3.9,294.207801363233,98.1201000899291,75.9237809171583,92.0,0.0,,73.0,,,,,,,,28.493218907697,10.250841893854156,8.531667738782863,289.4653840185846
Taiwan,TWN,2007,,15.854052926863451,,,,,,,,,,,,,,25.1653364895805,22.305320313455987,16.150296834712705,354.83661019352525
Cambodia,KHM,2007,8.4,279.825234627215,62.3624172696977,28.5752843908418,82.0,0.0,,39.0,,,0.9,549.0,32.39221573,,,21.9191803446924,27.65687380455432,20.02987019191873,319.283026868925
Indonesia,IDN,2007,24.6,133.560469385658,82.5614830626383,55.5300293728108,73.0,0.0,,49.0,,,0.2,353.0,55.99677658,,,20.3245578241092,25.69563550389037,19.630099250797347,362.2595932370626
Lao People's Democratic Republic,LAO,2007,2.6,244.6556592041085,62.8062763559799,48.2158994762992,50.0,0.0,,43.0,,,0.2,249.0,24.56666374,,,30.0185605541347,22.84572267555306,16.431992020423497,342.8587435001041
Malaysia,MYS,2007,97.7,29.048874137457297,96.8049040699595,94.287803077426,97.0,90.0,,75.0,,,0.4,98.0,230.5599823,2.603,0.879,18.2948059461463,26.1132939260787,20.64546949013607,364.7794684710989
Maldives,MDV,2007,83.7,55.90129353712605,96.2874159070082,83.8983717139846,98.0,0.0,,65.0,,,0.1,89.0,478.24349976,4.743,1.701,13.5152974921503,27.32958753343545,20.63318148744256,364.98255639141183
Myanmar,MMR,2007,5.5,276.19489118634,58.7062336029249,67.3001769970488,86.0,0.0,,43.0,,,0.9,535.0,9.91384029,0.834,0.453,35.2325204650341,24.93584343101968,17.430028512258005,307.1303253598517
Philippines,PHL,2007,40.1,171.447821914457,89.1223731975384,68.2064372279476,87.0,0.0,,59.0,,,0.1,520.0,64.27903748,4.568,1.221,23.6260197589399,26.524913949058543,20.73540963604838,364.6788445387394
Sri Lanka,LKA,2007,20.2,132.0458993483595,85.590756668861,82.4507307606243,98.0,0.0,,66.0,18.1,15.2,0.1,101.0,71.38779449,1.985,0.538,26.342555545598,26.15524712829095,19.78704869662169,355.9688435936371
Thailand,THA,2007,69.6,64.05703923013161,96.1916628762461,94.0200504764456,98.0,0.0,,73.0,,,1.8,205.0,125.10979462,1.507,0.292,26.5105037645092,27.271579655283627,19.29744751355425,320.763126617223
Timor-Leste,TLS,2007,2.8,302.0910691890755,58.0156475742205,31.0966445042485,70.0,0.0,,35.0,57.2,21.3,0.1,837.0,30.51906586,1.052,0.034,13.0643020787999,24.679619743375586,17.9743792686562,355.5984896420735
Viet Nam,VNM,2007,37.0,208.3676747681065,86.3421129091112,63.0278584517406,92.0,0.0,,61.0,31.7,10.0,0.4,253.0,54.40701294,0.97,0.655,30.8004612979495,24.89894406654082,18.76678438006835,353.5184132919556
Fiji,FJI,2007,30.2,105.1861246022587,94.9825498641787,90.2946156798111,99.0,99.0,,61.0,,,0.1,22.0,140.30192566,,,7.18772689625003,25.351072105282856,19.33926573320057,363.4560528311748
Kiribati,KIR,2007,1.9,290.5630212913995,63.7644097380592,36.3306938222446,94.0,0.0,,41.0,,,,1060.0,148.0586853,,,4.58552578130519,27.125606139055083,20.73873608694724,364.9999507014004
Marshall Islands,MHL,2007,41.0,230.801619582049,88.4157787879213,76.2960646332462,93.0,83.0,,67.0,,,,683.0,485.01657104,3.615,0.596,5.23890677502394,27.03586592625101,21.21280673118294,365.0000087153911
Micronesia (Federated States of),FSM,2007,11.1,235.85006017249648,90.9564078644304,53.6633232957029,79.0,79.0,,53.0,,,,347.0,258.64785767,,,4.62609788142464,27.20266040851904,21.487619036938884,364.9999986134043
Papua New Guinea,PNG,2007,6.5,248.75488473270548,34.1459986588811,17.4570499950418,66.0,0.0,,25.0,,,0.9,584.0,33.18586731,,,15.8322246788359,21.88946200699817,17.111567488520993,364.9180590182544
Samoa,WSM,2007,23.8,179.459884110494,87.9688973034704,92.7164186931518,65.0,0.0,,57.0,,,,11.0,147.84771729,,,5.18763689418828,26.350138036303143,20.73469407810751,364.99999214672175
Solomon Islands,SLB,2007,8.3,290.5635962304045,75.8508142514165,24.5615868836554,88.0,0.0,,40.0,32.8,4.3,0.1,266.0,89.10964203,,,9.13630844396325,26.580166991137634,21.25714507599557,365.0000020393672
Tonga,TON,2007,52.2,177.6211756860875,98.6769462069557,90.558457375061,99.0,99.0,,67.0,,,,22.0,134.56217957,,,4.95573996847085,24.671823054530027,17.995723062518028,357.2804344746294
Vanuatu,VUT,2007,13.2,261.787261961146,85.9465127885309,54.001715264459,70.0,0.0,,45.0,,,0.1,132.0,72.5284729,1.555,0.118,7.55245397313239,25.79511545328956,19.557746094040425,362.021213081517
Armenia,ARM,2007,93.4,136.11843993895798,97.2960930151798,89.6104696374139,88.0,0.0,,62.0,,,0.1,114.0,170.15332031,5.069,2.635,28.6749315507276,7.579996711917993,6.341755736668673,277.707596130838
Azerbaijan,AZE,2007,89.35,115.07832357558596,81.9743802928687,76.5920244999871,79.0,0.0,,57.0,,,0.1,175.0,74.65649414,8.137,3.669,27.2771928033819,13.64904543845794,9.35602247868304,305.64869069219606
Georgia,GEO,2007,58.4,143.760150603684,95.0243626038677,79.817561698029,98.0,0.0,,67.0,,,0.1,191.0,195.9908905,4.103,4.099,20.2866981895568,10.071688453230298,7.816779873246732,312.68525497590724
Kazakhstan,KAZ,2007,89.7,44.1384789373181,92.6340928968716,97.1892688223895,93.0,0.0,,79.0,,,0.1,166.0,174.33786011,7.132,3.53,20.7306525535206,8.998381648310486,5.981162789546986,245.94579499991025
Kyrgyzstan,KGZ,2007,66.4,242.07400600081752,84.6887403319872,94.2485169694254,94.0,0.0,,71.0,,,0.1,232.0,49.61043167,5.739,1.886,22.2227495384756,10.237787064269206,6.160595183817825,225.8790569338654
Mongolia,MNG,2007,29.7,153.944736908422,71.7804641476083,51.1306318210775,95.0,78.0,,65.0,,,0.1,428.0,66.17643738,,2.813,47.6497051818728,1.7060385286707882,3.9042645089780974,222.7630062083356
Tajikistan,TJK,2007,60.7,285.5141838662485,65.9535229781878,93.2384821622591,86.0,0.0,,69.0,39.3,6.9,0.2,203.0,28.58950996,3.458,1.861,31.939293568311,11.460827608170469,6.568498255233059,196.77206937342945
Turkmenistan,TKM,2007,99.8,98.1963059867226,93.0251197848515,94.4179027341964,98.0,0.0,,78.0,,,,110.0,261.83258057,4.275,2.175,32.6437773387974,15.509911711046165,6.5706680844224925,256.5923406542688
Uzbekistan,UZB,2007,85.2,172.7680849331075,90.6561809339035,94.4383835544442,96.0,0.0,,80.0,,,,142.0,46.89629364,10.92,2.645,31.7770562806276,14.993297424330976,6.945924346755699,221.65351196027208
Albania,ALB,2007,57.8,121.57866821860884,90.0041896316486,93.5057448871061,98.0,0.0,,56.0,,,0.1,16.0,209.31910706,4.217,1.2,21.1074303588099,13.405868303624088,8.584169981816343,291.4213451229176
Bosnia and Herzegovina,BIH,2007,46.6,105.12628159670128,96.7613473898559,95.1678945136016,95.0,83.0,,57.0,,,,99.0,363.86224365,4.709,1.54,31.4570046072722,11.635311397144736,7.838534093898742,287.7627774239118
Bulgaria,BGR,2007,,57.705074848500345,99.5424563841982,85.9000132510858,95.0,0.0,,65.0,9.2,4.7,0.1,64.0,361.23498535,4.698,3.675,29.5864824698688,12.6463729423029,8.003361484792393,268.8524607948915
Croatia,HRV,2007,100.0,24.71556438180885,99.2934392263667,97.201764016731,96.0,96.0,,72.0,,,0.1,30.0,1040.44995117,5.526,2.734,21.8691308993668,13.252279284683604,8.518379989592525,283.819438785311
Czechia,CZE,2007,100.0,15.18872640959845,98.1999097628059,99.0460417932649,99.0,99.0,,80.0,,,,10.0,1110.17663574,8.415,3.561,19.7456771065298,9.753048285321592,7.152552640133201,308.76909538114825
Hungary,HUN,2007,100.0,21.244121935432048,96.0814951789226,98.0205413460237,99.0,99.0,,76.0,,,,22.0,1003.25805664,6.122,2.809,20.5905835751322,12.180655836558293,7.464508523275547,262.1889972977362
North Macedonia,MKD,2007,64.6,83.4057714905038,97.0213724658105,90.3525986106097,95.0,0.0,,59.0,,,0.1,45.0,263.25378418,3.705,2.427,29.0495012519503,11.827263246412686,6.826112137732922,256.06763049464024
Montenegro,MNE,2007,64.7,67.3399508084155,95.4603088591974,91.1775903884606,92.0,89.0,,66.0,,,0.1,38.0,,5.354,1.947,25.2071084048616,11.625939109887728,8.013365115735313,292.9849654855185
Poland,POL,2007,100.0,30.8259147922654,98.2325323124188,92.2555378641252,99.0,88.0,,73.0,,,,30.0,660.92468262,5.768,2.197,24.3417870384548,9.43652899738524,7.396378585042893,318.3593774777376
Romania,ROU,2007,100.0,49.75721081575415,99.9999991390449,76.118166846837,96.0,0.0,,68.0,,,0.1,154.0,415.06790161,6.075,2.309,21.4778872529346,10.862941031441958,7.331672818642344,277.01319466067326
Serbia,SRB,2007,64.4,72.6664913633864,90.3705744496824,96.0046710847047,94.0,89.0,,58.0,,,0.1,63.0,547.22723389,5.95,2.852,24.6464968795941,12.590799455906504,7.848627277355761,269.490307083154
Slovakia,SVK,2007,100.0,23.0055152627286,97.9604813763943,98.8921747745398,99.0,99.0,,77.0,,,0.1,16.0,1029.30029297,6.639,3.388,21.4333525860642,10.541724246416658,7.228952102599737,286.410837922127
Slovenia,SVN,2007,100.0,13.938590247109602,99.6543404259254,99.0583073018352,97.0,97.0,,80.0,,,0.1,15.0,1795.95043945,7.775,2.39,19.4367465983803,11.423399645001927,8.068561805849086,313.10169892825763
Belarus,BLR,2007,97.8,63.00454460881095,98.1616148412989,93.6735706995362,95.0,0.0,,73.0,,,,97.0,278.63424683,10.01,3.55,17.3262028747339,7.940481278309689,6.992070213080567,314.8645936610792
Estonia,EST,2007,100.0,19.46014497999145,98.4769162327614,99.4613971184116,95.0,95.0,,72.0,,,0.6,56.0,866.49945068,6.702,3.26,10.3239610320342,6.781315620227897,6.784865425730487,337.3819352463503
Latvia,LVA,2007,100.0,31.3875265321903,98.1662009076991,89.8089264081031,94.0,94.0,,71.0,,,0.5,103.0,775.19146729,5.749,3.143,20.7922694724843,7.586604303813222,7.049671468897976,336.85953662173154
Lithuania,LTU,2007,100.0,29.26005650930195,92.8750439712318,87.6245897499717,95.0,95.0,,69.0,,,0.1,132.0,704.29315186,7.659,3.884,16.9455666845915,7.89700621029921,7.140593551007689,328.69354316976097
Republic of Moldova,MDA,2007,86.3,184.660069347837,85.5244670482591,75.053404668561,92.0,0.0,,68.0,,,0.8,127.0,135.44366455,6.056,2.62,19.8666842059948,11.898374341267964,7.18153167658559,247.95554663475625
Russian Federation,RUS,2007,100.0,31.25964606879235,96.5044115144395,82.2454451048795,98.0,0.0,,73.0,,,,90.0,459.60296631,7.125,4.917,15.4236220438931,5.944055134304626,6.322297905997061,301.7358479543417
Ukraine,UKR,2007,93.9,105.74781482768496,96.3624898983504,95.4986097698596,98.0,46.0,,75.0,,,,183.0,183.18217468,6.548,3.043,19.748074468575,10.26797323137774,7.258568099658333,272.17129688315623
Brunei Darussalam,BRN,2007,100.0,42.56892771247085,99.7189198002674,81.2312943865159,99.0,99.0,,77.0,,,,90.0,710.42297363,5.163,1.06,8.99362507390901,26.57746894604044,21.36365670574596,364.9999961458794
Japan,JPN,2007,100.0,21.0674398686516,98.6243856033764,99.9818828973285,98.0,0.0,,80.0,,,,26.0,2781.49365234,,,14.9006551428052,15.129438025076842,10.365472520213384,294.6271020773818
Republic of Korea,KOR,2007,100.0,13.7387591563874,98.8370462636784,100.0,91.0,0.0,,81.0,,,,93.0,1256.36437988,4.21,1.753,24.7641632374336,13.368991000566831,9.687726437724388,286.83544599088884
Singapore,SGP,2007,100.0,42.56892771247085,100.0,100.0,97.0,0.0,,86.0,,,0.1,43.0,1116.97937012,4.859,1.606,19.1912325458857,26.917056755589314,21.148117013129475,364.999989898819
Australia,AUS,2007,100.0,42.56892771247085,99.8212480845919,99.9943545450659,92.0,94.0,,87.0,1.9,0.2,0.1,6.5,3792.80981445,10.14,2.99,5.97221556101005,17.230562515850202,10.421395391241395,305.12612234997795
New Zealand,NZL,2007,100.0,13.79488223098285,99.999996901465,99.999996901465,88.0,78.0,,85.0,,,0.1,8.2,2705.66430664,9.795,2.298,7.02749032487499,13.565408349660991,9.395994026036258,358.77317764570194
Andorra,AND,2007,100.0,42.56892771247085,100.0,100.0,96.0,95.0,,71.0,,,,6.1,2388.17407227,3.419,3.04,11.8225101387285,8.447319125555701,6.487717601360118,304.6907864756422
Austria,AUT,2007,100.0,42.56892771247085,99.9999988465267,99.9911017476995,85.0,85.0,,78.0,,,,13.0,4484.81640625,6.425,4.562,16.4921580815101,9.594995194542005,7.191103904015111,311.5626808183835
Belgium,BEL,2007,100.0,29.43302608853985,100.0,99.4857808585944,98.0,98.0,,83.0,,,0.1,11.0,4066.2121582,9.719,2.905,16.8142059578436,11.044249509374907,8.310419551665056,350.26157458744547
Cyprus,CYP,2007,100.0,13.375317070547151,99.8506916800731,99.5874947603584,97.0,90.0,,69.0,,,,5.9,1694.27185059,3.434,1.974,20.3583621362499,20.144072033904763,11.78900147922688,274.79748466828187
Denmark,DNK,2007,100.0,42.56892771247085,99.9999976665951,99.5972334856175,87.0,87.0,,78.0,,,0.1,8.7,5453.83837891,10.87,3.458,11.1426911668014,9.588841943994638,7.7763484845008435,357.93281418558166
Finland,FIN,2007,100.0,28.09826629079795,99.9999969532681,99.4481210814901,99.0,97.0,,81.0,,,,6.9,3918.64453125,9.878,3.729,7.74964222854881,5.29200961057841,6.223999817773733,330.2750413387204
France,FRA,2007,100.0,21.880609798603352,99.9999991615937,98.6577403586305,99.0,97.0,,79.0,,,0.3,11.0,4312.31054688,7.919,3.388,13.8289150912814,12.43316462820799,8.871884974349522,340.8473477750225
Germany,DEU,2007,100.0,28.24424827279535,99.9999987891849,99.2223722833519,96.0,94.0,,82.0,,,,6.3,4162.6875,9.767,3.528,14.893859816119,10.278838419284751,7.667302532645484,328.6896451123937
Greece,GRC,2007,100.0,13.39622462445795,99.8745141024935,98.37623995926,99.0,83.0,,70.0,,,0.1,7.7,2426.75952148,3.461,5.632,20.4216986910793,16.810950900069763,9.752992000596432,264.1319285639451
Iceland,ISL,2007,100.0,42.56892771247085,100.0,98.7886019021965,97.0,97.0,,84.0,,,0.1,3.9,5803.81152344,14.78,3.612,4.86565092786339,4.537281009488087,5.54862312830849,354.6235074244567
Ireland,IRL,2007,100.0,42.56892771247085,96.7827341812859,89.923319628906,92.0,92.0,,76.0,,,0.1,13.0,4858.64501953,13.65,3.838,9.22831394856213,10.5842994440609,8.219717440282922,363.6040666151944
Israel,ISR,2007,100.0,13.3894969522146,99.9999967389264,99.9999967389264,95.0,95.0,,79.0,,,,7.4,1769.92504883,5.481,3.558,20.3483146003896,20.6343905343128,13.510818677658886,326.56249493284326
Italy,ITA,2007,100.0,23.4443561339518,99.7370468037462,99.8857799717069,97.0,96.0,,78.0,,,0.3,6.1,3077.41381836,5.476,3.752,21.3897151477622,14.619064538064212,9.335839888966568,299.4044581254615
Luxembourg,LUX,2007,100.0,42.56892771247085,100.0,97.6551965026452,99.0,99.0,,78.0,,,0.2,11.0,6671.26513672,11.16,2.711,14.8811715636429,10.306131635085745,7.842271555821389,337.34273209562554
Malta,MLT,2007,100.0,15.026003660178102,100.0,99.9483801402341,74.0,72.0,,77.0,,,0.1,9.1,1606.22094727,6.088,3.253,14.5554735334352,19.67981878975478,13.226131845526735,344.8634936630837
Netherlands,NLD,2007,100.0,42.56892771247085,100.0,97.8704752768738,97.0,97.0,,79.0,,,0.2,6.5,4696.14160156,8.37,2.768,15.2672865464516,11.228548962100572,8.404532530875441,348.3552878256263
Norway,NOR,2007,100.0,42.56892771247085,100.0,98.0652982043914,93.0,95.0,,81.0,,,0.1,7.3,6895.56005859,15.98,3.844,7.84465896835535,6.221512272129962,6.12690491213977,329.5917774897364
Portugal,PRT,2007,100.0,14.045845494399352,99.1678155368085,98.4378342320443,97.0,97.0,,83.0,,,0.6,35.0,2112.52880859,5.128,3.657,11.4841027569335,15.018889844094751,9.640138802683886,314.7766630767143
Spain,ESP,2007,100.0,14.41916217448555,100.0,99.8558830962321,96.0,96.0,,77.0,,,0.4,22.0,2625.55664063,4.731,3.538,13.5038732604957,15.257298745760602,9.181434152116948,289.1020267526759
Sweden,SWE,2007,100.0,42.56892771247085,99.5698405523295,99.1149041183548,98.0,98.0,,77.0,,,0.1,6.6,4295.55224609,11.48,3.625,8.16612495187063,7.260263156625417,6.755169231703096,335.6883396909231
Switzerland,CHE,2007,100.0,42.56892771247085,99.9999997540921,99.8810759344812,94.0,93.0,,83.0,,,0.2,7.0,6124.81445313,13.61,3.788,13.8556413704269,9.516580757743943,7.175766696468899,316.3413362101383
United Kingdom,GBR,2007,100.0,23.6172778682068,99.9999991747697,99.1219715621849,92.0,92.0,,82.0,2.3,0.6,,15.0,4415.51220703,9.105,2.481,12.1370024293423,10.47908666091764,8.080326036434931,363.4973690162244
Argentina,ARG,2007,98.6,37.2087151274754,97.8403603213706,90.9270368517711,91.0,91.0,,77.0,,,0.4,35.0,569.27264404,,,15.8670107757052,15.963547765925728,9.943337656692195,284.761176175949
Chile,CHL,2007,100.0,32.63057787951985,97.2423387378927,95.5487017791555,96.0,96.0,,70.0,2.1,0.3,0.3,20.0,643.05963135,,1.028,21.6793166441615,12.24846244966602,7.572510260186385,272.12516705123426
Uruguay,URY,2007,100.0,47.6762292658528,97.9057149846883,94.2928439253095,94.0,94.0,,77.0,11.8,1.4,,26.0,578.34454346,,,12.9807221427358,16.819516297425423,11.156208699774613,317.4433037683105
Canada,CAN,2007,100.0,42.56892771247085,99.3664505915258,99.7607606816524,94.0,93.0,,86.0,,,0.2,5.8,4187.87255859,9.006,,7.96325997909105,6.826880627839674,6.660752425656521,311.9940240113531
United States of America,USA,2007,100.0,42.56892771247085,98.9106080907842,99.8707752095931,96.0,93.0,,83.0,,,,5.5,7153.73144531,10.56,,10.8781443891663,14.488218548369124,9.00224728589762,254.6091872712633
Antigua and Barbuda,ATG,2007,100.0,16.590804753894002,97.9288759157596,90.181534098799,99.0,99.0,,78.0,,,0.7,2.4,714.27496338,3.391,1.763,8.81434943519754,26.366472538536,19.63599290451644,362.3984746207341
Bahamas,BHS,2007,100.0,19.96533484209585,98.4787717446403,92.9555462354289,95.0,95.0,,80.0,,,1.9,19.0,1351.08203125,,,5.92055546020489,25.054043383853223,17.863608211758073,346.9801554668258
Barbados,BRB,2007,100.0,27.442522477961347,98.4015448780249,92.3623454773478,93.0,93.0,,79.0,,,1.2,5.9,1043.49401855,,,10.9593674285005,26.59646831579935,19.904024674259755,365.0000050309459
Belize,BLZ,2007,83.1,79.6476172859245,91.1445369343611,83.9874657603305,96.0,96.0,,66.0,,,1.4,38.0,233.67915344,,,17.5300850531806,25.57684275600587,19.55863095221657,359.7930475261577
Cuba,CUB,2007,82.55,169.41661281284252,92.7206267884333,83.9411498169061,93.0,97.0,,79.0,,,0.2,9.8,569.43585205,8.665,6.416,10.237486321312,25.55947246727477,18.383658829706587,358.2478952609543
Dominica,DMA,2007,86.5,94.19542846014366,95.1109272137674,72.8323393308606,96.0,93.0,,71.0,,,0.4,4.4,293.30905151,,,11.6463830482571,26.08425725364755,19.609995727559625,364.99998676885366
Dominican Republic,DOM,2007,86.9,83.01713492660195,93.6801822070971,80.7688357715562,85.0,70.0,,69.0,10.1,2.3,1.2,78.0,190.14048767,,,13.097683646114,24.8532089746538,18.282983057464648,361.30494521209175
Grenada,GRD,2007,93.2,70.23915525756965,94.9338425963011,92.1327210300046,96.0,96.0,,76.0,,,,2.7,359.53503418,,,10.8009439738589,26.65036274250759,20.23950544934,365.0000147495021
Guyana,GUY,2007,100.0,109.9050089379023,91.2357144942571,81.525359867427,94.0,94.0,,62.0,,,1.3,133.0,125.79258728,,,17.7515925733248,26.011865967287232,20.55508541848501,364.7057657788409
Haiti,HTI,2007,3.4,271.98300599161297,61.4285173392054,23.4895119944276,63.0,0.0,,37.0,,,1.9,488.0,37.59618378,,,14.702996088707,25.801018367583776,19.046137314989195,363.6181496956506
Jamaica,JAM,2007,83.9,101.23737758314846,93.0501887643258,82.6517047080876,91.0,91.0,,66.0,5.4,2.7,1.6,6.8,292.00213623,,,19.9711891534897,26.00937049012555,19.74778966227533,364.90399582109
Saint Lucia,LCA,2007,94.0,64.33563445222285,92.1859193338883,84.2555483784104,99.0,99.0,,69.0,,,0.3,11.0,439.59280396,,,10.694878629056,26.56677692269064,19.79798691504018,364.9999959820518
Saint Vincent and the Grenadines,VCT,2007,95.7,74.5029989291633,96.5601560637543,77.9089003654313,99.0,99.0,,71.0,,,1.0,11.0,244.32910156,,,10.6758919117268,26.603500410869387,20.06828838252065,365.0000062782689
Suriname,SUR,2007,84.3,63.0332665784867,92.2251674961398,81.2158259074575,84.0,84.0,,70.0,,,1.5,43.0,309.17565918,,,17.6958647164988,26.20003675704577,20.61259351788188,364.9586573000532
Trinidad and Tobago,TTO,2007,100.0,15.4339110516361,97.3100621994255,94.3855102571565,88.0,88.0,,73.0,,,,25.0,667.35321045,3.425,1.13,14.4832353230496,26.35400610124854,20.23882944695741,364.9999943561316
Bolivia (Plurinational State of),BOL,2007,71.7,183.178375716242,85.2691692733434,43.4810447232478,84.0,84.0,,46.0,,,0.3,257.0,63.62155914,0.6,0.327,31.0164395216213,14.923569305617514,9.844432945554654,299.9387929820338
Ecuador,ECU,2007,92.8,100.207363649111,87.792208365322,77.862718659502,96.0,95.0,,69.0,,,0.4,60.0,193.33273315,,0.978,19.14326835546,18.950195699706764,14.583292974261138,364.4927972622231
Peru,PER,2007,60.6,114.5845170184332,85.4925787573111,69.4977421323012,93.0,93.0,,68.0,28.0,0.8,0.3,194.0,158.55148315,3.562,1.653,28.0589758067943,15.611191918611,11.053981073230917,334.4973672310188
Colombia,COL,2007,83.1,82.09112218495744,93.0332113422634,81.654183644965,94.0,94.0,,73.0,,,0.5,43.0,309.61691284,0.754,1.511,18.9138751568773,20.28494346289028,14.97510820726554,352.579856644782
Costa Rica,CRI,2007,91.4,62.62655765436236,97.1812060474922,95.2137195498557,89.0,88.0,,80.0,,,0.3,18.0,429.41894531,1.588,2.102,18.5885783750961,21.86922681664173,16.622549103083617,361.9165467929577
El Salvador,SLV,2007,71.2,152.299124728127,84.8412397168851,82.5029332594397,99.0,99.0,,73.0,,,0.6,43.0,239.99687195,1.389,,27.811791527221,25.76164454320049,16.65842309096836,266.5555330958281
Guatemala,GTM,2007,36.9,135.338932810557,89.294002198525,64.2408036159459,85.0,85.0,,57.0,,,0.3,26.0,158.89395142,,,26.7581683763429,20.47685170039901,13.687849357293471,333.20741946366905
Honduras,HND,2007,39.6,209.34598200236348,89.0405738660816,71.583847847539,94.0,93.0,,57.0,,,0.5,69.0,127.55919647,,,30.6750038555339,23.70764990884169,16.25279466395259,314.3154856907245
Mexico,MEX,2007,85.0,33.2951412019971,94.8449664577953,83.9388749115264,98.0,98.0,,69.0,,,0.3,28.0,558.06530762,2.292,1.929,17.5453690440121,19.410050897124844,11.28497264169387,281.23187961392085
Nicaragua,NIC,2007,41.1,207.179911981921,,,93.0,,,64.0,23.1,1.5,,80.0,93.93821716,1.202,0.535,22.2634722922487,25.98691329806481,18.01958233871934,308.6571667648698
Panama,PAN,2007,100.0,55.190220283021006,91.4461388885148,69.7247974616696,85.0,85.0,,73.0,,,0.9,72.0,472.08703613,,1.309,14.9645258778058,25.46818152049683,20.06981581886477,363.4366391336318
Venezuela (Bolivarian Republic of),VEN,2007,96.9,50.20282107949495,95.9880338887916,90.2162040800412,62.0,62.0,,67.0,15.6,5.0,0.6,39.0,,,,21.5069748869426,25.243645939819864,18.047770823475936,335.40718332400826
Brazil,BRA,2007,92.7,58.8861733755127,95.6619556450111,79.2590292856141,99.0,98.0,,75.0,7.0,1.8,0.3,44.0,607.73022461,,,15.3808986763897,23.20733336356905,15.567655200166309,318.35735137853084
Paraguay,PRY,2007,52.8,106.9566648314372,85.0852532199197,78.9486876932809,95.0,88.0,,68.0,,,0.3,72.0,161.25285339,,,17.9023579743888,22.2740235406917,14.53862823868834,310.3826150466505
Algeria,DZA,2007,98.8,56.1802236925402,90.1767439508853,86.2994372254318,95.0,0.0,,69.0,,,0.1,104.0,150.86651611,1.928,1.195,17.4739080712462,17.58040667709529,9.450525607517008,286.81336717787616
Bahrain,BHR,2007,100.0,42.56892771247085,99.9450971676723,99.9675257332513,97.0,97.0,,75.0,,,0.1,46.0,677.16290283,,0.995,55.0005459330116,26.578295605604204,16.728531516618414,276.991041907836
Egypt,EGY,2007,97.8,106.4060656028649,98.4988899601912,93.4714314337652,98.0,0.0,,75.0,,,0.1,17.0,73.29454041,,,40.757764743114,22.27497636325157,10.721208545686174,200.0994019252138
Iran (Islamic Republic of),IRN,2007,96.0,38.260803701629,95.5354863995331,83.2321134946783,99.0,0.0,,71.0,,,,28.0,237.51042175,,,40.884688438068,15.422494366524525,6.265785992181299,277.5785595101686
Iraq,IRQ,2007,90.9,90.34918607914696,87.0697453969481,77.8117345436879,57.0,0.0,,63.0,,,0.1,42.0,100.59433746,1.049,0.528,50.715570586461,23.985514103392173,6.700431215031234,298.3175742682674
Jordan,JOR,2007,99.9,98.1761918367585,98.6711635910559,98.2009358550483,98.0,98.0,,75.0,,,0.1,7.4,208.03627014,2.765,2.238,28.7001251086227,19.31547080018657,9.444075409765825,207.08633358223184
Kuwait,KWT,2007,100.0,42.56892771247085,100.0,100.0,99.0,99.0,,80.0,5.1,3.5,0.1,34.0,880.71105957,4.319,1.879,57.6409882486737,26.402353620531507,8.891235684219268,271.1586913829961
Lebanon,LBN,2007,,66.83668912895835,87.5235899350969,83.4696210843542,80.0,80.0,,65.0,,,0.1,16.0,438.71112061,1.431,2.309,26.0813278261604,18.71918852231673,12.200261541405416,324.4482227298463
Libya,LBY,2007,,14.6635925807563,,90.3163071895082,98.0,56.0,,68.0,21.0,6.5,0.1,60.0,269.63085938,,,23.160044300785,20.88718576291621,10.537702061851176,263.72016827172587
Morocco,MAR,2007,95.3,147.0733940657045,71.5537323474751,75.07865785853,95.0,91.0,,60.0,,,0.1,92.0,131.86448669,,0.586,19.7314629009067,17.883057606665307,9.863532751358363,281.977915904532
Palestine,PSE,2007,,208.2182690259025,95.7922178892891,92.3883325224338,99.0,96.0,,68.0,,,,1.6,149.22294617,,,20.8398138352434,20.315888070479268,12.286956615014384,300.15810847359546
Oman,OMN,2007,100.0,36.2002241305211,86.7831972682,93.9002107979075,99.0,99.0,,73.0,,,0.1,21.0,397.21173096,4.044,1.91,45.0587488715285,27.54970883511585,14.405602137059615,261.932977408273
Qatar,QAT,2007,100.0,42.56892771247085,99.9029247892536,99.9365489991929,94.0,94.0,,82.0,,,0.1,63.0,1301.49682617,,,90.6061253383008,27.704543436622668,15.140272851866714,229.95073214912085
Saudi Arabia,SAU,2007,100.0,42.56892771247085,99.0674880275407,,96.0,96.0,,80.0,,,0.1,19.0,662.00793457,,,67.8152709042056,26.6007566893193,9.369316276855947,274.26905175508847
Syrian Arab Republic,SYR,2007,98.7,147.624439825623,92.5793268908565,90.0855961151044,82.0,80.0,,69.0,,,0.1,41.0,72.10467529,1.799,1.417,31.3740069346082,17.499018694783235,8.512010536952676,243.02242160052813
Tunisia,TUN,2007,98.5,84.73117013360735,89.4569801310422,83.7929328669292,98.0,0.0,,67.0,,,0.1,40.0,202.32022095,,1.011,19.1798562700626,19.437167139087325,11.19890242635624,280.3403270688688
Türkiye,TUR,2007,93.5,37.98605591939465,93.8100251611177,91.2280737248533,96.0,76.0,,69.0,,,,44.0,504.37646484,2.005,1.532,26.0230347123947,14.224340782939263,8.178901148764513,284.86999188290014
United Arab Emirates,ARE,2007,100.0,42.56892771247085,99.7430448059765,99.1343292735579,92.0,92.0,,72.0,,,0.1,3.1,1176.49328613,3.269,1.541,54.6263917893835,28.085332809828618,14.8640317184265,228.9967588625869
Yemen,YEM,2007,58.9,210.5486085001656,47.0920975832171,48.5478342567652,79.0,75.0,,43.0,,,0.1,47.0,51.83703613,,,40.8000108277159,23.79021766825389,12.577453850762195,251.65174519716345
Afghanistan,AFG,2007,15.3,330.467021243352,42.4294955631251,30.8753174900848,63.0,0.0,,36.0,,,0.1,241.0,32.70893097,0.518,0.182,37.7270370787103,13.123292417366129,5.8087027563712885,248.515166719446
Bangladesh,BGD,2007,10.4,278.801165511908,95.8693613830189,35.0339772895148,94.0,0.0,,33.0,43.2,17.5,0.1,221.0,14.03898716,0.157,0.317,62.6800909457975,25.305790511214163,18.75940218454636,343.04797957583366
Bhutan,BTN,2007,54.9,162.176820892099,90.1032675931057,57.1569433731048,95.0,0.0,,51.0,,,0.1,436.0,64.72015381,0.803,0.212,30.0580138356873,20.59020471652728,14.638623485738307,334.3717483112654
India,IND,2007,30.7,228.768162432664,84.2553439378038,33.9383850862219,64.0,0.0,,47.0,,,,298.0,35.63138962,0.782,,49.4513350486064,25.621187768717128,15.829868503032053,273.5228455441668
Nepal,NPL,2007,16.8,296.5930099730355,83.9381629345447,33.0557887006794,82.0,0.0,,32.0,,,0.3,339.0,17.13900185,,,51.8726318064723,21.96982649437887,14.979348554703083,313.16944441902245
Pakistan,PAK,2007,31.7,208.1369954871255,88.3130427829655,43.6965924516825,54.0,0.0,,40.0,,,0.1,276.0,26.14198685,,0.693,52.8243308583715,23.9025672157602,13.462581737655702,232.89531410539948
Angola,AGO,2007,43.35,181.61078269398504,46.4686546771725,39.6205689404056,43.0,43.0,,37.0,29.2,8.2,1.7,509.0,93.42698669,,,20.3046984474029,22.1521515804802,13.799840517955785,324.67249888705425
Central African Republic,CAF,2007,0.5,343.8425276392885,50.9129861465533,19.1248924348841,48.0,0.0,,27.0,,,5.5,591.0,18.24629021,,,34.4850126594216,25.630883913990864,16.50023485019345,323.93946674918226
Congo,COG,2007,13.4,184.5474064730695,63.4409103501595,14.526041670099,73.0,0.0,,31.0,,,3.5,458.0,41.96711731,0.877,0.101,32.1852745159929,24.953112496022435,19.161435887005528,362.0440836258538
Democratic Republic of the Congo,COD,2007,2.4,367.59384743968303,37.1762282091892,20.6788073735842,65.0,0.0,,26.0,45.8,10.4,1.5,531.0,11.5629034,,,35.1019398523605,23.95408417414296,16.85050962188464,337.83472205631205
Equatorial Guinea,GNQ,2007,21.9,14.96942085859825,57.1185705825994,61.3207811186255,48.0,0.0,,33.0,,,,280.0,179.49963379,,,33.7298241116505,24.39542995460034,19.107116858896354,364.9204578643429
Gabon,GAB,2007,76.1,37.7302083394751,83.3155701870669,35.1495484187274,81.0,0.0,,55.0,,,4.5,405.0,246.78276062,,,25.9088253666364,25.1143360987174,19.432645140732145,364.531253849411
Burundi,BDI,2007,0.2,359.78882167617246,54.8864129509112,45.7793823625363,99.0,99.0,,37.0,,,1.9,175.0,15.26294613,,,39.0457159521089,20.51570668262429,12.122465192483928,268.84669653065305
Comoros,COM,2007,2.0,269.72115905699354,86.8964208746241,35.2256531986229,75.0,0.0,,41.0,,,0.1,43.0,69.87202454,,,11.9560603857393,25.985329598534697,19.2299586791995,364.95333856944495
Djibouti,DJI,2007,5.4,246.943196723847,75.8259576941353,48.4620248883816,88.0,25.0,,35.0,,,3.0,1320.0,55.18254471,,,37.155161019994,28.40987077147235,17.21836044843505,275.39590871639984
Eritrea,ERI,2007,6.8,307.41526140495,49.2469532106027,10.5550786241031,95.0,0.0,,35.0,,,1.3,417.0,19.62666321,,0.045,30.0130604255225,23.633803120805528,11.169733124617746,234.5993426260773
Ethiopia,ETH,2007,1.5,356.7671656605985,29.3784617293428,4.88681883136837,50.0,47.0,,19.0,,,1.6,324.0,11.63210678,0.218,0.022,23.2352474929224,19.61329798048572,10.048431255257569,245.97212641761263
Kenya,KEN,2007,5.1,264.5112017824265,51.3998249048434,28.6350439627237,81.0,81.0,,43.0,,,6.0,618.0,49.44605255,,,21.0350813841982,20.906964944038872,12.68968635889834,290.4241787600451
Madagascar,MDG,2007,1.1,311.050378029453,41.7110487315334,7.09404608313975,84.0,0.0,,24.0,,,0.2,236.0,19.33553123,0.281,0.173,15.128233600269,21.1704528504934,14.252628639048645,321.0425413923086
Malawi,MWI,2007,2.2,332.28593093557004,59.7001195551836,16.1881872542677,87.0,87.0,,35.0,,,11.3,383.0,25.0216465,,,21.2052974498631,21.498368517894672,13.418076556021106,283.1099023726284
Mauritius,MUS,2007,96.7,41.4910675934563,99.5200720163926,92.5003340946351,97.0,96.0,,70.0,,,,17.0,229.2313385,2.599,1.123,16.8629678381735,23.94106329736816,16.83629630338599,360.4031641141647
Mozambique,MOZ,2007,2.6,341.85900039267096,33.5293144441132,17.6947339130943,75.0,0.0,,30.0,,,11.3,348.0,19.29700851,0.369,,18.121170634447,23.378345258735543,15.05701311370799,296.76230064564
Rwanda,RWA,2007,0.2,331.798097965172,51.89573756501,55.4685962150806,97.0,97.0,,36.0,,,3.9,110.0,33.50738907,,,38.7477159209106,19.01276684083633,11.780970693139052,311.77500838241895
Seychelles,SYC,2007,100.0,25.69051839536516,94.7800097979343,96.8739353478668,99.0,0.0,,66.0,,,,19.0,428.61749268,4.492,0.995,10.0532091540368,26.704189593276087,20.53941171793264,365.000002535695
Somalia,SOM,2007,0.7,387.463064160262,35.5233098422892,25.4724809628705,40.0,0.0,,18.0,,,0.2,287.0,,,,18.4396446004024,27.31843960522426,16.468609280807648,239.7226078474663
United Republic of Tanzania,TZA,2007,1.0,302.8928613745,38.4195983532873,12.7548704063114,83.0,0.0,,31.0,,,4.8,492.0,36.23610306,,,23.6643630384053,22.83421118081037,14.130346436613593,281.0502698444829
Uganda,UGA,2007,0.8,302.503722648561,35.824381726143,17.4484827686049,73.0,73.0,,34.0,,,7.3,222.0,36.10126495,,,32.0917908856417,22.142855217879188,14.347430956061451,324.9154602893096
Zambia,ZMB,2007,16.2,272.764698270922,54.6025079939217,26.0121310175446,80.0,80.0,,45.0,45.8,5.6,11.7,554.0,51.02414322,,,23.2540752574444,21.35866328536803,11.70536742118754,251.2186868577809
Botswana,BWA,2007,54.8,54.71932677945415,78.8176379061459,59.9949103231663,96.0,0.0,,53.0,28.9,7.3,23.6,714.0,305.22042847,3.016,0.371,16.1292323144744,20.75226194705284,8.766670638086937,216.90283966573423
Lesotho,LSO,2007,26.6,281.9744331605055,68.3621774697103,24.6557826139107,88.0,0.0,,41.0,,,23.8,1230.0,65.80387878,,,30.0891500791193,12.612700082238774,6.379822556048965,228.56699097032083
Namibia,NAM,2007,38.7,111.71374224455296,79.4708868241615,31.1618359120794,86.0,0.0,,57.0,29.2,7.6,13.2,1140.0,493.60388184,2.849,0.383,18.2654077633752,22.156298761440134,6.651274118462448,310.06776998717163
South Africa,ZAF,2007,71.8,63.412935175555,89.4320344752116,65.9061304060194,85.0,84.0,,60.0,,,16.6,1270.0,455.17498779,0.803,0.679,27.9363656085701,17.843592857786927,9.315248254968894,262.4294830664936
Eswatini,SWZ,2007,34.5,118.498117563701,59.8325678287226,54.091290182986,87.0,0.0,,63.0,,,27.2,1430.0,252.24301147,,,18.2718038948164,19.892257622732927,11.559128027584055,278.09805121058463
Zimbabwe,ZWE,2007,31.3,275.1653581198895,67.943621136193,43.0093163519356,73.0,0.0,,38.0,,,17.8,527.0,,,0.0544,19.5113559622937,20.39312456349268,10.604693563080628,237.35887621306588
Benin,BEN,2007,3.3,276.7642976421295,63.722003378885,11.8157291558234,82.0,82.0,,30.0,,,1.2,84.0,26.79680061,,,42.5674807399135,27.05205143854462,18.65660613440545,337.6164442983833
Burkina Faso,BFA,2007,4.8,317.7673309376565,54.4775122533974,14.9188541884319,89.0,89.0,,24.0,,,1.2,80.0,29.72483063,,,46.1468584929254,28.561526937064613,12.97014855106969,288.3014864204403
Cameroon,CMR,2007,16.5,249.141196684703,61.3565272358718,39.8824343932762,82.0,0.0,,34.0,,,5.2,279.0,50.30911255,0.456,0.073,54.4970619894514,25.228381441715907,15.001391223644886,326.8672127192885
Cabo Verde,CPV,2007,66.8,172.54463588632848,81.920929167246,53.0093493269466,98.0,0.0,,56.0,,,0.7,105.0,127.73626709,,,20.2705111507828,23.280711441017864,16.391566687483742,364.4695702415323
Chad,TCD,2007,2.3,308.79932061762497,42.759391223653,10.2767459840374,29.0,0.0,,19.0,,,1.9,143.0,34.0423584,,,45.4604651550212,27.86195975046476,11.214316035319872,319.74686786478713
Côte d'Ivoire,CIV,2007,16.8,234.40604062261752,71.4370073419778,25.2023258965762,76.0,0.0,,29.0,39.0,14.3,4.3,218.0,56.15083694,,,25.7276113588394,26.30558741530456,19.08576517571886,343.52784334793563
Gambia,GMB,2007,3.0,269.39875278796103,76.5934928458813,46.4185276331036,95.0,94.0,,47.0,,,2.0,186.0,35.91078568,0.715,0.09,39.3253287965307,27.305951014889207,15.352291380617096,283.3236344423719
Ghana,GHA,2007,11.8,230.530270675144,72.3892820833539,11.7231535267872,94.0,94.0,,36.0,,,2.1,196.0,57.34096527,,0.07,33.4452107808469,26.92069154954754,18.71666448042326,338.29016663626226
Guinea,GIN,2007,0.8,303.2828594352965,54.972295205421,14.9294878110963,63.0,0.0,,23.0,34.0,7.2,1.7,183.0,22.64143372,,,29.9723932253519,25.806775307269746,16.56257563098705,307.851977307206
Guinea-Bissau,GNB,2007,1.1,315.92429960117704,58.0535126816811,11.1161885061566,74.0,0.0,,35.0,,,4.3,286.0,25.56799126,,,35.2060454732893,27.5827664553618,16.573999629606742,272.5489688589608
Liberia,LBR,2007,0.4,345.536838888477,66.9527157246347,14.564331528772,65.0,0.0,,27.0,39.6,7.9,1.9,305.0,15.8568964,,,20.0031029401383,25.299847171088985,19.12182689294233,347.22824275879503
Mali,MLI,2007,0.9,306.3044557885305,60.8678932754337,25.9143828499992,74.0,44.0,,31.0,,,1.4,78.0,29.63545799,0.164,0.06,41.8363923266888,28.56218609310768,12.140725817259844,305.1738597902756
Mauritania,MRT,2007,39.0,210.207771915492,51.4299037180572,27.6037678904985,75.0,0.0,,26.0,31.5,13.6,0.6,176.0,40.41820145,,,48.1006588366873,28.723461718173287,10.582774576089978,305.8633607276618
Niger,NER,2007,1.1,341.126826744459,41.7774242131502,9.3108172797856,58.0,0.0,,28.0,49.2,12.5,0.5,129.0,20.96952438,,,76.7865896754313,28.353694302481944,10.096755482429275,304.46228825670204
Nigeria,NGA,2007,1.1,224.041543416746,55.2248334433962,32.2676921129548,42.0,0.0,,30.0,,,2.0,219.0,66.90659332,1.432,0.361,67.3061477374151,26.54091403193545,16.18651646719927,326.0599855696536
Sao Tome and Principe,STP,2007,0.7,256.0900884473575,72.3598122085936,29.5170578703442,97.0,0.0,,48.0,,,,151.0,59.71631241,,,13.6278688138681,25.963972892630284,19.891627677156887,365.0000091360982
Senegal,SEN,2007,36.2,255.3184306529065,68.0818461765574,44.1399592498468,94.0,94.0,,34.0,,,0.6,185.0,40.60185623,,,41.8847715264691,26.40517582701828,14.631626291640565,293.02918711768405
Sierra Leone,SLE,2007,0.3,335.224387290796,48.1563137689467,10.7956031143398,64.0,63.0,,24.0,,,1.6,525.0,31.90766907,,,22.9830509462115,25.94556325696133,19.627469258689,343.3207747731336
Togo,TGO,2007,1.9,312.310778357591,53.7264798079458,10.9986369472506,82.0,0.0,,24.0,,,3.0,91.0,22.34309769,0.4,0.047,38.438827079598,26.90951727421708,18.43598919930528,333.01290126042846
American Samoa,ASM,2007,,65.70540792077615,96.6823608787824,62.2382105239826,,,,,,,,5.3,,,,4.49787812387175,26.86936283855786,21.06503604634337,365.0000130903216
Bermuda,BMU,2007,,42.56892771247085,100.0,99.9645618116988,,,,,,,,4.1,,,,5.79791813343357,21.28692450682333,14.383929602809632,327.06250770379626
Cook Islands,COK,2007,,38.05066023769505,,,,0.0,,,,,,,,,,3.96233690470442,24.9021012946288,18.127313202171603,358.7177505510342
Greenland,GRL,2007,,42.56892771247085,100.0,,,,,,,,,206.0,,,,1.86286672383007,-2.784418556942695,3.531178961431146,315.73148527334024
Guam,GUM,2007,,13.4081876496947,99.4912913456311,89.4199561399073,,,,,,,,63.0,,,,3.95180286067434,27.182671002645098,21.326384679564875,364.9999960894022
Monaco,MCO,2007,100.0,42.56892771247085,100.0,100.0,99.0,99.0,,80.0,,,,0.9,7035.9453125,,,16.1309547161588,13.326887600693896,8.825744743145938,308.50001141368807
Nauru,NRU,2007,100.0,189.162359532523,98.3386213121444,65.3655742516606,99.0,0.0,,51.0,24.0,1.0,,30.0,586.8157959,,,4.65980752383846,27.45050294123686,20.95215105360224,364.999988898954
Niue,NIU,2007,,84.8520971906799,,,,99.0,,,,,,,,,,3.89928347666402,25.50416095211583,19.06377401173903,360.85591645936535
Northern Mariana Islands,MNP,2007,,25.51440747211045,97.8084255086475,95.8413867686706,,,,,,,,147.0,,,,3.65904260592114,27.115046117253705,21.117366450389927,365.0000070702392
Palau,PLW,2007,100.0,49.43346677889315,99.4010959735375,94.6464571391492,94.0,95.0,,71.0,,,,57.0,897.35339355,,,6.24104016653415,27.19026427158989,21.45568446210701,365.0000016290402
Puerto Rico,PRI,2007,,14.2363643452337,98.2456075575448,98.8809755849582,,,,,,,,4.2,,,,7.12960146910749,25.66522071013708,19.19540340307513,364.8321100285487
Saint Kitts and Nevis,KNA,2007,100.0,21.42694618109205,98.5371033374823,91.0292570690285,99.0,99.0,,77.0,,,0.4,8.6,707.96960449,,,9.24697413163898,26.388740257675515,19.70719763439183,362.7499980647839
San Marino,SMR,2007,100.0,42.56892771247085,100.0,100.0,91.0,89.0,,73.0,,,,0.0,3804.50634766,,,19.2967743916926,12.762657820858342,8.21064235734986,286.5624942819068
Tuvalu,TUV,2007,27.2,227.99255320477897,98.9624863760549,82.0929697634575,97.0,0.0,,62.0,10.0,3.3,0.3,177.0,292.23049927,,,5.81564591577735,27.320618045268947,21.25143615599039,364.5134462407563
United States Virgin Islands,VIR,2007,,32.2428451178777,98.805490635611,99.109347658541,,,,,,,,,,,,6.22762503235385,26.44706751270196,19.855343444115206,363.05043688632605
South Sudan,SSD,2007,0.1,227.683213262216,,,,,,26.0,,,2.3,,,,,24.3410322796912,27.91368582054166,14.480499748883862,306.42215013906133
Sudan,SDN,2007,23.1,211.3775504907075,48.6237396738538,22.8360801058185,84.0,0.0,,33.0,,,0.1,144.0,81.79016876,0.992,0.346,38.4494416638578,28.27381094391686,10.14790044336189,312.5282912309854
China,CHN,2008,53.2,128.55802171667352,86.9310466925724,71.9796237589,97.0,0.0,0.0,71.0,9.8,2.6,,82.0,133.83999634,1.258,1.343,51.0882384725316,15.058301483982987,10.532556760991934,285.4142730463674
Democratic People's Republic of Korea,PRK,2008,4.5,293.40638564524,97.7487538824727,76.6139843400435,92.0,0.0,0.0,74.0,,,,,,4.069,3.228,27.6956671936638,10.052468447193377,8.41761821193314,274.43530853099224
Taiwan,TWN,2008,,17.28247759630725,,,,,,,,,,,,,,24.7360931186693,22.05380364990932,15.980949185204503,353.5982980046899
Cambodia,KHM,2008,9.2,272.466327648752,63.6884209485264,31.6569911125652,91.0,0.0,0.0,41.0,39.5,9.1,0.9,509.0,48.62422562,0.835,0.241,21.7417210633615,27.440927941564016,19.85507204447281,327.6807343802008
Indonesia,IDN,2008,29.4,126.90103255393586,83.4896329573105,57.5678736084239,77.0,0.0,0.0,50.0,40.1,14.8,0.3,349.0,59.24273682,,,19.5262477219201,25.51814412207945,19.47814470325069,364.2203329901072
Lao People's Democratic Republic,LAO,2008,2.9,236.9039169089195,64.6620895988517,50.8009551119223,61.0,0.0,0.0,44.0,,,0.2,240.0,26.74945259,,,29.7818786988043,22.147069475980302,16.476793327452206,360.00302827777693
Malaysia,MYS,2008,97.2,26.84321446812445,96.894523797627,94.4451244256703,97.0,95.0,0.0,75.0,,,0.4,100.0,263.67819214,2.804,0.911,17.0460725732727,25.96291030459757,20.49866029129232,365.6989916865559
Maldives,MDV,2008,87.9,50.74663704487345,96.5912125860585,84.9631631924184,98.0,0.0,0.0,66.0,,,0.1,75.0,775.14593506,,,13.9117060832067,27.09647583400647,20.459044118736937,365.9782443038591
Myanmar,MMR,2008,6.6,265.6381075458085,60.4787323145867,67.8416392315072,85.0,0.0,0.0,45.0,,,0.9,530.0,14.70817947,0.856,0.49,36.6506508517224,24.973716553971123,17.660612449535297,317.3173897160093
Philippines,PHL,2008,40.0,167.07738271359602,89.5006950192922,69.2399098229444,87.0,0.0,0.0,62.0,32.0,6.6,0.1,524.0,75.69056702,5.023,1.232,24.338678115473,26.258985445385274,20.6948919607627,365.9023470602651
Sri Lanka,LKA,2008,20.5,125.36170939296316,85.8700345787064,83.2695498205745,98.0,0.0,0.0,65.0,,,0.1,96.0,90.00082397,1.457,0.605,26.6588419896468,26.037846409585736,19.876602451898663,360.49318598677286
Thailand,THA,2008,70.8,60.09795553487484,96.5089112924914,94.3003992134307,99.0,0.0,0.0,73.0,,,1.8,196.0,149.06762695,1.559,0.311,26.6273476038881,26.766365118044373,19.292739488752414,339.43476212084244
Timor-Leste,TLS,2008,3.2,301.3090989097285,59.6817264826487,33.5563864330636,79.0,0.0,0.0,36.0,,,0.1,779.0,43.71953964,1.068,0.037,13.7387104300238,24.675915144058468,17.612517657242112,352.7361189369296
Viet Nam,VNM,2008,41.2,200.5698056053065,87.1265536349234,65.0481671536166,93.0,0.0,0.0,63.0,30.8,9.4,0.4,246.0,64.433815,1.034,0.673,30.6944439455021,24.427976938237503,18.56517939930064,358.36024978997284
Fiji,FJI,2008,31.0,103.8348712049491,95.0125415500904,90.6391439703364,99.0,99.0,0.0,61.0,,,0.1,24.0,134.50354004,1.975,0.373,7.17058607235611,25.077816996361847,18.871775963328066,362.6804284023737
Kiribati,KIR,2008,2.2,291.61413609927047,64.9939842741725,37.1173607941238,82.0,83.0,0.0,42.0,,,,974.0,190.33927917,3.465,0.24,4.72522702624086,26.57291178508016,20.28498995833577,366.0000033522416
Marshall Islands,MHL,2008,47.0,231.21758141072303,88.3514803494463,76.5371074289025,95.0,92.0,0.0,67.0,,,,508.0,536.23034668,,,5.26440537143458,26.617205313659035,20.961415241081244,365.9999979663349
Micronesia (Federated States of),FSM,2008,11.25,235.820997482371,90.8370241185305,57.7511652313697,85.0,73.0,0.0,54.0,,,,388.0,289.50195313,2.6794,0.588,4.63841901048025,26.899867304182887,21.225260124242315,365.9999970221679
Papua New Guinea,PNG,2008,6.9,248.5276612633305,35.6210359201692,17.8830999336479,56.0,0.0,0.0,25.0,,,1.0,549.0,34.69308472,0.396,0.046,15.8919050092444,21.66319003437299,16.89968242170063,365.85812776844585
Samoa,WSM,2008,24.85,175.23593688346898,88.203619647933,92.9725367356222,39.0,32.0,0.0,57.0,,,,6.3,156.89399719,1.831,0.447,4.9611545034154,25.94883030359206,20.01731924549605,366.0000003565426
Solomon Islands,SLB,2008,8.1,289.777917614817,75.4333235805616,25.2110099133869,85.0,89.0,0.0,41.0,,,0.1,239.0,75.66864014,,0.175,9.26641524691861,26.310917620945894,20.880384865312667,365.9866420898335
Tonga,TON,2008,54.5,176.910195337949,98.7225624072798,91.0111252112613,99.0,99.0,0.0,67.0,,,,12.0,190.86582947,3.402,0.533,4.9600782418133,24.60920200295114,17.713419460079376,351.9301438643698
Vanuatu,VUT,2008,13.1,260.181845387379,86.0456045932054,53.6833095586201,73.0,0.0,0.0,45.0,25.7,5.9,0.1,127.0,81.72294617,1.675,0.115,7.80121830577217,25.600219362279528,19.2611743105682,361.9430773220939
Armenia,ARM,2008,94.3,122.06592991720504,97.5377930144249,89.8412620835162,89.0,0.0,0.0,63.0,,,0.1,108.0,261.59963989,5.106,2.695,28.3731447517631,7.953102625908828,6.219559022561038,262.0367095588857
Azerbaijan,AZE,2008,91.0,92.0473608731042,82.8965426494473,77.9427910031062,81.0,0.0,0.0,57.0,,,0.1,219.0,111.88427734,8.051,3.635,27.364914161406,13.4802093463976,9.449682715964956,316.29715275979163
Georgia,GEO,2008,60.9,132.6568943645895,95.1637450762018,80.4663116596926,92.0,0.0,0.0,68.0,,,0.1,187.0,281.84671021,4.139,4.205,20.4871155444502,9.977490296166618,7.768177567477129,316.905456447113
Kazakhstan,KAZ,2008,90.2,37.834642238704944,92.9935442795373,97.2513208704644,99.0,49.0,0.0,80.0,,,0.1,142.0,245.79397583,6.857,3.588,21.3133291700678,8.829409588631991,5.754579781358468,253.13385143500827
Kyrgyzstan,KGZ,2008,68.2,237.179812907721,85.2935211424602,94.5452869474658,95.0,0.0,0.0,71.0,,,0.1,249.0,62.77722549,5.612,1.892,22.2062658947686,9.952822607420291,5.907678711631308,243.92847399174485
Mongolia,MNG,2008,31.3,141.9825247442115,73.0207899506692,52.6658164646959,96.0,96.0,0.0,66.0,,,0.1,428.0,97.26833344,3.646,2.879,47.4781540882745,0.6637105917248182,3.725029595987365,223.65159574138056
Tajikistan,TJK,2008,63.65,280.033323493579,67.4802180746637,93.4756158486128,86.0,46.0,0.0,69.0,,,0.2,192.0,41.35135651,3.495,1.895,31.9262546311001,11.112472547698111,6.398404415328103,209.0360294324637
Turkmenistan,TKM,2008,99.9,86.78378735207835,93.5202593447869,94.7888881171857,96.0,0.0,0.0,78.0,,,,115.0,235.91514587,4.194,2.126,32.6443830611872,15.019922832604715,6.399452746631456,255.3163888750553
Uzbekistan,UZB,2008,85.4,165.6956889796645,91.1153784744922,94.5773829040307,98.0,0.0,0.0,80.0,,,,127.0,61.29156876,11.19,2.617,32.5729419005618,14.369670352768564,6.78443626255875,236.63894019384483
Albania,ALB,2008,60.6,112.15880784509784,90.4761525015769,94.075815843771,99.0,0.0,0.0,56.0,,,0.1,16.0,237.10340881,,,20.3843605591518,13.255334916439416,8.803717276842429,298.246386212506
Bosnia and Herzegovina,BIH,2008,46.3,98.11585159266426,96.6605523174734,95.1844586275953,91.0,83.0,0.0,58.0,,,,73.0,459.29174805,4.936,1.59,31.0337318736681,11.655133026601977,8.049754218607694,302.73509436107685
Bulgaria,BGR,2008,,51.4142739006565,99.5168989901261,85.9105606214377,95.0,0.0,0.0,66.0,,,0.1,66.0,455.54058838,4.731,3.643,27.9437166948825,12.228799678191418,8.079774679291415,279.8139459329457
Croatia,HRV,2008,100.0,22.382211631557706,99.3965737483077,96.9856368305825,96.0,96.0,0.0,73.0,,,0.1,31.0,1258.09594727,5.733,2.735,20.6802048394573,13.124737726152365,8.708751328704905,297.3613399495385
Czechia,CZE,2008,100.0,14.3608037204965,98.2381464447503,99.0513031802799,99.0,99.0,0.0,81.0,,,,10.0,1449.33679199,8.39,3.558,18.1781461998214,9.504799603170415,7.245576907101923,326.2683441154253
Hungary,HUN,2008,100.0,19.79853248085875,96.3873549222455,98.0162854643745,99.0,99.0,0.0,76.0,,,,20.0,1117.20227051,6.333,3.097,19.2682506884038,11.837680463929043,7.913001418856875,286.50327913690484
North Macedonia,MKD,2008,65.45,78.0951830161913,97.1016356457898,90.966962665795,95.0,13.0,0.0,60.0,,,0.1,37.0,313.61117554,4.0,2.59,28.571863871672,11.81084957408208,7.060949382275862,251.9692150741812
Montenegro,MNE,2008,64.2,59.95712646399575,95.7432123993098,91.7158378297671,95.0,93.0,0.0,67.0,,,0.1,33.0,,5.45,2.073,24.2122354688606,11.56944928055522,8.159612755299113,301.9845304918098
Poland,POL,2008,100.0,28.0292792358481,98.2292078050967,92.9266483730048,99.0,98.0,0.0,74.0,,,,27.0,892.59698486,5.795,2.169,23.0297386804377,9.475496137259368,7.321373113676636,324.8522353221685
Romania,ROU,2008,100.0,42.11951613448895,100.0,77.0497373536879,96.0,0.0,0.0,69.0,,,0.1,148.0,521.31561279,5.984,2.426,20.4340407380872,10.434620549862128,7.4895407505397715,298.5682302680173
Serbia,SRB,2008,65.3,65.27595785411205,90.7220873327348,96.1735822880127,95.0,98.0,0.0,58.0,,,0.1,59.0,671.88702393,6.116,2.943,24.4520975228473,12.569239167663882,7.956813616445975,269.1007628143413
Slovakia,SVK,2008,100.0,20.30430433127265,97.9573332015085,98.6983446411072,99.0,99.0,0.0,77.0,,,0.1,15.0,1251.67724609,6.607,3.369,20.0418943478494,10.394646659297036,7.545254807196533,311.9954704700461
Slovenia,SVN,2008,100.0,13.53987912503375,99.6493562868679,99.0049394767669,97.0,97.0,0.0,80.0,,,0.1,14.0,2179.45239258,7.905,2.397,18.2266410326208,11.164047792507072,8.305515003670981,335.52286163848527
Belarus,BLR,2008,98.2,54.62003512358915,98.2423602894853,94.1325479318341,97.0,6.0,0.0,74.0,,,,88.0,348.92633057,10.29,3.578,17.7068938240259,8.04686607168838,6.980866213412066,326.90539307797525
Estonia,EST,2008,100.0,17.60934176964745,98.6250163424299,99.4003505685032,95.0,95.0,0.0,73.0,,,0.7,47.0,1082.15478516,6.715,3.342,9.88438843592832,7.192341486741109,6.730823552132904,333.074133763897
Latvia,LVA,2008,100.0,27.1791060115224,98.2004790709608,89.8611624895794,94.0,94.0,0.0,72.0,,,0.5,86.0,913.52148438,5.769,3.233,20.1549822880212,7.919863940422418,6.8794315489262186,332.499047575032
Lithuania,LTU,2008,100.0,25.0703343085686,93.3530575915625,88.1277954949637,96.0,96.0,0.0,70.0,,,0.1,122.0,936.50933838,7.758,3.881,17.2793132508456,8.204421489974884,6.999282942948447,331.4752961511457
Republic of Moldova,MDA,2008,88.6,176.405137457041,85.9389111690626,75.742452878246,90.0,0.0,0.0,68.0,,,0.8,119.0,185.56115723,6.117,2.623,18.5836555210702,11.221917228552291,7.58394154885289,271.54173981929915
Russian Federation,RUS,2008,100.0,26.53889339246385,96.5208597996727,82.8056855793495,98.0,0.0,0.0,73.0,,,,90.0,606.77508545,7.057,4.894,15.226254531073,5.947365641666752,6.305102978396303,307.26232788008093
Ukraine,UKR,2008,94.1,95.81488058110928,95.8796583793092,95.6776417950995,90.0,81.0,0.0,76.0,,,,162.0,212.75292969,6.515,3.074,19.4177203091569,9.64911884762657,7.320984769646178,303.52339336719314
Brunei Darussalam,BRN,2008,100.0,42.56892771247085,99.7414765305361,82.4479297878079,98.0,98.0,0.0,77.0,,,,92.0,792.01367188,5.138,1.493,9.38968997139907,26.41914044537902,21.18795603117051,366.00000100321097
Japan,JPN,2008,100.0,21.94311647382185,98.659309501137,99.9796139281177,98.0,0.0,0.0,80.0,,,,25.0,3223.29101563,9.769,2.146,14.5437576728835,14.78384851630038,10.336293718904528,305.22829607049886
Republic of Korea,KOR,2008,100.0,13.4492705024055,98.9084790994141,99.9913543263754,94.0,0.0,0.0,81.0,,0.7,,90.0,1186.375,4.413,1.872,24.5608245044855,13.108229422551563,9.312530806560469,272.46853114105687
Singapore,SGP,2008,100.0,42.56892771247085,100.0,100.0,97.0,0.0,0.0,87.0,,,0.1,45.0,1286.91345215,5.037,1.631,17.0000578343706,26.798657025621043,21.073934387127736,365.9999973092321
Australia,AUS,2008,100.0,42.56892771247085,99.8425531204552,99.9948107852374,92.0,94.0,91.0,87.0,,,0.1,6.9,4083.42944336,10.24,3.0,6.04759283236165,16.611103834226725,10.080664587603977,302.42596683095854
New Zealand,NZL,2008,100.0,14.03935819419505,100.0,100.0,89.0,86.0,0.0,86.0,,,0.1,8.6,2708.65625,10.32,2.463,7.00475628327003,13.68055281076636,9.387823153996386,357.69672378999707
Andorra,AND,2008,100.0,42.56892771247085,100.0,100.0,99.0,98.0,0.0,72.0,,,,4.8,2790.11254883,,,11.4625201603076,8.028830211420102,6.547637534800985,324.2760206488111
Austria,AUT,2008,100.0,42.56892771247085,99.9999991552281,99.9893276003394,83.0,83.0,0.0,79.0,,,,12.0,5080.83740234,6.577,4.627,15.133268975474,9.337391649981802,7.328032825068694,335.67377003263283
Belgium,BEL,2008,100.0,33.68544731881485,99.9999989331379,99.4859416700664,99.0,98.0,0.0,84.0,,,0.2,11.0,4656.04150391,9.818,2.921,17.4576536925752,10.433643027304305,7.972454238936951,348.2269227605079
Cyprus,CYP,2008,100.0,13.42741047825615,99.8427359254953,99.5806869469341,97.0,90.0,0.0,69.0,,,,6.7,2155.24658203,3.271,2.007,21.0549511872251,20.36152633249609,11.736458753179352,268.29409757949713
Denmark,DNK,2008,100.0,42.56892771247085,99.9999973602883,99.5972323943496,88.0,88.0,0.0,78.0,,,0.1,8.0,6117.69677734,10.92,3.579,10.9236991970694,9.521966269896566,7.519581943341335,345.44120770172043
Finland,FIN,2008,100.0,35.14482998031335,99.9999979690853,99.4481136953925,99.0,98.0,0.0,81.0,,,,7.5,4486.33789063,10.27,3.742,7.25397826755957,5.7097506969475065,6.165435130047503,333.958305407782
France,FRA,2008,100.0,23.5894061731828,99.9999991289051,98.6569940968678,99.0,97.0,0.0,79.0,,,0.3,10.0,4807.37451172,8.164,3.385,14.5403484359196,12.077308395853674,8.64699431184968,339.1881718273388
Germany,DEU,2008,100.0,32.9521367860291,100.0,99.2229706553604,96.0,94.0,68.0,83.0,,,,5.6,4647.31005859,9.949,3.584,14.516990459458,9.85331055490499,7.48330375542409,331.99560357870973
Greece,GRC,2008,100.0,13.3887086334319,99.8899457131774,98.444518449364,99.0,83.0,0.0,71.0,,,0.1,7.3,2840.50854492,3.501,5.71,20.2914559512345,16.79236963199065,9.852596756460052,263.1249824976679
Iceland,ISL,2008,100.0,42.56892771247085,100.0,98.7870790817422,98.0,98.0,0.0,84.0,,,0.1,1.9,4749.68408203,15.67,3.641,4.84753342177326,4.340705278867678,5.489133350294952,360.8018678309579
Ireland,IRL,2008,100.0,42.56892771247085,96.8025424077574,89.9138931088148,93.0,93.0,0.0,77.0,,,0.1,13.0,5638.77929688,13.56,3.952,9.2722036576923,9.851496397179156,7.954675660728902,365.5912912949179
Israel,ISR,2008,100.0,13.3730832795472,99.9999990692997,99.9999990692997,94.0,94.0,0.0,79.0,,,,5.9,2126.11132813,5.258,3.52,20.6508421474899,20.86481277305609,13.267073884991046,302.1250093911432
Italy,ITA,2008,100.0,24.74752570417775,99.7627592709386,99.8857542871757,96.0,96.0,60.0,79.0,,,0.3,8.9,3483.39086914,5.47,3.74,20.4766920553459,14.472086385757809,9.60135620815867,312.9896180735257
Luxembourg,LUX,2008,100.0,42.56892771247085,99.9999980028988,97.6508653485568,99.0,99.0,86.0,79.0,,,0.2,7.6,7578.74951172,11.44,2.716,15.2174744690438,9.649879683553854,7.630199388528393,341.35307610308104
Malta,MLT,2008,100.0,14.5419703579973,99.9999999672221,99.9483390179808,72.0,72.0,0.0,77.0,,,0.1,11.0,1759.8626709,6.642,3.279,14.85511803191,19.652186895666603,13.134830865462945,343.11016279688573
Netherlands,NLD,2008,100.0,42.56892771247085,100.0,97.8497502030324,97.0,97.0,0.0,80.0,,,0.2,6.7,5382.44580078,8.478,2.844,15.746646942208,10.58810236214654,8.082987397822457,349.05004399082
Norway,NOR,2008,100.0,42.56892771247085,99.9999977163504,98.0644197562201,94.0,94.0,86.0,82.0,,,0.1,7.5,7768.05029297,16.1,3.955,7.54082686195378,6.484048418739563,6.062302545525767,326.98906486894253
Portugal,PRT,2008,100.0,13.86655592825285,99.1647380215386,98.5442996404821,97.0,97.0,0.0,83.0,,,0.6,33.0,2391.98120117,5.368,3.752,10.3530331186366,14.90446158046112,9.756234049310244,327.8897081630763
Spain,ESP,2008,100.0,15.02600716171835,100.0,99.8630455498867,97.0,97.0,0.0,77.0,,,0.4,22.0,3019.7578125,4.949,3.523,13.110078684933,15.229023071857274,9.193591430498657,299.8827984772964
Sweden,SWE,2008,100.0,42.56892771247085,99.5824390950452,99.0922716215488,98.0,98.0,60.0,78.0,,,0.1,7.2,4609.91845703,11.52,3.681,7.62351348002006,7.478247094383391,6.685282452488766,334.03985004755015
Switzerland,CHE,2008,100.0,42.56892771247085,99.9999971629862,99.8810918351395,95.0,95.0,13.0,83.0,,,0.2,7.6,7075.70751953,13.89,3.82,14.0318147947826,9.0710268520508,7.295910665805819,333.1309175684963
United Kingdom,GBR,2008,100.0,25.79995326788335,100.0,99.120754731585,92.0,92.0,0.0,83.0,2.1,0.6,,15.0,4280.36083984,9.123,2.559,11.9857659830594,9.950943552572978,7.875765035129131,364.9313418464912
Argentina,ARG,2008,98.8,34.34496938322215,98.0428748675662,91.3897117135692,93.0,93.0,0.0,78.0,,,0.4,31.0,745.40356445,,,15.8984989433497,17.01476841952287,9.956378709241998,262.0338329427896
Chile,CHL,2008,100.0,30.3259435868149,97.3561722018665,95.8876613172274,95.0,95.0,0.0,71.0,2.0,0.3,0.3,20.0,719.07501221,,1.031,21.8197503569535,13.324223579719463,8.126507995904943,271.31163460021463
Uruguay,URY,2008,100.0,44.7249625457528,98.0813881282661,94.5937831802879,94.0,94.0,0.0,77.0,,,,29.0,811.7020874,5.934,3.996,13.0274665522242,17.556766955102045,11.079874793323487,307.69855701889577
Canada,CAN,2008,100.0,42.56892771247085,99.3013182064874,99.6782742849719,92.0,92.0,42.0,87.0,,,0.2,5.9,4454.11621094,9.123,1.959,7.68853022085733,6.437336201695858,6.592330274700924,319.5598610171798
United States of America,USA,2008,100.0,42.56892771247085,98.9173671062071,99.8705039493181,96.0,91.0,93.0,83.0,2.3,0.6,,5.2,7364.93847656,10.73,,10.3399672229591,13.980250591598962,8.75842871861381,263.5679308200372
Antigua and Barbuda,ATG,2008,100.0,15.49379181513655,98.0000819253765,90.9512112125374,99.0,97.0,0.0,77.0,,,0.7,1.2,694.03344727,,0.543,9.17230005828257,25.94247548613947,19.116957985493773,362.4556830462596
Bahamas,BHS,2008,100.0,19.8312206778343,98.5370829284212,92.9456547701693,93.0,94.0,0.0,80.0,,,1.8,20.0,1429.23681641,3.884,2.645,5.61740354863552,24.93704665003835,17.674294474936897,344.80893548074647
Barbados,BRB,2008,100.0,27.1088923488984,98.449112994716,92.7511266173943,85.0,85.0,0.0,79.0,,,1.2,1.1,1136.53637695,,,11.6203541774759,26.303061355085216,19.597458904894232,366.0000089221657
Belize,BLZ,2008,83.3,78.7811728477201,91.3905513616233,83.9821223616587,94.0,94.0,0.0,66.0,,,1.5,50.0,257.84707642,,,16.7426083718369,25.294839707271542,19.25759822599216,363.20882216889567
Cuba,CUB,2008,84.6,161.166034940026,92.8453176917664,84.5686588894511,95.0,97.0,0.0,80.0,,,0.3,10.0,609.27282715,,6.602,9.96143682790023,25.468255870609777,17.969904539916023,354.8401555190743
Dominica,DMA,2008,86.9,89.1914834022528,95.2288638936291,74.0880202557328,96.0,96.0,0.0,71.0,,,0.4,19.0,336.0015564,,,11.7559749743731,25.72472518677743,19.20772551945157,365.8939874963196
Dominican Republic,DOM,2008,87.0,78.06251462842664,94.0226829898878,81.3729094599305,82.0,79.0,0.0,71.0,,,1.2,75.0,229.29747009,,1.085,12.7706144634482,24.491338412271634,17.784407173509674,361.0146968838713
Grenada,GRD,2008,93.0,66.65158210863055,95.1661575658695,92.6366441558442,99.0,99.0,0.0,76.0,,,,4.5,401.15072632,,,11.3996024262635,26.38885927706378,19.92347203107749,365.9999870284376
Guyana,GUY,2008,100.0,105.00478600287995,91.5138620553584,82.1591535902208,93.0,93.0,0.0,63.0,,,1.3,143.0,138.70043945,,,17.7590749538008,25.93753434746341,20.47384487144972,365.8252274920339
Haiti,HTI,2008,3.5,271.658080969855,62.2174731426429,23.9682677015387,64.0,0.0,0.0,37.0,,,1.9,456.0,40.445961,,,14.5435652953015,25.427753759237344,18.63158899173829,363.9760307684398
Jamaica,JAM,2008,84.6,99.5984499680698,92.7426284619668,83.180409388657,90.0,91.0,0.0,65.0,6.9,2.5,1.5,6.6,334.75042725,1.075,0.405,19.675968370737,25.722071187791432,19.31797400746272,365.9999979871611
Saint Lucia,LCA,2008,94.7,61.30027963209725,92.5376090518589,84.0663414681814,96.0,96.0,0.0,69.0,,,0.3,12.0,430.23074341,,,11.2262674913732,26.281700861841973,19.42391301104593,365.76511455139286
Saint Vincent and the Grenadines,VCT,2008,95.7,70.58644835863335,96.7215983096393,79.5483293300492,99.0,99.0,0.0,71.0,,,1.0,11.0,256.13983154,,,11.2625970255889,26.33246187543209,19.699054714426,365.9999831319506
Suriname,SUR,2008,85.4,58.78464525034831,92.6609808211452,81.8573477450076,85.0,84.0,0.0,70.0,,,1.5,34.0,334.24771118,,,17.6279675516891,26.19030617194618,20.348654434057785,365.326286141186
Trinidad and Tobago,TTO,2008,100.0,14.1123117697911,97.3103838303241,94.3904280017838,90.0,90.0,0.0,73.0,,,,31.0,751.54608154,,,14.6400290113956,26.206216424595382,20.03851901089337,365.99999944352544
Bolivia (Plurinational State of),BOL,2008,73.2,178.740885276998,85.8158829165859,45.0792272443347,88.0,88.0,0.0,47.0,27.1,1.4,0.3,235.0,77.9777298,,,30.3483264008865,14.731699573328791,9.64441344151306,303.78140612771125
Ecuador,ECU,2008,93.1,95.56331764413368,88.1005318614763,78.663760639549,96.0,95.0,0.0,70.0,,,0.4,56.0,231.62229919,,1.096,19.1306658675447,19.00478839473428,14.584521826912534,365.0149074848564
Peru,PER,2008,62.2,106.6812579419266,86.1388730860252,70.0979718244948,93.0,93.0,0.0,67.0,,,0.3,182.0,191.42611694,,,27.6546505016066,15.99902358674618,11.361850844969632,338.5961087902213
Colombia,COL,2008,83.7,77.9422075573833,93.314014699102,82.5414361223495,92.0,92.0,0.0,73.0,,,0.5,43.0,379.16812134,0.802,1.563,19.0054950036162,20.029091172136667,15.005279768944945,360.3368135553298
Costa Rica,CRI,2008,91.7,59.30074276200675,97.4773794147113,95.4049708043013,90.0,87.0,0.0,80.0,5.6,0.7,0.3,16.0,518.1114502,1.671,2.169,18.8044938426957,21.63098479338033,16.379339367039712,361.99815704136455
El Salvador,SLV,2008,73.1,147.17352616168552,82.7117169093002,82.8897095830639,98.0,98.0,0.0,73.0,20.8,1.6,0.6,43.0,253.45413208,,1.914,29.2333664186625,25.266948527432408,16.695739915884094,276.8409179873592
Guatemala,GTM,2008,36.7,132.519271493267,89.5375290731545,64.6483174313352,95.0,95.0,0.0,58.0,,,0.3,26.0,175.67254639,,,28.167680837005,20.135653918845176,13.527049542047097,336.2369902258777
Honduras,HND,2008,40.8,205.51602525078448,89.4848766199091,72.5764555085287,93.0,92.0,0.0,57.0,,,0.5,67.0,149.05706787,,,30.6868037783563,23.46062272166161,16.169421130902993,315.1052534050041
Mexico,MEX,2008,85.0,32.49881614944355,95.2791786706115,84.5778681369926,96.0,96.0,14.0,69.0,,,0.3,28.0,573.11114502,2.316,1.957,17.3102933965365,19.367787215065228,10.968995317840776,277.2161533209149
Nicaragua,NIC,2008,42.1,203.6304205438675,,,97.0,,,65.0,,,,76.0,109.20231628,1.313,0.659,21.7927408124447,25.76032706441092,17.807813742900393,299.3317071136842
Panama,PAN,2008,100.0,50.41935326005781,91.6329440597259,70.8121135731026,86.0,86.0,0.0,73.0,19.0,1.2,0.9,71.0,506.78494263,,1.387,15.213541235427,25.22519760707756,19.65646730241808,364.6230765876746
Venezuela (Bolivarian Republic of),VEN,2008,97.0,43.80790661575,95.8109390288342,90.7614962066235,50.0,51.0,0.0,68.0,14.6,4.5,0.6,37.0,,,,21.2166193012714,25.02156150696521,18.04785818456698,341.78542133712654
Brazil,BRA,2008,93.1,55.41379825676791,95.9378940948521,80.0780747503367,99.0,99.0,0.0,76.0,,,0.3,44.0,713.67193604,,,15.4639103946941,22.825955164775976,15.549473938770788,326.69146150108986
Paraguay,PRY,2008,54.2,102.79382887423488,86.2343916183711,80.0433396656403,89.0,87.0,0.0,69.0,,,0.3,67.0,220.90351868,,,17.4839434218426,22.2203879304896,14.078659059262336,295.4150977030269
Algeria,DZA,2008,99.0,52.838824725284354,90.3361987493803,86.5335634120034,93.0,93.0,0.0,69.0,,,0.1,95.0,206.37207031,,,17.4674239669476,17.669625439518008,9.512137910858172,289.1819887038722
Bahrain,BHR,2008,100.0,42.56892771247085,99.9431588486962,99.9715452091516,97.0,97.0,14.0,75.0,,,0.1,44.0,734.99511719,2.548,0.984,58.0363788009494,26.11824332908565,16.168059839578177,262.6807153492816
Egypt,EGY,2008,98.4,100.5837155428684,98.4275413352809,93.6821208332209,97.0,0.0,0.0,75.0,30.7,7.9,0.1,16.0,90.15769958,,,40.9756017153782,22.66168359130917,10.713664724161752,203.13003775453453
Iran (Islamic Republic of),IRN,2008,96.4,34.92472029242845,95.7014734925872,83.8869750183033,99.0,0.0,0.0,72.0,,,,28.0,288.85775757,,,42.1040274366973,15.637782855530345,5.867379447612881,288.8247311470858
Iraq,IRQ,2008,92.7,84.89034460406995,87.9576753839558,79.5141852850981,69.0,0.0,0.0,64.0,,,0.1,48.0,139.28845215,,,53.0055491115129,24.066212487654347,6.505513740817143,295.3165639657726
Jordan,JOR,2008,99.9,91.9966796563612,98.7270120484555,98.09501501556,97.0,97.0,0.0,75.0,,,0.1,7.6,275.17532349,2.773,2.085,29.5833642827365,19.493427294600497,9.21709314195162,188.12627884929307
Kuwait,KWT,2008,100.0,42.56892771247085,100.0,100.0,99.0,99.0,99.0,80.0,5.1,2.3,0.1,44.0,1069.46472168,4.684,1.884,61.8510909578466,26.262004747803967,8.667195054036384,268.5232722575048
Lebanon,LBN,2008,,61.62016656742711,87.9816486553791,84.7787993972656,81.0,81.0,0.0,65.0,,,0.1,17.0,462.17767334,,,25.6947828243097,18.91543967760874,11.943085018069755,297.72720782678044
Libya,LBY,2008,,13.946736657226449,93.0792486754992,90.209415357377,98.0,98.0,0.0,68.0,,,0.1,57.0,312.11196899,5.371,1.79,24.5041949114934,20.967098408242844,10.721228370743306,267.4708357813495
Morocco,MAR,2008,95.7,142.253291475686,72.9256075527307,76.0270465893793,99.0,99.0,0.0,61.0,,,0.1,96.0,153.23677063,,,19.5978316103739,17.80686759108055,10.030055809444558,291.2243034062246
Palestine,PSE,2008,,207.064832641862,96.2724627426521,92.8715067384258,96.0,96.0,0.0,67.0,,,,1.8,200.96418762,,,21.25289479107,20.558410508633425,12.091372774465398,270.1944114359025
Oman,OMN,2008,100.0,42.56892771247085,87.1393591808879,94.6847837073689,99.0,99.0,0.0,74.0,,,0.1,21.0,466.60375977,4.277,1.978,46.8065241755625,27.27460022946336,13.488657573697468,272.5896980419856
Qatar,QAT,2008,100.0,42.56892771247085,99.9029247892536,99.9365487381809,97.0,97.0,0.0,81.0,,,0.1,71.0,1292.60046387,5.907,3.231,96.8904387283982,27.370743854853654,14.40144338192102,234.3149223602605
Saudi Arabia,SAU,2008,100.0,42.56892771247085,99.06590853272,,98.0,98.0,0.0,80.0,,,0.1,19.0,663.14331055,4.35,1.971,69.9360488012175,26.471731965976744,9.119673956489397,279.40626524040385
Syrian Arab Republic,SYR,2008,98.6,144.008849955959,92.7100619487553,90.4260958959399,81.0,79.0,0.0,69.0,,,0.1,34.0,82.92500305,1.76,1.419,32.1847743507929,17.68877275278265,8.087758204336604,221.5823386939697
Tunisia,TUN,2008,98.9,80.56332355401605,89.8868255561027,84.6908993579876,99.0,0.0,0.0,67.0,,,0.1,39.0,230.50152588,2.149,1.094,19.5661639814743,19.440363439937165,11.182531235596455,274.9627404798262
Türkiye,TUR,2008,93.8,35.08425233799255,93.9967938201436,91.9302207848415,96.0,96.0,0.0,69.0,12.5,1.0,,40.0,561.73529053,2.062,1.581,25.8316790992018,14.09890557534334,8.100587597060528,280.03548122012523
United Arab Emirates,ARE,2008,100.0,42.56892771247085,99.7654123439436,99.1308669416224,92.0,92.0,0.0,72.0,,,0.1,2.6,1465.82446289,3.17,1.845,56.2632916050896,27.588888292124228,14.350098038797084,225.4666480404335
Yemen,YEM,2008,59.0,205.64298288035752,48.6422261965066,49.4478001068261,78.0,75.0,0.0,44.0,,,0.1,45.0,61.74676514,,0.275,41.6552682993022,23.54428137558373,11.650954093904476,249.65162828365143
Afghanistan,AFG,2008,16.7,325.8048128445085,44.6537922388598,32.2737202067488,64.0,0.0,0.0,36.0,,,0.1,235.0,39.88624954,0.52,0.183,36.8522632095061,13.20981423581163,5.527183189952436,253.95100591511203
Bangladesh,BGD,2008,11.0,273.6455628846236,96.0698868772065,36.8575848438424,96.0,0.0,0.0,34.0,,,0.1,221.0,15.5619669,0.157,0.33,65.2040972325802,25.44121643833519,18.877329297343348,350.3432422849179
Bhutan,BTN,2008,58.6,153.4653139849445,90.9340269726951,59.0952861405735,96.0,0.0,0.0,53.0,34.9,4.5,0.1,393.0,57.59343338,0.97,0.249,31.8194883014994,20.426476789886785,14.661417723768444,342.4742640315103
India,IND,2008,31.9,222.0231317949995,84.9473094624581,36.7829765979312,70.0,0.0,0.0,49.0,,,,291.0,37.65440369,0.804,,51.2664820637014,25.418127136763644,15.774313280888338,277.69383227881104
Nepal,NPL,2008,18.6,293.8944118887835,84.5508362701857,35.8273714281674,82.0,0.0,0.0,34.0,,,0.3,329.0,18.86374855,,,54.4899220808595,22.00401669572359,14.843695487328906,301.9574169815892
Pakistan,PAK,2008,33.2,203.9666641056965,88.4820319386941,45.5276108650431,53.0,0.0,0.0,41.0,,,0.1,276.0,24.34272766,0.48,0.707,52.6632557320634,23.640723583850008,13.3014224217547,223.4990071481372
Angola,AGO,2008,43.9,167.3833086787945,47.9390179800655,40.5073529931406,45.0,45.0,0.0,38.0,,,1.7,499.0,136.34094238,,,21.3846279674151,22.143529058585504,13.603074182624152,323.81912411600695
Central African Republic,CAF,2008,0.5,343.72288759719004,49.801462843986,18.7110288344225,45.0,0.0,0.0,30.0,,,5.2,579.0,18.02888489,0.183,0.0405,36.5976726486443,25.430669002070644,16.65311602851379,328.6032834113892
Congo,COG,2008,14.5,181.85828162942448,64.3791200953514,15.0320398597223,80.0,0.0,0.0,32.0,,,3.5,448.0,63.41820908,,,34.5320913680561,24.76578745280789,18.996749818504863,364.99083559481966
Democratic Republic of the Congo,COD,2008,2.7,366.64347836785896,37.0934309203905,20.2769257473546,68.0,0.0,0.0,30.0,,,1.4,521.0,15.36659527,,,36.529901836821,23.90623328906118,16.532685904143893,337.948689047718
Equatorial Guinea,GNQ,2008,21.9,13.424054716325902,58.1837958068374,62.1777142751886,50.0,0.0,0.0,35.0,,,,275.0,225.50572205,,,36.0056727949511,24.36236951342565,19.153099066889897,365.9998141398001
Gabon,GAB,2008,77.6,37.37207974679061,83.7295160274396,36.4153101145998,82.0,0.0,0.0,54.0,,,4.4,426.0,275.89450073,,0.0968,27.8985134691197,24.976333858084427,19.33985040818269,365.8249769146316
Burundi,BDI,2008,0.2,359.8122035005015,55.6098997229937,45.6767816936833,92.0,92.0,0.0,38.0,,,1.8,168.0,14.67025566,,,40.2516379755166,20.30253713026844,11.77401130014029,264.7244531727224
Comoros,COM,2008,2.3,270.108248471557,86.7879033627296,36.6778613088967,81.0,0.0,0.0,41.0,,,0.1,44.0,73.75498962,,,11.8467769381839,25.50562161636617,18.996325714764566,365.9917352984511
Djibouti,DJI,2008,5.6,242.679839266326,76.0409140930528,49.9792625492526,89.0,89.0,0.0,40.0,,,2.8,1390.0,55.90976715,,,37.7478889607518,27.99312909052124,16.25420409158884,281.70467278066565
Eritrea,ERI,2008,7.3,312.6082399786405,49.6487034568778,10.8337740406528,95.0,95.0,0.0,36.0,,,1.2,312.0,21.55065727,,0.045,30.1959264896041,23.94131052854513,10.868236155865484,229.254502958966
Ethiopia,ETH,2008,1.7,353.7143762820575,30.9869711535733,5.196915075959,54.0,52.0,0.0,19.0,,,1.5,305.0,13.03863621,0.196,0.024,23.3535997886864,19.458829967581284,9.501581627950705,255.32996155712723
Kenya,KEN,2008,5.8,262.91395200196,52.2521176288935,29.3565994040011,88.0,88.0,0.0,44.0,35.5,6.9,5.8,564.0,54.35681915,0.359,0.169,20.9604398892789,20.92982766694513,12.2880272139582,277.5055991371433
Madagascar,MDG,2008,1.0,309.2733109700245,42.5424880385146,7.58477414006482,77.0,52.0,0.0,25.0,,,0.2,236.0,20.91898537,0.269,0.178,15.2119202125381,20.92337231607815,14.013164798419016,323.08126402966985
Malawi,MWI,2008,2.3,330.1066588366515,60.4845500797973,18.4488656297589,91.0,91.0,0.0,38.0,,,11.1,371.0,32.73482132,0.279,0.018,21.4221534324106,21.2644265788949,12.866044904961562,275.10259247568285
Mauritius,MUS,2008,97.2,39.5771942166336,99.5434873367577,92.7851254425672,99.0,99.0,0.0,70.0,,,,17.0,312.88540649,2.668,1.138,16.9347347202264,23.866714178787703,16.94131554150367,365.1188993607563
Mozambique,MOZ,2008,2.7,340.3976329317395,35.2815210331491,18.8175728896395,75.0,0.0,0.0,33.0,43.5,4.2,11.6,351.0,24.48562622,0.396,,17.9375084703448,23.170969870741164,14.55704927030393,291.3031708523101
Rwanda,RWA,2008,0.2,328.485472938208,52.431851071574,57.0587484402126,97.0,97.0,0.0,36.0,,,3.8,99.0,39.94568634,0.668,0.052,39.841371809139,18.878620316581085,11.401287703368862,301.7973009471968
Seychelles,SYC,2008,100.0,24.96865430872615,94.9533815169701,97.0710547188765,99.0,0.0,0.0,66.0,,,,6.5,367.36502075,4.4,0.757,10.2030988103379,26.17746692337524,20.18417927061576,365.9999936572211
Somalia,SOM,2008,0.8,386.792615406876,37.9760688340822,26.8675518309153,31.0,0.0,0.0,19.0,,,0.2,261.0,,,,18.5270606616115,26.80982192703089,15.734342684005036,242.45951357061608
United Republic of Tanzania,TZA,2008,1.1,298.6701376190815,39.9290568171928,14.1197491698762,86.0,0.0,0.0,32.0,,,4.7,474.0,36.26182556,,,24.0769199631826,22.59873265738016,13.869820022387856,276.4447818101726
Uganda,UGA,2008,0.8,298.5916984008175,37.2887308722368,17.8367866196346,71.0,71.0,0.0,36.0,,,7.2,217.0,40.04308701,,,32.2312691228108,21.99774774273293,14.123019511227858,327.0869258289892
Zambia,ZMB,2008,16.2,266.025414153293,55.7790386634547,26.7137426857946,87.0,87.0,0.0,45.0,,,11.7,534.0,61.82287216,0.698,0.061,23.8089370970029,21.056243452366747,11.178035089465912,248.89177127237733
Botswana,BWA,2008,55.9,51.7208039233196,80.2083565652811,61.1111581446206,96.0,0.0,0.0,54.0,,,23.4,676.0,324.54284668,2.88,0.367,16.6856331404934,20.505368711227444,9.409027475907855,210.66291810927825
Lesotho,LSO,2008,28.2,278.6689901806145,68.9266715175082,26.1239917400803,88.0,0.0,0.0,42.0,,,24.2,1240.0,69.06710052,,,29.4913283275801,12.723381881023348,6.779191665662225,250.1614657693576
Namibia,NAM,2008,39.4,107.00317629240983,79.9311134554851,31.7185868742759,83.0,0.0,0.0,57.0,,,13.2,1060.0,443.17068481,,,18.6529897039148,21.333491558833312,8.003796544128798,298.6580119627051
South Africa,ZAF,2008,73.9,59.9437547304711,89.895824706748,66.6513463502515,82.0,80.0,0.0,61.0,25.0,5.4,16.8,1270.0,442.10626221,0.855,0.679,27.9743331767888,17.779688923252365,9.690261435838377,266.3422394583298
Eswatini,SWZ,2008,35.9,115.2269450949999,61.0508081483967,54.7111665894608,88.0,0.0,0.0,64.0,40.4,1.1,27.5,1390.0,265.72091675,,,18.4763947868138,19.81217079697857,11.971082131327112,305.2380112524962
Zimbabwe,ZWE,2008,31.1,285.65932701637746,67.8681221478377,42.3891736287953,75.0,75.0,0.0,39.0,,,17.1,487.0,,,0.0596,19.5970488193935,20.39232264693066,10.356022598466213,216.8107003611725
Benin,BEN,2008,3.8,275.4233930010985,64.0987736405784,12.3390077692944,75.0,75.0,0.0,30.0,37.4,5.1,1.1,83.0,28.12486076,0.773,0.059,42.7769078552175,26.9760232002439,18.40138549406028,334.03346968694166
Burkina Faso,BFA,2008,5.0,316.447277386063,54.1709291046909,15.8385590424802,93.0,93.0,0.0,24.0,,,1.1,79.0,30.76880074,0.357,0.031,46.7498289727153,28.189291270189013,12.34669974937882,308.8373278933321
Cameroon,CMR,2008,17.5,247.599444154343,62.0739139861275,40.2734502147764,84.0,0.0,0.0,34.0,,,5.1,280.0,54.58909225,,,55.2798972972898,25.11291753452207,14.946985749030311,334.657939020182
Cabo Verde,CPV,2008,67.9,162.6898313464385,82.3386902741848,55.2521980462488,99.0,0.0,0.0,57.0,,,0.7,121.0,127.79390717,,,20.1168481626163,23.489206714656675,16.828326668093943,365.7152447074727
Chad,TCD,2008,2.4,304.006587429079,43.3598104531509,10.3615175647599,19.0,17.0,0.0,19.0,,,1.8,150.0,36.89921951,,,45.1160565424228,27.44430098798334,11.186192854698804,309.11360259781674
Côte d'Ivoire,CIV,2008,17.2,235.33493286225848,71.8031717766337,26.0389018909406,74.0,0.0,0.0,31.0,,,4.0,217.0,64.67678833,0.429,0.128,26.3574457147366,26.18785131117217,18.901943778311423,345.5340426097433
Gambia,GMB,2008,2.9,269.4025085686605,77.2629006181607,46.3744960730948,96.0,97.0,0.0,50.0,,,2.0,183.0,40.0297699,0.776,0.096,39.2886968370381,27.2999024624947,16.038406640337165,282.7807853165233
Ghana,GHA,2008,12.9,225.663560961943,73.4152138090769,12.7707576406742,93.0,93.0,0.0,37.0,28.4,8.7,2.0,191.0,63.45487595,0.942,0.077,34.1712364799862,26.882837484379586,18.52769689927756,337.11253322275024
Guinea,GIN,2008,0.8,303.3728173558215,55.7112370863101,15.8756067639013,60.0,0.0,0.0,24.0,,,1.7,187.0,22.97397041,,,31.2581829627097,25.6619274793505,16.799156730186333,314.088163441191
Guinea-Bissau,GNB,2008,1.15,315.954239295506,58.4031554952598,12.2580921089513,77.0,0.0,0.0,34.0,27.6,4.8,4.2,282.0,34.26661301,0.64,0.052,35.7583400772426,27.485437990083074,17.306622528541343,276.8003102518968
Liberia,LBR,2008,0.3,345.70206447714,67.6948813001936,15.018343502263,75.0,75.0,0.0,29.0,36.1,4.3,1.9,320.0,26.30083656,0.256,0.013,21.2114661546276,25.160124879646705,19.081490433379106,356.39930678336634
Mali,MLI,2008,0.9,304.6731431346065,62.4840069987377,27.1686715784898,74.0,74.0,0.0,34.0,,,1.4,76.0,33.21391678,,0.063,42.132819295448,28.125740578144285,12.027210783092675,311.7868974115111
Mauritania,MRT,2008,39.8,206.7458488990755,52.9742769831922,29.2444593327866,74.0,0.0,0.0,27.0,23.6,8.1,0.6,165.0,49.2858696,,,48.3505944794199,28.763519270578666,10.968488162089647,304.8111040024139
Niger,NER,2008,1.2,340.5667241912795,42.4900876989759,9.70763488348427,67.0,0.0,0.0,27.0,43.8,13.8,0.4,130.0,24.86141586,0.138,0.019,75.4061480303208,27.98935932749425,9.801761494874974,312.0261404132518
Nigeria,NGA,2008,1.3,214.20159505535,56.8252264251632,33.0520750926105,53.0,0.0,0.0,30.0,,,2.0,219.0,77.45053101,1.427,0.359,66.802718165195,26.420844133658804,16.083635419347978,331.57593294149126
Sao Tome and Principe,STP,2008,0.8,252.29374074933503,72.7735646723353,30.857384929578,99.0,0.0,0.0,49.0,,,,101.0,64.58831787,,,14.1060055006755,25.75180321322092,19.8725604462383,366.0000037632788
Senegal,SEN,2008,35.6,254.29012797066505,69.2939508159691,45.2434542159987,88.0,88.0,0.0,36.0,,,0.6,184.0,49.05390167,0.436,0.062,42.074190631529,26.57589092420208,15.198629199145708,293.772491349672
Sierra Leone,SLE,2008,0.3,333.0453498586665,49.3391346809252,11.4555098785818,77.0,77.0,0.0,24.0,,,1.6,514.0,37.23431396,0.149,0.0155,24.5559668979487,25.788265944674865,19.81421660782965,355.35550073173323
Togo,TGO,2008,2.3,313.360029697588,54.5651625096366,11.7327806563873,81.0,24.0,0.0,27.0,26.9,6.0,2.9,91.0,26.89384079,0.285,0.055,38.8179485149321,26.89491205062556,18.091141953504547,327.29623238288025
American Samoa,ASM,2008,,65.65853197321495,96.9177728820316,62.2303096878909,,,,,,,,5.4,,,,4.41642087028998,26.441783977581927,20.383310547816656,366.0000097208879
Bermuda,BMU,2008,,42.56892771247085,100.0,99.962479156235,,,,,,,,3.3,,,,5.6266554546584,21.6927005374373,14.761980667938971,323.1874947740218
Cook Islands,COK,2008,,35.65549844118365,,,,0.0,0.0,,,,,,,,,3.72160582093676,24.71690052910089,17.958340236491196,353.747693305163
Greenland,GRL,2008,,42.56892771247085,100.0,,,,,,,,,208.0,,,,1.91473026534269,-3.3763403113976334,3.460432544087302,320.14178045608026
Guam,GUM,2008,,13.3795332754337,99.493825348985,89.483731007164,,,,,,,,102.0,,,,3.87213781202049,27.19474386953708,21.19930405933477,366.0000001973852
Monaco,MCO,2008,100.0,42.56892771247085,100.0,100.0,99.0,99.0,0.0,81.0,,,,0.97,8342.875,,,16.2784364680042,13.02256370351848,9.143049054125491,330.8124922674291
Nauru,NRU,2008,100.0,181.0049007192605,98.3094823914475,65.7160225241319,99.0,0.0,0.0,52.0,,,,50.0,809.65649414,6.9,1.0,4.70185885728124,27.017312587550705,20.3985248471706,365.9999911521503
Niue,NIU,2008,,81.54134461389955,,,,99.0,0.0,,,,,,,,,3.68975276163044,25.21719621928188,18.659552686365306,361.5848190032677
Northern Mariana Islands,MNP,2008,,26.953686188548552,97.9975687074732,96.102532909761,,,,,,,,93.0,,,,3.51062276221605,27.19561644009432,21.067210826366992,366.0000118437503
Palau,PLW,2008,100.0,48.97248773959,99.4124857740531,95.0022925220304,92.0,92.0,7.0,71.0,,,,79.0,880.83892822,,,6.45554960275745,27.03453356063733,21.280165585845936,366.0000001818645
Puerto Rico,PRI,2008,,14.4413801017352,98.3930878324808,99.0602917827298,,,,,,,,3.9,,,,6.88593761671307,25.21775325721541,18.6144544562432,365.2527254863495
Saint Kitts and Nevis,KNA,2008,100.0,19.70576735509935,98.549561803303,91.6833133103052,99.0,97.0,0.0,78.0,,,0.5,11.0,881.09844971,,,9.61247371978373,25.9599398110028,19.20367390733156,364.5000115703007
San Marino,SMR,2008,100.0,42.56892771247085,100.0,100.0,91.0,90.0,0.0,73.0,,,,0.0,4378.24853516,,,16.8374102592436,12.632866803611288,8.562864158412843,303.81249849166903
Tuvalu,TUV,2008,32.95,226.4875398840105,98.958630738777,82.5784281170616,99.0,0.0,0.0,63.0,,,0.3,165.0,319.3182373,6.214,0.971,5.69616185309769,26.939946813769275,20.863639924634462,365.5628236819781
United States Virgin Islands,VIR,2008,,42.56892771247085,98.8495032796881,99.119316617066,,,,,,,,,,,,6.04175878448967,25.995048708294902,19.26625720576148,363.824578933919
South Sudan,SSD,2008,0.0,225.8549094825245,,,,,,28.0,,,2.3,,,,,24.7078217072242,27.8536189671176,14.680313704889867,292.30051627582816
Sudan,SDN,2008,26.2,205.928488683971,49.5645926938442,24.8798414748603,86.0,78.0,0.0,34.0,,,0.1,116.0,82.84276581,0.965,0.322,39.2442252290004,28.64909709917368,10.0799122656383,300.4616547594463
China,CHN,2009,55.3,117.06799636613704,87.6756600660426,73.906061649452,99.0,0.0,0.0,72.0,9.0,2.6,,81.0,164.87619019,1.382,1.419,49.9422205183624,15.275122987844012,10.454665910492162,286.40977637493626
Democratic People's Republic of Korea,PRK,2009,5.1,293.072564976185,97.3801763920386,77.3190361028758,93.0,0.0,0.0,74.0,32.4,5.2,,,,,,28.1182701894802,9.73041940039513,8.15134775115469,280.4547737513008
Taiwan,TWN,2009,,18.6267815937994,,,,,,,,,,,,,,24.4455484775663,22.189654029279097,15.924350053374392,351.28142793581736
Cambodia,KHM,2009,10.3,266.5291019852195,65.049262160306,34.8431292661324,94.0,0.0,0.0,43.0,,,0.9,473.0,55.25073624,0.844,0.235,19.7623268743892,27.53356268617041,20.277986915275136,339.619506443398
Indonesia,IDN,2009,34.9,120.05929193305276,84.3913253324257,59.6133891473514,78.0,0.0,0.0,51.0,,,0.3,345.0,62.4021759,,0.259,21.1492894131616,25.882804795843743,19.694897123341804,361.9713596587872
Lao People's Democratic Republic,LAO,2009,3.2,228.619018277713,66.4995750629687,53.3715578045122,67.0,0.0,0.0,45.0,,,0.2,230.0,35.71521378,0.853,0.197,27.4987686345249,22.948416700579195,16.756763079029064,352.0140927731314
Malaysia,MYS,2009,97.0,25.5010633495945,96.981531661434,94.5991098396151,97.0,95.0,0.0,76.0,,,0.4,97.0,245.64353943,2.98,1.086,19.7507467604015,26.361509287065225,20.57884438561371,364.6591501396957
Maldives,MDV,2009,91.0,48.61720046582755,96.8924931173137,86.0231687446511,98.0,0.0,0.0,67.0,19.0,10.6,0.1,57.0,679.66296387,5.3,1.51,14.0842694019616,27.3211337616704,20.640492728375,364.9454978735041
Myanmar,MMR,2009,7.8,255.084946938633,62.2761475757096,68.3369194463673,90.0,0.0,0.0,46.0,35.1,7.9,0.9,525.0,18.70313454,0.89,0.504,38.130989781613,25.453797886197467,17.781395753181823,304.5422328379595
Philippines,PHL,2009,40.0,163.199883737616,89.8798092589211,70.2836819040094,88.0,0.0,0.0,61.0,,,0.1,528.0,77.64539337,5.529,1.237,25.9744172434092,26.32219600963368,20.76751627848035,364.8651896136138
Sri Lanka,LKA,2009,21.1,118.4724869653117,86.149546290692,84.0915264944886,97.0,0.0,0.0,66.0,19.2,11.8,0.1,92.0,97.26274872,1.508,0.662,26.9273522787623,26.33876318964118,19.886969310946974,351.3074579187264
Thailand,THA,2009,71.8,57.046139031563854,96.8196905562878,94.5853633004337,99.0,0.0,0.0,73.0,,,1.7,188.0,149.67800903,1.612,0.333,25.5792468018629,27.14298170096553,19.57222683735177,340.4703120628325
Timor-Leste,TLS,2009,3.9,298.68343222825,61.438249315098,36.0178392685678,72.0,0.0,0.0,37.0,57.5,18.9,0.1,723.0,50.18856049,1.149,0.044,13.9535455113766,24.81506249362868,17.6770476073746,353.3613355059733
Viet Nam,VNM,2009,46.05,193.0599293395885,87.9033221889861,67.0613483120441,96.0,0.0,0.0,64.0,29.3,7.1,0.4,239.0,69.82720184,1.116,0.703,29.2254640144522,25.051253692260595,19.076303291320563,356.5728342849912
Fiji,FJI,2009,31.8,102.89197049965084,95.0445350823456,90.9745036563402,99.0,99.0,0.0,62.0,,,0.1,32.0,121.05646515,2.157,0.41,6.43237587611048,24.46354571795976,17.976304927799575,361.2551404981484
Kiribati,KIR,2009,2.5,292.7136300765665,66.1469251372886,37.8765617583736,86.0,86.0,0.0,43.0,,,,742.0,167.97206116,,,5.28400276045109,27.16593890905252,21.191580731407186,364.9999982125374
Marshall Islands,MHL,2009,52.5,230.80176554061305,88.2877562001055,76.7672035221088,96.0,99.0,49.0,66.0,,,,541.0,543.67626953,,,5.22666374140001,27.068012445175736,21.26507034769921,364.9999915168773
Micronesia (Federated States of),FSM,2009,11.6,235.5453555284795,90.7176403726307,61.8390071670365,91.0,73.0,0.0,55.0,,,,335.0,325.56570435,3.6058,0.1942,4.77733884230892,27.17903714767025,21.41111144054812,364.9999920136732
Papua New Guinea,PNG,2009,7.3,247.269865472631,36.8704561758444,18.2486172804539,64.0,64.0,0.0,26.0,,,1.0,527.0,36.5436821,,,15.3878155036438,21.70507776079792,17.009812727236646,364.993976903166
Samoa,WSM,2009,25.6,172.232698614019,88.4375945793653,93.2291209433411,64.0,55.0,0.0,57.0,,,,8.4,172.45288086,,,4.69587493194273,26.216638130338715,20.1523591023514,363.8356153664232
Solomon Islands,SLB,2009,8.2,288.55294424710746,75.0255056296679,25.8655809274752,86.0,87.0,0.0,42.0,,,0.1,209.0,93.879776,2.085,,9.76927452724973,26.55171718217387,21.15743816549845,365.0000016489319
Tonga,TON,2009,56.9,177.854208105195,98.7682421108779,91.4632691263774,99.0,99.0,0.0,67.0,,,,7.5,118.79367065,3.526,0.578,4.59656889141801,23.895342518774708,16.43401467156456,343.07052072691664
Vanuatu,VUT,2009,13.0,258.499980414713,86.1439821313049,53.3603409473561,75.0,0.0,0.0,46.0,,,0.1,122.0,82.80382538,,,7.57215365858915,25.30016698685069,18.48492298782159,359.9430945078621
Armenia,ARM,2009,95.2,115.44538055628824,97.7810340877485,90.0719230280142,93.0,0.0,0.0,64.0,,,0.1,98.0,247.90641785,5.079,2.714,26.6070670400814,7.829161803400348,6.141454893358117,274.11497154720456
Azerbaijan,AZE,2009,92.2,75.20562663704285,83.8200869435287,79.2970479678594,81.0,0.0,0.0,58.0,,,0.1,249.0,135.40127563,7.998,3.626,26.3210725482003,13.655382859579973,9.095492472884429,307.295154775446
Georgia,GEO,2009,63.05,124.6771436920814,95.3017390158594,81.1134334337122,88.0,0.0,0.0,68.0,11.8,1.3,0.1,181.0,270.2170105,4.095,4.438,19.8413083613995,10.266930252227557,7.68229054802471,310.5510594578835
Kazakhstan,KAZ,2009,90.7,33.65806705652525,93.3518871209981,97.3132617625394,98.0,97.0,0.0,80.0,,,0.1,151.0,240.99569702,7.368,3.65,20.807377086993,8.416562966034073,5.808863717369887,251.3189263003954
Kyrgyzstan,KGZ,2009,69.7,232.629241305815,85.8977915351228,94.8423723936302,95.0,0.0,0.0,70.0,22.6,1.4,0.1,210.0,59.93972397,5.614,1.88,22.5304883394638,9.792154262362404,6.011679837824604,240.75842996920176
Mongolia,MNG,2009,33.1,133.4347554105875,74.2336967289894,54.2047237331896,95.0,97.0,0.0,67.0,,,0.1,428.0,76.7000351,3.634,2.679,44.2935247478736,0.0042941971786186,3.3859191126300527,224.429127656564
Tajikistan,TJK,2009,66.3,274.971752941417,69.0142603257663,93.7124382355308,93.0,93.0,0.0,69.0,28.8,4.2,0.2,180.0,38.9187851,3.537,1.616,30.3506636745506,11.101049432569196,6.364319526732133,215.3840070977004
Turkmenistan,TKM,2009,99.9,76.2025886858172,94.0160473149034,95.1582461913449,96.0,0.0,0.0,79.0,,,,93.0,178.44587708,4.137,2.105,29.987507715283,15.556062258129275,6.793049222710958,254.62915711872165
Uzbekistan,UZB,2009,85.4,158.239161901712,91.5696691723267,94.7131786514005,98.0,98.0,0.0,81.0,,,,113.0,71.95819092,11.22,2.582,32.5307630113187,14.781108062681032,6.9673182352638605,233.4480471918827
Albania,ALB,2009,63.2,103.6247219350106,90.9344131913267,94.6311562732715,98.0,98.0,0.0,57.0,23.2,9.6,0.1,17.0,236.94244385,4.206,1.235,19.4622092719986,13.30786519839012,8.934633999665131,305.0189823556579
Bosnia and Herzegovina,BIH,2009,45.2,92.8379930323432,96.5575305327522,95.20132167847,90.0,80.0,0.0,58.0,,,,74.0,409.29098511,5.113,1.674,31.6793038026591,11.413624734293194,8.102012148675986,301.5192822361116
Bulgaria,BGR,2009,,46.94669390832336,99.4918883371775,85.921008483856,94.0,0.0,0.0,67.0,,,0.1,59.0,459.30020142,4.708,3.733,25.5598124575499,12.156005336190622,8.284170972742164,290.0333052814231
Croatia,HRV,2009,100.0,21.16529840757595,99.4989155320278,96.7702400027243,96.0,96.0,0.0,73.0,,,0.1,26.0,1187.34326172,5.614,2.741,21.0753069224242,13.062950826757474,8.722590313008496,284.0693131548757
Czechia,CZE,2009,100.0,13.95109581876125,98.2763785982176,99.0567489826448,99.0,99.0,0.0,81.0,,,,7.9,1442.24279785,8.528,3.584,19.2354250009897,9.094716347235233,7.241891193454792,321.94404846760136
Hungary,HUN,2009,100.0,19.0442662716418,96.6891082048051,98.0120750590408,99.0,99.0,0.0,76.0,,,,18.0,943.68774414,6.397,3.027,20.5774180531898,11.797714809688806,7.7219298596359485,259.0950497620572
North Macedonia,MKD,2009,66.9,73.64964633641635,97.1812973186845,91.5875725774437,96.0,82.0,0.0,60.0,,,0.1,37.0,297.88058472,4.112,2.603,27.3743505062511,11.35548618757351,7.447955868010904,271.2726550189943
Montenegro,MNE,2009,63.7,55.0197612611523,96.0257884355961,92.2561094620688,92.0,87.0,0.0,67.0,,,0.1,29.0,,5.506,2.072,23.7457189811682,11.613029546276534,8.341478608620976,312.6972446057803
Poland,POL,2009,100.0,25.588287791345152,98.2259217196512,93.6002677787451,99.0,99.0,0.0,75.0,2.9,,,28.0,759.60577393,5.859,2.179,24.3966415879959,8.668399185373485,7.273317654901741,333.4853469972351
Romania,ROU,2009,100.0,37.20036040499525,99.9999988230142,77.9782248834449,95.0,0.0,0.0,70.0,,,0.1,141.0,449.37692261,6.145,2.449,19.7731324598034,10.487086531836589,7.549847843440791,286.84958911198413
Serbia,SRB,2009,66.4,59.88140852007785,91.0750720753655,96.3428666633317,95.0,94.0,0.0,59.0,,,0.1,55.0,575.262146,6.091,2.973,25.2660961208654,12.331319160474598,8.222822557910476,273.5223913336469
Slovakia,SVK,2009,100.0,18.76471078655345,98.2516516843309,98.5038356202912,99.0,99.0,99.0,78.0,,,0.1,12.0,1320.09301758,6.402,3.305,21.2813689506135,10.11705543120772,7.361865028411146,289.8092265398243
Slovenia,SVN,2009,100.0,13.4421804129502,99.6443721478104,98.9515716516986,96.0,96.0,0.0,80.0,,,0.1,12.0,2125.05688477,8.086,2.415,18.361431194671,11.166902446206407,8.264818908885298,321.1499520419772
Belarus,BLR,2009,98.5,48.6552393050518,98.3240931023965,94.5970585071849,96.0,19.0,0.0,74.0,,,,87.0,288.44775391,10.42,3.713,18.5156153738588,7.119428141056881,6.870688668809024,335.5796305428359
Estonia,EST,2009,100.0,17.1045023973555,98.7740812931391,99.3394223505559,95.0,95.0,0.0,73.0,,,0.7,40.0,1006.50708008,6.448,3.281,9.45844779715572,5.941211498840522,6.487292666621652,337.9187071431329
Latvia,LVA,2009,100.0,25.60589541778995,98.2356850389342,89.9210042199692,94.0,94.0,0.0,72.0,,,0.5,76.0,744.66162109,5.102,3.153,18.4795874852956,6.788036524291717,6.64653232625948,342.4196504358636
Lithuania,LTU,2009,100.0,23.4652648662345,93.8193881104381,88.6676561367708,98.0,98.0,0.0,71.0,,,0.1,109.0,864.73638916,7.642,3.854,16.5766224040475,7.116305891964296,6.768965975219635,341.422222598579
Republic of Moldova,MDA,2009,90.3,170.943471337775,86.3538510383459,76.4357878576591,85.0,47.0,0.0,68.0,,,0.8,122.0,208.53004456,6.22,2.709,18.0402178046418,11.17974825282497,7.382240407396667,245.8195038748536
Russian Federation,RUS,2009,100.0,24.1203194184356,96.5372935100773,83.3664393165315,98.0,0.0,0.0,74.0,,,,89.0,513.91033936,7.049,4.944,15.7250781735027,5.011321055201707,6.024327772695431,304.5863533145742
Ukraine,UKR,2009,94.3,91.97566948906233,95.3939041570529,95.8555810343647,71.0,66.0,0.0,76.0,,,,144.0,165.98542786,7.438,3.442,19.6918727412339,9.592137479267166,7.138036361697678,286.27563826461466
Brunei Darussalam,BRN,2009,100.0,42.56892771247085,99.7640332608049,83.6645651890999,99.0,99.0,0.0,78.0,19.6,2.9,,84.0,739.28015137,5.107,1.156,13.9667313258895,26.90251095780034,21.400432390928373,364.97126851098926
Japan,JPN,2009,100.0,21.6073552048816,98.6942333988975,99.9773449589068,97.0,0.0,0.0,80.0,,,,24.0,3696.58422852,,,14.0497129866005,14.880686026730206,10.191231353606897,297.22168333612643
Republic of Korea,KOR,2009,100.0,13.370971222282549,98.9799119351498,99.9749792813269,94.0,0.0,0.0,82.0,,,,95.0,1150.97253418,4.552,1.95,24.4948874893572,13.039124205454227,9.054256201228627,271.45220561878244
Singapore,SGP,2009,100.0,42.56892771247085,100.0,100.0,97.0,0.0,17.0,87.0,,,0.1,40.0,1326.11682129,5.392,1.675,20.6259557341827,27.16493433392199,21.264801916391846,364.9999974286942
Australia,AUS,2009,100.0,42.56892771247085,99.8636787110095,99.9952670254089,92.0,94.0,91.0,87.0,,,0.1,7.2,3989.44116211,10.73,3.104,6.93686091726477,17.29056071056482,10.265651229370368,298.63389408363
New Zealand,NZL,2009,100.0,14.2365719552735,99.9999975383469,99.9999975383469,92.0,98.0,87.0,86.0,,,0.1,8.6,2582.28100586,10.3,2.58,6.88091245470133,13.107495954928456,9.112879022094214,357.7926189737849
Andorra,AND,2009,100.0,42.56892771247085,99.9999971715362,99.9999971715362,99.0,97.0,0.0,72.0,,,,9.5,2679.67358398,3.707,3.17,11.7901943038941,8.699120603394007,6.607359897849771,296.77141381107754
Austria,AUT,2009,100.0,42.56892771247085,99.999999017009,99.9875707536701,83.0,83.0,0.0,79.0,,,,10.0,4939.75878906,6.695,4.722,15.7213971293354,9.02945641543905,7.384227752875725,335.9103580327702
Belgium,BEL,2009,100.0,36.46247522096896,100.0,99.4861064041689,98.0,98.0,0.0,84.0,,,0.2,10.0,4755.80859375,9.925,2.92,17.6017296087544,10.547845660104665,7.970698345322424,349.27236159711055
Cyprus,CYP,2009,100.0,13.55080101606535,99.8347516446659,99.57376515883,99.0,96.0,0.0,70.0,,,,6.9,2105.4777832,3.43,2.046,21.2508432668956,20.36678282428533,11.9952676173168,289.1670730566327
Denmark,DNK,2009,100.0,42.56892771247085,99.9999973124597,99.5972316699416,89.0,89.0,86.0,79.0,,,0.1,7.0,6208.48486328,11.09,3.651,11.4178043487941,8.93697913714861,7.455698184623946,356.17966092949666
Finland,FIN,2009,100.0,37.83865914741981,99.9999991951693,99.4481065796544,99.0,98.0,0.0,82.0,,,,9.0,4349.89501953,10.55,3.775,7.0440238717636,4.537760227971451,5.928252352763881,332.5286017007569
France,FRA,2009,100.0,24.28831921044215,99.9999982791976,98.6562410005115,98.0,97.0,0.0,79.0,,,0.3,9.4,4737.578125,8.402,3.339,15.6461380644536,12.46285734085027,8.669188607741766,320.6015657729932
Germany,DEU,2009,100.0,35.20023928522815,100.0,99.2235594374559,96.0,94.0,84.0,83.0,,,,5.7,4655.171875,10.17,3.662,15.3712483653252,9.629651726761177,7.520937011512225,332.7742831342552
Greece,GRC,2009,100.0,13.4691557463562,99.9050216033919,98.5117822479045,99.0,83.0,0.0,72.0,,,0.1,6.7,2809.05957031,3.595,5.791,18.6565227951398,16.736109858634066,10.079198039977308,278.19593431084564
Iceland,ISL,2009,100.0,42.56892771247085,99.9999992481043,98.7855707233906,96.0,96.0,0.0,85.0,,,0.1,2.8,3622.97827148,16.07,3.647,4.9519207936242,4.649133296406122,5.600716869820372,358.37949690999216
Ireland,IRL,2009,100.0,42.56892771247085,96.822240012762,89.9043585226446,94.0,93.0,0.0,77.0,,,0.2,12.0,5502.88769531,12.93,4.004,9.08300797287398,9.828382589562151,8.0566297172989,364.3797950442116
Israel,ISR,2009,100.0,13.37104242998485,99.9999967272176,99.9999967272176,96.0,96.0,0.0,79.0,,,,6.2,2034.45812988,5.133,3.526,20.9195246077765,21.043671790687988,13.58452525243053,320.43749155048334
Italy,ITA,2009,100.0,24.47805772163585,99.788471738131,99.8857309646722,96.0,96.0,66.0,79.0,,,0.3,8.7,3314.15844727,5.466,3.739,19.737289933122,14.55234470691992,9.693136938855204,305.80281729371086
Luxembourg,LUX,2009,100.0,42.56892771247085,100.0,97.646673581353,99.0,99.0,86.0,79.0,,,0.2,7.1,7670.59375,11.46,2.708,15.8278523160759,9.916962802627964,7.672072346053844,334.77304623379297
Malta,MLT,2009,100.0,14.2650197849205,100.0,99.948299467383,73.0,73.0,0.0,78.0,,,0.2,10.0,1683.5435791,6.445,2.987,13.5829215867379,19.42853909124699,13.1342000227676,353.80186734712134
Netherlands,NLD,2009,100.0,42.56892771247085,99.9999979513678,97.8284751819117,97.0,97.0,96.0,80.0,1.5,1.0,0.2,7.8,5282.74316406,11.71,2.896,16.1093258545716,10.582899847275884,8.046000330046443,350.6003299702155
Norway,NOR,2009,100.0,42.56892771247085,99.9999984427173,98.0635534703238,94.0,95.0,91.0,83.0,,,0.1,8.1,7301.95996094,16.45,4.048,7.67889479982363,5.820555979541347,6.019905272580811,332.069747183356
Portugal,PRT,2009,100.0,13.789449251713648,99.163049429434,98.649279909145,96.0,96.0,0.0,83.0,,,0.6,32.0,2346.54199219,5.635,3.858,9.55618194757649,15.537483684538334,9.898659818407747,314.9700499726943
Spain,ESP,2009,100.0,15.3355537997763,99.999999329905,99.8702292600301,96.0,96.0,0.0,77.0,,,0.4,20.0,2962.48266602,5.083,3.577,12.9657195567806,15.873040261516746,9.198089252765907,289.3781229313433
Sweden,SWE,2009,100.0,42.56892771247085,99.5949006103398,99.0695949437167,98.0,98.0,98.0,79.0,,,0.1,7.8,4118.41650391,11.54,3.749,7.45920999409923,6.6118451542994485,6.575557602189662,340.29427548939054
Switzerland,CHE,2009,100.0,42.56892771247085,100.0,99.8811142742757,95.0,95.0,25.0,83.0,,,0.2,8.1,7263.62695313,14.17,3.836,15.1682362564629,9.302031504670031,7.292509175376039,321.6852912283852
United Kingdom,GBR,2009,100.0,25.987357890328603,100.0,99.1195549793574,93.0,93.0,0.0,84.0,2.0,0.5,,15.0,3813.02758789,8.957,2.642,11.9881960643702,10.06969086152902,7.978468057863716,362.7143303977233
Argentina,ARG,2009,99.05,32.751600236418795,98.2407366706243,91.8516400553942,94.0,94.0,0.0,78.0,,,0.4,25.0,787.78051758,,,15.346371309888,16.86974628770808,9.843953282820484,271.7839430279644
Chile,CHL,2009,100.0,28.69128020169885,97.4691378531682,96.2250417785822,94.0,94.0,0.0,71.0,,,0.3,19.0,730.63336182,,1.022,21.7372316720536,13.221834585716264,7.835984009448463,257.0770443059957
Uruguay,URY,2009,100.0,41.4635693319393,98.2501537538036,94.8926045747565,95.0,95.0,0.0,79.0,,,,29.0,826.05682373,,,13.0401332622804,17.0777009253365,11.126481433981212,330.68259528572946
Canada,CAN,2009,100.0,42.56892771247085,99.235861272703,99.5955583039344,91.0,91.0,50.0,87.0,,,0.2,5.7,4355.83056641,9.29,,7.36586254245046,6.2556943399711376,6.427176094912113,310.6392255381444
United States of America,USA,2009,100.0,42.56892771247085,98.92408685212,99.8702348006488,95.0,84.0,93.0,84.0,,,,4.6,7614.82421875,10.75,,9.36878793839054,13.893641403889994,8.97114183824748,277.9412408455345
Antigua and Barbuda,ATG,2009,100.0,15.1969589052798,98.0723568247824,91.7194750028069,99.0,94.0,0.0,79.0,,,0.7,3.6,609.50390625,,,9.9175285355806,26.15420766942864,19.50388544970264,364.0174057618647
Bahamas,BHS,2009,100.0,18.60765878565785,98.5953941122021,92.9340464568545,96.0,96.0,3.0,80.0,,,1.8,18.0,1416.92468262,,,5.63017001159731,24.812060451873943,17.73418975110884,341.69070854371506
Barbados,BRB,2009,100.0,27.4372425462616,98.496681111407,93.1399077574408,93.0,93.0,75.0,79.0,,,1.2,0.73,1163.96875,,,12.7377986723715,26.54421789865434,19.893195764198115,364.00000395127614
Belize,BLZ,2009,83.2,78.90932106248485,91.6365142592411,83.977302195762,97.0,97.0,0.0,66.0,,,1.5,48.0,243.3110199,1.823,0.771,15.1682412538152,25.86228128529661,19.533259903201483,359.4390012956342
Cuba,CUB,2009,86.2,153.469523892794,92.9690063115847,85.1973567326843,96.0,96.0,0.0,81.0,,,0.3,8.6,675.53399658,,6.63,9.70149856287093,25.45584862165437,17.952259126526982,355.5502778700008
Dominica,DMA,2009,87.5,85.1771448181955,95.3458592055333,75.3437011806051,99.0,99.0,0.0,72.0,,,0.4,5.8,354.04888916,,,12.5040644993826,25.975721183504696,19.532084018690284,364.895294046648
Dominican Republic,DOM,2009,87.1,73.85815314899145,94.3479459728681,81.9711115493229,82.0,77.0,0.0,71.0,,,1.2,70.0,237.11128235,1.309,,12.3012982048972,24.68763241440236,18.09389643198917,362.8735412503003
Grenada,GRD,2009,92.8,65.08674600949905,95.398472535438,93.1393891692389,99.0,99.0,0.0,76.0,,,,4.5,376.68447876,,,12.5387110180818,26.612301911092707,20.25718836148568,364.0028927973518
Guyana,GUY,2009,100.0,100.1385888509952,91.7944367446406,82.7953517398292,98.0,98.0,0.0,63.0,19.3,5.5,1.3,164.0,150.21723938,1.315,0.214,16.8733263469667,26.23288807442921,20.67981982675297,364.6513576199077
Haiti,HTI,2009,3.6,270.575249168342,62.9888052938028,24.4367113848506,65.0,0.0,0.0,38.0,,,1.9,428.0,41.39894867,,,14.1802498002384,25.567895636600245,18.86711434769497,364.28811886029166
Jamaica,JAM,2009,85.6,98.97473367984604,92.4323342637375,83.7094853462441,90.0,90.0,0.0,66.0,,,1.5,8.4,282.09719849,,,20.9800820823865,26.00461724475532,19.37834739241865,364.6238966470843
Saint Lucia,LCA,2009,95.1,59.0257791496868,92.8966104390121,83.8789714448605,95.0,95.0,0.0,69.0,,,0.3,5.9,432.087677,,,12.1397412967982,26.516036843225827,19.74616244401954,363.5787412613005
Saint Vincent and the Grenadines,VCT,2009,95.6,67.68235178207576,96.8837370497035,81.1977080162168,99.0,99.0,0.0,71.0,,,1.0,8.1,264.6159668,,,12.2034487011819,26.551732983880385,20.05830637700795,363.4868792855919
Suriname,SUR,2009,86.4,54.871243817852246,93.098083849425,82.5034153738866,87.0,87.0,0.0,70.0,,,1.5,55.0,380.04019165,2.947,0.679,16.9643231096072,26.49616234339137,20.4256989565412,362.9847468433081
Trinidad and Tobago,TTO,2009,100.0,13.66827126683275,97.3107038668244,94.3953687318109,90.0,90.0,0.0,74.0,,,,29.0,776.62243652,3.325,1.444,14.6939387513685,26.435586046114825,20.33598062655117,364.8927084711201
Bolivia (Plurinational State of),BOL,2009,74.9,174.5622739083435,86.3551793920247,46.6950103282874,93.0,93.0,0.0,49.0,,,0.3,214.0,89.57923889,,,27.2772664230114,15.096744112725668,9.885198394790615,306.03922188796327
Ecuador,ECU,2009,93.3,92.0386350300817,88.4054817977882,79.4640520853321,94.0,93.0,0.0,71.0,,,0.4,51.0,244.5753479,1.873,1.216,18.9870360482816,19.41281765475818,14.61205376416034,361.9487964311082
Peru,PER,2009,64.0,100.2026732486154,86.7621628336496,70.6712078070281,93.0,93.0,9.0,65.0,23.9,0.6,0.3,171.0,209.1973877,1.304,0.944,28.7916453582175,16.27023029223433,11.590244801902854,339.13986110469017
Colombia,COL,2009,84.5,74.33828693777811,93.5897587496726,83.4276365451397,92.0,92.0,0.0,74.0,,,0.5,41.0,383.91674805,0.851,1.617,18.9495726433422,20.663444297482787,15.182183099697212,352.3276338975169
Costa Rica,CRI,2009,92.0,56.66646486236445,97.7577854110193,95.6700736028265,86.0,87.0,48.0,80.0,,,0.3,14.0,537.06317139,1.771,2.228,19.1397849856144,22.04652009662373,16.707267574678134,360.7636748559958
El Salvador,SLV,2009,74.9,143.061124078169,82.3920893796231,83.2704470759254,91.0,91.0,0.0,74.0,,,0.6,40.0,257.19317627,,,29.7754879941207,26.172548874752657,16.81924922116144,265.4321489994167
Guatemala,GTM,2009,36.7,130.2929911199425,89.7784165579284,65.0451401830532,92.0,92.0,0.0,58.0,51.5,1.0,0.3,23.0,169.37559509,0.876,0.91,31.5886539218028,20.78241901903776,13.69365529204255,322.1836254986516
Honduras,HND,2009,41.6,203.100116920764,89.922767090749,73.5629624673739,97.0,97.0,0.0,58.0,,,0.4,66.0,160.23144531,,,30.0063567642572,23.92404245543825,16.30807086137267,315.2179482155681
Mexico,MEX,2009,84.9,32.552540329652,95.5850499173434,85.2078679687607,95.0,95.0,46.0,70.0,,,0.3,27.0,492.59887695,2.372,1.987,17.0732009766688,19.87049643207926,11.305615888508308,277.3855067300089
Nicaragua,NIC,2009,43.2,201.491925520625,,,98.0,,,66.0,,,,69.0,112.75749207,1.323,0.714,19.9791596149986,26.18453445342115,17.76579938290644,293.92319951844536
Panama,PAN,2009,100.0,46.42582329862045,91.8164868861301,71.9041216278813,85.0,85.0,0.0,73.0,,,0.9,64.0,550.80755615,,1.315,15.5308100056666,25.653209705422903,20.136476476970618,362.8611927447269
Venezuela (Bolivarian Republic of),VEN,2009,96.9,40.4477311961667,95.6338441688768,91.3067883332061,84.0,84.0,0.0,69.0,13.4,4.1,0.6,36.0,,,,20.2547005229529,25.50792587126588,18.22151899394219,339.8565027581064
Brazil,BRA,2009,93.5,52.541823022752055,96.2074114306889,80.8914821354002,99.0,99.0,0.0,76.0,,,0.4,43.0,728.55639648,,,15.2806856745396,23.121336540777783,16.239609928049838,340.17798350363387
Paraguay,PRY,2009,55.6,99.3302835097156,87.3701346043735,81.1277039466521,86.0,85.0,0.0,69.0,,,0.3,67.0,217.7858429,,,14.8562116250567,22.210902543267824,14.678788181589365,319.360279462172
Algeria,DZA,2009,99.2,50.90089902029069,90.4918619672067,86.7594833299859,95.0,95.0,0.0,70.0,,,0.1,96.0,207.20181274,,,16.9046213507536,17.900230382130353,9.548966564352597,282.28655520913304
Bahrain,BHR,2009,100.0,42.56892771247085,99.9412205297201,99.9755646850518,98.0,97.0,96.0,75.0,,,0.1,44.0,838.52880859,2.526,0.971,61.7249940251452,26.39325235252108,16.30740364738499,273.60223333207625
Egypt,EGY,2009,98.8,94.6955654919479,98.3562103479717,93.8929162055799,97.0,0.0,0.0,75.0,,,0.1,16.0,98.90396881,,,42.9563410045474,22.66350700473751,10.529146145944482,184.34766262681268
Iran (Islamic Republic of),IRN,2009,96.7,32.3603303244065,95.8635415645059,84.5313775424274,99.0,0.0,0.0,72.0,,,,29.0,354.25738525,,,42.9215967955247,15.62792873979568,6.154737456266975,279.1420988497382
Iraq,IRQ,2009,94.2,79.3573511646354,88.8450464865989,81.2291181152915,78.0,0.0,0.0,64.0,,,0.1,47.0,140.1234436,,,54.0214507161786,23.826081054267767,6.742151325328363,294.0131017435488
Jordan,JOR,2009,99.9,85.80973129444266,98.7796045730845,97.9902274488182,98.0,98.0,0.0,76.0,8.2,1.6,0.1,7.6,316.92221069,3.377,2.055,30.7434737160752,19.565081300497955,9.181138759612985,186.3983879257263
Kuwait,KWT,2009,100.0,42.56892771247085,100.0,100.0,99.0,99.0,99.0,81.0,3.8,1.8,0.1,45.0,1025.90490723,4.849,1.91,67.5104915176752,26.311239648902973,9.110566345291826,282.84079410695165
Lebanon,LBN,2009,,55.1693469995264,88.4397073756613,86.087977710177,81.0,82.0,0.0,66.0,,,0.1,16.0,496.88284302,1.66,,25.1145543368398,19.020003341884728,12.170688008610568,317.3769087973208
Libya,LBY,2009,,13.6066716974622,93.0792486754992,90.1025235252459,98.0,98.0,0.0,68.0,,,0.1,53.0,342.20449829,6.751,1.886,25.0604894111113,20.83814397421422,10.520024448914748,252.7254284220444
Morocco,MAR,2009,96.3,136.9826072657715,74.2785219849732,76.9734340408013,99.0,99.0,0.0,62.0,,,0.1,96.0,165.50694275,0.927,0.646,20.6913110754172,18.45663867870524,10.350746829165072,286.219502649969
Palestine,PSE,2009,,204.3053916731185,96.7516575429854,93.3543676724512,97.0,97.0,0.0,70.0,,,,1.5,221.97026062,,,21.7455865920799,20.70807078676679,12.27863981371764,280.269724976663
Oman,OMN,2009,100.0,42.56892771247085,87.4916215447679,95.4570743657186,98.0,98.0,96.0,74.0,9.8,7.1,0.1,20.0,510.08691406,4.508,2.072,46.4381413133276,27.83914445142029,14.05519748234681,276.06638816864137
Qatar,QAT,2009,100.0,42.56892771247085,99.9090710287163,99.9365484771668,99.0,99.0,99.0,80.0,,,0.1,66.0,1325.43005371,4.789,3.232,105.250019101085,27.561698570622728,14.462317329283414,235.71641888539008
Saudi Arabia,SAU,2009,100.0,42.56892771247085,99.064350805569,,98.0,98.0,98.0,81.0,,,0.1,18.0,760.19476318,4.578,1.937,71.5273718285632,26.83725795719845,9.569351510186827,274.35336452333223
Syrian Arab Republic,SYR,2009,98.5,141.004667597265,92.8389950924631,90.765252574693,81.0,80.0,0.0,69.0,,,0.1,35.0,88.00678253,1.778,1.362,32.7980109991003,17.58543906737361,8.407755410171594,246.09862570977737
Tunisia,TUN,2009,99.1,76.6316275313916,90.3433938079576,85.5886831809273,99.0,0.0,0.0,68.0,,,0.1,36.0,231.3591156,2.128,,19.2742959049226,19.357991279131976,11.0366967722016,268.0823739060687
Türkiye,TUR,2009,93.9,33.478423557693745,94.1796628732745,92.6170977664848,96.0,96.0,97.0,70.0,,,,38.0,492.30032349,2.133,1.637,24.7861065584816,14.205887083268784,8.35894019839489,291.8515180263031
United Arab Emirates,ARE,2009,100.0,42.56892771247085,99.7879969026798,99.1274862085327,93.0,93.0,0.0,73.0,,,0.1,3.0,1531.02209473,3.452,1.792,55.8795640874537,28.040954887337843,14.81168340029383,235.14860638701296
Yemen,YEM,2009,59.3,201.610419973831,50.2076979867372,50.3438521211975,76.0,74.0,0.0,44.0,,,0.1,45.0,58.02085114,,0.275,41.0031433311456,24.082833242317264,12.202023360034262,237.98904729134583
Afghanistan,AFG,2009,18.3,319.1762918504705,46.8885842088645,33.6691080892303,63.0,63.0,0.0,37.0,,,0.1,229.0,43.13351822,0.628,0.22,34.5914422724701,12.661379890105756,5.6265718213235685,250.10535274779667
Bangladesh,BGD,2009,11.7,268.09130183079003,96.2680515706038,38.6964226448975,97.0,97.0,0.0,36.0,,,0.1,221.0,17.7030201,0.166,0.343,70.6456661196446,25.964139834470423,18.96191649212552,336.98070818723386
Bhutan,BTN,2009,62.4,145.0222338729365,91.7530531120039,61.0391347142958,93.0,0.0,0.0,54.0,,,0.1,432.0,59.74616623,,,35.6511840873713,20.959240901111134,14.93333482496579,337.35690183618146
India,IND,2009,33.6,214.6553542199825,85.6371461321776,39.6431708126058,74.0,0.0,0.0,51.0,,,,283.0,38.05965042,0.851,,52.2626731220367,26.142885193139133,15.527937789188831,275.83445793946606
Nepal,NPL,2009,20.0,290.773739780264,85.158729874995,38.6441196454107,95.0,0.0,0.0,35.0,,,0.3,320.0,20.86620903,,,58.9424960829957,22.62788939279854,14.656674426849452,302.5335095714171
Pakistan,PAK,2009,34.3,200.054434239565,88.6492343131649,47.3641982720808,52.0,52.0,0.0,41.0,,,0.1,276.0,23.14643288,0.492,0.718,50.9234369923513,24.016741075447253,12.744076983085344,220.10067522046032
Angola,AGO,2009,44.1,157.477605748335,49.4231763682417,41.3926874563562,47.0,47.0,0.0,38.0,,,1.7,489.0,120.5289917,1.32,0.132,20.2177945705101,22.560356891451644,13.969682955725776,319.6839314882986
Central African Republic,CAF,2009,0.5,343.23535571457603,48.7012778059616,18.3030854351949,42.0,42.0,0.0,31.0,,,5.1,568.0,21.37773895,0.242,0.045,38.1075272116391,25.82882556724218,17.578514187037587,328.80567255223247
Congo,COG,2009,15.55,179.1917566940615,65.3159834381157,15.5506904084731,80.0,72.0,0.0,31.0,,,3.4,438.0,48.65313721,,,35.2930149882157,24.87671140298013,19.28229478687391,364.987547591093
Democratic Republic of the Congo,COD,2009,2.9,365.7611434384145,37.0040705646358,19.8835866395137,71.0,71.0,0.0,33.0,,,1.4,510.0,12.75762081,0.385,0.088,36.5845653706926,24.120787111124223,16.864098075885902,337.0371923703414
Equatorial Guinea,GNQ,2009,22.6,13.608614118296453,59.2917944417375,63.0143173257129,52.0,0.0,0.0,35.0,,,,269.0,248.9617157,,,33.6438055907674,24.48926982926148,19.37914131865177,365.00000008152426
Gabon,GAB,2009,79.0,37.9868513278622,84.1307212542328,37.6987238584805,76.0,0.0,0.0,52.0,,,4.4,445.0,277.62945557,,,27.0071525203874,25.05220629420658,19.50728817021712,365.0000011241025
Burundi,BDI,2009,0.2,359.7747825439605,56.3355825265759,45.5719158266356,94.0,94.0,0.0,39.0,,,1.7,160.0,18.31996346,,,36.8673478821929,20.706256389289702,12.061557919260755,255.19191674821823
Comoros,COM,2009,2.7,270.255835652824,86.6788340551763,38.1124210259684,83.0,38.0,0.0,41.0,,,0.1,44.0,69.4848938,0.737,0.199,11.6426058676508,25.89862403712647,19.18612068134262,364.2351196575944
Djibouti,DJI,2009,6.0,239.6822317175125,76.2551640290106,51.4914501079009,89.0,89.0,0.0,39.0,,,2.7,1320.0,56.92132568,,,37.3792233621058,28.32326076789874,17.20209208655315,290.084917376722
Eritrea,ERI,2009,7.7,315.8707218661445,49.8103238748975,11.0220414202395,95.0,95.0,0.0,37.0,,,1.1,281.0,24.35102463,,0.044,29.6003330943579,24.76266107887708,10.65919546611996,242.18078435087207
Ethiopia,ETH,2009,1.9,350.32075235643697,32.5882446657978,5.50779854946485,58.0,56.0,0.0,19.0,,,1.4,287.0,15.1445961,0.244,0.025,22.68705677205,20.12822470157481,9.752300499048044,240.3416501963502
Kenya,KEN,2009,6.4,261.065062841107,53.100725539255,30.0784132028819,88.0,88.0,0.0,45.0,,,5.6,566.0,55.455616,0.395,0.171,19.4667390556751,21.48809339690487,12.254098545803672,248.9126712032228
Madagascar,MDG,2009,1.0,308.686211398983,43.3700536128356,8.07809172690129,77.0,77.0,0.0,26.0,49.4,,0.2,235.0,19.56957817,0.232,0.173,14.9536421615043,21.31715440781437,14.35299486270558,322.5334407921593
Malawi,MWI,2009,2.3,328.335239408386,61.2695217967754,20.7030011916433,93.0,93.0,0.0,41.0,48.8,1.9,10.9,356.0,35.56456757,0.334,0.018,19.8691636769341,21.51767941084352,13.39670320870588,282.22174858143825
Mauritius,MUS,2009,97.4,37.85110596657245,99.5669598698171,93.0703993955795,99.0,99.0,0.0,70.0,,,,17.0,301.67260742,2.737,1.153,16.7650636809548,24.27636652169687,17.396026276929398,363.54772155063336
Mozambique,MOZ,2009,2.9,339.1605028126975,37.0713316939985,19.9603052560203,74.0,74.0,0.0,33.0,,,11.8,354.0,27.68954468,0.404,0.047,16.3718937109159,23.305222919410813,15.011591448501555,299.8622904669443
Rwanda,RWA,2009,0.2,325.20405010715353,52.9687937725955,58.6463993130751,97.0,97.0,0.0,38.0,46.6,5.1,3.7,90.0,43.99641418,0.66,0.055,36.2651227999821,19.28376647527728,11.664447117641124,287.89470870474844
Seychelles,SYC,2009,100.0,24.65484957736505,95.1267532360059,97.2681740898861,99.0,0.0,0.0,67.0,,,,16.0,310.96310425,,1.1,10.4918789013215,26.60615376172199,20.24289009618024,365.0000053365868
Somalia,SOM,2009,0.9,386.072307256361,40.466779744943,28.2620333243978,42.0,0.0,0.0,21.0,25.3,14.3,0.2,238.0,,,,18.7706076655325,27.24200532821436,16.313063222372815,238.07835910965008
United Republic of Tanzania,TZA,2009,1.2,294.344435866612,41.4454872812529,15.4903054261921,85.0,85.0,0.0,36.0,43.2,2.9,4.6,452.0,33.9993782,,,22.1131685895842,23.0889394408854,13.92206425427806,267.66130104613023
Uganda,UGA,2009,0.8,294.339042873698,38.7739967915564,18.2241387733923,79.0,79.0,0.0,36.0,38.2,4.4,7.2,213.0,44.3670578,,,29.0929498688488,22.564652751637933,14.263343795167566,313.22165508944715
Zambia,ZMB,2009,16.2,258.558075723487,56.943932113866,27.4075582632773,94.0,94.0,0.0,44.0,,,11.7,514.0,59.38909531,0.704,0.059,23.0698950518145,21.069402520207447,11.871963228262365,259.29192882242097
Botswana,BWA,2009,57.4,51.4772456344802,81.548204891568,62.1889472021203,96.0,0.0,0.0,55.0,,,23.2,639.0,336.53146362,2.922,0.348,16.4316451288827,20.168880093341787,10.09588072677689,206.9537263323529
Lesotho,LSO,2009,29.8,276.269146002446,69.4944225013917,27.5788226829742,91.0,91.0,0.0,43.0,39.3,3.8,24.6,1230.0,80.82315063,,,30.247209036785,12.4308649332468,6.830737329352587,234.95225122622068
Namibia,NAM,2009,40.2,103.34115982527352,80.3834346901376,32.2603036353343,83.0,0.0,0.0,58.0,,,13.1,974.0,420.74865723,,,17.4237945639503,21.409006221791486,7.832295172501085,289.4087279965392
South Africa,ZAF,2009,75.8,57.62508566947335,90.3498541806487,67.3878839823923,81.0,77.0,10.0,62.0,,,17.1,1260.0,487.62774658,0.929,0.69,28.4011348902112,17.612846813648652,9.874181656206757,267.97858041061414
Eswatini,SWZ,2009,37.6,111.96034400272045,62.2691676110764,55.3293473329565,88.0,89.0,0.0,64.0,,,27.7,1590.0,279.68212891,,0.157,17.7367209066058,19.804710902596423,12.251478250010727,300.0645156539271
Zimbabwe,ZWE,2009,30.8,291.5015212904495,67.7912667588109,41.771197354799,73.0,73.0,0.0,42.0,35.1,2.4,16.6,450.0,,0.905,0.115,17.9424037188657,20.117174249440392,10.973682380805354,239.0507099008836
Benin,BEN,2009,4.2,274.5550918822105,64.471280030876,12.8733600744969,79.0,79.0,0.0,29.0,,,1.1,81.0,29.69425583,,,37.0408370393976,27.22107173443334,19.22623533429429,337.8902567135684
Burkina Faso,BFA,2009,5.5,315.4824679488755,53.8607620569165,16.7713190117343,92.0,92.0,0.0,25.0,35.1,11.3,1.1,77.0,31.26260567,0.39,0.043,42.023337575802,28.848539769311216,13.57721725651194,299.5474601026864
Cameroon,CMR,2009,18.4,246.4078620857315,62.7730584341751,40.6687438087427,80.0,80.0,0.0,35.0,,,5.0,278.0,51.14823914,0.399,0.07,53.5695520826472,25.65372649806345,15.456252440469482,327.07244777107337
Cabo Verde,CPV,2009,68.9,155.183541345364,82.754314077093,57.4769284411617,99.0,0.0,0.0,58.0,,,0.7,114.0,130.23704529,0.98,0.136,15.3986575585921,23.25134162369571,16.68580834620611,364.9853305679844
Chad,TCD,2009,2.5,300.12108025944053,43.9629137566651,10.4835847980319,26.0,24.0,0.0,20.0,,,1.8,157.0,34.82435226,,,45.1775838664902,28.381063241342936,11.412500147256432,309.9394759068117
Côte d'Ivoire,CIV,2009,17.8,235.302890980998,72.1658002425728,26.8833706227341,81.0,81.0,0.0,31.0,,,3.8,215.0,71.06480408,,,23.5280741870547,26.19015451446018,19.437603374824207,351.4340227974137
Gambia,GMB,2009,2.8,268.8503946455525,77.9295055109151,46.3534874804285,98.0,99.0,0.0,50.0,,,2.0,180.0,34.59326172,,,34.4537021234745,27.001225446983543,15.706338701337543,285.229613143728
Ghana,GHA,2009,14.0,221.3035909978035,74.4422077321147,13.8350497335121,94.0,94.0,0.0,37.0,,,2.0,187.0,62.44382095,1.159,0.082,29.4002555482537,27.0708302205594,19.281866171077706,342.2372494802876
Guinea,GIN,2009,0.8,303.999968521088,56.4483990709895,16.8410008400224,57.0,57.0,0.0,25.0,,,1.7,190.0,23.71565628,,,28.7735476269784,25.762125077643148,16.678627160933793,305.0754711857732
Guinea-Bissau,GNB,2009,1.1,316.1578375747745,58.7369930495235,13.4152955008386,80.0,80.0,0.0,36.0,,,4.1,276.0,26.88874054,0.683,0.081,31.998167086357,27.25024871880312,16.681926225576312,275.346863919405
Liberia,LBR,2009,0.4,345.84545204487,68.4324549886399,15.4802745365152,81.0,81.0,0.0,38.0,,,1.8,329.0,40.21982574,0.861,0.023,20.5639446462561,25.244947854980342,19.235557094260137,354.1761225132283
Mali,MLI,2009,0.9,302.6715244859265,64.0894295059223,28.4286615146563,73.0,73.0,0.0,35.0,,,1.4,75.0,34.64731598,0.419,0.116,37.9035560792137,28.6693574302404,12.91156049953062,301.058909622784
Mauritania,MRT,2009,40.35,204.287529099696,54.5236725907371,30.9205985186658,64.0,64.0,0.0,30.0,,,0.5,155.0,44.64679718,0.701,0.136,44.5650236652424,28.69390832940632,11.644473480295286,297.49448811158635
Niger,NER,2009,1.3,340.323147076247,43.1966321655043,10.1032794598234,71.0,71.0,0.0,29.0,45.5,12.5,0.4,129.0,24.54927635,0.203,0.028,68.2680466060732,29.19255292429093,10.505437726144551,293.5955795717624
Nigeria,NGA,2009,1.5,204.4765668492795,58.4306651834765,33.8602860424374,63.0,0.0,0.0,35.0,,,2.0,219.0,65.71811676,1.025,0.36,59.9637374393469,26.95048091737468,16.954035060905277,325.9472084022996
Sao Tome and Principe,STP,2009,1.0,248.7666948318125,73.1759256432541,32.2032374350904,98.0,0.0,0.0,50.0,,,,107.0,64.90551758,,,12.8822190169144,25.85164050008672,19.881776128435668,364.9999876491883
Senegal,SEN,2009,34.5,253.13549349855,70.5013902121975,46.3440817777614,86.0,86.0,0.0,39.0,,,0.6,182.0,50.27443314,,,37.5470981358044,26.081740301013948,15.280548401671208,289.2080619812518
Sierra Leone,SLE,2009,0.4,330.972246134373,50.520195051474,12.1362206469185,84.0,84.0,0.0,26.0,,,1.6,504.0,39.29960632,,,24.0948209558666,25.90887429937433,19.24813232461205,338.69589458652825
Togo,TGO,2009,2.8,313.92253512683646,55.3677359070846,12.493855912589,78.0,78.0,0.0,28.0,27.0,6.1,2.8,90.0,28.3035717,,,33.0845261818471,27.151568981023384,19.02299038582641,329.4193433288822
American Samoa,ASM,2009,,66.2889124082228,97.1531848852808,62.2224088517992,,,,,,,,7.2,,,,4.28619298490016,26.68819218777921,20.4404290319299,362.74930739230456
Bermuda,BMU,2009,,42.56892771247085,100.0,99.9603965007712,,,,,,,,2.5,,,,5.20850159566894,21.891096864540568,15.05714661338912,320.5624874497517
Cook Islands,COK,2009,,33.935690173897754,,,,82.0,0.0,,,,,,,,,3.52872995770321,24.54253053259368,17.455071648276885,350.2198614925393
Greenland,GRL,2009,,42.56892771247085,100.0,,,,,,,,,161.0,,,,1.92646127876199,-3.06792508637983,3.360253189468146,306.87754977728497
Guam,GUM,2009,,13.3706841551129,99.4963593523389,89.5475058744206,,,,,,,,112.0,,,,3.95876445688843,27.28907298115604,21.414605970324715,365.0000032955599
Monaco,MCO,2009,100.0,42.56892771247085,100.0,100.0,99.0,99.0,0.0,81.0,,,,1.0,8190.71191406,,,16.6332638499451,13.304788995559294,9.250937393589652,324.7499945961439
Nauru,NRU,2009,100.0,175.4403133287525,98.2803412813285,66.0664556513962,99.0,99.0,0.0,53.0,,,,40.0,575.39526367,,1.0,5.41284605628807,27.300353791881644,21.298106876179528,365.0000084559229
Niue,NIU,2009,,81.22046336737185,,,,99.0,99.0,,,,,,,,,3.6613814489376,24.899369791833973,17.732534008946498,352.9437112814706
Northern Mariana Islands,MNP,2009,,29.565294395179897,98.186711906299,96.3636790508513,,,,,,,,126.0,,,,3.34533135024417,27.26019723714217,21.27892382840594,364.9999817491677
Palau,PLW,2009,100.0,49.29681300672655,99.4234283601543,95.3478284028423,49.0,48.0,18.0,71.0,,,,102.0,947.12615967,5.989,1.551,7.64730311713273,27.26538129588043,21.6485706375231,364.99999610713377
Puerto Rico,PRI,2009,,14.54278611651635,98.5405681074169,99.2396079805014,,,,,,,,2.6,,,,6.88328633054352,25.57016986538761,19.128343474047973,364.6217643384205
Saint Kitts and Nevis,KNA,2009,100.0,18.6370902778924,98.5620202691237,92.337369551582,98.0,97.0,0.0,78.0,,,0.5,8.5,872.67474365,,,10.1735923252361,26.17140876801776,19.582999677206875,365.0000064817897
San Marino,SMR,2009,100.0,42.56892771247085,99.9999973376988,100.0,90.0,88.0,0.0,74.0,,,,0.0,4242.50341797,,,15.9822839918978,12.753587773043076,8.709135649360663,306.1874963317459
Tuvalu,TUV,2009,38.6,226.9417338737145,98.953383966919,83.0584767783353,88.0,84.0,0.0,63.0,,,0.3,172.0,349.2015686,,1.143,5.34177816970773,27.306274882349147,21.34633644192584,364.6249668051911
United States Virgin Islands,VIR,2009,,42.56892771247085,98.8935159237653,99.129285575591,,,,,,,,,,,,6.08422805111976,26.178365806137656,19.641871485211563,364.72840478904016
South Sudan,SSD,2009,0.0,223.7650262886275,,,,,,31.0,,,2.2,,,,,23.8739653412476,28.617550151245705,14.634982586030196,278.0152155444185
Sudan,SDN,2009,29.3,201.5029291518205,50.5096584321663,26.985005939161,81.0,72.0,0.0,37.0,,,0.1,121.0,80.00441742,,,40.6427025921928,29.22432138085992,9.513575915722004,310.02607257909136
China,CHN,2010,57.9,105.4048515252214,88.3938119002149,75.8010481056182,99.0,0.0,0.0,73.0,9.4,2.3,,76.0,188.87156677,1.515,1.46,48.9504008620935,14.975964149179388,10.610086435054148,287.63758999100247
Democratic People's Republic of Korea,PRK,2010,5.7,293.0138115542265,97.014188853857,78.0324089256356,93.0,0.0,0.0,75.0,,,,,,,,22.0755510222278,9.262767170711218,8.585572207609827,287.9168637549709
Taiwan,TWN,2010,,21.64202448204625,,,,,,,,,,,,,,25.8796959070561,22.03819400312502,16.065811696915386,356.10406309253125
Cambodia,KHM,2010,11.7,261.205145358709,66.3891055650022,38.0399288332331,90.0,86.0,0.0,45.0,39.8,11.0,0.9,442.0,53.58575439,0.845,0.227,20.4861263200349,28.35022983896837,20.43847510306129,314.24147252864213
Indonesia,IDN,2010,40.3,112.5011364818669,85.1661850718562,61.6611213279716,81.0,0.0,0.0,51.0,39.2,12.3,0.3,342.0,85.55950165,,0.239,18.8209823158519,26.031110502978304,20.5784946041056,364.8689723165216
Lao People's Democratic Republic,LAO,2010,3.5,220.145156435889,68.3192708714706,55.92839334626,74.0,74.0,0.0,47.0,,,0.3,221.0,34.52460861,0.846,0.332,31.3445205874812,23.394040602532584,17.06650829997063,344.73997890108177
Malaysia,MYS,2010,96.5,23.9818123716878,97.0660732321152,94.7498776690501,96.0,95.0,0.0,77.0,,,0.4,100.0,285.64263916,3.237,1.151,14.6011865757654,26.598719371162872,21.026027369939985,364.53059690453614
Maldives,MDV,2010,93.3,46.47862346653425,97.1912684549674,87.0784721184559,96.0,0.0,0.0,67.0,,,0.1,49.0,608.87176514,5.177,1.455,11.6931404226556,27.45127168644174,21.00556678799774,364.9178958096554
Myanmar,MMR,2010,9.3,244.539112880686,64.0988519879754,68.829818100566,90.0,0.0,0.0,47.0,,,0.9,500.0,20.23270416,0.922,0.539,36.4317172772978,25.82835939417945,17.77939134654671,297.58135669182167
Philippines,PHL,2010,40.2,158.2074252054625,90.264011405217,71.3424056654417,88.0,2.0,0.0,59.0,,,0.1,531.0,89.35166931,2.647,0.543,22.5911329120977,26.74351217914661,20.83907500580541,364.2804127300095
Sri Lanka,LKA,2010,22.0,110.9558664454001,86.4291556311836,84.916653598686,99.0,99.0,0.0,67.0,,,0.1,88.0,105.07371521,1.694,0.703,27.4118544218331,26.326971306399127,20.25021055480722,358.6581687738532
Thailand,THA,2010,73.1,53.389033412219206,97.1240162959277,94.8749317339833,99.0,0.0,0.0,75.0,,,1.6,181.0,168.61891174,2.023,0.383,25.8042171209315,27.76693142294479,20.11001727036789,334.12738131411675
Timor-Leste,TLS,2010,4.5,295.2010606723265,63.1966745548591,38.4806929868607,72.0,0.0,0.0,38.0,,,0.1,671.0,52.6151619,1.157,0.079,13.5736746177736,25.11016992127088,19.214622323509687,363.61547924513775
Viet Nam,VNM,2010,50.9,185.148845522381,88.6734023519778,69.0697259411946,93.0,63.0,0.0,65.0,22.7,4.1,0.4,231.0,85.36088562,1.24,0.714,29.3431956285137,25.41540011608255,19.203867161110736,354.0225833139256
Fiji,FJI,2010,32.9,101.1088647814176,95.076983731919,91.2985247970932,99.0,99.0,0.0,63.0,,,0.1,42.0,127.65603638,,,6.88563474549576,25.22687609599384,19.01608659992032,362.59164108661366
Kiribati,KIR,2010,3.0,294.016535957521,67.1728362624079,38.6081785659638,91.0,91.0,0.0,44.0,,,,704.0,133.15927124,3.717,0.377,4.51304611481057,27.04195596911859,20.63159919135508,365.00000087877504
Marshall Islands,MHL,2010,56.25,229.45767249883653,88.2244329493456,76.987068031911,94.0,92.0,24.0,66.0,,,,700.0,548.59899902,2.442,0.615,5.25613697558319,26.94115041123208,21.10758413703344,364.99999722853227
Micronesia (Federated States of),FSM,2010,11.7,234.8489811442605,90.5982566267308,65.9268491027033,85.0,70.0,70.0,56.0,,,,354.0,361.96511841,3.319,,4.42113697028337,27.16631484817934,21.450618544841547,364.99999201438266
Papua New Guinea,PNG,2010,7.6,244.700198961099,38.0973177449194,18.6101507749501,55.0,55.0,0.0,26.0,49.5,14.1,1.0,528.0,39.3453064,0.477,0.049,16.4985682237311,22.07252175972946,17.25039223181954,364.9089326664737
Samoa,WSM,2010,26.6,169.05392666701,88.6708392965086,93.4861794457482,78.0,70.0,0.0,58.0,,,,7.3,185.43850708,1.482,0.332,4.59494232766185,26.48485802819074,20.84245626441426,365.000001875214
Solomon Islands,SLB,2010,8.2,285.79886460033754,74.6276815743393,26.5258667445609,83.0,87.0,0.0,42.0,,,0.1,177.0,74.17661285,,,9.19891960403184,26.68901077451333,21.37365889886953,364.999999035938
Tonga,TON,2010,59.4,178.68126975782,98.8139923432634,91.914895774654,99.0,99.0,0.0,68.0,,,,10.0,166.58139038,3.724,0.54,4.57458890950105,24.73901183514186,18.25491144769916,356.51658137676463
Vanuatu,VUT,2010,12.9,257.2099152798505,86.2227390856151,53.0140862870426,77.0,0.0,0.0,46.0,,,0.1,116.0,99.27418518,,,7.87452433053722,25.800068079008973,19.49078197518019,363.3188058389438
Armenia,ARM,2010,95.7,109.7886708376216,98.0258624289459,90.3025970300034,94.0,48.0,0.0,65.0,20.9,4.1,0.1,86.0,291.77758789,5.144,2.79,31.9621141886677,9.898010168418816,6.725481934185542,266.3738566342521
Azerbaijan,AZE,2010,93.5,61.85035254380975,84.7487471999046,80.6565618814243,81.0,0.0,0.0,58.0,,,0.1,183.0,153.0665741,7.259,3.617,29.8230772830995,15.02528834868004,9.91144499333056,308.2107755407165
Georgia,GEO,2010,66.1,116.9562065638315,95.4384260318316,81.7591448045186,92.0,67.0,0.0,69.0,,,0.1,174.0,287.75900269,4.156,4.679,21.8779383548016,11.914273176890466,8.26398680984057,304.920237236432
Kazakhstan,KAZ,2010,91.5,29.6960281608414,93.7090293283348,97.3751082146427,99.0,96.0,0.0,81.0,13.1,4.1,0.1,140.0,240.6149292,7.453,3.791,20.957793021418,8.78333258364184,5.868829102880115,245.34145244246707
Kyrgyzstan,KGZ,2010,71.3,229.16386698087803,86.5050830438754,95.1391384215873,96.0,96.0,0.0,70.0,,,0.1,192.0,60.67642975,5.575,1.871,20.4669415291644,10.204695286851148,6.515341400387331,228.93375205876475
Mongolia,MNG,2010,34.9,124.3094958617524,75.4224593493441,55.748796660386,96.0,96.0,0.0,67.0,15.3,1.6,0.1,428.0,99.50933838,3.656,2.775,43.6952571533221,-0.8065154636735413,3.491895502038278,230.7283125413513
Tajikistan,TJK,2010,68.6,269.564472013586,70.5556572457132,93.9489613656333,93.0,93.0,0.0,70.0,,,0.2,170.0,42.28567886,3.887,1.67,32.4556734041622,11.86022808194294,6.696266376684326,209.29748532962768
Turkmenistan,TKM,2010,99.9,66.29312436516474,94.4138672514986,95.5291246544019,96.0,58.0,0.0,79.0,,,,91.0,202.7792511,4.126,2.079,32.6584119992621,16.301387958682376,6.529659238088455,255.121382404007
Uzbekistan,UZB,2010,85.4,150.7573836518545,92.0192259978027,94.8458120621379,99.0,99.0,0.0,81.0,,,,103.0,92.87456512,11.43,2.555,32.6030065513413,15.45793459276878,7.104552170568731,221.30506355749336
Albania,ALB,2010,65.9,95.62868700311574,91.3794795002437,95.1721611108923,99.0,99.0,0.0,58.0,,,0.1,17.0,253.98246765,4.045,1.243,18.3920007444687,13.249833278067753,8.98833907791701,311.6219973684411
Bosnia and Herzegovina,BIH,2010,44.95,88.31063764569754,96.4522822969049,95.2184837600235,89.0,83.0,0.0,59.0,,,,57.0,406.13046265,5.334,1.749,32.5184518420272,10.7962960137971,8.132332256014005,326.35201729813247
Bulgaria,BGR,2010,,43.1632685847279,99.4674443238524,85.9314028069197,94.0,91.0,69.0,67.0,,,0.1,53.0,484.75228882,4.71,3.747,25.3083783514198,11.983515740397724,8.676066206884524,317.0825555462029
Croatia,HRV,2010,100.0,20.37582863939005,99.6004621496266,96.555570839204,97.0,97.0,0.0,74.0,,,0.1,21.0,1126.81970215,5.813,2.861,21.131826137621,12.052594639645555,8.800788202232136,331.13004991022
Czechia,CZE,2010,100.0,13.6716404329407,98.314633387884,99.0623856130317,99.0,99.0,0.0,81.0,,,,7.6,1509.44726563,8.528,3.599,21.6290756694349,7.776544421075134,6.941692647878607,337.28952965364283
Hungary,HUN,2010,100.0,18.3628894376194,96.9842340521877,98.0084003041022,99.0,99.0,0.0,77.0,,,,22.0,983.11083984,6.397,2.875,20.6009272974969,10.673160202121926,8.289184121463688,335.3100084468856
North Macedonia,MKD,2010,67.9,69.43107799833436,97.260478214411,92.2138622798074,95.0,89.0,0.0,61.0,,,0.1,30.0,308.09429932,4.232,2.701,26.9197952164969,11.589893899657696,7.396120268260217,259.3891292705795
Montenegro,MNE,2010,63.3,50.4897656086754,96.3080710826968,92.7984934115956,94.0,90.0,0.0,67.0,,,0.1,27.0,,5.218,2.019,21.5382447000235,11.55767512468019,8.297296558627616,312.92808140490587
Poland,POL,2010,100.0,23.33263135964335,97.6879584408668,94.2762845397447,99.0,99.0,0.0,75.0,,,,25.0,809.19940186,5.864,2.184,28.045431234329,7.632753807201957,7.201677454953956,340.96626219631275
Romania,ROU,2010,100.0,33.72180007261635,99.999996291155,78.9036342216492,94.0,0.0,0.0,70.0,,,0.1,127.0,472.20751953,5.722,2.485,18.8449911366729,9.907315771023598,8.132977878091278,336.6921384245086
Serbia,SRB,2010,67.5,55.5897532857263,91.4295629669581,96.5124901506423,91.0,91.0,0.0,59.0,6.6,3.5,0.1,51.0,545.33380127,6.141,3.017,22.5011864541542,11.88101075119054,8.496182631851486,319.54710777585126
Slovakia,SVK,2010,100.0,17.284042694750298,98.6223366381553,98.3065426945289,99.0,99.0,99.0,78.0,,,0.1,10.0,1296.54284668,6.421,3.359,21.963186071377,9.107441214033596,7.646196893632242,337.320723235379
Slovenia,SVN,2010,100.0,13.39277058099685,99.6393880087529,98.8982038266302,96.0,96.0,0.0,81.0,,,0.1,11.0,2017.14660645,8.252,2.435,18.7152322952074,10.219749945928678,8.036702660005185,331.9328394103515
Belarus,BLR,2010,98.8,43.04374914601485,98.4067317637628,95.0666547452999,98.0,0.0,0.0,75.0,,,,81.0,341.13800049,10.54,3.511,20.2964961864761,7.0467058190188165,7.184334281044876,333.42120356875864
Estonia,EST,2010,100.0,16.667756747325498,98.924086764246,99.2786089293532,94.0,94.0,0.0,74.0,,,0.8,31.0,966.19024658,6.402,3.244,10.4707338625586,4.917274454139171,6.583689577998066,350.4176803914532
Latvia,LVA,2010,100.0,24.62956715353835,98.2717136022168,89.987937726115,92.0,90.0,0.0,72.0,,,0.5,73.0,689.07720947,5.197,3.107,20.8898212447317,5.858964386107676,6.945664804696063,354.06947408350663
Lithuania,LTU,2010,100.0,21.95626207370125,94.2758564978179,89.1941477060659,95.0,95.0,0.0,71.0,,,0.1,100.0,805.2244873,7.658,3.947,19.2931567629068,6.445736823574826,7.124091927172428,350.7594883236595
Republic of Moldova,MDA,2010,91.9,164.60139271954,86.7693011719513,77.1334278567767,90.0,63.0,0.0,69.0,,,0.8,115.0,198.28894043,6.354,2.743,17.250570078664,10.63826077918362,8.154740940550079,306.7943021109019
Russian Federation,RUS,2010,100.0,21.861734419387147,96.5538627864381,83.92804330417,97.0,0.0,0.0,75.0,,,,85.0,564.30065918,7.005,4.973,18.6409481689907,5.254495347041034,6.107257614165848,293.1519817708127
Ukraine,UKR,2010,94.5,88.52897669254034,94.9072076432708,96.0284615654647,52.0,51.0,0.0,76.0,,,,136.0,199.49559021,7.365,3.433,20.1360619446642,9.689676895482965,7.542790685591465,302.9141925052765
Brunei Darussalam,BRN,2010,100.0,42.56892771247085,99.7865899910736,84.8812005903915,95.0,95.0,0.0,78.0,,,,90.0,795.97766113,7.41,1.435,7.84291521668201,26.89043914778988,21.642669696771808,364.9999964700476
Japan,JPN,2010,100.0,21.9729845418814,98.7291572966581,99.9750759896959,97.0,0.0,0.0,81.0,7.1,2.4,,22.0,4071.80200195,10.3,2.212,12.7768357083789,15.075570220666624,10.67882752795682,304.8668349392278
Republic of Korea,KOR,2010,100.0,13.4585408267982,99.0513447708854,99.9586042362784,94.0,0.0,0.0,82.0,,,,97.0,1417.10913086,4.712,2.016,22.7425901430253,12.680723137971285,9.545582533976196,274.0276854666233
Singapore,SGP,2010,100.0,42.56892771247085,100.0,100.0,96.0,0.0,22.0,87.0,,,0.1,39.0,1510.66784668,5.779,1.779,13.6106469725336,27.392136186930863,21.5631433584998,364.9999983137406
Australia,AUS,2010,100.0,42.56892771247085,99.8831426844635,99.9957232655805,92.0,92.0,91.0,88.0,,,0.1,6.8,4947.96337891,10.41,3.345,5.29138421440233,16.975985092527576,10.712303804290428,317.63288376774386
New Zealand,NZL,2010,100.0,14.45609606245905,100.0,100.0,93.0,89.0,89.0,86.0,,,0.1,8.6,3072.73608398,10.63,2.625,6.96331739632945,13.797273533685027,9.598454710482605,358.1872417533688
Andorra,AND,2010,100.0,42.56892771247085,99.9999980431632,99.9999980431632,99.0,98.0,0.0,72.0,,,,8.7,3286.52954102,3.841,2.949,11.338774688531,7.390293635283156,6.41053862564693,323.67460384144835
Austria,AUT,2010,100.0,42.56892771247085,100.0,99.9858335152594,86.0,86.0,0.0,80.0,,,,9.8,4815.26953125,6.757,4.827,16.6644366814786,8.001120733776592,7.034238943900864,336.86832512570186
Belgium,BEL,2010,100.0,40.71666093074925,100.0,99.4861236387516,98.0,98.0,0.0,84.0,,,0.2,11.0,4626.02685547,10.1,2.909,17.1628218129913,9.308444606050983,7.526023724665305,339.7775322779083
Cyprus,CYP,2010,100.0,13.6894494585688,99.8267504796292,99.5667445489434,99.0,96.0,0.0,70.0,,,,8.0,2045.2923584,3.499,2.127,22.2128399840638,21.100252690601064,12.705339106491923,282.1810661877473
Denmark,DNK,2010,100.0,42.56892771247085,99.9999962682703,99.5972300585554,90.0,90.0,88.0,79.0,,,0.1,7.8,6156.68554688,11.14,3.726,11.3645556759396,7.116315293320856,7.0327752908062,362.7113197128209
Finland,FIN,2010,100.0,41.4718640583494,100.0,99.4480868055649,99.0,99.0,92.0,82.0,,,,6.8,4251.52880859,10.79,3.44,7.6665087286421,3.313216359211543,5.945325349999559,334.53101199352244
France,FRA,2010,100.0,25.2993713123493,99.9999989035929,98.6554802968933,99.0,97.0,89.0,79.0,,,0.3,9.2,4593.66308594,8.571,3.345,15.8696664449031,11.45372784177063,8.228991464828015,316.7137683291621
Germany,DEU,2010,100.0,40.04733181808095,99.9999997873648,99.2241473116782,96.0,93.0,85.0,84.0,,,0.1,5.5,4592.07128906,10.24,3.757,15.8396739582842,8.303392661470692,7.059022698022015,325.11666225918424
Greece,GRC,2010,100.0,13.48653139861915,99.9197604571835,98.5780776451811,99.0,83.0,0.0,72.0,,,0.2,5.4,2564.36987305,3.684,5.756,18.1403773417228,17.25016423268664,10.455681748526416,271.1054677421948
Iceland,ISL,2010,100.0,42.56892771247085,100.0,98.7847535507852,96.0,96.0,0.0,85.0,,,0.1,6.9,3614.03833008,15.32,3.589,5.35639723225508,5.047248956677167,5.769246664788266,347.06051500994084
Ireland,IRL,2010,100.0,42.56892771247085,96.8418255162662,89.8947557932751,94.0,94.0,43.0,78.0,,,0.2,11.0,5133.45507813,13.45,4.128,9.41345422780119,8.90742715159203,7.604165296791854,364.14566920483065
Israel,ISR,2010,100.0,13.38962557305415,100.0,100.0,95.0,95.0,0.0,80.0,,,,5.9,2237.90795898,5.111,3.515,24.3650710163182,21.90404638684545,14.165993936327466,316.25000127023213
Italy,ITA,2010,100.0,24.43774962307845,99.8141842053233,99.8857106015763,96.0,95.0,71.0,80.0,,,0.3,9.5,3190.72045898,5.439,3.763,18.9736622702723,13.844270541908696,9.597354148095604,326.7985657699154
Luxembourg,LUX,2010,100.0,42.56892771247085,100.0,97.642561725648,99.0,99.0,86.0,79.0,,,0.2,7.5,7459.83544922,11.4,2.771,15.8599841085594,8.773205245868683,7.163476127705731,319.8784465983824
Malta,MLT,2010,100.0,13.958594474843,99.9999988772099,99.9482592767257,76.0,76.0,0.0,78.0,,,0.2,6.9,1735.48693848,6.714,3.026,13.320290656296,19.458272534461173,13.10774434061829,349.4389641295726
Netherlands,NLD,2010,100.0,42.56892771247085,99.9999991848021,97.808168937922,97.0,97.0,96.0,81.0,,,0.2,7.0,5191.69384766,11.81,2.936,16.0262291614536,9.182627901283428,7.564582025332386,342.4246101590504
Norway,NOR,2010,100.0,42.56892771247085,99.9999997403377,98.062693752149,93.0,94.0,91.0,84.0,,,0.1,7.1,7859.51611328,16.66,4.114,7.8188404989614,3.709508178058463,5.565723548305972,335.8348761912929
Portugal,PRT,2010,100.0,13.6980369651008,99.1627697149576,98.7528330142709,98.0,97.0,0.0,83.0,,,0.6,30.0,2259.30371094,5.902,3.982,9.53671497304151,15.37741310301958,9.838589674941266,315.58588819671303
Spain,ESP,2010,100.0,15.5253616358308,99.9999972813307,99.8774338307554,97.0,97.0,0.0,78.0,,,0.4,19.0,2816.84350586,5.283,3.737,11.5400693254122,15.200866069616316,9.180848948724096,291.2562780747533
Sweden,SWE,2010,100.0,42.56892771247085,99.6072194103312,99.0468670356081,98.0,98.0,98.0,79.0,,,0.1,8.2,4391.1171875,11.61,3.808,7.53651148130858,4.789039148440343,6.260551297712922,346.3759044923259
Switzerland,CHE,2010,100.0,42.56892771247085,99.9999991015242,99.8811300380304,95.0,95.0,37.0,84.0,,,0.2,8.0,7645.25732422,14.93,3.808,14.8648825834156,8.230747937816913,7.00617727076881,325.3110110906168
United Kingdom,GBR,2010,100.0,26.4595228940501,100.0,99.1183667076519,94.0,94.0,89.0,84.0,2.1,0.2,,14.0,3876.33911133,8.859,2.645,12.5389789726342,8.92636525879846,7.468242297744671,357.7733766861796
Argentina,ARG,2010,99.2,30.29282781656875,98.434051534291,92.3128332477506,94.0,94.0,0.0,78.0,,,0.4,24.0,979.7689209,,,14.5390685061033,16.498920453387324,10.06560605380053,287.70701192422086
Chile,CHL,2010,100.0,26.75478266014885,97.5812457914008,96.5608717645089,92.0,92.0,0.0,73.0,,,0.3,19.0,861.72436523,1.258,1.423,21.5985270517892,12.635220168737748,7.66675492633867,269.9652055038776
Uruguay,URY,2010,100.0,37.43740966061725,98.4126195447571,95.1895101700608,95.0,95.0,91.0,82.0,,,,28.0,1043.26000977,,,11.6680820916577,17.234573721896993,11.28156185116133,330.9191653298306
Canada,CAN,2010,100.0,42.56892771247085,99.1700909228102,99.5126181540999,89.0,90.0,58.0,87.0,,,0.2,4.9,5060.88818359,9.342,2.0384,7.13816180330072,7.645726679056384,6.912599987836435,313.4187531233744
United States of America,USA,2010,100.0,42.56892771247085,99.0106474401103,99.8705368602466,95.0,90.0,93.0,84.0,2.8,0.1,,4.4,7836.08837891,10.88,,9.30051691603125,14.312152575110742,9.148930215170546,262.091184504422
Antigua and Barbuda,ATG,2010,100.0,15.2976491910934,98.1456600056125,92.4864478668601,98.0,98.0,0.0,79.0,,,0.7,8.2,724.08880615,,,10.3407136517837,26.812083889334573,20.172131085805653,361.6791707021613
Bahamas,BHS,2010,100.0,17.5252811146325,98.6537052959831,92.9207212954847,99.0,98.0,1.0,80.0,,,1.8,12.0,1444.0065918,,,5.42546958783167,24.37309639071188,16.934810335354964,315.479008182032
Barbados,BRB,2010,100.0,28.0781797639432,98.544249228098,93.5286888974873,86.0,86.0,78.0,79.0,,,1.2,2.2,1114.3729248,,,12.9335454291745,27.07275277966748,20.624593938183217,365.0
Belize,BLZ,2010,83.4,79.2555710952565,91.8801627270239,83.972997548098,96.0,96.0,0.0,67.0,,,1.5,75.0,244.02867126,,,14.6089552591472,25.66316661605631,19.313179466152818,356.5863817056377
Cuba,CUB,2010,87.65,145.9030856211455,93.0918301196751,85.8273291036307,96.0,96.0,0.0,81.0,,,0.3,9.8,608.5847168,9.118,6.772,9.65758785580329,25.02887259901088,17.618611527421205,352.2486913651332
Dominica,DMA,2010,88.1,81.57592260781065,95.4619169199444,76.5993821054773,98.0,98.0,0.0,72.0,,,0.4,12.0,369.75668335,,,13.1911982905057,26.58314758527445,20.308730547733777,364.70591018063897
Dominican Republic,DOM,2010,87.1,69.0171255480131,94.6571919447174,82.5643436966814,88.0,81.0,0.0,72.0,,,1.2,61.0,270.03961182,,,13.658649013532,24.99211706416665,18.454733597796768,362.173168029603
Grenada,GRD,2010,92.5,63.9932962126897,95.6307875050065,93.6409560701888,97.0,97.0,0.0,76.0,,,,3.6,374.46508789,,,13.3111136278942,27.03796927556764,20.89545773457584,364.9999903060865
Guyana,GUY,2010,100.0,95.2380196022904,92.0773787759255,83.4338869756963,95.0,95.0,0.0,63.0,,,1.4,150.0,162.70393372,1.006,0.687,18.4696341481374,26.486512098187564,21.01099568529849,364.9600570225752
Haiti,HTI,2010,3.6,270.924421803194,63.7442876328599,24.8953249600046,67.0,0.0,0.0,38.0,,,1.8,407.0,55.73518753,,,16.2956346305867,25.753012256667542,19.0928837915059,362.9944123407431
Jamaica,JAM,2010,86.3,98.75708916664465,92.1193970721849,84.2388789441069,94.0,94.0,0.0,67.0,6.0,4.8,1.5,7.6,309.86782837,,,21.5787166615137,25.9492231799444,19.538100432521947,363.2269891426808
Saint Lucia,LCA,2010,95.4,57.059314484396296,93.2662294112119,83.6875055171491,97.0,97.0,0.0,69.0,,,0.3,5.3,438.23928833,,1.679,12.8101363492268,27.02733822141818,20.56471236599772,364.8721535125601
Saint Vincent and the Grenadines,VCT,2010,95.5,66.03592228285315,97.0465791396489,82.8568333078063,99.0,99.0,0.0,71.0,,,1.0,14.0,281.91867065,2.564,0.655,12.9918107433527,27.021706522261297,20.78679238413441,364.9999916575307
Suriname,SUR,2010,87.3,50.8958096936004,93.5361705637667,83.1536012115357,94.0,84.0,0.0,70.0,8.8,5.0,1.5,57.0,399.59710693,,,16.6683308559441,26.741192713866468,21.023585828180263,364.73700657306864
Trinidad and Tobago,TTO,2010,100.0,13.4174767716585,97.4402693697619,94.3852371604895,90.0,90.0,0.0,73.0,,,,23.0,825.16088867,2.816,1.732,16.9348229280405,26.91029021760733,20.8476704054585,364.71764030264313
Bolivia (Plurinational State of),BOL,2010,76.4,169.8339539150085,86.8874436823724,48.3285858519966,91.0,91.0,0.0,50.0,,,0.3,195.0,100.39356232,0.822,0.433,38.1987404488372,15.5410338637793,9.599141024177404,287.71241215272136
Ecuador,ECU,2010,93.8,88.59462718181095,88.7072879977884,80.2637776434408,91.0,90.0,17.0,71.0,,,0.4,49.0,287.00466919,1.652,1.283,21.2083411774245,19.41427851442604,14.77287666838874,363.3968592936658
Peru,PER,2010,65.7,92.9161450757448,87.3815093121049,71.2400990831427,93.0,93.0,73.0,65.0,23.3,0.7,0.3,159.0,241.43280029,,,31.373011396184,16.20031042659021,11.364573505297257,336.1903230059125
Colombia,COL,2010,85.0,70.5481744120228,93.860299409895,84.3126146543662,88.0,88.0,22.0,75.0,12.6,0.9,0.5,40.0,452.44281006,0.897,1.666,20.6155756211002,20.75428198933625,15.466524188359124,355.3725583102158
Costa Rica,CRI,2010,92.4,53.98560588092235,98.0009426570817,95.9272885931521,88.0,90.0,94.0,81.0,,,0.3,15.0,663.69165039,1.872,2.317,19.9585083840279,22.10400804414976,17.167900415908516,363.1547987234929
El Salvador,SLV,2010,76.7,138.58712332583949,82.263858914026,83.6456953805782,89.0,89.0,66.0,75.0,,,0.5,39.0,270.69418335,,,31.1495485852809,25.731173379497907,17.15189245224615,269.681774033835
Guatemala,GTM,2010,36.9,128.15144988685898,90.0171691678666,65.4325572317079,94.0,94.0,0.0,58.0,,,0.3,26.0,175.31318665,,,28.6109743470696,20.80973852243943,14.065644728396734,330.7058559526172
Honduras,HND,2010,42.5,200.6295643787365,90.3547424812176,74.5439099298489,97.0,97.0,0.0,59.0,,,0.4,62.0,165.19970703,0.855,0.293,28.5008525041351,23.694683904989827,16.697461273097414,325.55697412961854
Mexico,MEX,2010,84.9,32.13799783334125,95.8874978648844,85.8292495991465,95.0,95.0,92.0,70.0,,,0.3,28.0,534.08520508,2.422,2.007,15.8530567795693,19.204692337566488,11.036002190105629,275.3827508742842
Nicaragua,NIC,2010,44.6,199.0100894504855,,,98.0,,,66.0,,,,70.0,117.70147705,1.284,0.739,21.4832012982569,25.93278867868833,18.38631377648841,309.28255251923247
Panama,PAN,2010,100.0,42.63630144520525,91.9966294834708,73.0005374055146,94.0,94.0,48.0,73.0,,,0.9,62.0,607.42242432,1.227,1.411,15.5801236218237,25.717349669032966,20.411995203204548,364.2582701193349
Venezuela (Bolivarian Republic of),VEN,2010,96.8,36.739052830615705,95.4567493089194,91.8520804597885,78.0,78.0,0.0,69.0,,,0.6,34.0,,,,24.7500489678568,25.68005944375412,18.827460300226523,336.3299930372293
Brazil,BRA,2010,94.0,48.79499933442905,96.4709800912933,81.7001428038359,99.0,99.0,24.0,77.0,,,0.4,42.0,906.0098877,,,15.1595867069348,23.259504469213965,15.727074800454966,322.48967590292915
Paraguay,PRY,2010,57.4,93.6387251900146,88.4925524343049,82.2018433166323,91.0,91.0,0.0,70.0,,,0.3,62.0,258.43127441,,,16.6098846295014,21.824907901641065,14.353417094225732,314.62228380904145
Algeria,DZA,2010,99.2,48.6167558923738,90.6443416237761,86.9781345697396,95.0,95.0,0.0,70.0,,,0.1,95.0,227.95396423,,,17.211262868675,17.98146989841821,9.576982016297627,273.6911488382788
Bahrain,BHR,2010,100.0,42.56892771247085,99.939282210744,99.9795841609521,99.0,99.0,99.0,75.0,,,0.1,32.0,866.67224121,2.516,0.971,57.4156022054003,27.21329960148765,17.566880012089303,280.172081311077
Egypt,EGY,2010,99.1,88.7005952580439,98.2848591599105,94.1037046412727,97.0,0.0,0.0,74.0,,,0.1,15.0,105.07817841,,,46.3262890792464,23.64501887965372,11.338455704298353,206.77844353531785
Iran (Islamic Republic of),IRN,2010,96.9,29.8213002754864,96.0218281862273,85.16566965163,99.0,0.0,0.0,73.0,6.8,4.0,,29.0,424.60494995,,,43.283675536822,17.092163295229923,6.221603600007485,276.9802795104889
Iraq,IRQ,2010,95.4,73.01999225997135,89.747680341053,82.9658498255287,74.0,0.0,0.0,64.0,,,0.1,47.0,144.54083252,,0.636,57.0667074141581,25.309955891619115,7.720041137715259,285.5143017649933
Jordan,JOR,2010,99.9,80.910515993802,98.8292687560561,97.8864815715208,98.0,98.0,0.0,76.0,,,0.1,6.7,303.8081665,3.517,2.222,34.8655897694747,21.17812046527253,9.579457475726429,186.4133918671996
Kuwait,KWT,2010,100.0,42.56892771247085,100.0,100.0,98.0,98.0,98.0,81.0,4.0,2.4,0.1,45.0,1050.41589355,6.637,2.47,63.8134338878411,27.576963856741944,9.720524937926417,269.7429587558744
Lebanon,LBN,2010,,49.171970155482,88.8977660959435,87.3971560230884,82.0,83.0,0.0,66.0,,,0.1,16.0,567.25506592,1.744,2.298,28.9441179360902,20.21808021312054,12.768000864595743,308.7715212796171
Libya,LBY,2010,,13.3999670024221,93.0792486754992,89.9956316931147,98.0,98.0,0.0,69.0,,,0.1,49.0,380.58596802,,,28.7237359145321,21.69632058641036,10.519372263063174,251.03596291884728
Morocco,MAR,2010,96.6,131.9153782441005,75.6138635064954,77.9186321842885,99.0,99.0,1.0,63.0,,,0.1,98.0,168.36595154,,,21.062623306006,18.702418510147883,10.753791962883462,296.4120168449713
Palestine,PSE,2010,,200.58505069090148,97.2297787451688,93.8369024914522,99.0,99.0,0.0,68.0,10.9,3.3,,1.3,219.44699097,,,25.1067916652231,21.84520244326209,12.76953790885752,273.2831377332049
Oman,OMN,2010,100.0,42.56892771247085,87.8404432564797,96.2174842174493,99.0,99.0,99.0,74.0,,,0.1,17.0,583.57073975,4.666,2.126,45.0654087266367,27.849740303470785,14.178388475945155,268.96913897320934
Qatar,QAT,2010,100.0,42.56892771247085,99.915217268179,99.9365482161506,97.0,97.0,97.0,80.0,,,0.1,54.0,1309.79272461,6.211,4.048,98.6377411775607,28.13803047295477,15.609877600440202,224.4316581817187
Saudi Arabia,SAU,2010,100.0,42.56892771247085,99.0628033442544,,98.0,98.0,98.0,81.0,,,0.1,20.0,765.91680908,5.159,2.244,71.119486401735,27.49075654239068,9.6389014224802,279.9630732323864
Syrian Arab Republic,SYR,2010,98.2,137.87119401513849,92.9663113079077,91.1032333325641,81.0,80.0,0.0,70.0,27.9,11.5,0.1,30.0,91.5537796,1.782,1.388,36.4689955568411,19.197053907793823,8.644882061883814,238.79236636705429
Tunisia,TUN,2010,99.3,72.99207202056355,90.7959166490344,86.4858177057762,98.0,0.0,0.0,69.0,,,0.1,39.0,240.75447083,2.214,1.207,19.4646477451124,19.576982396136955,10.95293699020437,250.76269103760268
Türkiye,TUR,2010,94.2,31.2866282834213,94.3588134972971,93.2892782391218,97.0,97.0,93.0,71.0,,,,35.0,531.82861328,2.251,1.683,27.400178830788,15.428468371141582,8.967745617014549,284.6532014078241
United Arab Emirates,ARE,2010,100.0,42.56892771247085,99.8107941876286,99.1241974644732,94.0,94.0,94.0,72.0,,,0.1,3.2,1619.98864746,3.269,1.749,55.5370145912635,28.61254101527668,14.734389906626095,223.7830644632932
Yemen,YEM,2010,59.2,196.15036603518348,51.787883376695,51.235755853278,76.0,75.0,0.0,44.0,,,0.1,45.0,59.60072327,0.62,,41.2116988702502,23.656386714273903,12.582836198808018,252.2592788131268
Afghanistan,AFG,2010,19.8,312.4268203279825,49.1337948047642,35.0616668763216,66.0,66.0,0.0,38.0,,,0.1,218.0,46.42438889,,0.244,39.0882300545031,13.765333971579702,5.830475743522257,252.42469464065184
Bangladesh,BGD,2010,12.6,262.021098725961,96.4638392169857,40.550092213975,94.0,94.0,0.0,37.0,,,0.1,221.0,20.62105751,0.177,0.352,67.4916421858428,26.02297172568563,19.357460453235515,338.5530988337849
Bhutan,BTN,2010,65.8,136.013445601099,92.5602860254371,62.9550752421624,91.0,0.0,0.0,55.0,33.5,5.9,0.1,474.0,72.38789368,,,30.2937239727593,20.9084524526237,15.117594229361998,331.3800378103347
India,IND,2010,35.0,206.34814361004,86.3249166723471,42.5191116694177,79.0,0.0,0.0,53.0,,,,276.0,44.79586029,0.863,,51.7188200456979,26.14381945401912,16.28544004321892,290.6260768240388
Nepal,NPL,2010,21.7,287.056829835541,85.7617588960131,41.5056568805896,93.0,0.0,0.0,37.0,41.5,13.7,0.3,311.0,29.62231827,,,50.3771052704765,22.66620356143982,15.12898714292158,300.95043693749614
Pakistan,PAK,2010,35.6,196.5105870713775,88.8147345072875,49.2066353675779,52.0,52.0,0.0,42.0,,,0.1,276.0,23.62846184,0.504,0.727,57.0932237695287,24.26994597376017,13.415076247722634,238.6544981479868
Angola,AGO,2010,44.7,147.11088151367,50.922281472487,42.2777189153195,49.0,49.0,0.0,38.0,,,1.7,480.0,96.95197296,,,24.5855697926641,22.666383085776967,14.154451913080216,317.67394301603315
Central African Republic,CAF,2010,0.5,342.4641937624375,47.6121825064348,17.9009516216973,45.0,45.0,0.0,30.0,40.7,7.4,4.9,556.0,17.01008034,,,35.907513544869,25.908251838399405,17.6264324761643,324.67882766523815
Congo,COG,2010,16.9,173.61993362816995,66.2515975807208,16.0823108780158,76.0,74.0,0.0,31.0,,,3.4,426.0,54.56225586,0.418,0.111,38.2815328992022,25.1300059556488,19.46431719422966,364.9041130718383
Democratic Republic of the Congo,COD,2010,3.1,364.436986387833,36.9070813122382,19.4987263873328,60.0,60.0,0.0,33.0,43.4,8.5,1.3,500.0,12.1423111,,,39.9104239715272,24.431575134622943,16.999415188611824,334.3481423201653
Equatorial Guinea,GNQ,2010,22.9,14.2187787165714,60.441364332898,63.831192420274,54.0,0.0,0.0,35.0,,,,264.0,237.85783386,,,36.5180995852459,24.73322748699239,19.612466303357525,364.9999996623442
Gabon,GAB,2010,80.5,37.73580772173625,84.5207296199844,39.0002582968992,67.0,67.0,0.0,52.0,,,4.3,461.0,206.87702942,,,29.0584488362783,25.338507816646263,19.74592049756252,365.0000004124973
Burundi,BDI,2010,0.2,359.535409047745,57.0647160568921,45.4645083129414,96.0,96.0,0.0,40.0,57.6,6.0,1.6,154.0,24.45114708,0.637,0.045,40.3328437578091,21.07209213668605,12.151192668284612,262.249841763061
Comoros,COM,2010,3.2,270.6308055844455,86.5693640440455,39.5290364231299,74.0,74.0,0.0,45.0,,,0.1,44.0,69.21523285,,,11.9908932674972,26.08279318056073,19.343285525709664,364.2900419408859
Djibouti,DJI,2010,6.5,237.44897009602948,76.4718213203658,53.0040688366127,88.0,88.0,0.0,39.0,,,2.5,1350.0,55.7044487,,,38.1045163170361,28.26612956627612,17.551345619074915,278.287956600425
Eritrea,ERI,2010,8.2,317.29056633363405,49.9773816653656,11.2019452505005,95.0,95.0,0.0,37.0,52.5,14.6,1.0,258.0,26.00652122,,0.044,32.1748548055185,24.369285789632748,11.043409366632323,237.4282732159897
Ethiopia,ETH,2010,2.2,346.355541153423,34.1836897406234,5.82002469888892,61.0,61.0,0.0,22.0,,,1.4,269.0,16.17102051,,,24.166909022745,19.62548966967309,10.47448784745226,256.5041085050426
Kenya,KEN,2010,7.1,258.1451533727355,53.9464421270489,30.8004947681643,90.0,90.0,0.0,46.0,,,5.5,531.0,58.8164711,0.713,0.171,21.8052114949046,21.14713816134593,12.893433653236782,291.9903049202296
Madagascar,MDG,2010,1.0,308.10893833539603,44.1945358943364,8.57423264106828,70.0,71.0,0.0,27.0,,,0.2,233.0,21.13975906,0.213,0.186,16.6026026218539,21.57518099332541,14.420249102685528,313.9067841774444
Malawi,MWI,2010,2.4,326.4888406506705,62.054717323412,22.950220782325,93.0,93.0,0.0,41.0,47.3,4.0,10.7,338.0,33.99194336,,,21.1627076026849,21.933581769620595,13.63520906484356,284.7458580460037
Mauritius,MUS,2010,97.6,36.14478587110805,99.5904884029877,93.356133421421,99.0,99.0,0.0,70.0,,,,18.0,357.17382813,2.807,1.169,16.4769923203715,24.3347221636106,17.04299516221124,362.3232741313398
Mozambique,MOZ,2010,3.1,338.1507808863035,38.8870842432342,21.1157832994067,74.0,74.0,0.0,33.0,,,12.0,357.0,26.26061249,0.413,0.05,18.2022995830123,23.71052481136644,15.398027047348643,305.7462389466759
Rwanda,RWA,2010,0.3,321.959689506234,53.5059466163751,60.2315011971765,97.0,97.0,97.0,44.0,44.3,2.9,3.7,82.0,47.96871567,,0.055,39.9524676780076,19.73725205575774,11.855299361915703,288.3353040283678
Seychelles,SYC,2010,100.0,23.842851323700003,95.3001249550416,97.4652934608958,99.0,99.0,0.0,67.0,,,,18.0,449.52416992,4.337,1.053,9.46509753987477,26.588209275366665,20.42955220104789,364.9999964832136
Somalia,SOM,2010,1.1,385.3050414605985,42.9914341026077,29.6552314134568,45.0,0.0,0.0,21.0,,,0.1,220.0,,,,17.3620685652074,27.36052776219692,16.25948720357203,227.13949393726296
United Republic of Tanzania,TZA,2010,1.4,289.6334876519185,42.9702242043012,16.8680409613497,91.0,91.0,0.0,39.0,42.1,4.9,4.6,426.0,37.18493271,,,23.447292129681,23.11348183977822,14.120952725837704,275.6848066722838
Uganda,UGA,2010,0.9,290.0203173257956,40.2802562427772,18.6107811745522,80.0,80.0,0.0,40.0,,,7.2,210.0,51.88574982,,,33.0222698352824,22.392244202052023,14.8137974300924,329.475996329962
Zambia,ZMB,2010,16.1,250.1127081558435,58.0990602531588,28.094335855896,83.0,83.0,0.0,47.0,,,11.7,495.0,59.98767853,0.711,0.06,24.476528552638,21.562767435322,12.048853028712523,268.8211054562997
Botswana,BWA,2010,58.3,50.046298449396005,82.8396938380661,63.2298770256248,95.0,0.0,0.0,56.0,,,23.0,601.0,389.55178833,2.861,0.403,20.0842789077473,20.989493459712328,10.148323664751636,217.05349165121527
Lesotho,LSO,2010,31.3,273.374042672487,70.0661261191784,29.020495938413,93.0,94.0,0.0,44.0,,,24.8,1180.0,85.87903595,0.665,0.069,33.4928560385355,13.113723943277124,6.848956645443015,232.2559688054837
Namibia,NAM,2010,40.7,99.26897331406906,80.8294504898485,32.7891161090276,83.0,83.0,0.0,58.0,,,13.1,892.0,567.35003662,,,21.1956795104668,21.583426745896983,8.154870975869807,291.8551789258205
South Africa,ZAF,2010,77.5,55.392884236742304,90.7948993263466,68.1161861329021,77.0,72.0,58.0,63.0,,,17.4,1230.0,621.41906738,1.001,0.705,32.7959268519115,18.09039177038058,9.99705038366462,269.3350739129571
Eswatini,SWZ,2010,39.2,108.6516247690238,63.4875943995962,55.9457205621273,89.0,89.0,0.0,64.0,30.9,0.8,28.0,1590.0,343.04284668,,,20.9253195692294,20.429464417459783,12.54637789368815,294.9543305631092
Zimbabwe,ZWE,2010,30.4,293.669114477044,67.7126398227238,41.1551654585239,89.0,90.0,0.0,43.0,32.2,3.2,16.3,416.0,94.44809723,0.788,0.121,20.2950258002951,20.93087436094785,11.382359232404283,251.69222513884324
Benin,BEN,2010,4.5,274.217162829458,64.8398943690565,13.4190757934874,76.0,76.0,0.0,31.0,,,1.1,79.0,29.37720871,0.424,0.052,35.1255556615118,27.571716442586663,19.53110226454967,340.7233643978629
Burkina Faso,BFA,2010,5.8,313.922706608271,53.5481792484168,17.717348101652,91.0,91.0,0.0,32.0,34.9,10.9,1.0,76.0,33.05819321,0.534,0.044,41.7046322646686,29.03140004645908,13.978844515554954,305.3069222249931
Cameroon,CMR,2010,19.2,245.2834453823665,63.4545114882578,41.0686436848584,84.0,84.0,0.0,35.0,,,4.8,271.0,50.03335571,0.545,0.087,52.8941910179059,25.890617261262303,15.55383020114602,334.19928741725386
Cabo Verde,CPV,2010,69.9,148.834117879593,83.1663318440796,59.6818514080991,99.0,0.0,0.0,60.0,,,0.7,117.0,146.07247925,1.065,0.573,15.5479614200059,24.333074807553366,17.612561594807282,364.6017917400356
Chad,TCD,2010,2.7,294.49463153102,44.5760310573362,10.6144013332631,40.0,39.0,0.0,22.0,38.7,16.3,1.7,162.0,35.26005936,,,43.4306718138966,28.350227202028684,11.88277939747384,315.5877917697819
Côte d'Ivoire,CIV,2010,18.7,234.09147839716,72.5255308385242,27.736273942075,78.0,79.0,0.0,31.0,,,3.6,209.0,70.04605103,,,20.0854849470844,26.51024873628673,19.969651679535108,351.6976266547747
Gambia,GMB,2010,2.6,267.8390629667245,78.5938369652341,46.3547731022519,97.0,97.0,99.0,48.0,23.4,9.5,2.0,179.0,32.99832535,,,37.6278637786081,27.82683534295577,16.861201947851626,281.07442144521366
Ghana,GHA,2010,15.3,216.29936672636552,75.471267939183,14.9161840108112,94.0,94.0,0.0,37.0,,,1.9,183.0,80.6833725,1.032,0.091,26.371447386165,27.388703381379432,19.750074628989072,347.3613931667033
Guinea,GIN,2010,0.8,303.691424061588,57.184097462228,17.8258882415396,64.0,64.0,0.0,26.0,,,1.7,189.0,22.59741783,,,29.8541230476967,26.031686608848,17.71341934099837,315.42089105662615
Guinea-Bissau,GNB,2010,1.2,315.86746175893654,59.0561288356576,14.5887141664203,83.0,86.0,0.0,37.0,32.0,5.9,4.0,266.0,29.23748016,,,33.3220582552832,27.79572578855637,18.27961976841813,276.8681342014749
Liberia,LBR,2010,0.4,345.822185878318,69.1652648922475,15.9501173630923,70.0,70.0,0.0,38.0,39.0,4.0,1.7,331.0,40.8739624,0.445,0.022,16.9858123688849,25.410531960275392,19.8587285136328,360.03745673310607
Mali,MLI,2010,0.9,300.77921244056654,65.6825064344256,29.6932856424804,73.0,73.0,0.0,37.0,27.8,8.9,1.3,73.0,31.36436844,0.421,0.096,42.70654378544,29.125300289716296,13.5387883329161,309.6395189830982
Mauritania,MRT,2010,41.1,201.298745461331,56.0793137596393,32.634513910578,64.0,64.0,0.0,33.0,,,0.5,145.0,43.759655,0.827,0.161,47.6054460100313,29.635065627206608,12.102127599743866,305.10990852346424
Niger,NER,2010,1.4,339.58995655632,43.8964824399921,10.4974697713474,70.0,70.0,0.0,31.0,47.4,15.8,0.4,126.0,23.47736168,,,68.07173238699,29.13684178380657,11.198677934207996,303.3753637137568
Nigeria,NGA,2010,1.8,194.251057364996,60.04206159591,34.6931346813428,56.0,0.0,0.0,39.0,,,2.0,219.0,73.008255,1.291,,57.0453595776344,27.26945751525308,17.107315616870647,330.1211988703912
Sao Tome and Principe,STP,2010,1.1,245.4973280666745,73.5674385311181,33.5544418305556,98.0,98.0,0.0,51.0,,,,153.0,60.94829941,,,13.9058016462842,25.820738325990018,20.048652221884232,364.999988879728
Senegal,SEN,2010,33.3,251.99020788663896,71.7047289784237,47.4423428976999,89.0,89.0,0.0,39.0,,,0.5,181.0,51.38805008,,,40.6020418218403,27.135007100955026,16.186945044106917,294.54664025296125
Sierra Leone,SLE,2010,0.4,329.0083978293605,51.6994418329327,12.837725625722,86.0,86.0,0.0,31.0,32.7,7.5,1.6,494.0,37.84529114,0.148,0.022,21.7815763936265,26.026334309411883,20.34308035432631,357.1632450279164
Togo,TGO,2010,3.4,313.9017562567075,56.1360720615008,13.2824677060048,83.0,83.0,0.0,28.0,27.0,4.7,2.7,86.0,30.54597664,,0.0506,30.1887947552597,27.49711511532041,19.340963597811164,333.1732646843072
American Samoa,ASM,2010,,66.70560475321486,97.3885968885299,62.2145080157075,,,,,,,,7.2,,,,4.14691069243024,26.98710151621452,21.214820678874883,365.0000180971506
Bermuda,BMU,2010,,42.56892771247085,100.0,99.9583138453074,,,,,,,,1.6,,,,4.89419844519564,21.30467059482853,14.328546048227658,318.4999922163239
Cook Islands,COK,2010,,33.08584060194885,,,,99.0,0.0,,,,,,,,,3.57563464667708,25.096585475419595,18.455018639174387,357.7814197827202
Greenland,GRL,2010,,42.56892771247085,100.0,,,,,,,,,286.0,,,,1.98098632133424,0.3544333019221496,4.187964371209268,323.95479329859546
Guam,GUM,2010,,13.3818542478994,99.4988933556928,89.6112807416772,,,,,,,,107.0,,,,3.6292658856828,27.130078188732288,21.07497505616285,365.0
Monaco,MCO,2010,100.0,42.56892771247085,100.0,100.0,99.0,99.0,0.0,81.0,,,,3.0,8025.15917969,,,16.2534515449089,12.239969409315089,8.895622126889938,334.8749862537296
Nauru,NRU,2010,100.0,170.87278828960302,98.2511979817874,66.4168736334532,99.0,99.0,0.0,54.0,,,,30.0,626.21124268,,1.1,5.06424055159384,27.21370616803706,20.718826844672662,365.0000056023296
Niue,NIU,2010,,81.13787057084744,,,,99.0,99.0,,,,,,,,,3.74324423635786,25.74977181026831,19.44316761812749,362.14914147569255
Northern Mariana Islands,MNP,2010,,31.532373187764804,98.3758551051247,96.6248251919417,,,,,,,,104.0,,,,3.22607510845618,27.022290931403727,20.824624569178443,365.00001162186
Palau,PLW,2010,100.0,49.417540226220495,99.4339340465691,95.6834729135313,69.0,66.0,45.0,72.0,,,,103.0,1093.30786133,6.467,1.576,4.75433673604286,27.37778501185194,21.606584842454023,365.000005860764
Puerto Rico,PRI,2010,,14.61366878433455,98.688048382353,99.418924178273,,,,,,,,3.2,,,,7.75938418836419,25.85568724884112,19.5746299928033,363.36289687373767
Saint Kitts and Nevis,KNA,2010,100.0,17.80520728129505,98.5744787349444,92.9914257928585,96.0,96.0,0.0,78.0,,,0.5,4.3,867.4453125,,,10.2636081821855,26.793028822907,20.20929866518969,361.1875106880965
San Marino,SMR,2010,100.0,42.56892771247085,99.9999986796045,100.0,90.0,88.0,0.0,74.0,,,,0.0,3813.88354492,,,16.1693283483826,11.915727497010348,8.575050369120296,321.68749042264943
Tuvalu,TUV,2010,44.6,228.261657243732,98.9467468568781,83.5331982349857,89.0,89.0,0.0,64.0,,,0.3,132.0,490.41107178,,,5.51262916253206,27.40125048817108,21.33669395305472,364.55570864121904
United States Virgin Islands,VIR,2010,,42.56892771247085,98.9375285678425,99.1392545341161,,,,,,,,,,,,7.01377895363718,26.73687984114012,20.132435233060217,360.26347332077324
South Sudan,SSD,2010,0.0,222.569126589884,,,,,,28.0,31.3,22.7,2.2,,,,,25.1222783359628,28.3105367890466,15.21921476874194,298.2524703107845
Sudan,SDN,2010,32.2,196.8036099175915,51.4588123551418,29.1517069072564,90.0,75.0,0.0,38.0,34.1,15.4,0.1,119.0,73.60398865,,,40.6512347808134,29.291369705007803,10.340794775561845,304.0673535197475
China,CHN,2011,60.3,94.6700774943377,89.0737896182727,77.6512502388913,99.0,0.0,0.0,74.0,,,,75.0,239.19824219,1.65,1.485,52.7272298089351,14.761828572040011,10.145357422570568,282.7847720843753
Democratic People's Republic of Korea,PRK,2011,6.2,292.997134460488,96.6502023193552,78.7499982089361,94.0,0.0,0.0,73.0,,,,,,,,25.3714637117371,9.223843919713705,8.124490385401845,268.9732096514905
Taiwan,TWN,2011,,25.9624908107822,,,,,,,,,,,,,,22.7035035192569,21.65208485414001,15.679874619251748,354.2979424402038
Cambodia,KHM,2011,13.1,255.80993060158,67.7079968252659,41.2469119068715,91.0,88.0,0.0,47.0,,,0.9,416.0,65.3871994,0.863,0.224,21.1793343979383,27.713749706402307,19.65966670764281,303.7208976878823
Indonesia,IDN,2011,46.1,104.2935099980256,85.6378136701144,63.6913657210041,81.0,0.0,0.0,52.0,,,0.3,338.0,107.00540161,,,19.8110740394032,25.65001633303721,19.6012778625708,363.1257912226209
Lao People's Democratic Republic,LAO,2011,3.9,210.97755129190705,70.1211055659738,58.4713447138194,76.0,76.0,0.0,49.0,44.2,5.9,0.3,213.0,27.11878395,,,28.6093615377909,22.005572967847243,16.405921558107792,356.34525185164625
Malaysia,MYS,2011,96.2,22.41351359923945,97.1420179422796,94.8950271076726,96.0,95.0,0.0,78.0,,,0.4,102.0,343.45877075,3.436,1.255,18.2222758028205,26.19201521136464,20.79437245219816,364.9680159570732
Maldives,MDV,2011,95.0,43.820180345146696,97.4875221810395,88.128993363051,96.0,0.0,0.0,66.0,,,0.1,42.0,588.20758057,,,14.6865931504182,27.2813866207541,20.497142090037283,364.9999958024295
Myanmar,MMR,2011,11.1,234.7510201023755,65.9461876733172,69.3199771322654,84.0,0.0,0.0,49.0,,,0.9,476.0,27.40522575,0.951,0.568,34.0895925194937,24.87637270460384,17.84281466404814,322.743104658081
Philippines,PHL,2011,40.7,153.2570730803635,90.670107052381,72.4331957075581,89.0,14.0,0.0,63.0,33.4,7.0,0.1,535.0,95.95716095,3.71,0.554,24.6822130997902,26.199646984706348,20.643420858537485,364.7816161504948
Sri Lanka,LKA,2011,22.7,102.957630735489,86.7091246125712,85.744932124631,99.0,99.0,0.0,67.0,,,0.1,85.0,115.51642609,1.77,0.718,28.5251295739551,26.10981290123385,20.022954405303896,357.5393642577888
Thailand,THA,2011,74.3,50.4496038524389,97.4082908052725,95.1764985756383,99.0,0.0,0.0,78.0,,,1.6,176.0,191.74464417,,,27.0474933399381,26.67941937000168,19.42729934327541,347.6564942997865
Timor-Leste,TLS,2011,5.2,291.4523185252585,64.9574170311788,40.9452765286363,67.0,0.0,0.0,38.0,,,0.2,621.0,64.43626404,1.156,0.078,15.6158450917712,24.38493843070361,17.902466295574083,360.8220360215576
Viet Nam,VNM,2011,56.6,177.111955347128,89.4349602173231,71.0691084361626,95.0,95.0,0.0,65.0,27.5,6.6,0.4,225.0,97.05238342,,,30.8272434335264,24.28813736858349,18.40803236794672,358.85072528527706
Fiji,FJI,2011,34.1,98.61311688177103,95.1097406179506,91.6111034972406,99.0,99.0,0.0,64.0,,,0.1,46.0,140.93704224,,,6.76008246351913,25.008509720219205,19.044583903176985,363.359275648635
Kiribati,KIR,2011,3.5,294.9179867442215,68.18756629104,39.3118291707544,99.0,95.0,0.0,44.0,,,,809.0,141.5138092,3.725,0.136,4.22788995988093,26.80779844391339,20.545982804705066,365.0000027805499
Marshall Islands,MHL,2011,59.8,228.42726410265848,88.1615235690486,77.1968326186549,87.0,80.0,35.0,66.0,,,,498.0,376.39205933,3.757,0.636,5.43234792851133,26.80137060002972,21.218472709089603,365.0000014640471
Micronesia (Federated States of),FSM,2011,11.8,233.5944129084725,90.4788728808309,70.0146910383701,84.0,72.0,63.0,57.0,,,,317.0,378.15283203,,,4.86785054248864,27.025111440672344,21.40915832576564,365.0000006358503
Papua New Guinea,PNG,2011,8.0,243.090231207818,39.3010861598771,18.9672978280348,58.0,58.0,0.0,27.0,,,1.0,547.0,52.49456787,,,14.3977586604487,21.64784413752209,16.922118766033822,364.9868839989842
Samoa,WSM,2011,27.5,165.85872346591248,88.903392297442,93.7437084843245,82.0,74.0,0.0,59.0,,,,10.0,211.88684082,,,4.02125973730531,25.995544655762096,19.864821071268647,364.9999947081688
Solomon Islands,SLB,2011,8.1,282.33322859048,74.2385839861818,27.1881944910187,91.0,92.0,0.0,42.0,,,0.1,195.0,95.51364136,1.749,0.197,8.1122249793311,26.55461591705253,21.005207946390687,364.8813527928468
Tonga,TON,2011,62.0,177.834315184931,98.8097360298525,92.0921967178499,99.0,99.0,0.0,67.0,,,,8.4,193.43716431,,,4.18541416506786,24.89148952637492,18.10721003093193,356.33257905371846
Vanuatu,VUT,2011,12.9,255.7880580070725,86.2892357957447,52.6540863123359,79.0,79.0,0.0,46.0,,,0.1,110.0,113.80240631,,,7.74557512879717,25.592798767542828,19.27415002598079,359.697283564896
Armenia,ARM,2011,96.3,104.3987297406533,98.272291670612,90.5332906665256,95.0,95.0,0.0,66.0,,,0.1,75.0,325.29086304,5.214,2.822,26.4617308757386,7.296167956061066,6.129864893500316,272.25990707868306
Azerbaijan,AZE,2011,94.4,51.649210029178604,85.6816333472465,82.0209823776921,82.0,36.0,0.0,61.0,16.4,6.6,0.1,206.0,184.93493652,6.877,3.397,23.5041723870757,13.049746521420843,9.191840376090068,317.30957503743315
Georgia,GEO,2011,68.5,109.04511318984444,95.5737249468986,82.4031867443918,94.0,94.0,0.0,69.0,,,0.1,165.0,315.29684448,4.152,4.747,19.0449267006406,9.346825329684306,7.593278933865448,320.13436773315186
Kazakhstan,KAZ,2011,92.1,25.89544016480485,94.0651716304314,97.4368392211239,99.0,95.0,0.0,81.0,,,0.2,148.0,293.73300171,7.653,3.815,20.658217702199,8.031080785882379,5.649599231666244,258.4224839715441
Kyrgyzstan,KGZ,2011,72.4,224.37465299907905,87.1151364127598,95.435495439877,96.0,96.0,0.0,69.0,,,0.1,191.0,78.73632813,5.759,1.897,20.2006703564398,9.831173843426017,5.997419267417017,247.70323667771865
Mongolia,MNG,2011,36.7,112.60649672152556,76.3129761358457,57.1062265256697,99.0,99.0,0.0,68.0,,,0.1,428.0,135.98664856,3.695,2.893,46.1738692440549,-0.5247720780243156,3.514177606211081,237.4909539617852
Tajikistan,TJK,2011,71.0,264.068378965467,72.1041170163843,94.185174547708,96.0,96.0,0.0,70.0,,,0.2,158.0,48.8431282,3.991,1.693,32.6607402415778,11.279293007431802,6.155403301403664,229.2419757181657
Turkmenistan,TKM,2011,99.9,56.67726334299965,94.9164818491611,95.901679888436,97.0,71.0,0.0,79.0,,,,74.0,251.85777283,4.109,2.079,33.5785187835555,15.04114619164115,6.428981386822604,264.9160866622232
Uzbekistan,UZB,2011,85.3,142.9704446757795,92.4356757645122,94.9701820730614,99.0,99.0,0.0,81.0,,,,94.0,109.86156464,11.49,2.517,33.5094666610887,14.631933667796694,6.52544763282994,250.2610130923416
Albania,ALB,2011,68.6,88.9315465437187,91.8108839327421,95.6984906230124,99.0,99.0,99.0,59.0,,,0.1,16.0,273.75292969,4.201,1.229,21.9489443809331,13.1433482812592,8.470467586378387,273.7925704745396
Bosnia and Herzegovina,BIH,2011,43.3,84.36022906059955,96.3448010624916,95.2360155321308,88.0,85.0,0.0,60.0,,,,59.0,456.96905518,5.488,1.839,34.5560460093254,11.202105494859753,7.710552552410604,278.17758101372203
Bulgaria,BGR,2011,,39.960117018935904,99.4435439260654,85.9417067262651,95.0,95.0,94.0,68.0,,,0.1,47.0,555.86419678,4.726,3.838,30.8419877010684,11.281071621042594,7.879710728045093,286.7652970783243
Croatia,HRV,2011,100.0,19.76064609357089,99.7012086254188,96.3415946710198,96.0,96.0,0.0,74.0,,,0.1,19.0,1134.88916016,5.953,2.918,24.2670565479156,12.698442488165435,8.465330423927465,277.99277528021304
Czechia,CZE,2011,100.0,13.4915822064018,98.352878485221,99.0682046251775,99.0,99.0,0.0,82.0,,,,6.9,1649.15905762,8.461,3.637,20.5894906583766,9.2576173399153,7.164871376606113,319.2847180696968
Hungary,HUN,2011,100.0,17.7400289046758,97.2758562444965,98.0047619310782,99.0,99.0,84.0,79.0,,,,18.0,1063.43237305,6.4,2.966,23.5710586394975,11.21489921045097,7.63380257284597,261.5023460727643
North Macedonia,MKD,2011,69.3,65.67885401188575,97.3392765626462,92.8454434778871,96.0,96.0,0.0,61.0,4.9,1.8,0.1,26.0,335.13171387,4.258,2.769,30.0063660364587,11.110175682757504,6.646146446030524,237.0621280798791
Montenegro,MNE,2011,62.8,46.360429374664704,96.5900878676882,93.3430526184903,95.0,90.0,0.0,68.0,,,0.1,27.0,571.65600586,5.064,1.99,28.7991539019875,11.52275879463976,7.925375105312017,283.42203837321006
Poland,POL,2011,100.0,21.2160776921798,97.1483620185882,94.9547125941391,99.0,99.0,0.0,77.0,0.8,1.0,,28.0,866.09466553,5.851,2.204,25.8393780636571,8.984948932511463,7.333837865846475,329.08670204379945
Romania,ROU,2011,100.0,30.7830156574533,100.0,79.8259688450856,89.0,89.0,0.0,71.0,,,0.1,116.0,426.59973145,5.824,2.522,22.3185237720693,9.620008118677775,7.357876632902538,296.9292496650376
Serbia,SRB,2011,68.6,51.76749186877575,91.7854914551611,96.6825231290354,94.0,93.0,0.0,59.0,,,0.1,47.0,618.89422607,6.233,3.043,28.1010565404824,11.654651743768772,7.683572923590685,261.74928005538135
Slovakia,SVK,2011,100.0,16.15679985344545,98.9975424818939,98.1082605200532,99.0,99.0,99.0,79.0,,,0.1,9.4,1352.43835449,6.276,3.307,23.5806701027331,9.785535883573855,7.313527091301001,293.0083945519614
Slovenia,SVN,2011,100.0,13.3727048808146,99.6344038696953,98.8448360015619,96.0,96.0,0.0,80.0,,,0.1,12.0,2147.80517578,8.402,2.5,21.1444823610094,11.153892712349444,8.042651063630801,308.1070618329265
Belarus,BLR,2011,99.0,37.7401351587943,98.4898792244549,95.5392069475239,98.0,21.0,0.0,75.0,,,,73.0,317.82492065,10.54,3.794,17.2267917168315,7.592605154870943,6.978013298021243,326.0011897321845
Estonia,EST,2011,100.0,16.03511167842045,99.075060117403,99.2179098220074,93.0,93.0,0.0,74.0,,,0.8,31.0,1061.1628418,6.527,3.294,8.57915434602602,6.895344147340608,7.039172476198389,343.6548461289366
Latvia,LVA,2011,100.0,23.4564850702466,98.3077017378479,90.0539577656872,92.0,91.0,76.0,74.0,,,0.5,69.0,764.59179688,5.151,3.134,16.9893348621119,7.463962142003752,7.095975012930701,336.64918544783467
Lithuania,LTU,2011,100.0,20.25945174722409,94.7419457559993,89.7354861346124,92.0,92.0,0.0,72.0,,,0.1,99.0,925.47161865,7.83,4.097,16.3104488377446,7.721315944555415,7.144533943756805,336.1406013504294
Republic of Moldova,MDA,2011,93.2,157.60167207047851,87.1852515314288,77.835369795755,93.0,78.0,0.0,70.0,,,0.8,120.0,214.98246765,6.473,2.828,18.1981875255854,10.397815985918651,7.290644902185329,255.5377223723113
Russian Federation,RUS,2011,100.0,19.77650658776305,96.5704996927268,84.4903383941057,97.0,0.0,0.0,75.0,,,,81.0,681.04345703,6.962,4.22,13.5706689279912,4.962231684789509,6.152572278955176,306.5621644306698
Ukraine,UKR,2011,94.7,84.5174761754698,94.4191011377328,96.2008848286648,50.0,26.0,0.0,77.0,,,,132.0,240.17747498,7.36,3.432,19.5134164241427,8.969206174492824,7.061066204165727,291.64354942083185
Brunei Darussalam,BRN,2011,100.0,42.56892771247085,99.8091467213424,86.0978359916835,97.0,97.0,0.0,79.0,,,,84.0,864.63787842,7.857,1.522,9.71641781585495,26.66644702981864,21.392320309951604,364.9999972311295
Japan,JPN,2011,100.0,22.18103908716605,98.7640811944187,99.972807020485,97.0,99.0,98.0,81.0,,,,22.0,5103.34326172,,,12.8987119186209,14.611455525679316,10.422228305258464,294.8207350582865
Republic of Korea,KOR,2011,100.0,13.7219204308763,99.1227776066211,99.9422291912298,99.0,0.0,0.0,84.0,1.3,0.5,,101.0,1570.54943848,4.81,2.063,21.8231482640038,12.399536982361315,9.183910486822992,264.4638818214244
Singapore,SGP,2011,100.0,42.56892771247085,100.0,100.0,96.0,0.0,40.0,87.0,,,0.1,39.0,1700.1685791,5.202,1.861,16.7516267296423,26.943735383967606,21.21404330563447,365.00000848629793
Australia,AUS,2011,100.0,42.56892771247085,99.8919671201613,99.996179505752,92.0,92.0,91.0,88.0,,,0.1,6.6,5876.88525391,10.84,3.296,5.4379673679775,16.81615679841266,10.601170472299914,316.1234943337437
New Zealand,NZL,2011,100.0,14.7242152052764,99.9999988858894,99.9999988858894,95.0,94.0,92.0,87.0,,,0.1,8.5,3501.22045898,10.7,2.655,7.14580979286737,13.684767456076187,9.614573380824435,360.0846819186895
Andorra,AND,2011,100.0,42.56892771247085,100.0,100.0,99.0,99.0,0.0,71.0,,,,3.9,3555.52319336,3.882,3.136,11.2856546088828,9.25597523803654,6.847676012234635,308.3891957751637
Austria,AUT,2011,100.0,42.56892771247085,100.0,99.9841152637766,89.0,89.0,0.0,81.0,,,,9.9,5191.92333984,6.855,4.875,16.7900255714223,9.24292609303082,7.260305353786251,322.02083189964856
Belgium,BEL,2011,100.0,42.56892771247085,100.0,99.4861332173528,98.0,98.0,0.0,84.0,,,0.2,10.0,4990.35595703,10.37,2.915,16.5866346122343,11.220578313134077,8.174247948222098,331.6500734879867
Cyprus,CYP,2011,100.0,13.7691182010953,99.8187291029918,99.5596171415889,99.0,96.0,0.0,72.0,,,,6.4,2114.66894531,3.618,2.206,23.6802164434596,19.82569773662474,11.780480951633074,274.4454158452458
Denmark,DNK,2011,100.0,42.56892771247085,99.9999977912366,99.5972309188778,91.0,91.0,90.0,80.0,,,0.1,8.3,6426.39990234,11.16,3.789,13.4610916735072,9.05659482518365,7.685810671543928,355.0153771669586
Finland,FIN,2011,100.0,42.56892771247085,100.0,99.4480530393252,99.0,99.0,92.0,83.0,,,,6.9,4717.5078125,11.14,3.543,6.90854689697724,5.619443331910486,6.574142935917018,337.0719157712324
France,FRA,2011,100.0,26.692690797045053,99.9999974748476,98.654714524901,99.0,98.0,89.0,81.0,,,0.3,9.0,4936.95605469,8.747,3.124,15.4920531594036,13.15663878334818,8.833455975597142,310.4664905713997
Germany,DEU,2011,100.0,42.56892771247085,100.0,99.2247340689137,95.0,93.0,86.0,85.0,,,0.1,5.5,5016.23583984,10.34,3.849,15.4585841988169,10.116926619292384,7.543548567675146,320.8467601556584
Greece,GRC,2011,100.0,13.403377997800453,99.9341628584541,98.6434297836442,99.0,83.0,0.0,73.0,,,0.2,5.5,2338.91577148,3.706,5.774,18.8826332091494,16.024784332842273,9.560161290204327,266.8530571635204
Iceland,ISL,2011,100.0,42.56892771247085,100.0,98.7845859292734,95.0,95.0,0.0,86.0,,,0.1,2.5,3937.31591797,15.69,3.504,5.11666915910621,4.377633638558347,5.445267981948769,351.9695704103332
Ireland,IRL,2011,100.0,42.56892771247085,96.8612904708571,89.8850354586049,95.0,95.0,90.0,78.0,2.2,0.4,0.2,11.0,5538.00195313,13.4,4.104,9.21023784264142,10.142680022273916,8.106468810360795,364.1239565746666
Israel,ISR,2011,100.0,13.4648855464334,100.0,99.9956552135569,94.0,94.0,92.0,80.0,,,,7.0,2442.29052734,5.221,3.52,19.8490631652087,20.60622788306629,13.171082863845784,302.68749727007145
Italy,ITA,2011,100.0,24.542083086183247,99.8398966725157,99.8856821171754,96.0,96.0,76.0,80.0,,,0.3,7.1,3358.95654297,5.412,3.835,20.9109626019682,14.620261005111566,9.566728333215064,301.8536794605437
Luxembourg,LUX,2011,100.0,42.56892771247085,100.0,97.6385453220137,99.0,99.0,86.0,82.0,,,0.2,6.2,7174.73925781,11.63,2.777,15.1964907412119,10.488800397920448,7.728677704269107,314.65435159865586
Malta,MLT,2011,100.0,13.727443929071,100.0,99.9529309076339,96.0,96.0,0.0,79.0,,,0.2,7.1,1962.20556641,6.95,3.107,14.6398808384871,19.296678591669185,13.054108485915338,349.27909303640223
Netherlands,NLD,2011,100.0,42.56892771247085,100.0,97.7902878211501,97.0,97.0,96.0,81.0,,,0.2,6.6,5562.12109375,11.96,3.103,15.8751816468242,10.997274588904167,8.226560344257695,338.57728504182745
Norway,NOR,2011,100.0,42.56892771247085,99.9999978903117,98.0616329327885,94.0,95.0,92.0,84.0,,,0.1,7.6,8900.37207031,16.94,4.188,8.33134144870997,6.395269109300594,6.447655849642335,342.1595812322039
Portugal,PRT,2011,100.0,13.66072273583405,99.1638655691721,98.8549411407512,97.0,97.0,0.0,83.0,,,0.6,28.0,2255.96923828,6.108,4.123,10.2621187703881,15.77986345338648,10.007030498863513,314.1832456003757
Spain,ESP,2011,100.0,15.5712378005752,99.9999999335079,99.8846622975312,97.0,97.0,0.0,81.0,,,0.4,17.0,2938.18041992,5.355,3.814,12.0942948150579,16.107116440239206,9.523299841217492,296.74758774670187
Sweden,SWE,2011,100.0,42.56892771247085,99.6200368706399,99.0240725950998,98.0,98.0,98.0,80.0,,,0.1,7.0,6363.61474609,11.64,3.888,8.22573808359796,7.319370909785468,6.985669751816756,342.3184212703166
Switzerland,CHE,2011,100.0,42.56892771247085,99.9999978036397,99.884002235061,96.0,95.0,50.0,84.0,,,0.2,8.1,9139.43066406,15.46,3.832,14.9579088964769,9.830362896110294,7.355008762065398,310.9416038438487
United Kingdom,GBR,2011,100.0,26.7433018617306,100.0,99.1171899348744,95.0,95.0,90.0,84.0,0.9,1.3,,15.0,4123.70019531,8.652,2.682,13.017005115073,10.65060846725103,8.077073068580516,356.6848573154307
Argentina,ARG,2011,99.4,27.63785320244495,98.6218573444855,92.7707485221134,91.0,91.0,0.0,78.0,,,0.4,31.0,1208.23120117,,,15.7163051408834,16.59295982695944,9.803271467563873,274.63939989376155
Chile,CHL,2011,100.0,24.7430401795832,97.6928032000078,96.895427820741,94.0,94.0,54.0,75.0,,,0.3,19.0,984.4486084,1.527,1.575,23.8820538505398,12.901398404142606,7.736770805767044,262.30039041865933
Uruguay,URY,2011,100.0,33.45838922806945,98.5688827788453,95.4845379432559,95.0,95.0,92.0,83.0,11.7,0.6,,32.0,1244.93884277,,,12.548000498889,17.022299537437835,10.914618409531036,321.9067639608452
Canada,CAN,2011,100.0,42.56892771247085,99.1038601959252,99.4293838454061,87.0,89.0,66.0,90.0,,,0.2,5.0,5399.98779297,9.26,,7.40657220393887,7.05769059488064,6.8463227373246704,319.19411126306886
United States of America,USA,2011,100.0,42.56892771247085,99.0963699785745,99.8480037254906,96.0,94.0,94.0,85.0,,,,4.1,8015.78076172,11.0,,9.43462500241397,14.5544767682146,9.19064445623624,272.1015208438864
Antigua and Barbuda,ATG,2011,100.0,15.5135852643226,98.2201657181989,93.2510130109521,99.0,99.0,0.0,79.0,,,0.8,7.0,717.28186035,,,8.6466523916064,26.27867007370021,19.62788919670823,361.9764494719961
Bahamas,BHS,2011,100.0,16.678753382710852,98.712016479764,92.9056792860598,98.0,98.0,1.0,80.0,,,1.7,15.0,1442.24768066,3.923,2.233,6.29244417577298,24.93678479752914,17.872364891523187,359.8985822330946
Barbados,BRB,2011,100.0,28.81221770646445,98.5918173447891,93.9174700375338,91.0,91.0,81.0,81.0,,,1.2,0.0,1163.2668457,,,10.5266626649173,26.62119317432549,20.3061615130146,364.8930000575169
Belize,BLZ,2011,83.6,80.05138987430006,92.1248741739695,83.9708984759609,95.0,95.0,0.0,69.0,19.3,3.3,1.4,36.0,252.81436157,,,18.1926127367792,25.80223247535291,19.55312156346139,360.1860571646643
Cuba,CUB,2011,88.8,138.3826385628285,93.2137774983012,86.4585513716305,97.0,96.0,0.0,82.0,,,0.4,9.3,695.81542969,,6.957,10.5030793327199,25.464467685210646,17.93752214889079,353.8055006507333
Dominica,DMA,2011,88.3,78.4826773347541,95.5770987585217,77.8550630303496,98.0,98.0,0.0,74.0,,,0.4,2.9,387.11709595,,,11.6130540981731,26.03890331939865,19.8544952907569,363.9579596606421
Dominican Republic,DOM,2011,87.6,64.78645186295779,94.9411577041221,83.1400170777366,84.0,71.0,0.0,72.0,,,1.2,64.0,293.95123291,1.345,1.507,12.37191949007,24.64758548549878,17.82187594650936,356.2796909249718
Grenada,GRD,2011,92.3,63.07153356622145,95.8631024745749,93.5480727629389,95.0,95.0,0.0,76.0,,,,1.8,403.17129517,,,10.2776246221522,26.66085042377708,20.53066831475597,364.9999913329892
Guyana,GUY,2011,100.0,90.13695548213,92.362661216299,84.0747338507827,93.0,93.0,50.0,68.0,,,1.4,145.0,186.11392212,,,17.0102709095446,26.26126605091499,20.83890258779643,364.9198639131087
Haiti,HTI,2011,3.7,270.400590848334,64.4832332548174,25.3435874681096,68.0,0.0,0.0,38.0,,,1.8,389.0,77.12206268,1.209,0.14,14.1411517955388,25.53819024795649,18.60521195118008,361.4673840298415
Jamaica,JAM,2011,87.4,98.31789187102817,91.8039421170674,84.768570999696,92.0,91.0,0.0,73.0,,,1.5,5.9,341.33453369,,,19.9260997656634,25.82525933592063,19.21756647211171,364.3970957288212
Saint Lucia,LCA,2011,95.6,54.762973159701104,93.6615915186217,83.4554358381498,99.0,99.0,0.0,71.0,,,0.3,4.1,462.20251465,,1.845,10.640114916055,26.546529347072003,20.144223949646488,364.0988170119103
Saint Vincent and the Grenadines,VCT,2011,95.3,65.0190808228833,97.2101310501317,84.5254997766492,96.0,96.0,0.0,75.0,,,1.0,16.0,276.15722656,,,10.3211484899794,26.5968013386148,20.37093007574336,365.00000506727787
Suriname,SUR,2011,88.3,46.88415540398345,93.9753934172561,83.8081495753945,80.0,80.0,0.0,70.0,,,1.5,35.0,375.34957886,,,16.3515994214662,26.419735781904144,20.643545391144897,364.35557467952094
Trinidad and Tobago,TTO,2011,100.0,13.3784970970413,97.5697030865947,94.3740852058431,90.0,90.0,0.0,74.0,9.2,6.4,,23.0,872.96398926,3.139,1.743,14.0082614945374,26.491801632552807,20.666080239281413,364.99999813578006
Bolivia (Plurinational State of),BOL,2011,77.8,164.51080139543,87.4130245086648,49.9801309822713,95.0,95.0,0.0,51.0,,,0.3,177.0,119.78379059,0.98,0.461,30.2808785160905,15.240394851513582,9.903109557341894,298.1916786068851
Ecuador,ECU,2011,93.8,84.27733152357214,88.9995700135052,81.0578095261347,88.0,88.0,71.0,74.0,,,0.4,50.0,340.40786743,2.064,1.382,18.9757073503174,19.26773364526673,14.421122171819118,362.501627623084
Peru,PER,2011,67.4,85.67420238380925,87.9963640224872,71.803986474928,91.0,91.0,82.0,65.0,19.5,0.4,0.3,155.0,264.46487427,,,29.706354612961,15.88136938686564,11.269470375574176,335.2791749940316
Colombia,COL,2011,85.8,66.15939258842036,94.125708214804,85.1963554743704,85.0,85.0,46.0,73.0,,,0.5,40.0,501.84420776,0.952,1.754,19.4233780082529,20.396581591324946,15.170662196150202,357.8213006429225
Costa Rica,CRI,2011,92.8,51.35100457902015,98.2283678408566,96.176583273924,85.0,81.0,68.0,81.0,,,0.3,15.0,753.42633057,1.933,2.384,19.3112349144129,21.75826237016585,16.712113332004,362.8125060464548
El Salvador,SLV,2011,78.5,133.2695764532555,83.1302988113916,84.015819833389,89.0,89.0,95.0,76.0,,,0.5,43.0,295.64242554,,,31.7764794212371,25.740170352357183,17.155658673333573,291.17175673388823
Guatemala,GTM,2011,37.0,125.7030406505067,90.2534246699844,65.8097996494068,88.0,88.0,0.0,58.0,,,0.3,23.0,191.24732971,,,31.96363951634,20.738083903051454,13.904884132041538,332.78175735235743
Honduras,HND,2011,43.35,197.9741861390445,90.7803603583435,75.5188630035409,97.0,97.0,78.0,59.0,,,0.4,66.0,182.3137207,,,33.3998623380405,23.755996154122347,16.56757053174715,320.11191723089223
Mexico,MEX,2011,84.8,31.392607210088,96.1869601419422,86.4428801813735,97.0,97.0,98.0,73.0,,,0.3,27.0,565.31738281,2.519,2.109,17.9603910904213,19.902004851162683,10.93627981005872,262.811901556832
Nicaragua,NIC,2011,45.7,195.68623856283105,,,98.0,,,67.0,,,,74.0,125.13540649,1.385,0.825,21.7376057725567,25.79073708310184,18.303236339929786,318.54062017799794
Panama,PAN,2011,100.0,38.27251665756425,92.175026614494,74.1041771182907,87.0,87.0,63.0,76.0,,,0.9,64.0,664.97564697,2.323,1.503,15.1716286040201,25.321217805474674,19.97800932970128,364.5530472437123
Venezuela (Bolivarian Republic of),VEN,2011,96.7,32.96228380147885,95.279654448962,92.3973725863708,78.0,78.0,0.0,70.0,,,0.5,32.0,,,,22.8636972220686,25.14031325624693,18.699908864065183,352.83972148283226
Brazil,BRA,2011,94.4,44.9772555728139,96.7300307300568,82.5075308980562,99.0,99.0,82.0,80.0,,,0.4,42.0,1043.3548584,,1.87,15.0149383266817,22.81874789785533,15.578342308054562,326.6996413930635
Paraguay,PRY,2011,59.0,87.91115610368655,89.6017300612008,83.2658343869198,92.0,91.0,0.0,70.0,,,0.3,62.0,337.81317139,,,14.3574917202928,22.202730992127,14.704176930583738,318.1211256758307
Algeria,DZA,2011,99.3,46.30319946906385,90.7933523397582,87.1892375603954,95.0,95.0,0.0,62.0,,,0.1,87.0,285.5020752,,,15.9157535272917,17.915961633632612,9.805566115246878,282.79012362544995
Bahrain,BHR,2011,100.0,42.56892771247085,99.9373438917679,99.9836036368523,99.0,99.0,99.0,77.0,,,0.1,29.0,921.72064209,2.645,1.001,54.6856108835961,26.081798319527977,16.26269170366044,271.48042193849795
Egypt,EGY,2011,99.4,83.47873460922011,98.2135282519016,94.3145999279775,96.0,0.0,0.0,74.0,,,0.1,15.0,116.22949219,,,40.8977537424026,22.025735983650733,10.534378767770578,202.0476636396529
Iran (Islamic Republic of),IRN,2011,96.9,27.7213376315978,96.1763033647874,85.7898043501208,99.0,0.0,0.0,73.0,,,,28.0,505.33276367,1.902,,42.452340283915,15.466244099165891,6.057547521571222,282.64936345054656
Iraq,IRQ,2011,96.3,65.71093520234105,90.6562235048523,84.7190691046442,81.0,0.0,0.0,67.0,22.1,6.5,0.1,42.0,161.89790344,,,51.6251483019676,23.024486755114,7.274727944041852,281.9485886595052
Jordan,JOR,2011,99.9,76.89262169484016,98.8761377842126,97.7836292183144,98.0,98.0,0.0,77.0,,,0.1,6.4,321.59057617,,,29.1117532656141,18.9430180441584,9.271977257749604,183.26276382975868
Kuwait,KWT,2011,100.0,42.56892771247085,100.0,100.0,99.0,99.0,99.0,82.0,4.1,1.7,0.1,29.0,1147.15539551,6.574,2.484,64.3121796188421,25.988183740766853,8.614912133871506,264.9472232830333
Lebanon,LBN,2011,,45.08868583220895,89.3558248162257,88.7063343359999,82.0,83.0,0.0,66.0,,,0.1,15.0,640.69805908,,2.675,25.8236773224029,18.53559159600225,11.919267277880412,311.9260462885403
Libya,LBY,2011,,13.99389260804525,93.0792486754992,89.8887398609836,98.0,98.0,0.0,69.0,,,0.1,43.0,305.20037842,,,21.9932635411793,20.30218443862009,10.353686345099446,262.2962255239007
Morocco,MAR,2011,96.9,126.52684036527114,76.9300832583237,78.8617098179303,99.0,99.0,23.0,64.0,14.9,2.3,0.1,98.0,179.00019836,,,20.0117884593084,18.3314563995402,10.384649859854523,286.6242610411281
Palestine,PSE,2011,,195.0839881383015,97.706730631295,94.3190277945478,99.0,99.0,0.0,68.0,,,,1.3,308.36453247,,,20.404558390247,20.19829627174736,12.0790448502671,283.0560327898419
Oman,OMN,2011,100.0,42.56892771247085,88.2854889503874,96.9895887554529,99.0,99.0,99.0,76.0,,,0.1,17.0,563.23632813,4.628,2.057,48.1917051076879,27.560049179902386,14.28023888906067,271.7272029492758
Qatar,QAT,2011,100.0,42.56892771247085,99.9213635076417,99.9365479551322,93.0,93.0,98.0,82.0,,,0.1,47.0,1482.28308105,,,98.0607408213711,27.361069128564587,14.343481227592775,232.6255763620637
Saudi Arabia,SAU,2011,100.0,42.56892771247085,99.0612486326725,,98.0,98.0,98.0,81.0,,,0.1,17.0,954.38873291,5.157,2.27,73.8628444969087,26.383905224918035,9.300438013672384,264.1916763243111
Syrian Arab Republic,SYR,2011,98.0,136.5890429122005,93.0142407575588,91.3661532755884,72.0,72.0,0.0,70.0,,,0.1,29.0,78.28834534,,,31.9251281682889,16.97020066686207,8.42205305551248,230.3960822544264
Tunisia,TUN,2011,99.5,70.7408420941331,91.2448200352834,87.3826542238521,98.0,43.0,0.0,69.0,,,0.1,48.0,270.67507935,,,19.2235168460425,19.277079434546124,11.1868881591088,279.1455942069862
Türkiye,TUR,2011,94.4,28.62336323724015,94.5342469768029,93.9467893956226,97.0,97.0,96.0,72.0,,,,32.0,525.89105225,2.383,1.698,26.2322701397808,13.23917368412934,8.025210417895641,287.98198749316947
United Arab Emirates,ARE,2011,100.0,42.56892771247085,99.8338027658417,99.120999868482,95.0,95.0,95.0,74.0,,,0.1,2.4,1787.59997559,3.549,1.786,57.1500411170482,28.223301314752984,14.698954927440925,211.29674122967705
Yemen,YEM,2011,59.1,195.8809079983445,53.3817845403545,52.1227789441392,69.0,69.0,41.0,44.0,46.6,13.3,0.1,42.0,56.58930588,,,48.3766990875402,23.62616011086288,12.402493999345038,249.7075332247235
Afghanistan,AFG,2011,21.3,306.353819247305,51.3896718184372,36.4517450288191,68.0,68.0,0.0,36.0,,,0.1,204.0,52.18721771,,0.258,41.9026051489319,13.485554528856136,5.598252813621183,261.76483195777683
Bangladesh,BGD,2011,13.4,255.334384350162,96.6571382365005,42.417588032588,96.0,87.0,0.0,38.0,41.3,15.7,0.1,221.0,22.77348328,0.188,0.373,69.2015582728483,25.240737392601908,18.67146784587085,339.4278138143379
Bhutan,BTN,2011,69.1,127.45130049275596,93.3554661162874,64.8429159627493,95.0,0.0,0.0,58.0,,,0.1,421.0,77.75431824,,,31.4029331024336,20.45002055737035,14.772447371650491,339.72521811552497
India,IND,2011,36.95,198.191494371036,87.0106732998892,45.4108795020998,82.0,0.0,0.0,54.0,,,,268.0,48.18242264,0.982,,55.0258281992835,25.406971325647383,15.854516607500452,270.1111543324034
Nepal,NPL,2011,23.5,283.160609464449,86.3599023849968,44.4117125540755,92.0,92.0,0.0,39.0,40.1,11.2,0.2,302.0,34.14775085,,,52.7488588178893,21.814265426700743,14.986221586355624,310.229328066411
Pakistan,PAK,2011,36.6,192.9768215313315,88.978515573403,51.0548082670217,63.0,63.0,0.0,43.0,43.6,14.9,0.1,276.0,25.02491379,0.381,0.748,55.1733849833434,23.80079481751125,13.66186394897145,235.27000823731404
Angola,AGO,2011,44.9,136.8533549272035,52.4357414255652,43.1620627220945,50.0,50.0,0.0,39.0,,,1.8,469.0,122.11888123,,,21.5236235344248,22.31662665070623,14.13215347237722,323.73640296675546
Central African Republic,CAF,2011,0.5,341.54898090568804,46.5333196670966,17.5040118095515,47.0,47.0,8.0,29.0,,,4.6,545.0,19.62990761,,,39.2225449652738,25.440283926308595,16.761082528141614,312.50484480890265
Congo,COG,2011,18.4,167.528424520389,67.1844431261946,16.6267539486772,83.0,71.0,0.0,42.0,24.4,6.0,3.4,415.0,59.51348114,1.706,0.114,36.0770891735522,24.831174364631767,19.078307097062464,364.016335348731
Democratic Republic of the Congo,COD,2011,3.3,362.932142255987,36.8033581567191,19.1224518584775,70.0,70.0,3.0,37.0,,,1.2,490.0,11.89942932,,,37.5050047581615,24.04863794906624,16.664090876064712,330.945045508744
Equatorial Guinea,GNQ,2011,23.3,15.54132046939755,61.629611207728,64.6283695926991,54.0,0.0,0.0,34.0,26.2,3.1,,259.0,265.38485718,,,35.997544051315,24.46176653115679,19.19432077697725,364.9999997377583
Gabon,GAB,2011,81.8,36.57391612170901,84.899267815442,40.3193752929904,75.0,75.0,0.0,53.0,,,4.2,475.0,261.37597656,,,28.9402504273,25.108129713203645,19.36269006098975,364.9689432502634
Burundi,BDI,2011,0.2,359.25111872630146,57.7968901680733,45.354450786345,96.0,96.0,14.0,42.0,,,1.6,148.0,23.16802216,0.615,0.037,40.8879781915218,20.43632834473477,12.410575772735143,278.1771115484784
Comoros,COM,2011,3.6,270.376123552605,86.4595303039768,40.9270162396415,83.0,83.0,0.0,46.0,,,0.1,43.0,81.19863892,,,11.0582673035185,25.844503894917786,19.233142647018216,364.9999932355835
Djibouti,DJI,2011,6.8,233.22967666703948,76.6907534448216,54.5173591170882,87.0,87.0,0.0,40.0,31.0,10.8,2.4,1140.0,61.89852524,,,43.7035416781021,28.03847560231656,16.70112853150041,279.1830510078229
Eritrea,ERI,2011,8.5,315.0560864390515,50.1505293513249,11.3735403344941,94.0,94.0,0.0,39.0,,,1.0,262.0,35.55129623,,0.045,34.8376662422961,23.93818641580097,10.89053423259358,233.92850559813647
Ethiopia,ETH,2011,2.6,341.819278509267,35.7718966203647,6.13343630352376,65.0,65.0,12.0,24.0,44.4,9.8,1.3,253.0,14.62286568,,,25.2350078828693,19.47241189740928,9.70879595837818,254.03747154968497
Kenya,KEN,2011,7.9,254.8606428351145,54.7912792060119,31.5229174481557,96.0,96.0,85.0,52.0,26.3,6.0,5.3,506.0,57.02286911,1.406,0.177,21.8008758316208,21.25737494659916,12.512566824489369,274.8075151014897
Madagascar,MDG,2011,1.0,307.4200573859095,45.0153822584225,9.07317377918647,73.0,73.0,0.0,27.0,49.9,5.7,0.2,230.0,22.88667488,0.208,0.137,14.8317787262958,21.515895519763287,14.516955216907078,327.819434682059
Malawi,MWI,2011,2.4,324.607476502434,62.8400904977238,25.1902507973083,97.0,97.0,0.0,40.0,,,10.5,316.0,39.29234314,,,19.1678879677523,21.85366796694783,12.9903384850328,261.64798040126794
Mauritius,MUS,2011,97.8,34.186165486971,99.6140745200193,93.6423302206656,98.0,98.0,0.0,71.0,,,,16.0,385.76248169,2.853,1.407,15.9689639909968,24.21850539937637,17.07838839167867,363.8077009180415
Mozambique,MOZ,2011,3.3,337.2873234019275,40.7272349107275,22.2833615319123,77.0,77.0,0.0,37.0,42.9,6.1,12.3,359.0,30.42516136,0.402,0.054,15.6051763609066,23.45870070649548,14.64898304913153,280.46194222200364
Rwanda,RWA,2011,0.4,318.48984809763,54.0436163513461,61.8140834716847,97.0,97.0,97.0,45.0,,,3.6,76.0,51.64939499,0.641,0.0129,40.2979486427098,19.017262301139404,11.998963909069603,317.9935499809321
Seychelles,SYC,2011,100.0,22.3591695900244,95.4734966740774,97.6624128319055,99.0,99.0,0.0,72.0,,,,22.0,457.16436768,,1.103,9.40925567557466,26.51607750273116,20.050471585792685,365.00000019427097
Somalia,SOM,2011,1.25,384.4510546650735,45.5410874380133,31.0429095384234,41.0,0.0,0.0,22.0,,,0.1,204.0,,,,19.8844946368491,27.04397728202901,16.0661655874199,235.90347995272305
United Republic of Tanzania,TZA,2011,1.7,284.398235400059,44.5013525843349,18.2532282424589,90.0,90.0,0.0,42.0,35.0,6.2,4.6,401.0,37.75179672,,,24.0450043955925,22.91893313335835,14.310485638997545,286.56312521419574
Uganda,UGA,2011,0.9,285.535556728493,41.8062522892618,18.9965285314938,82.0,82.0,0.0,39.0,33.5,4.6,7.1,207.0,55.2076683,,,34.1383520886805,22.15867071364069,14.43213372784047,328.7661386742915
Zambia,ZMB,2011,15.8,241.825849042061,59.2434638607951,28.7731031923329,81.0,81.0,0.0,49.0,,,11.7,475.0,64.3181076,,,22.4770513593954,21.22155248378636,11.802513215549348,258.51658663856125
Botswana,BWA,2011,59.8,47.98381498893725,84.0822411614888,64.2325786938522,95.0,95.0,0.0,56.0,,,22.8,568.0,427.70709229,2.805,0.395,15.5405259285874,20.20609561807081,9.533433454955611,233.5578701849098
Lesotho,LSO,2011,32.8,270.15536107539003,70.6416125144182,30.4489318304881,96.0,96.0,0.0,47.0,,,24.9,1120.0,117.67031097,,,30.4382602629102,11.938171115594644,6.734254991290745,261.62137460311345
Namibia,NAM,2011,41.2,95.0623904627393,81.267654864296,33.3028894118118,82.0,82.0,0.0,58.0,,,13.1,815.0,624.59814453,,,19.1486949521859,20.264019675495813,8.66932545477752,299.9999402329708
South Africa,ZAF,2011,79.2,53.186749261359694,91.2307992186561,68.8359875393952,75.0,71.0,62.0,64.0,,,17.7,1200.0,686.87243652,1.046,0.709,28.534440032251,17.46884807093459,9.665157407021823,273.18624364834926
Eswatini,SWZ,2011,40.6,105.57879404893204,64.7063885949655,56.5601896645653,91.0,91.0,0.0,65.0,,,28.4,1300.0,365.25265503,,0.098,17.4873358750468,20.023197192573072,11.708723344501331,281.4784085021679
Zimbabwe,ZWE,2011,30.3,293.082765077473,67.6326265386138,40.5413099103148,93.0,94.0,0.0,43.0,,,16.0,384.0,83.82868195,1.252,0.078,16.7654811217047,20.576588185229635,10.64717367007027,237.24115874781185
Benin,BEN,2011,4.7,273.8550288296975,65.2045676976255,13.9760843860142,75.0,75.0,36.0,34.0,,,1.1,76.0,31.76816368,0.398,0.054,38.2689360574171,27.225398944269145,18.81163843422384,334.72988725317606
Burkina Faso,BFA,2011,6.4,312.132378247867,53.2337210751368,18.6760821491649,91.0,91.0,0.0,34.0,34.6,10.4,1.0,74.0,33.70409393,0.441,0.037,42.704603891547,28.9073537131886,13.100351060880444,298.7199482494193
Cameroon,CMR,2011,20.0,244.0389769658425,64.1180510058743,41.47285114669,81.0,81.0,23.0,44.0,32.6,5.7,4.7,259.0,58.33031845,0.947,0.091,52.6477399727018,25.38925442013344,15.117026218475266,332.1006791363031
Cabo Verde,CPV,2011,71.1,142.8276288635755,83.522244248535,61.8006547143134,90.0,90.0,0.0,61.0,,,0.7,121.0,157.08999634,1.062,0.571,19.5620829885396,23.72313446200559,16.700233325381056,364.78122061038806
Chad,TCD,2011,2.9,290.6666455633145,45.1988546215139,10.7545443393763,33.0,33.0,0.0,26.0,,,1.7,166.0,37.35868073,,,44.8699679772776,27.726703271198097,11.126226046012247,310.0786247655956
Côte d'Ivoire,CIV,2011,19.4,233.81098975802504,72.8823142494903,28.5975387967836,61.0,62.0,0.0,36.0,27.2,5.3,3.4,201.0,67.97618103,0.423,0.14,24.188010319203,26.114188918863043,19.274720050116304,350.1994619184082
Gambia,GMB,2011,2.4,269.2532880796165,79.2555392487377,46.3775424677641,96.0,96.0,95.0,52.0,,,2.0,178.0,31.05148888,,,37.4827882284656,27.418666960558507,15.802210054339309,288.6018686620826
Ghana,GHA,2011,16.3,208.76616916483,76.5016404793149,16.0135300837222,91.0,91.0,0.0,39.0,22.8,6.2,1.9,178.0,91.70959473,,0.095,30.3930045479609,27.00447141563777,18.974894926811448,340.007535574558
Guinea,GIN,2011,0.8,302.934548564677,58.360314361898,18.8300745161128,63.0,63.0,0.0,26.0,,,1.7,187.0,24.12806129,,,30.5038550590595,25.78659894728933,16.99900640414853,319.87235121541994
Guinea-Bissau,GNB,2011,1.1,314.558166938481,59.3599409743787,15.7782187068147,86.0,89.0,0.0,42.0,,,3.8,253.0,44.72909927,0.547,0.062,34.1313120548603,27.48640357739688,17.015161067445092,278.91676568707067
Liberia,LBR,2011,0.4,345.41121041997303,69.8933749749855,16.4280907750626,77.0,77.0,0.0,36.0,,,1.6,328.0,47.58517075,,,21.4654808181205,25.133793554758896,19.324260794726325,355.5508293826831
Mali,MLI,2011,0.9,299.0724274856535,67.2626511406481,30.9622372812507,66.0,66.0,56.0,37.0,27.9,10.4,1.3,70.0,31.67968369,0.346,0.111,41.3928404859631,28.77159254568162,12.554691756671543,299.45979626742235
Mauritania,MRT,2011,41.8,197.79749023384352,57.6405391140785,34.3867695026877,75.0,75.0,0.0,31.0,29.7,13.9,0.4,134.0,47.77469254,,,49.0196495739197,28.958574953639804,10.970942722392198,295.134548089359
Niger,NER,2011,1.5,339.068664724881,44.5891012347432,10.8898889805879,75.0,75.0,0.0,32.0,50.9,12.4,0.3,122.0,24.84123039,,,68.6712649060334,28.83607123701187,10.28893880163483,295.1235880405399
Nigeria,NGA,2011,2.2,185.2605255289045,61.6552661645974,35.5499413895312,53.0,0.0,0.0,40.0,35.8,10.2,1.9,219.0,80.2377243,,,60.5981870803509,26.74713804815003,16.466663679793676,331.43281202641936
Sao Tome and Principe,STP,2011,1.3,240.9159825156065,73.9480124273014,34.9099928554753,96.0,96.0,0.0,51.0,,,,163.0,69.45979309,,,15.3212336355054,25.60939125362821,19.74090195886881,365.0000106846912
Senegal,SEN,2011,32.1,251.32278950223449,72.9034178534763,48.5377592186689,92.0,92.0,0.0,40.0,26.7,9.8,0.5,179.0,57.93114853,,,40.7000713653305,26.54714836013412,15.019903970862991,291.8798953823116
Sierra Leone,SLE,2011,0.5,327.00108867363497,52.8771685676355,13.5601796070667,89.0,89.0,75.0,36.0,,,1.6,484.0,49.6336174,0.274,0.026,24.8500575155607,25.805612354078644,19.806067941085605,354.9684915474109
Togo,TGO,2011,3.9,313.198799314548,56.877895720393,14.1028173218821,85.0,85.0,0.0,33.0,,,2.7,81.0,34.41139603,,,34.3810861525479,27.128503655569286,18.53522735632899,327.77152210291183
American Samoa,ASM,2011,,66.9354774446918,97.6240088917791,62.2066071796158,,,,,,,,5.5,,,,3.68918333841989,26.476796669930515,20.26099259797897,364.9999966622117
Bermuda,BMU,2011,,42.56892771247085,100.0,99.9562311898436,,,,,,,,1.6,,,,5.63093887602618,21.820111570672765,15.042000243664408,331.2500130707598
Cook Islands,COK,2011,,32.916667233124144,,,,93.0,0.0,,,,,,,,,3.38615929448265,24.90685133651524,18.066052859079576,355.295478621734
Greenland,GRL,2011,,42.56892771247085,100.0,,,,,,,,,283.0,,,,1.82568347606147,-3.760330558245984,3.254708573164744,303.09217802272207
Guam,GUM,2011,,13.4063437990528,99.5014273590467,89.6750556089339,,,,,,,,85.0,,,,4.14392139176586,27.14235374653733,21.5122237911779,365.0000109931672
Monaco,MCO,2011,100.0,42.56892771247085,100.0,100.0,99.0,99.0,0.0,82.0,,,,1.1,8314.45996094,17.99,7.375,17.0091813024623,13.5743431097797,9.368727862851314,325.437483324002
Nauru,NRU,2011,100.0,163.5168164594485,98.2220524928242,66.7672764703033,99.0,99.0,0.0,55.0,,,,50.0,672.27624512,6.931,1.386,4.67457249644327,27.124311840120665,20.733432315233784,365.0
Niue,NIU,2011,,81.21127358398095,,,,99.0,99.0,,,,,,,,,3.07875546240482,25.58157112776126,19.03190863755772,363.099554990985
Northern Mariana Islands,MNP,2011,,33.8532075902543,98.5649983039505,96.8859713330322,,,,,,,,107.0,,,,3.64679900924553,27.090396938175545,21.32524306986409,364.999992395193
Palau,PLW,2011,100.0,48.5538611286875,99.4440153149557,96.0093169387409,84.0,85.0,61.0,74.0,,,,66.0,1072.56323242,,,5.92879378969501,27.10465715718987,21.5288256377416,365.0000128657321
Puerto Rico,PRI,2011,,14.69545872381565,98.835528657289,99.5982403760446,,,,,,,,2.0,,,,6.1758910486802,25.28681384139219,19.101949662223912,364.88089970426216
Saint Kitts and Nevis,KNA,2011,100.0,17.0480192571446,98.5869372007651,93.6454820341353,98.0,98.0,0.0,78.0,,,0.5,2.1,922.20574951,,,8.55405592230552,26.25180902211392,19.66686303758804,362.8124866265132
San Marino,SMR,2011,100.0,42.56892771247085,100.0,100.0,92.0,92.0,0.0,75.0,,,,0.0,4550.35058594,8.199,4.814,17.312206802426,12.94537661616956,8.41716253010257,275.8125033492505
Tuvalu,TUV,2011,50.5,228.203791250482,98.9387256390915,84.0026188953189,96.0,96.0,0.0,64.0,,,0.3,111.0,536.10473633,,,4.45159137716139,27.13036674531796,20.673051682797176,364.597246682484
United States Virgin Islands,VIR,2011,,42.56892771247085,98.9815412119196,99.1492234926411,,,,,,,,,,,,5.54902203905032,26.225869354433947,19.582191477420395,363.999990941386
South Sudan,SSD,2011,0.0,223.0656041844635,40.2979213684027,6.98593579388276,61.0,0.0,0.0,26.0,,,2.1,415.0,,,,28.5341579432629,27.808672000622707,14.246864506014443,306.8851587673444
Sudan,SDN,2011,35.8,191.53997770231751,52.4116810019842,31.3797006029968,93.0,93.0,0.0,39.0,,,0.1,105.0,80.37197876,,,42.2186016282076,28.45069624223716,9.316912570033,306.8331025961949
China,CHN,2012,63.1,85.01018225099745,89.7224776817502,79.464667537609,99.0,0.0,0.0,75.0,,,,73.0,284.69760132,1.823,1.562,48.6578207635684,14.700559996312498,10.478371235003682,291.51855335308244
Democratic People's Republic of Korea,PRK,2012,6.8,292.891124261851,96.2883252948552,79.4722787144222,96.0,32.0,0.0,76.0,27.9,4.0,,,,,3.39,25.1604028121368,9.067458827433738,8.280192289323256,278.4595324800795
Taiwan,TWN,2012,,31.83138643433335,,,,,,,,,,,,,,21.3295533804251,21.975824044734807,16.072524711870262,359.4182347385961
Cambodia,KHM,2012,14.7,250.001102817242,69.0059822259685,44.4635910579506,90.0,89.0,0.0,49.0,,,0.8,393.0,68.90019989,0.913,0.163,17.9326651804583,28.27213499793396,20.478293607645835,324.5067352910303
Indonesia,IDN,2012,51.5,96.67660845042796,86.0745858271754,65.7302519834107,87.0,0.0,0.0,54.0,,,0.3,335.0,105.85425568,,0.197,20.1620125202947,25.740780755277044,19.62202239442289,363.5846792309032
Lao People's Democratic Republic,LAO,2012,4.3,201.278593482372,71.9052632997901,61.0006356441256,77.0,77.0,0.0,49.0,,,0.3,204.0,32.46548843,0.856,0.321,26.4076206054393,23.24207679222009,17.226454001577494,354.3888655535852
Malaysia,MYS,2012,95.4,20.93942682451705,97.2149965525313,95.0372152977718,97.0,99.0,0.0,78.0,,,0.4,108.0,371.76046753,3.726,1.305,18.5246158481105,26.26030523814393,20.89486748508224,365.9547676515589
Maldives,MDV,2012,96.4,41.82727206858635,97.7812411341271,89.1747640869776,99.0,0.0,0.0,67.0,,,0.1,49.0,647.11553955,,,12.6876597813625,27.36942055303444,20.62716760621808,365.9995308950026
Myanmar,MMR,2012,13.0,227.388006502427,67.8182524811461,69.8075314320921,84.0,0.0,0.0,49.0,,,0.9,453.0,37.25568008,0.981,0.599,34.2629904984601,25.32521257219725,17.747802293274347,303.7199734455246
Philippines,PHL,2012,41.6,147.68657691759898,91.0748919479401,73.5302350229801,89.0,89.0,0.0,64.0,,,0.1,539.0,109.2149353,4.061,0.564,22.5654937983005,26.45142194056481,20.79903837713385,365.8437292586893
Sri Lanka,LKA,2012,23.4,94.50879790184815,86.9893246653002,86.576365798464,99.0,99.0,0.0,68.0,14.6,21.3,0.1,82.0,110.03600311,1.777,0.742,26.2507762201174,26.28490524695342,19.820193922845824,354.86557860175463
Thailand,THA,2012,75.5,47.12208930397525,97.6857256811255,95.4825472825224,99.0,0.0,0.0,78.0,16.4,6.7,1.6,172.0,201.70690918,,,25.20956576309,27.59040822942925,20.268261529440032,351.5566197031826
Timor-Leste,TLS,2012,5.9,287.48862779655303,66.7197738098251,43.41056257646,83.0,0.0,0.0,40.0,,,0.2,574.0,71.46888733,,,14.8958480900943,24.48567524294416,17.425850814953513,351.1418902969375
Viet Nam,VNM,2012,62.3,169.0849279338265,90.1878966419353,73.0592696760739,97.0,97.0,0.0,66.0,26.7,6.7,0.4,218.0,109.29483795,1.457,0.824,28.7625092173962,25.095183989113146,19.27536730351018,361.096810913307
Fiji,FJI,2012,35.7,95.8274406600086,95.1429478152795,91.9124427859318,99.0,99.0,0.0,66.0,,,0.1,43.0,153.56562805,,,6.44418172593553,24.82566126686363,18.70127525234626,363.607516453
Kiribati,KIR,2012,4.1,295.0070333856785,69.1908876881434,39.9871295227772,94.0,94.0,0.0,47.0,,,,784.0,146.6194458,,,4.518104208523,27.097056831214445,21.00469526108784,366.00000335448647
Marshall Islands,MHL,2012,61.6,227.584142396522,88.0994261058338,77.3953434668074,80.0,67.0,46.0,64.0,,,,517.0,410.4979248,3.638,0.467,5.05819654106788,27.025314844939764,21.293713743825748,365.9999894540824
Micronesia (Federated States of),FSM,2012,12.1,232.9958227846555,90.359489134931,74.1025329740369,81.0,66.0,60.0,62.0,,,,305.0,372.10220337,,0.667,4.5072999411258,27.10142375909202,21.38166686901405,365.9178903202288
Papua New Guinea,PNG,2012,8.2,241.586355671788,40.4828087269689,19.3208666166654,57.0,57.0,0.0,27.0,,,1.1,563.0,70.27664948,,,13.4566937852432,21.73048347189343,16.92839893218622,365.9277958547567
Samoa,WSM,2012,28.5,164.6446958332225,89.1355150319512,94.0015585083901,82.0,82.0,0.0,59.0,,,,11.0,197.01564026,1.72,,4.56253155986451,26.23090067456901,20.34315192911417,366.0000026781967
Solomon Islands,SLB,2012,8.2,279.5116582526025,73.8584084824388,27.8531008197691,92.0,92.0,0.0,42.0,,,0.1,165.0,100.84831238,1.684,0.15,8.78265267165911,26.51250995981862,21.13107210384649,365.8934481568932
Tonga,TON,2012,64.9,176.794803067438,98.8058202724573,92.2619222236095,95.0,95.0,0.0,67.0,8.1,5.2,,10.0,318.4196167,,,4.48451919627004,24.51304864943909,17.504751694427245,357.12940100531324
Vanuatu,VUT,2012,13.0,254.830753368098,86.3550557716608,52.2923051836702,82.0,82.0,0.0,47.0,,,0.1,104.0,118.27751923,1.844,0.185,7.55605167174116,25.42828600312765,18.97302993185596,363.74801573397855
Armenia,ARM,2012,96.8,98.30424662019576,98.5203266865955,90.7640014188273,95.0,95.0,0.0,68.0,,,0.1,70.0,331.91378784,5.22,2.859,26.175282946909,8.362395600510526,6.4366422298398085,268.1699684396339
Azerbaijan,AZE,2012,95.2,44.46254418509825,86.6181028034085,83.3900771954371,79.0,89.0,0.0,62.0,,,0.1,134.0,234.60324097,6.719,3.449,24.1972460640639,14.237797706190069,9.68968555252941,305.6180184073139
Georgia,GEO,2012,71.3,101.17137992931517,95.7077336027359,83.0457915125519,92.0,92.0,0.0,69.0,,,0.1,155.0,349.90432739,3.94,4.75,18.5215256244454,10.57398026441126,7.989315833765303,309.00119956386595
Kazakhstan,KAZ,2012,92.2,23.04587619462615,94.4202016510081,97.4984582188857,99.0,97.0,37.0,82.0,,,0.2,105.0,365.04208374,7.806,3.786,20.7632597816078,7.941167800243424,5.608679744184117,249.94736152599583
Kyrgyzstan,KGZ,2012,73.7,220.4262403628735,87.7276670753468,95.7313479681621,96.0,96.0,0.0,68.0,17.9,2.8,0.2,186.0,98.66984558,5.856,1.878,21.3445544964715,9.116843489919075,5.801023401748312,229.54073476760743
Mongolia,MNG,2012,38.6,100.69337369828546,77.0456343168303,58.3638961437545,99.0,99.0,0.0,67.0,,,0.1,428.0,169.6519928,3.822,3.075,43.5127011393132,-1.3473737158763588,3.487156548518244,232.6212223057255
Tajikistan,TJK,2012,72.8,257.994232313564,73.6660677042202,94.4209455801784,94.0,94.0,0.0,70.0,26.9,9.9,0.2,147.0,56.97117615,4.32,1.697,27.2182421237884,10.321820273754671,6.211484556823394,206.7625485654461
Turkmenistan,TKM,2012,99.9,48.7150792788941,95.4189411344182,96.2760286614644,97.0,97.0,0.0,79.0,,,,76.0,289.13015747,4.078,2.029,27.9910667561883,15.029118466921208,6.3939010182062805,259.7500838439785
Uzbekistan,UZB,2012,85.2,135.1098436001575,92.8244223164543,95.0891018078637,99.0,99.0,0.0,81.0,,,,87.0,127.94210052,11.47,2.461,29.8599622066362,14.09538496016643,6.601192265016718,230.17997305441543
Albania,ALB,2012,70.8,83.36294735833926,92.2287796980299,96.210272006809,99.0,99.0,99.0,60.0,,,0.1,16.0,260.68319702,4.425,1.27,19.0674970188242,13.583841020798538,8.69523230529689,275.20167387244896
Bosnia and Herzegovina,BIH,2012,43.0,81.11681593095645,96.2350673868213,95.2539082676635,92.0,87.0,0.0,61.0,8.9,2.3,,61.0,444.93655396,5.788,1.914,30.9238504274899,11.552038699755611,7.7217309257759155,267.89722298826587
Bulgaria,BGR,2012,,37.44245474195645,99.4202191539046,85.9520368037234,95.0,95.0,94.0,68.0,,,0.1,44.0,558.64794922,4.831,3.868,26.2195407538234,12.268021557660369,8.150588912379062,259.9913484085497
Croatia,HRV,2012,100.0,19.456604891136948,99.8012216684385,96.1289814804925,96.0,96.0,0.0,74.0,,,0.1,17.0,1034.02124023,6.073,2.999,20.5974954444333,13.132823253061328,8.471316425413013,259.5621053361728
Czechia,CZE,2012,100.0,13.411010050741,98.3922881866856,99.0741157391505,99.0,99.0,0.0,82.0,,,,6.8,1509.77526855,8.486,3.676,18.3649701006501,9.143078710125907,7.069528931103483,307.5033862247571
Hungary,HUN,2012,100.0,17.3302697585349,97.5597402653732,98.0021500731039,99.0,99.0,90.0,78.0,,,,16.0,961.1383667,6.5,3.09,20.2847528931058,11.849980557608058,7.5434312393813565,244.0302090132789
North Macedonia,MKD,2012,70.7,62.7526250634098,97.4178150815546,93.4817519077294,95.0,95.0,0.0,63.0,,,0.1,26.0,317.978302,4.247,2.839,28.7826561726187,11.883265707121424,6.606550221373569,259.32962832269703
Montenegro,MNE,2012,62.4,43.682261874664704,96.8718312757474,93.8897863076242,94.0,94.0,0.0,68.0,,,0.1,24.0,535.16223145,4.878,2.014,24.1979418272443,11.883502263661828,8.018950556924914,268.7778147988086
Poland,POL,2012,100.0,19.56502687343155,96.6064109843745,95.6349971602727,99.0,99.0,0.0,78.0,,,,24.0,815.1418457,8.379,2.223,23.6753724603608,8.623337148577585,7.28127263579529,329.56230863549314
Romania,ROU,2012,100.0,28.362384196234448,100.0,80.7099325881725,91.0,92.0,0.0,72.0,,,0.1,109.0,401.67105103,5.957,2.598,21.3523283781058,10.350656827683387,7.564623082596179,278.6175545266203
Serbia,SRB,2012,69.7,48.9867443923145,92.145298947486,96.8502790858125,91.0,90.0,0.0,63.0,,,0.1,39.0,559.90545654,6.214,3.047,25.4492136747368,12.431613041917256,7.644051975984708,249.5531889802263
Slovakia,SVK,2012,100.0,15.33421764878095,99.3758319231796,97.9115016184272,99.0,99.0,99.0,80.0,,,0.1,7.8,1319.43823242,6.151,3.366,20.5939546627895,10.123146899571228,7.266818218876323,273.38506240111127
Slovenia,SVN,2012,100.0,13.37086424210365,99.6294197306378,98.7914681764936,96.0,96.0,0.0,80.0,,,0.1,8.4,1974.85400391,8.236,2.546,17.7257087821966,11.250630858055818,8.13797902879398,301.6660877554948
Belarus,BLR,2012,99.2,33.806838612345146,98.5737838074881,96.0160380409651,98.0,22.0,0.0,76.0,,,,73.0,364.09957886,10.86,3.885,16.9065715512912,6.865433956779291,6.983169995218439,336.2014030504779
Estonia,EST,2012,100.0,15.4563498737468,99.2291464773041,99.1574914721091,94.0,94.0,0.0,75.0,,,0.8,27.0,1058.71960449,6.461,3.284,8.66776188531885,5.276891945743437,6.458742227531587,349.6722535834903
Latvia,LVA,2012,100.0,22.104130458776098,98.3436350689574,90.1188989835072,91.0,90.0,55.0,75.0,,,0.6,76.0,745.51745605,5.054,3.144,17.834456118302,6.319294890851543,6.712287622838912,344.10515378797294
Lithuania,LTU,2012,100.0,18.7145637000061,95.2233550480364,90.3009705081306,93.0,93.0,0.0,73.0,,,0.1,91.0,896.93707275,7.892,4.218,16.4159435450745,6.883919899995217,6.915383006417662,341.99066373302185
Republic of Moldova,MDA,2012,94.3,151.595719224396,87.601707230864,78.5416235324603,92.0,90.0,0.0,70.0,6.4,1.9,0.9,128.0,223.61895752,6.56,2.889,20.1331278777741,11.13711159213373,7.506157945796969,255.50833307947067
Russian Federation,RUS,2012,100.0,18.048621180610752,96.5883061212066,85.0560724272836,97.0,0.0,0.0,75.0,,,,77.0,755.48553467,4.136,4.003,14.8318275179914,5.04368932985655,6.251170288354901,306.65623939371056
Ukraine,UKR,2012,94.8,81.1490826705734,93.9295625796783,96.3728907161999,76.0,83.0,0.0,78.0,,,,127.0,270.76205444,7.39,3.434,19.2945159677439,9.447950519960727,7.414771291185329,293.1142850748103
Brunei Darussalam,BRN,2012,100.0,42.56892771247085,99.8317034516111,87.3144713929755,95.0,95.0,0.0,81.0,,,,86.0,869.36553955,8.168,1.469,9.26471190023977,26.77568110814268,21.442258576850232,365.9780205261106
Japan,JPN,2012,100.0,22.6222541596068,98.7990050921792,99.9705380512742,97.0,99.0,98.0,82.0,,,,20.0,5232.36279297,10.73,2.283,13.3798864588537,14.382868089825656,10.342074153814774,302.56456796377734
Republic of Korea,KOR,2012,100.0,14.1296190868919,99.1942104423568,99.9258541461813,99.0,0.0,0.0,85.0,,,,94.0,1603.93432617,4.907,2.099,22.6003524074239,12.395158071182417,9.16468207241946,270.9708777402624
Singapore,SGP,2012,100.0,42.56892771247085,100.0,100.0,97.0,0.0,52.0,87.0,,,0.1,53.0,1853.02429199,5.557,1.932,18.7739150503469,27.06439778692582,21.36208017323441,366.0000054061638
Australia,AUS,2012,100.0,42.56892771247085,99.9007717329478,99.9966357459236,92.0,92.0,91.0,89.0,,,0.1,6.7,6038.87158203,10.17,3.293,5.39664894010799,16.768988263695654,10.265945749539446,307.57205433247486
New Zealand,NZL,2012,100.0,15.0492057800899,99.9999978085497,99.9999978085497,93.0,93.0,92.0,88.0,,,0.1,8.1,3682.94213867,10.59,2.713,6.61667168493178,13.297030255459116,9.227055867363957,359.37821815488184
Andorra,AND,2012,100.0,42.56892771247085,99.9999982821599,99.9999982821599,99.0,98.0,0.0,72.0,,,,12.0,2788.69238281,3.971,3.112,11.2727964795959,8.491404540774614,6.513485759391036,291.53548490326096
Austria,AUT,2012,100.0,42.56892771247085,100.0,99.982312100595,92.0,92.0,0.0,82.0,,,,9.0,4983.67724609,6.886,4.927,14.2633315811578,9.185020379993388,7.285017579198725,315.3854745986943
Belgium,BEL,2012,100.0,42.56892771247085,100.0,99.4861435479371,99.0,98.0,93.0,85.0,,,0.2,9.7,4763.93505859,10.61,2.933,14.7753104581848,10.279456148134004,8.018705487690964,353.5466888461372
Cyprus,CYP,2012,100.0,13.713286352186753,99.8106809810866,99.5523804913216,99.0,96.0,0.0,73.0,,,,7.6,1899.37255859,3.523,2.236,24.8549561269072,20.26252083682788,12.227564946012995,287.02544724639233
Denmark,DNK,2012,100.0,42.56892771247085,100.0,99.5972365782487,94.0,94.0,93.0,81.0,,,0.1,7.8,6155.76367188,11.24,3.837,9.66883000239718,8.444749728267613,7.344074096670829,356.91844577158025
Finland,FIN,2012,100.0,42.56892771247085,99.9999978985936,99.4480121860374,99.0,99.0,92.0,84.0,,,,5.7,4573.19726563,11.42,3.556,6.69926003675058,4.116379246004232,6.030100919433186,342.1201196101056
France,FRA,2012,100.0,27.97441320945196,100.0,98.653944875706,99.0,98.0,89.0,81.0,,,0.3,8.9,4659.92431641,9.038,3.139,13.9323322128474,12.31853550145493,8.586650792049623,318.89053672396915
Germany,DEU,2012,100.0,42.56892771247085,99.9999983586453,99.2247613890783,95.0,93.0,84.0,85.0,,,0.1,5.5,4744.87011719,10.41,3.922,12.9545311145046,9.536316525330278,7.439800131016613,329.7163252565283
Greece,GRC,2012,100.0,13.3760384454481,99.948239360805,98.7078706841622,99.0,95.0,32.0,73.0,,,0.2,6.3,1948.24816895,3.581,5.778,17.7408338148344,16.943554635268132,9.888426772863928,261.1708215485346
Iceland,ISL,2012,100.0,42.56892771247085,99.9999957149588,98.7844113664715,89.0,89.0,86.0,88.0,,,0.1,3.1,3784.38378906,15.96,3.56,4.28469553971635,4.722546471921806,5.464737424221732,345.152471945668
Ireland,IRL,2012,100.0,42.56892771247085,96.8806445019551,89.8752066389218,95.0,95.0,91.0,81.0,,,0.2,9.5,5187.27197266,12.98,3.949,8.18207039845128,9.79311841171467,7.961946446568948,364.4261886652487
Israel,ISR,2012,100.0,13.6086331306496,100.0,99.9884608340089,94.0,94.0,93.0,81.0,,,,8.3,2405.1809082,5.241,3.503,20.7683305581639,20.97046711517617,13.937677786442912,329.81250494730995
Italy,ITA,2012,100.0,23.802991499471148,99.8656091397081,99.8856332979671,97.0,96.0,82.0,81.0,,,0.3,6.3,3071.00048828,5.325,3.81,19.0010283847063,14.639928470799957,9.604364609018566,299.5972707207514
Luxembourg,LUX,2012,100.0,42.56892771247085,99.9999990171324,97.6347032194608,99.0,99.0,95.0,82.0,,,0.2,11.0,6029.47460938,12.29,2.807,13.1146493036684,9.676189708396736,7.650813938026616,336.3921761209288
Malta,MLT,2012,100.0,13.5388155976685,100.0,99.9576050642504,99.0,99.0,0.0,80.0,,,0.2,9.8,1898.50866699,6.967,3.237,12.9665997589316,19.796867653035783,13.471836566123022,340.7594359200935
Netherlands,NLD,2012,100.0,42.56892771247085,100.0,97.7732705537269,97.0,97.0,96.0,82.0,,,0.2,6.3,5284.64990234,12.19,3.223,13.057940983087,10.325073051995345,8.09216676230743,356.3141702586974
Norway,NOR,2012,100.0,42.56892771247085,100.0,98.060379335627,95.0,95.0,93.0,85.0,,,0.1,8.0,8970.11914063,17.07,4.232,6.94681114643302,5.38740284134758,5.893038166697487,334.7454845045639
Portugal,PRT,2012,100.0,13.68497518237345,99.166331194383,98.9556231886088,98.0,98.0,0.0,84.0,,,0.6,28.0,1976.91479492,6.221,4.241,8.72868716918715,15.035568444238413,9.539703885003988,319.3747026042795
Spain,ESP,2012,100.0,15.39230216547365,99.9861677203853,99.8919111266773,96.0,96.0,0.0,83.0,,,0.4,15.0,2620.84204102,5.385,3.804,11.6919954874835,15.651019018487109,8.898666760933494,289.41698514731405
Sweden,SWE,2012,100.0,42.56892771247085,99.6332110988659,99.0011691334878,98.0,98.0,98.0,82.0,,,0.1,7.6,6280.82519531,11.69,3.967,6.62533792798124,6.288902617350496,6.564999483485695,344.26754547061984
Switzerland,CHE,2012,100.0,42.56892771247085,100.0,99.8868750975179,96.0,95.0,62.0,85.0,,,0.2,6.3,8868.98144531,15.88,3.915,12.9054774876848,9.15064609371198,7.394822545498635,327.4585148781366
United Kingdom,GBR,2012,100.0,27.19363034579325,99.9999990594779,99.1160182938712,95.0,95.0,92.0,85.0,2.1,0.4,,15.0,4204.08300781,8.395,2.69,11.1751270771676,9.639180995355945,7.846969402044216,363.21827840509326
Argentina,ARG,2012,99.5,25.781606002047,98.8052992922814,93.2268060456617,91.0,91.0,41.0,79.0,,,0.4,27.0,1363.21618652,2.49,4.823,14.0989689010505,17.17644666154664,10.433903862550563,282.22248311091136
Chile,CHL,2012,100.0,22.8787838305601,97.8035215361194,97.2284642217627,90.0,90.0,82.0,74.0,,,0.4,18.0,1070.51293945,1.836,1.735,21.5652714471192,13.359869593077418,8.036048859814404,267.96828985665417
Uruguay,URY,2012,100.0,30.091304193668947,98.7111485515081,95.7751867461269,95.0,95.0,93.0,83.0,,,,31.0,1347.02868652,,,11.6526564712501,17.794687470742495,11.691653179244405,325.6318241725691
Canada,CAN,2012,100.0,42.56892771247085,99.0365046606561,99.3455544247407,91.0,90.0,73.0,90.0,,,0.2,5.6,5518.5703125,9.372,2.3962,6.91602708094203,7.962122665529693,6.884197428685613,307.4122275142586
United States of America,USA,2012,100.0,42.56892771247085,99.1811105889535,99.8259022136233,94.0,93.0,92.0,86.0,2.2,0.3,,3.8,8262.29296875,11.03,,8.71315206553226,15.41626434033738,9.298949318846269,264.0148633228633
Antigua and Barbuda,ATG,2012,100.0,15.755824752624,98.2971057730873,94.0042537403254,98.0,98.0,0.0,81.0,,,0.8,3.4,753.50183105,,,10.0602793049058,26.308112529919462,19.55174430569309,365.9931632483322
Bahamas,BHS,2012,100.0,16.22955990905505,98.7703276635449,92.8889204285797,98.0,98.0,37.0,80.0,,,1.7,12.0,1518.64953613,,,6.12530962163224,24.810357668171207,17.59202155986934,342.28613444732355
Barbados,BRB,2012,100.0,29.6889422933906,98.6393854614801,94.3062511775803,87.0,87.0,84.0,81.0,7.7,6.8,1.2,1.4,1294.78674316,,,12.7188332050096,26.57028530442994,20.053470070793,365.9999994138994
Belize,BLZ,2012,83.5,80.67527609126276,92.3707609731193,83.9714754365874,98.0,98.0,0.0,68.0,,,1.4,40.0,247.97563171,1.115,1.157,14.8465727385806,25.646401506687027,19.755933336224423,362.4876998094226
Cuba,CUB,2012,90.1,131.5640068622535,93.3348598456684,87.0910198102198,99.0,96.0,0.0,83.0,,,0.4,8.3,601.74957275,8.151,7.26,9.31386513126439,25.341656140744213,17.84679596739424,355.79415531136976
Dominica,DMA,2012,88.6,76.21287182348145,95.6914288767891,79.1107439552219,97.0,97.0,0.0,75.0,,,0.4,10.0,407.42053223,,,12.3769425636612,26.065766276092955,19.545033728419494,365.9999889548884
Dominican Republic,DOM,2012,88.0,61.17752467340715,95.2053026765105,83.7029811065399,85.0,70.0,0.0,73.0,,,1.1,61.0,304.23754883,,,11.9047106498909,24.718872635852204,17.961603938074397,358.8592363287815
Grenada,GRD,2012,92.0,62.605486104844346,95.9713888869245,93.4551894556889,97.0,97.0,0.0,75.0,,,,0.89,413.02658081,,,12.4957389519333,26.638270608116336,20.35683168614258,366.0000046580487
Guyana,GUY,2012,100.0,84.86560057135114,92.6609284046395,84.731495888913,97.0,97.0,90.0,69.0,,,1.4,148.0,201.88832092,,,18.078707012209,26.153365673460605,20.68942997858207,365.75367366031145
Haiti,HTI,2012,3.8,269.9472720808755,65.2057837814604,25.7813149858061,66.0,0.0,0.0,39.0,22.0,5.1,1.7,372.0,75.08546448,,,13.6823892132522,25.618670338945005,18.69879230672626,363.6065505221666
Jamaica,JAM,2012,88.0,98.06482345951004,91.4871976831064,85.2981420323076,96.0,96.0,0.0,73.0,6.8,3.0,1.4,5.0,330.38525391,1.55,0.363,20.6965656842447,25.91407808656924,19.13568006585937,365.2722482451276
Saint Lucia,LCA,2012,95.8,53.15753895651071,94.0569581898498,83.2177970691817,98.0,98.0,0.0,71.0,2.5,3.7,0.4,6.4,456.06369019,,2.19,12.0579592714598,26.56973862033888,19.82948863298371,365.449226246748
Saint Vincent and the Grenadines,VCT,2012,95.1,64.1202871256688,97.3744027323459,86.2035023550135,96.0,97.0,0.0,75.0,,,1.0,28.0,298.78082275,,0.938,12.4896020419892,26.590916389120427,20.152056269078383,366.0000114664008
Suriname,SUR,2012,89.2,43.3777615982431,94.415755076208,84.4670825315891,76.0,76.0,0.0,71.0,,,1.6,35.0,406.05526733,,,17.5598973512618,26.428875344578323,20.475752539518748,362.9109334126788
Trinidad and Tobago,TTO,2012,100.0,13.5028472887596,97.6989849398985,94.3614743999076,92.0,92.0,41.0,75.0,,,,27.0,895.08026123,,,15.2092044113822,26.38840461382728,20.580622490567723,365.99999861816497
Bolivia (Plurinational State of),BOL,2012,78.9,158.681273880882,87.931656511904,51.6491998600636,93.0,93.0,0.0,56.0,18.2,1.5,0.3,161.0,135.32060242,,,26.3774150753894,15.226147281980364,10.114674116358874,304.8374988139305
Ecuador,ECU,2012,94.0,79.93144459821295,89.2843795348701,81.8481545734272,87.0,87.0,94.0,72.0,25.4,2.4,0.4,51.0,387.54577637,,1.561,18.0424343279012,19.340925675459747,14.579520877150289,362.4528829050598
Peru,PER,2012,69.4,78.98069232883441,88.6072952219099,72.3636014252996,95.0,95.0,89.0,66.0,18.4,0.6,0.4,143.0,309.31439209,1.524,1.139,28.7081917720721,16.378744650035234,11.685816568330678,339.55477574920013
Colombia,COL,2012,86.5,62.147918231236446,94.3863166731145,86.0790424953877,92.0,92.0,84.0,76.0,,,0.5,39.0,547.00732422,1.016,1.814,18.5684399142815,20.62424587748029,14.943811166830637,348.2634532387652
Costa Rica,CRI,2012,93.1,48.581989349361706,98.4744866370989,96.4170699422162,91.0,90.0,89.0,82.0,,,0.4,14.0,788.53100586,2.042,2.471,18.5556568857618,21.88691334559441,16.41273849820999,362.2602372377719
El Salvador,SLV,2012,80.4,128.427577286821,83.9776688792965,84.3807461910215,93.0,92.0,94.0,77.0,,,0.5,46.0,301.03710938,,,28.8449690841345,26.07370448187929,16.643469548887392,265.975650307896
Guatemala,GTM,2012,37.5,123.1821495164395,90.4874258264266,66.1775447968584,96.0,96.0,0.0,58.0,,,0.3,26.0,200.84880066,,,29.6585058561654,20.66519401243527,13.695938560706876,329.63306811122914
Honduras,HND,2012,44.0,195.1299932344825,91.2001031419735,76.4883396029045,98.0,98.0,97.0,60.0,22.6,1.4,0.3,59.0,184.04154968,,,28.4877328595734,23.71384536750185,16.41344131463529,322.8865487597831
Mexico,MEX,2012,84.8,30.4673991522393,96.483147256866,87.0483009641919,99.0,99.0,99.0,75.0,13.6,1.6,0.3,26.0,582.48297119,2.559,2.12,16.8850710128223,19.75561961098837,11.20436040042592,270.77662598389395
Nicaragua,NIC,2012,47.0,191.778882411346,,,98.0,,,68.0,17.3,2.2,,74.0,133.64489746,1.388,0.872,19.8316265447103,25.90907688736764,18.008474493908547,313.7175585059727
Panama,PAN,2012,100.0,33.93408675950275,92.3514556960261,75.2147165198156,85.0,85.0,76.0,78.0,,,1.0,58.0,725.01544189,,1.603,16.0341321648034,25.50692515062734,19.95902592450304,364.128940014132
Venezuela (Bolivarian Republic of),VEN,2012,96.5,29.913173609908853,95.1025595890046,92.9426647129532,81.0,81.0,0.0,73.0,,,0.5,32.0,,,,21.7079816379195,25.2966872902822,18.50360032362225,352.1979032023752
Brazil,BRA,2012,94.8,41.93445649794215,96.9831894902775,83.3102185091362,95.0,95.0,88.0,81.0,,,0.4,42.0,968.7277832,,,13.6373535030931,23.316356952310464,15.43983511270807,317.0505600028521
Paraguay,PRY,2012,60.7,83.98911576812961,90.6978954700582,84.3199132953919,91.0,91.0,82.0,69.0,10.7,2.6,0.4,62.0,368.7868042,1.134,1.391,14.1010144483119,23.039508691399675,14.596014909908694,281.61199345221314
Algeria,DZA,2012,99.4,44.673157525982,90.9547062510195,87.0935387595053,95.0,95.0,0.0,65.0,11.7,4.1,0.1,85.0,340.09176636,,,16.1392471454087,18.05828604093849,9.393733778999408,286.9690216493073
Bahrain,BHR,2012,100.0,42.56892771247085,99.9354055727918,99.9876231127526,99.0,99.0,99.0,78.0,,,0.1,28.0,1038.1661377,2.651,1.023,60.1462862483855,26.25186300703536,16.458626029378365,274.4560413503867
Egypt,EGY,2012,99.5,78.57647532227864,98.1415728406932,94.5236904418701,93.0,0.0,0.0,73.0,,,0.1,14.0,139.81625366,,,42.6414652957417,22.56906924032356,10.641203841803057,193.5497323296826
Iran (Islamic Republic of),IRN,2012,97.1,26.9755457788838,96.3261590816988,86.4018915038268,99.0,0.0,0.0,76.0,,,,26.0,500.21826172,,,40.6183895493049,15.636696099491484,6.139682251833658,280.7935538716987
Iraq,IRQ,2012,97.1,57.7962382738975,91.5604108838011,86.4826460447995,72.0,36.0,0.0,68.0,,,0.1,39.0,174.48312378,,,53.0903644919475,23.96072042545613,7.3757878814976925,303.1552414876636
Jordan,JOR,2012,99.9,73.71743952261261,98.9204228747465,97.6815546659463,98.0,98.0,0.0,77.0,7.8,2.4,0.1,6.4,325.97836304,,,31.5006699984411,19.78243413039985,9.437573450394405,188.70670842175937
Kuwait,KWT,2012,100.0,42.56892771247085,100.0,100.0,98.0,98.0,99.0,82.0,4.3,2.4,0.1,30.0,1216.8684082,6.444,2.475,66.1535213079572,26.444894405131723,9.162001259197227,282.4090628179911
Lebanon,LBN,2012,,42.209198712455006,89.8138835365079,90.0155126489113,83.0,84.0,0.0,67.0,,,0.1,18.0,588.83917236,,,25.2379752530515,19.105071777018694,12.453042136394888,317.96385136034746
Libya,LBY,2012,,13.757082740601948,93.0792486754992,89.7818480288524,98.0,98.0,0.0,68.0,,,0.1,38.0,592.46356201,,,19.5989872312007,20.840350121602302,10.446476478609556,257.0716068912047
Morocco,MAR,2012,97.3,121.8455028655117,78.2275853930086,79.8028926607457,99.0,99.0,72.0,64.0,,,0.1,97.0,172.04353333,,,18.1645611167978,18.10290443198685,9.772552096070864,281.20883227393085
Palestine,PSE,2012,,188.512044411498,98.182466002808,94.800706660906,97.0,97.0,25.0,69.0,,,,1.2,298.34082031,,,21.4888974450703,20.70000254445851,12.607912718484863,287.85674016323287
Oman,OMN,2012,100.0,42.56892771247085,88.7987968638673,97.7533977258664,98.0,98.0,99.0,75.0,,,0.1,16.0,561.1171875,4.406,1.989,54.1182539525814,27.70131144755335,14.05163737103404,267.82284496010146
Qatar,QAT,2012,100.0,42.56892771247085,99.9275097471044,99.9365476941116,92.0,97.0,92.0,82.0,,,0.1,58.0,1712.67089844,,,107.019658452499,27.456249667113227,14.54158241878845,238.21098393447528
Saudi Arabia,SAU,2012,100.0,42.56892771247085,99.0596929684961,,98.0,98.0,98.0,81.0,,,0.1,15.0,1093.15588379,5.162,2.273,74.6927141331945,26.76461272201066,9.307718246926862,269.1027681583991
Syrian Arab Republic,SYR,2012,97.7,141.04011637850348,93.0666090748755,91.6346537137352,58.0,58.0,0.0,71.0,,,0.1,24.0,66.27796173,,,33.1916311837207,17.82227015497628,8.580114151263919,248.5055410204984
Tunisia,TUN,2012,99.6,68.63631664012055,91.6898273701058,88.2787188281284,97.0,97.0,0.0,70.0,10.1,2.8,0.1,51.0,270.29055786,,,17.8799045046228,19.810470383568347,11.41491763924323,272.8785152922098
Türkiye,TUR,2012,94.5,26.280982529699152,94.7061073056509,94.5901003264673,97.0,97.0,97.0,74.0,,,,28.0,520.44274902,2.505,1.726,25.8532567935669,14.335781321635611,8.422296699858657,291.87493009098057
United Arab Emirates,ARE,2012,100.0,42.56892771247085,99.857009861268,99.1178959002456,96.0,96.0,96.0,76.0,,,0.1,1.7,1711.38525391,3.67,1.801,64.1373972820381,28.32183049930494,14.21198261983298,218.2271590529497
Yemen,YEM,2012,58.7,196.8349320219485,54.9887784253918,53.0047122525844,67.0,67.0,67.0,44.0,,,0.1,47.0,64.67756653,,,53.8584654022429,23.77238778574054,12.053053859936648,231.84213520962084
Afghanistan,AFG,2012,22.9,299.8742592385505,53.6558094830286,37.8393855148321,67.0,67.0,0.0,37.0,,,0.1,194.0,52.45247269,,0.246,34.3492255147613,11.934536312610511,5.50895570934788,245.77949200180103
Bangladesh,BGD,2012,14.5,248.2756199053435,96.8477733718652,44.2975869340688,94.0,94.0,0.0,40.0,37.0,11.0,0.1,221.0,23.43771553,0.198,0.39,73.0293458531385,25.32571691392548,18.72413926261051,338.8421108959645
Bhutan,BTN,2012,72.2,119.45976990679632,94.1374950272393,66.7004803420863,97.0,97.0,0.0,58.0,,,0.1,363.0,84.0940094,1.026,0.271,32.6917345047905,20.299742945098625,14.45106093943808,328.9726075826952
India,IND,2012,39.3,190.3207474088705,87.6951918936397,48.3205923569019,82.0,0.0,0.0,56.0,,,,258.0,48.45263672,1.1,,53.0196291324327,25.593740294913868,15.239748869559586,273.6096879177611
Nepal,NPL,2012,25.1,278.92472694585354,86.9532837280701,47.3622706946734,90.0,90.0,0.0,40.0,,,0.2,293.0,33.64963913,1.566,0.506,54.5107288886808,22.11182496197868,14.182017452223986,291.2800085550838
Pakistan,PAK,2012,38.0,189.9697637101635,89.1405658210321,52.9086096866619,64.0,64.0,0.0,45.0,,,0.1,276.0,25.59742928,0.395,0.775,55.9102316841118,23.44608129837215,12.676403880070632,226.72194310186973
Angola,AGO,2012,45.6,127.58723390058516,53.962934811933,44.0453181222275,52.0,52.0,0.0,37.0,,,1.8,458.0,121.84848022,,,21.343442353859,22.63552045569065,13.923729295899376,323.42083526532633
Central African Republic,CAF,2012,0.6,340.1049124026605,45.4644259836138,17.1121597682915,47.0,47.0,47.0,28.0,39.7,7.4,4.4,534.0,21.33021736,,,36.4656988842659,25.47007067033121,16.94985418173514,321.6914165987933
Congo,COG,2012,20.2,160.36076475203402,68.1146295030684,17.1843319193312,85.0,64.0,10.0,47.0,,,3.3,402.0,71.2766571,,,36.2167664672099,24.924126983735377,19.13072278500148,365.3701608635429
Democratic Republic of the Congo,COD,2012,3.4,361.32086555691103,36.691850585446,18.754668067258,71.0,71.0,23.0,39.0,,,1.2,480.0,13.20595551,,,40.5108543774385,24.00588554260384,16.63345329921584,335.06353404512504
Equatorial Guinea,GNQ,2012,23.9,17.6618580697683,62.8538908142975,65.4060732402599,54.0,0.0,0.0,41.0,,,,253.0,280.90136719,,,37.1786666675568,24.44157976634386,19.20277831986992,366.0000007223151
Gabon,GAB,2012,83.0,35.60711877385655,85.2673947991113,41.6563306484328,82.0,82.0,0.0,54.0,17.0,3.4,4.1,483.0,225.07722473,,,29.5648483349918,25.12090966273077,19.40296660529485,366.0000025479032
Burundi,BDI,2012,0.2,358.8738902843385,58.5316929409599,45.2416177840798,96.0,96.0,96.0,47.0,52.0,8.0,1.5,142.0,20.01195908,0.646,0.049,40.4265824547151,20.49314910576769,12.375631929874926,282.8495241608822
Comoros,COM,2012,4.1,269.585198162767,86.3494754574658,42.3060704892515,86.0,86.0,0.0,44.0,31.1,11.2,0.1,43.0,77.10220337,,0.181,11.2597161414589,25.746367279195216,19.168439698977068,365.9999982464475
Djibouti,DJI,2012,7.3,228.555886514099,76.9115444598486,56.031031232703,81.0,81.0,0.0,41.0,,,2.2,1020.0,64.8536911,,,46.8649547654421,28.037630528321905,16.846239281272023,278.72081046351445
Eritrea,ERI,2012,9.2,312.6655935744395,50.3291745608518,11.5365173088441,94.0,94.0,0.0,39.0,,,0.9,261.0,27.78689003,,0.05,34.2465934807474,24.220822900776444,10.9541146693383,239.4088711755284
Ethiopia,ETH,2012,3.0,337.0838900137075,37.3536456061453,6.44846430368166,61.0,62.0,30.0,24.0,,,1.3,238.0,20.00217628,,,24.5351118806919,19.78919216422265,9.703708431160331,259.58408611632444
Kenya,KEN,2012,8.8,251.394133116379,55.6346101711392,32.2455260120869,94.0,94.0,82.0,54.0,,,5.2,471.0,64.48231506,1.407,0.184,21.0458966700434,21.07527280367664,12.374765804055524,273.2679139244334
Madagascar,MDG,2012,1.0,306.7436021282865,45.8324865165496,9.57497737668474,68.0,68.0,0.0,27.0,48.9,7.5,0.2,227.0,19.30151749,0.207,0.136,13.6814418008791,21.32292997729826,14.513385053118814,328.13906623160466
Malawi,MWI,2012,2.3,323.5535422027525,63.6250410332197,27.4226021008412,96.0,96.0,99.0,45.0,,,10.3,291.0,32.53762817,,,18.8598593107935,21.699481710579743,13.05036828963066,254.2069388072166
Mauritius,MUS,2012,98.1,32.27221110902485,99.6377035692288,93.928957338752,98.0,98.0,0.0,71.0,,,,17.0,387.1026001,2.899,1.336,15.4132045281263,24.051488212485687,16.86193329633301,365.6631504065265
Mozambique,MOZ,2012,3.6,336.126369004593,42.5912317568362,23.4630594441157,80.0,80.0,0.0,37.0,,,12.4,361.0,35.24672699,0.415,0.056,15.9840326414074,23.366813273708736,14.686587466562884,287.7734299037565
Rwanda,RWA,2012,0.5,314.8207763274105,54.5821211607428,63.3941024387453,98.0,98.0,98.0,47.0,43.8,3.1,3.5,72.0,57.26393127,,,40.2514244200244,19.13847298437225,11.925436048983066,312.4364056107567
Seychelles,SYC,2012,100.0,20.9619179900665,95.6468683931132,97.8595322029151,98.0,98.0,0.0,73.0,7.9,4.3,,20.0,562.99871826,4.211,0.935,9.70826002222353,26.59723634145088,20.188368911827443,365.99999471914526
Somalia,SOM,2012,1.4,383.52449870079454,47.6056661225373,32.0476374113968,42.0,0.0,0.0,23.0,,,0.1,192.0,,,,20.6023411387529,27.06835034528607,16.14546132431813,240.9100463153312
United Republic of Tanzania,TZA,2012,2.0,280.156522029698,46.0392257141693,19.6470733482155,92.0,92.0,0.0,43.0,,,4.5,378.0,41.99654007,0.439,0.031,23.2717852106239,22.93300741953088,14.098077133238666,281.18914302248487
Uganda,UGA,2012,0.9,282.0834938746475,43.3515394345294,19.3814718588075,83.0,83.0,0.0,38.0,33.7,4.2,7.1,205.0,55.03918457,1.189,0.098,33.2300507707354,22.267981871515747,14.198253466253204,325.10324949800724
Zambia,ZMB,2012,15.4,234.759696938312,60.3793166829556,29.4446855204494,78.0,78.0,0.0,51.0,,,11.8,456.0,69.17604828,,,22.9983310072879,21.39124136687895,11.64559697485022,248.0978487788696
Botswana,BWA,2012,60.5,47.004859253776445,85.1198176551296,65.037275052661,95.0,95.0,52.0,56.0,,,22.7,536.0,418.82244873,2.758,0.388,17.0970022555707,21.108115474415463,8.706220167304371,200.05795440980327
Lesotho,LSO,2012,34.3,266.7701576423455,71.1931354913507,31.8586043360402,95.0,95.0,0.0,49.0,,,24.9,1040.0,125.37831116,,,27.0707996930906,12.558096464163723,6.415743766872244,198.98068825883075
Namibia,NAM,2012,42.0,90.89933070307065,81.7057329100665,33.8118744896686,84.0,84.0,0.0,58.0,,,13.0,754.0,606.36633301,,,17.7555421343123,21.10325848743473,7.701008340528259,297.51552518964047
South Africa,ZAF,2012,80.5,51.431568893337,91.6578231075925,69.5473276761195,71.0,69.0,75.0,65.0,,,17.9,1160.0,646.49920654,1.092,0.715,28.6474883538018,17.82265853197979,9.439615513070196,257.7768225020439
Eswatini,SWZ,2012,42.0,102.2585096159008,65.8999215766669,57.1723082291424,95.0,95.0,0.0,63.0,,,28.8,1110.0,340.03012085,,,18.5053242603285,20.248789767604148,11.728211849767378,282.64832959006026
Zimbabwe,ZWE,2012,30.0,288.801238586536,67.550802949421,39.929425197268,95.0,97.0,21.0,43.0,30.5,2.9,15.6,355.0,85.69155121,1.124,0.077,18.3749796571735,20.83866428628639,10.310245698010544,217.6236594312769
Benin,BEN,2012,4.9,272.9097226640995,65.5652472683148,14.5443123134086,80.0,80.0,67.0,35.0,,,1.1,73.0,32.95616913,0.637,,38.1125116282081,27.003739751182263,18.958252257646,340.5423046722971
Burkina Faso,BFA,2012,7.1,310.161444212856,52.9175711215547,19.6465931645733,90.0,90.0,0.0,34.0,32.8,10.7,0.9,73.0,33.66717529,0.609,0.046,41.9889050064991,28.495294121954785,13.373188169965772,299.2442058333229
Cameroon,CMR,2012,20.8,242.5863119752565,64.7638368158669,41.8813685431632,79.0,79.0,84.0,46.0,,,4.5,248.0,56.96441269,,,54.6446439640503,25.288091350557085,15.392825043243745,336.4686437590218
Cabo Verde,CPV,2012,71.8,138.512460833114,83.8774934810221,63.9530735782999,94.0,94.0,0.0,62.0,,,0.7,131.0,174.66062927,1.076,0.508,24.1085459109409,23.356184461670164,16.63141229687578,365.75044887455846
Chad,TCD,2012,3.1,286.928552620861,45.8314573063676,10.9048548883194,40.0,40.0,0.0,25.0,,,1.6,168.0,36.20247269,0.269,0.04,43.9610063101173,27.68902532966438,11.644316693443612,314.33583920520846
Côte d'Ivoire,CIV,2012,20.9,231.54137647019803,73.2358134121721,29.4667970282772,82.0,82.0,0.0,37.0,29.9,7.6,3.2,193.0,69.86203003,,,22.4578253451111,26.08219122111389,19.05142590808543,348.5902561855656
Gambia,GMB,2012,2.3,270.198865955231,79.9149385065975,46.4212058311807,98.0,98.0,98.0,54.0,21.1,9.5,2.0,177.0,29.56409264,1.168,,43.2188743504448,27.383443349292417,15.909503587203584,297.17073443052647
Ghana,GHA,2012,17.5,200.6306875686385,77.5330954898138,17.126673080362,92.0,92.0,43.0,44.0,,,1.9,173.0,81.96895599,,0.093,29.0418637003495,26.8662798440395,18.94833902479053,344.2717355850505
Guinea,GIN,2012,0.8,301.60692914313097,59.5458989237514,19.8535699723585,59.0,59.0,0.0,30.0,31.1,10.0,1.7,185.0,23.70012856,,,29.4976600174044,25.53542719498271,16.699831387949796,319.3735325269111
Guinea-Bissau,GNB,2012,1.1,314.033785434846,59.6486446194462,16.9842205721111,87.0,87.0,0.0,42.0,26.4,6.2,3.7,241.0,37.75499725,,,35.6196267372682,27.427374514220777,16.91212497172113,289.9052853866037
Liberia,LBR,2012,0.4,344.2797567678055,70.6161490742492,16.9137232016405,80.0,80.0,0.0,38.0,,,1.6,324.0,46.67208862,,,18.6592253145268,25.06454905582086,18.954718965392765,348.7388963586179
Mali,MLI,2012,0.9,298.2761263024355,68.8293224749943,32.2352227048023,65.0,65.0,58.0,36.0,,,1.3,68.0,27.53120613,0.355,0.101,44.070314828068,28.219271188742137,12.714473299494884,311.3412146229051
Mauritania,MRT,2012,42.6,194.933730187248,59.206705237902,36.1778963960657,80.0,80.0,0.0,29.0,23.2,11.7,0.4,125.0,49.2515831,,,54.1025855948907,28.42292466999884,11.494879250249552,303.2341780031437
Niger,NER,2012,1.6,337.805808333308,45.2755729615711,11.2811585980416,73.0,73.0,0.0,31.0,39.9,13.4,0.3,117.0,22.71487427,,0.053,62.3698389723865,28.5181400001328,10.905661489297607,307.3494680560009
Nigeria,NGA,2012,2.7,177.902521809598,63.2702627408651,36.4309338253294,36.0,10.0,0.0,39.0,,,1.9,219.0,87.89523315,,,59.6227203937751,26.55716771885757,16.881497196336717,333.7144813411455
Sao Tome and Principe,STP,2012,1.5,237.698039519268,74.3179711797514,36.2694678517073,96.0,96.0,0.0,51.0,,,,131.0,86.29039001,,,16.6721703300999,25.760486328493805,19.84903406409796,365.9999909365236
Senegal,SEN,2012,31.1,250.5493498996245,74.0969620089046,49.6298898995035,91.0,91.0,0.0,40.0,15.5,8.7,0.5,177.0,56.61458969,,,47.6952217115786,26.48843582386789,15.254970708278734,302.15186675639563
Sierra Leone,SLE,2012,0.5,323.35795905457803,54.0533047771617,14.3035861709667,91.0,91.0,92.0,38.0,,,1.6,474.0,51.99141312,,,21.8606036126187,25.65011299993396,19.31336093946144,343.00336401427023
Togo,TGO,2012,4.65,311.8607588082225,57.5887896171643,14.9528006713975,84.0,84.0,0.0,36.0,26.2,5.5,2.6,76.0,35.40290833,,,33.9828579157482,26.88795736054187,18.65017553596776,338.1520279546272
American Samoa,ASM,2012,,67.771842335236,97.8594208950283,62.1987063435241,,,,,,,,6.2,,,,4.11628959665275,26.741514861997725,20.644841271659843,365.9999822039253
Bermuda,BMU,2012,,42.56892771247085,100.0,99.9541485343798,,,,,,,,4.7,,,,5.70922888820353,21.98083934639861,15.005587462752109,331.31250917749765
Cook Islands,COK,2012,,31.6943353039337,,,,98.0,0.0,,,,,,,,,3.89449022267849,24.6247269429896,17.625812041849144,354.80736914161935
Greenland,GRL,2012,,42.56892771247085,100.0,,,,,,,,,203.0,,,,2.0842794515033,-2.3021745492439813,3.802496579580778,320.3044384997467
Guam,GUM,2012,,13.45097921029215,99.5039613624007,89.7388304761905,,,,,,,,69.0,,,,4.37565820470043,27.17493292170034,21.287784163776024,365.1378730983933
Monaco,MCO,2012,100.0,42.56892771247085,100.0,100.0,99.0,99.0,0.0,83.0,,,,1.2,7869.89453125,18.93,7.32,17.4967445210793,13.3718317927965,9.277353089245404,316.93750026346515
Nauru,NRU,2012,100.0,149.2405439623255,98.1929048144389,67.1176641619461,79.0,79.0,0.0,56.0,,,,60.0,873.81658936,,,5.19174306445476,27.215005205782862,21.201951624363105,366.0000035300091
Niue,NIU,2012,,81.652697903702,,,,99.0,99.0,,,,,,,,,3.66790192453756,25.43354456315779,18.47672348680373,359.5801881911813
Northern Mariana Islands,MNP,2012,,35.8881147284886,98.7541415027762,97.1471174741226,,,,,,,,102.0,,,,3.82150957999035,27.106772844275834,20.976624334332897,363.6279525882701
Palau,PLW,2012,100.0,47.26381254694665,99.4536903188215,96.3258137255761,89.0,89.0,82.0,75.0,,,,23.0,1239.99304199,,,6.50941856222876,27.14902854594864,21.50637546910436,365.9999992114324
Puerto Rico,PRI,2012,,14.81272207411945,98.9830089322251,99.7775565738162,,,,,,,,2.8,,,,7.28078154607435,25.678052402162606,19.155758719790462,365.6912962706523
Saint Kitts and Nevis,KNA,2012,100.0,16.55973374442825,98.5993956665858,94.2995382754121,98.0,98.0,0.0,79.0,,,0.5,4.3,880.91064453,,,10.1253488578344,26.31352553260464,19.646435401347293,365.7500007369271
San Marino,SMR,2012,100.0,42.56892771247085,99.9999971732007,100.0,89.0,87.0,0.0,75.0,,,,0.0,4310.10009766,8.478,4.896,16.2786972581076,12.698294362240397,8.539008507402983,292.2499877594647
Tuvalu,TUV,2012,55.3,229.22996154639,98.929330064394,84.4667679679391,97.0,97.0,0.0,64.0,,,0.3,174.0,499.21899414,,,5.21881769810695,27.205437717671387,21.19511284756259,365.54618378408736
United States Virgin Islands,VIR,2012,,42.56892771247085,99.0255538559968,99.1591924511661,,,,,,,,,,,,6.63899057551855,26.33381876714149,19.713883018373625,364.9999950905435
South Sudan,SSD,2012,0.0,235.99181970786248,40.3182204862037,7.58007556158214,63.0,0.0,0.0,29.0,,,2.1,407.0,,,,25.9393600048697,27.835023156331086,14.347677539589933,317.52598828271897
Sudan,SDN,2012,39.2,192.7660179583595,53.3676832487134,33.6683780592082,92.0,92.0,0.0,41.0,,,0.1,103.0,75.40776825,,,39.5964460341574,28.47023031963033,9.75755362679802,306.6811711773693
China,CHN,2013,65.9,76.38434693934205,90.3447948783421,81.2468005281191,99.0,0.0,0.0,77.0,8.1,1.9,,70.0,329.08572388,2.018,1.658,51.7497809466197,15.405890399218489,10.621688639621844,282.2855983635657
Democratic People's Republic of Korea,PRK,2013,7.3,292.742167810004,95.9284725238966,80.1989508804153,93.0,93.0,0.0,77.0,,,,,,,,24.5656885456385,9.405301721137953,8.56535912633193,298.38283736919703
Taiwan,TWN,2013,,39.5210392371431,,,,,,,,,,,,,,20.9094878785571,22.034040454219834,15.894679692320274,352.1695052226473
Cambodia,KHM,2013,16.4,244.082387042903,70.2828703284751,47.6891050739855,86.0,86.0,0.0,49.0,,,0.8,373.0,65.39577484,0.937,0.14,21.5533729983202,28.06408164155132,20.18821134954736,310.972628058118
Indonesia,IDN,2013,57.0,89.89973896490505,86.4972383225177,67.7766235595933,92.0,4.0,0.0,56.0,36.4,13.5,0.3,332.0,102.33824921,0.652,,19.3504477992516,25.86186573582892,20.034463518996663,363.07118561587146
Lao People's Democratic Republic,LAO,2013,4.8,191.366765530243,73.6706450859176,63.5147843127718,83.0,83.0,0.0,52.0,,,0.3,197.0,43.49770355,0.948,0.326,28.5005201752464,22.83840854646295,16.817333418923173,351.26327484893096
Malaysia,MYS,2013,94.5,19.72407505157929,97.2860389333655,95.1769234434239,97.0,97.0,0.0,79.0,,,0.4,112.0,381.69210815,3.837,1.555,19.6810432882376,26.46883520520253,20.88798420579985,364.3149775918101
Maldives,MDV,2013,97.1,39.8097024883075,98.0723697097107,90.2153433449242,99.0,58.0,0.0,68.0,,,0.1,48.0,671.65325928,,,12.7725378470683,27.33764147992833,20.706023862053502,364.9999965348474
Myanmar,MMR,2013,15.6,218.0631986073145,69.7146626625881,70.2923141744914,75.0,75.0,0.0,50.0,,,0.9,431.0,37.68575287,,,36.1393517656525,25.253821144184126,17.815905344656027,311.69729174698284
Philippines,PHL,2013,42.4,141.9818510785715,91.4784521468904,74.6335366418639,85.0,85.0,0.0,65.0,30.0,7.6,0.1,543.0,118.87432098,4.242,0.574,22.5685454716242,26.57649655492345,20.89761254388861,364.8750612146717
Sri Lanka,LKA,2013,24.2,87.2035590886887,87.2717415635994,87.410942249761,99.0,99.0,0.0,68.0,,,0.1,78.0,133.15968323,1.78,0.772,26.1631531368051,26.14979087627981,20.03581598259616,359.5631434374972
Thailand,THA,2013,76.7,44.34203945508085,97.9592475537445,95.7914583178376,99.0,0.0,0.0,79.0,,,1.5,170.0,207.81243896,,,27.2432017118297,27.26748883941007,19.714407140995604,338.5728218060397
Timor-Leste,TLS,2013,6.8,283.82986808904104,68.4836127023317,45.8762265623181,82.0,82.0,0.0,40.0,51.7,9.9,0.2,530.0,102.79840851,0.908,0.615,12.0146159867023,24.85863157462259,18.174642135609325,350.88678032257354
Viet Nam,VNM,2013,68.6,161.5688881355985,90.9316441418206,75.0388383321338,59.0,59.0,0.0,68.0,25.9,6.6,0.4,212.0,104.10972595,,,29.6144963734547,25.050174280546525,19.0624109248204,356.75263086486
Fiji,FJI,2013,37.0,92.43004237376095,95.1763187725966,92.2023735585411,99.0,99.0,87.0,71.0,,,0.1,51.0,158.51806641,2.742,0.77,6.34176339140498,25.16688009085959,18.89401280102532,361.73632564499104
Kiribati,KIR,2013,4.7,294.2179622623325,70.1813879382686,40.6328916636928,95.0,95.0,40.0,49.0,,,,888.0,154.34346008,5.448,0.193,4.63732037153385,27.39847075839111,20.879009834320406,364.9885883338188
Marshall Islands,MHL,2013,63.3,225.567836945798,88.0383075874041,77.5823878699737,79.0,66.0,38.0,65.0,,,,532.0,445.42425537,,,4.85017578182002,27.210724462782416,21.218354742910297,365.0000070082564
Micronesia (Federated States of),FSM,2013,12.1,233.393674462038,90.2401053890312,78.1903749097037,81.0,68.0,61.0,59.0,,,,312.0,354.82269287,,,4.30181914642517,27.315069185202407,21.51030310551404,365.0000031363491
Papua New Guinea,PNG,2013,8.5,240.0801134315705,41.6488410056407,19.6757982283776,60.0,59.0,0.0,27.0,,,1.1,582.0,76.75310516,,,15.4256463794317,21.831552765453047,17.161557807056823,364.86747701260254
Samoa,WSM,2013,29.7,164.07153900037048,90.0360750251158,94.2598072441115,84.0,85.0,0.0,61.0,,,,11.0,247.41108704,,0.464,4.5800921130882,26.39969994255844,20.667176614167904,364.3323826408668
Solomon Islands,SLB,2013,8.3,276.7426872283155,73.4869458643753,28.5200623498988,83.0,83.0,0.0,44.0,,,0.1,153.0,98.99965668,1.915,0.18,10.692454580364,26.61476851009453,21.25045390974255,364.9981000118251
Tonga,TON,2013,68.0,175.584287811772,98.8019244079513,92.4258220900949,99.0,99.0,0.0,70.0,,,,9.3,171.82066345,3.81,0.514,4.60469613327902,24.93827965277195,17.916763619220085,351.2752023642374
Vanuatu,VUT,2013,13.0,254.567985538465,86.4200452584369,51.9285986324004,84.0,84.0,0.0,55.0,28.9,4.7,0.1,97.0,130.88458252,,,8.48393578220451,25.58456651312676,18.819741240579983,358.52770803537646
Armenia,ARM,2013,97.1,93.228140146542,98.7705613555546,90.9987016315075,95.0,95.0,0.0,69.0,,,0.1,79.0,392.85253906,5.157,2.878,27.0068139463312,8.072350586104811,6.083797713659761,251.7465803358427
Azerbaijan,AZE,2013,95.9,39.490339729562095,87.5577162731315,84.7637227824749,78.0,88.0,0.0,63.0,17.8,3.2,0.1,115.0,251.67863464,6.559,3.413,25.0738900024656,13.931677813844638,9.227820896487184,301.09249930053124
Georgia,GEO,2013,74.0,93.98376062931128,95.8402895547886,83.6864716943759,93.0,96.0,0.0,70.0,,,0.2,143.0,368.16253662,4.022,4.799,18.4942417941906,10.252214571058133,7.579961019131545,300.43480358087794
Kazakhstan,KAZ,2013,92.8,20.80491516306135,94.7741258840317,97.5599727804689,98.0,98.0,52.0,82.0,,,0.2,109.0,358.91342163,7.783,3.832,21.5126209777495,9.51545773076519,5.872505731427605,260.00844207942976
Kyrgyzstan,KGZ,2013,74.5,215.485976077096,88.3419389786488,96.0266897957502,97.0,97.0,0.0,71.0,,,0.2,200.0,103.59209442,5.906,1.87,21.8139334230332,10.394211189384118,6.166193808972855,234.2817338432943
Mongolia,MNG,2013,40.1,89.88203822537935,77.7798259632281,59.6305788541198,98.0,98.0,0.0,68.0,10.8,1.0,0.1,428.0,180.41543579,3.845,3.125,45.4128699743452,0.0265024035660625,3.5859469177422705,235.58321016744387
Tajikistan,TJK,2013,74.9,252.496956291695,75.2394845284164,94.6560052528961,96.0,96.0,0.0,72.0,,,0.2,135.0,67.62356567,4.387,1.677,29.4725447279223,11.923216284987095,6.245635628420117,227.640887356229
Turkmenistan,TKM,2013,99.9,42.5814167346482,95.9209538308361,96.6523278427633,98.0,97.0,0.0,80.0,,,,76.0,339.92349243,4.017,1.999,30.4596492768379,16.036023644989076,6.681231863603735,249.51805733053595
Uzbekistan,UZB,2013,84.7,127.449759387011,93.2160214919193,95.2086769326238,99.0,99.0,0.0,81.0,,,,82.0,140.71011353,11.41,2.421,30.9261607471004,15.395332744572237,6.667218264744246,242.4916472847591
Albania,ALB,2013,72.8,79.0514451702358,92.6315947140716,96.7065607873958,99.0,99.0,99.0,61.0,,,0.1,18.0,276.0765686,4.284,1.276,18.1851957150545,13.664980592368206,8.880762184927862,293.97226630553627
Bosnia and Herzegovina,BIH,2013,42.7,77.97422003120705,96.1231183417835,95.2720361490621,89.0,83.0,0.0,62.0,,,,54.0,475.07409668,5.789,1.997,28.4614120652825,11.470761887085647,8.045219922625659,303.0713073336524
Bulgaria,BGR,2013,,35.67257850460835,99.3974782704321,85.9623980621807,95.0,95.0,94.0,69.0,,,0.1,41.0,553.68725586,4.919,3.953,23.8377122442489,12.423884573748843,8.289882289535473,284.18654285849846
Croatia,HRV,2013,100.0,19.32089837199185,99.9003820151375,95.9178030204647,96.0,96.0,0.0,75.0,,,0.1,16.0,894.07080078,6.226,3.042,19.4659499015415,12.749450163343605,8.67768121551104,297.51188795411724
Czechia,CZE,2013,100.0,13.37937211540895,98.5339609286439,99.0797791585542,98.0,99.0,0.0,82.0,,,,5.7,1508.79907227,8.413,3.689,19.1672606975121,8.704759187408042,7.153571624416271,328.58678410271534
Hungary,HUN,2013,100.0,16.9427572395111,97.8398540702921,97.9999085136149,99.0,99.0,92.0,80.0,,,,14.0,991.98742676,6.599,3.21,19.1996854386235,11.589141758789866,7.899304500034148,281.12615122850883
North Macedonia,MKD,2013,71.7,60.018951129036296,97.4961912518525,94.1223717416181,98.0,97.0,0.0,65.0,,,0.1,23.0,361.13168335,4.335,2.883,28.5122129584495,11.928997784511155,7.102403976243754,247.9481610703794
Montenegro,MNE,2013,62.3,41.26265239784785,97.1533140949299,94.438754002914,94.0,94.0,0.0,68.0,9.4,2.8,0.1,29.0,597.17596436,5.333,2.129,22.917125548418,11.911371141219009,8.227307001267231,294.63443626660376
Poland,POL,2013,100.0,18.332382870800306,96.0626756426039,96.3180175161036,99.0,99.0,0.0,79.0,,,,24.0,878.08837891,5.84,2.228,22.8771991708595,8.590706408975025,7.291861400233474,332.6492798203858
Romania,ROU,2013,100.0,26.526624754332204,99.9999994937801,81.5787881318127,92.0,91.0,0.0,72.0,,,0.1,104.0,495.23623657,6.157,2.633,18.1631465697885,10.350177793182404,7.765858951641712,308.42547962326194
Serbia,SRB,2013,70.8,46.50421074701665,92.5067790597268,97.0173317364733,95.0,92.0,0.0,66.0,,,0.1,43.0,627.53308105,6.245,3.058,24.2845504900658,12.441346847582611,8.04707784789143,276.64453754881464
Slovakia,SVK,2013,100.0,14.789817049431448,99.5201711980616,97.7141281271847,98.0,98.0,98.0,81.0,,,0.1,9.5,1370.46765137,6.081,3.393,20.2034682692031,9.951469449127629,7.449552968177494,302.5113883257455
Slovenia,SVN,2013,100.0,13.370984428666649,99.6244355915803,98.7381003514252,95.0,95.0,0.0,80.0,,,0.1,8.6,2055.38134766,8.392,2.634,16.5883335022477,10.978332156325202,8.0692410116883,314.802555557864
Belarus,BLR,2013,99.3,31.12151022116835,98.658371398837,96.4967422557482,98.0,23.0,0.0,77.0,,,,67.0,454.51959229,10.81,3.939,17.8616324297744,7.588596402693932,7.072593321106767,329.66895748501673
Estonia,EST,2013,100.0,15.0129804104758,99.3847877447218,99.0971593772044,94.0,94.0,0.0,76.0,,,0.8,27.0,1194.86206055,5.963,3.335,8.44215107790805,6.651387023173074,6.842288708140567,349.2393672080022
Latvia,LVA,2013,100.0,20.9505802136823,98.3795180177465,90.182767248935,94.0,94.0,87.0,75.0,,,0.6,68.0,807.13000488,5.08,3.19,17.0659061065499,7.12562624730844,7.010925486898927,345.71247518728615
Lithuania,LTU,2013,100.0,17.40421954765415,95.7024541817261,90.8648178620678,93.0,93.0,0.0,74.0,,,0.1,85.0,958.04650879,7.851,4.276,15.5712285372093,7.55361592549869,7.082250513677259,336.6672736996391
Republic of Moldova,MDA,2013,95.1,144.612792984355,88.0186693421827,79.2521957133911,90.0,89.0,0.0,71.0,,,0.9,133.0,231.66229248,6.559,3.06,17.5719686807392,11.144889336268571,7.941601190258628,294.17276941900195
Russian Federation,RUS,2013,100.0,16.8579842671373,96.6072317213123,85.6253629696735,97.0,0.0,0.0,76.0,,,,73.0,805.52130127,4.247,3.987,14.1543638169196,5.747235238155813,6.3092958720856815,305.75734983128814
Ukraine,UKR,2013,95.0,78.4562404366156,93.7584244839538,96.5444853667447,76.0,83.0,0.0,78.0,,,,120.0,275.94143677,7.432,3.433,18.9744429369854,9.798764223482278,7.424453083618165,299.2842767523817
Brunei Darussalam,BRN,2013,100.0,42.56892771247085,99.8542601818798,88.5311067942671,99.0,99.0,0.0,83.0,,,,73.0,835.32452393,7.408,1.595,8.33898398662769,26.83949394545996,21.536000429673603,364.99999396580296
Japan,JPN,2013,100.0,23.4162965860394,98.8339289899398,99.9682690820633,96.0,99.0,98.0,82.0,,,,20.0,4356.15527344,,,12.970686888277,14.931379184551725,10.470885582018305,290.5489103995565
Republic of Korea,KOR,2013,100.0,14.65778501198995,99.2656432780924,99.9094791011328,99.0,0.0,0.0,85.0,,,,89.0,1738.80847168,5.255,2.175,25.0615841010706,12.86648795475906,9.621773771961587,282.69535869924783
Singapore,SGP,2013,100.0,42.56892771247085,100.0,100.0,97.0,85.0,60.0,88.0,,,0.1,48.0,2102.97021484,5.643,2.034,25.4887681376185,27.22457511495342,21.451779255712488,364.99999470441327
Australia,AUS,2013,100.0,42.56892771247085,99.9095874586183,99.9970919860951,91.0,91.0,91.0,89.0,,,0.1,6.3,5811.86865234,11.95,3.356,5.96759365657982,17.356098369147897,10.421572256062218,301.7095835227708
New Zealand,NZL,2013,100.0,15.462289501533448,100.0,100.0,92.0,92.0,93.0,88.0,,,0.1,7.4,3833.82226563,10.57,2.822,6.68970751878215,14.051697887016164,9.612716406046175,356.6313190172618
Andorra,AND,2013,100.0,42.56892771247085,100.0,100.0,96.0,96.0,0.0,69.0,,,,6.6,2886.97241211,4.189,3.165,9.28299673928957,7.846232486765105,6.479500166609896,314.3506934172532
Austria,AUT,2013,100.0,42.56892771247085,99.9999971905454,99.9804519832307,95.0,95.0,0.0,82.0,,,,8.9,5251.96826172,6.935,5.018,15.4792687504357,8.86028644592042,7.232658281963267,329.48593510819575
Belgium,BEL,2013,100.0,42.56892771247085,100.0,99.4861501236866,99.0,98.0,93.0,85.0,,,0.2,9.5,5005.64990234,10.9,3.131,15.6826178868835,9.800831011307825,7.8417000086881,350.3802192745753
Cyprus,CYP,2013,100.0,13.52490044497895,99.8025995652533,99.5451371787791,99.0,96.0,0.0,74.0,,,,4.7,1923.03869629,3.734,2.326,18.4718511910315,20.31648627677473,11.715754399820986,273.7610490799802
Denmark,DNK,2013,100.0,42.56892771247085,99.9999990521906,99.5972308171769,94.0,94.0,94.0,82.0,,,0.1,7.5,6320.08447266,11.35,3.849,9.1761230560509,8.549041753288291,7.452724468341289,353.5784945696636
Finland,FIN,2013,100.0,42.56892771247085,99.9999962385025,99.4479919012629,98.0,98.0,92.0,84.0,1.8,1.2,,5.7,4892.03369141,11.63,3.386,6.2869797195743,5.480433393011873,6.423316710667068,339.42337233482687
France,FRA,2013,100.0,28.9973915402998,100.0,98.6531677411089,88.0,88.0,89.0,82.0,,,0.3,8.8,4884.71582031,8.784,3.156,14.290754188052,11.9279782878541,8.582501643914696,329.6462819578542
Germany,DEU,2013,100.0,42.56892771247085,100.0,99.2247932083091,93.0,92.0,84.0,86.0,,,0.1,5.7,5080.62402344,10.76,4.015,13.5556756698361,9.119033301217089,7.421298756608341,333.9450202952015
Greece,GRC,2013,100.0,13.4848926657769,99.9619883950245,98.7713762312749,99.0,95.0,32.0,74.0,,,0.2,6.0,1832.02954102,3.536,5.811,15.1354047778965,17.08499825331529,9.764522621976706,253.830396703244
Iceland,ISL,2013,100.0,42.56892771247085,99.9999988928739,98.7839858955201,91.0,91.0,89.0,88.0,,,0.1,3.4,4095.67626953,16.26,3.606,4.83054409987075,4.2493348434808125,5.41961446626957,349.8925469473596
Ireland,IRL,2013,100.0,42.56892771247085,96.8998874189889,89.8653106033212,96.0,95.0,91.0,81.0,,,0.2,9.7,5295.52050781,12.55,3.927,9.12400814797185,9.84137958340522,7.933730210892807,363.80995140602295
Israel,ISR,2013,100.0,13.8663339718744,99.9999987902256,99.9813907693021,96.0,96.0,94.0,81.0,,,,4.9,2673.3371582,5.29,3.472,21.5550867180776,21.01306097889056,13.346300490055414,314.37501089687925
Italy,ITA,2013,100.0,22.5833065744568,99.8913216069004,99.8855778298286,96.0,95.0,87.0,81.0,,,0.3,6.1,3139.87939453,5.293,3.873,17.4515685940735,14.343998615911511,9.704112549497616,322.88374358555166
Luxembourg,LUX,2013,100.0,42.56892771247085,99.9999986127199,97.6310682676105,99.0,99.0,95.0,84.0,,,0.2,8.7,6356.64453125,12.3,2.83,14.3006922435018,9.158822356867867,7.574661233193672,340.0672900757316
Malta,MLT,2013,100.0,13.408808776662848,99.9999994764776,99.9622878778312,99.0,99.0,0.0,81.0,,,0.2,12.0,2127.0612793,7.354,3.421,12.2341646239072,19.542504106442227,13.261778831853505,354.8206163665312
Netherlands,NLD,2013,100.0,42.56892771247085,100.0,97.7588931118417,97.0,97.0,96.0,83.0,,,0.2,5.6,5532.72607422,12.32,3.282,13.6203180669567,9.85905797454928,7.865267847835847,345.6711001939545
Norway,NOR,2013,100.0,42.56892771247085,99.9999992599067,98.0591412687485,94.0,95.0,93.0,86.0,,,0.1,8.3,9241.265625,17.21,4.306,7.07155480202815,5.691839949544338,6.072889443386292,325.07097646173577
Portugal,PRT,2013,100.0,13.723032675113348,99.1701146660996,99.0548734178937,98.0,98.0,0.0,84.0,,,0.6,26.0,2027.42089844,6.293,4.399,9.10564124430573,15.217128178569997,9.654084244914198,318.3088468258677
Spain,ESP,2013,100.0,15.13714236592075,99.9566408362607,99.8991712740444,96.0,96.0,0.0,79.0,,,0.4,14.0,2664.48339844,5.293,3.791,10.2759088539549,15.435844354035382,9.156783145147642,289.67013503425227
Sweden,SWE,2013,100.0,42.56892771247085,99.6460882913132,98.9781745144205,98.0,98.0,98.0,82.0,,,0.1,7.7,6716.21484375,11.72,4.043,6.28475218239032,6.69409344293449,6.689990173534171,340.7233498174385
Switzerland,CHE,2013,100.0,42.56892771247085,100.0,99.8897357144211,96.0,95.0,75.0,85.0,,,0.2,6.9,9247.28417969,16.21,4.039,13.2847990605947,8.708258769582455,7.287820579806527,335.3351139425686
United Kingdom,GBR,2013,100.0,27.85412021656985,100.0,99.1148585484301,95.0,95.0,93.0,85.0,2.1,0.2,,13.0,4340.16992188,8.396,2.702,12.4952891586025,9.59321778040742,7.701430067506402,358.9162792155868
Argentina,ARG,2013,99.6,24.374357114519,98.8642047608292,93.623132025003,94.0,94.0,86.0,80.0,,,0.4,27.0,1428.91125488,2.728,4.884,14.5961380999521,16.84775046076978,9.749838305249613,263.8973282790635
Chile,CHL,2013,100.0,21.30502696082555,97.9135421057834,97.5601040614425,91.0,90.0,79.0,76.0,1.8,0.3,0.4,18.0,1171.77038574,2.152,1.868,21.4023310199417,13.175649471628724,7.886570878677038,266.49641131783017
Uruguay,URY,2013,100.0,27.2180171309672,98.8475729341286,96.0641764624979,95.0,95.0,93.0,84.0,5.0,1.1,,34.0,1516.80664063,,,11.7609452295288,17.117775665558934,10.97185584572556,319.68509273008726
Canada,CAN,2013,100.0,42.56892771247085,98.9690828452765,99.2616780948354,91.0,91.0,79.0,91.0,,,0.2,5.4,5460.03173828,9.513,2.4509,7.14435049587253,6.616351244605668,6.745172278416792,320.010095406833
United States of America,USA,2013,100.0,42.56892771247085,99.2648895869455,99.8042412350329,94.0,93.0,92.0,86.0,,,,3.4,8412.25195313,11.0,,8.42665114273588,14.032799596042226,9.064052140933851,275.6623582606849
Antigua and Barbuda,ATG,2013,100.0,16.17732344088615,98.3743397990659,94.7571352497532,99.0,99.0,0.0,82.0,,,0.8,11.0,739.10491943,4.779,,7.76645494272834,26.190951660156525,19.588664202968268,361.3857074298563
Bahamas,BHS,2013,100.0,15.613207966778148,98.8286388473259,93.1626284658143,97.0,97.0,97.0,80.0,,,1.6,12.0,1559.34985352,,,4.90941453038312,24.961811348363486,18.003361707636554,348.0563505570079
Barbados,BRB,2013,100.0,30.67982305509145,98.6869535781711,94.6950323176268,91.0,91.0,87.0,82.0,,,1.2,1.4,1246.16491699,,,9.93105584308029,26.53175318516712,20.055832233017007,365.0000039338796
Belize,BLZ,2013,83.3,81.32284017998225,92.6178797642057,83.9751251055118,95.0,95.0,0.0,69.0,,,1.4,55.0,263.10794067,1.979,,17.3111176285299,25.823362931829053,20.212034149314583,361.4417402572472
Cuba,CUB,2013,91.0,125.28201089505964,93.4501274945212,87.7216207113472,99.0,96.0,0.0,83.0,,,0.4,8.4,712.26629639,8.087,7.408,9.41550379194074,25.64595853554993,18.29060184392977,355.01582056902896
Dominica,DMA,2013,89.1,74.45234222533739,95.8049070233585,80.3664248800941,97.0,97.0,0.0,76.0,,,0.4,4.3,382.10519409,6.729,,10.1184027592376,25.91644841781017,19.65661944730427,363.6037013065828
Dominican Republic,DOM,2013,88.4,57.79037061526815,95.4569183357095,84.2618165680841,83.0,75.0,0.0,74.0,7.1,2.4,1.1,62.0,302.28512573,1.236,,12.1301547042651,24.89532262924221,17.80889021739823,353.4455841528869
Grenada,GRD,2013,91.5,62.06819263030175,95.6286504435547,93.362306148439,97.0,97.0,0.0,76.0,,,,2.1,417.74581909,,,10.0467146936889,26.60410690869861,20.35288432351462,365.0000188992928
Guyana,GUY,2013,100.0,79.98107139613465,92.959244646232,85.3889557997963,98.0,98.0,96.0,70.0,,,1.4,130.0,211.2910614,0.725,,16.831415858072,26.142216659138736,20.66312188484908,364.92182658807457
Haiti,HTI,2013,3.8,269.05091708356247,65.9105551526185,26.2077250672239,65.0,68.0,0.0,39.0,21.9,6.3,1.7,353.0,59.38277435,,0.234,15.0957599176713,25.82202625682634,18.73176164511468,360.9504220269105
Jamaica,JAM,2013,88.6,97.99878546718054,91.1691636119073,85.8275297136537,93.0,93.0,0.0,72.0,,,1.4,5.1,322.03283691,1.474,0.48,19.9176349423214,26.131459439577625,19.35649774963782,364.4782086223401
Saint Lucia,LCA,2013,95.7,52.24508211245515,94.4525423890569,82.9738127576029,99.0,99.0,0.0,71.0,,,0.4,5.2,485.6628418,,2.497,9.48936394276385,26.48710058041342,19.89638014445377,364.3516971503679
Saint Vincent and the Grenadines,VCT,2013,94.8,63.23318642485675,97.5393846955351,87.8905519339678,97.0,98.0,0.0,79.0,,,1.0,2.8,300.01953125,9.066,,9.53644552647218,26.515419160145782,20.19353200703493,364.9999816691145
Suriname,SUR,2013,90.1,40.423924921622245,94.8572504353224,85.1304175026747,77.0,76.0,0.0,73.0,,,1.6,37.0,434.50332642,2.209,,15.6158314749118,26.261471604337416,20.67044954245014,364.8596238751326
Trinidad and Tobago,TTO,2013,100.0,13.7314370120329,97.828150538828,94.3476328778078,92.0,92.0,80.0,76.0,,,,24.0,970.90222168,,,13.587621393557,26.467774519069508,20.35092742518154,364.9055339054072
Bolivia (Plurinational State of),BOL,2013,80.0,152.299877943469,88.4281721555752,53.3191514172046,86.0,87.0,0.0,58.0,,,0.3,147.0,159.99380493,,,25.1627814896826,15.109164792515331,9.924052850002465,300.36090557238794
Ecuador,ECU,2013,94.1,75.56296212918575,89.5662908642962,82.6385639070942,87.0,87.0,90.0,73.0,,,0.4,47.0,414.12683105,1.934,1.645,18.0517363768939,19.25939087577768,14.491248305465003,362.77947681401326
Peru,PER,2013,71.3,72.96400647077245,89.2138017423285,72.9183194169617,88.0,88.0,85.0,69.0,17.6,0.4,0.4,139.0,320.96490479,2.209,,29.7497268642073,15.896146670596112,11.38806398243038,339.5430450719272
Colombia,COL,2013,87.1,58.37636210098715,94.6419721075512,86.9605014574524,91.0,91.0,87.0,77.0,,,0.5,36.0,580.96453857,1.077,1.884,18.4954884367003,20.7840540977356,15.14535798627058,351.2719994234124
Costa Rica,CRI,2013,93.6,46.2870041867194,98.7063924008677,96.6492260936329,95.0,95.0,93.0,83.0,,,0.4,12.0,829.93658447,2.179,2.556,19.0540491905042,22.028388635419844,16.555841662923335,361.44808889334
El Salvador,SLV,2013,82.15,124.15239199196546,84.8055371617931,84.7403911391232,92.0,92.0,92.0,79.0,,,0.5,48.0,324.28027344,1.812,,31.2482942113546,26.18616089866049,17.45184507144221,293.21448077420683
Guatemala,GTM,2013,38.3,120.88059629656826,90.7203833166752,66.5388660847847,96.0,96.0,72.0,59.0,,,0.3,24.0,198.79296875,,,32.0186128972524,20.953096442996284,14.217376987730576,334.9098933447966
Honduras,HND,2013,44.7,192.8338416817855,91.6134052389382,77.4517887754502,99.0,99.0,99.0,61.0,,,0.3,55.0,176.421875,0.691,,32.0934225590354,24.033326546515813,16.982728196494666,326.6413199624428
Mexico,MEX,2013,84.7,29.7985198976258,96.7762637072841,87.6459487223264,83.0,83.0,84.0,76.0,,,0.3,26.0,625.59765625,2.816,2.164,17.5678665877887,19.66436156251265,11.277570688729416,290.5547241683933
Nicaragua,NIC,2013,48.3,187.79743295050704,,,98.0,,,70.0,,,,70.0,140.20372009,1.378,0.91,21.0739297029074,26.144117955348413,18.38155602915304,315.4084655541022
Panama,PAN,2013,100.0,30.0412959697001,92.5258725116137,76.3321222229942,80.0,80.0,88.0,78.0,,,1.0,54.0,805.78985596,2.938,1.586,15.3686441543945,25.64323309571147,20.20639007464528,363.69776436485824
Venezuela (Bolivarian Republic of),VEN,2013,96.5,28.060387829209446,94.9254647290471,93.4879568395357,82.0,82.0,0.0,74.0,,,0.5,30.0,,,,20.649755238571,25.604399834763893,18.449053601357274,339.5008097294506
Brazil,BRA,2013,95.0,39.3272390466713,97.230310353602,84.1075664930758,97.0,98.0,94.0,81.0,,,0.5,42.0,993.79608154,7.661,1.906,13.1921121600621,23.07684296936324,15.72181743795848,326.0544101790672
Paraguay,PRY,2013,62.2,79.35610434693065,91.7766282217671,85.3589778746888,91.0,90.0,90.0,69.0,,,0.4,56.0,391.80084229,0.615,,12.2220620384449,21.9906664630916,14.372132596279409,313.31550183884417
Algeria,DZA,2013,99.5,43.67394599674356,91.1128578356774,86.9868785430175,95.0,95.0,0.0,69.0,,,0.1,77.0,337.57348633,,,15.2206585243926,17.553195942123686,9.61058837854958,290.017062203681
Bahrain,BHR,2013,100.0,42.56892771247085,99.9334672538156,99.9916425886528,99.0,99.0,99.0,78.0,,,0.1,24.0,1115.16906738,2.619,0.998,54.3108486816998,26.147238764329693,16.215291063850938,272.42906356858487
Egypt,EGY,2013,99.7,74.814619170819,98.0695998327114,94.7328979128496,97.0,0.0,0.0,74.0,,,0.1,14.0,139.67245483,1.831,,46.5554819136137,22.554823257480205,10.374318854743631,202.36250128861167
Iran (Islamic Republic of),IRN,2013,97.0,26.8575993426729,96.4718242177424,87.0030127281938,98.0,0.0,0.0,77.0,,,,24.0,412.02786255,,,39.7950964350363,16.016463629970026,6.153587668623132,275.18793143038295
Iraq,IRQ,2013,97.7,51.49021933017595,92.4602847156941,88.2564846708838,73.0,68.0,0.0,69.0,,,0.1,37.0,186.78742981,1.96,,51.2361137720462,23.237078178674498,7.76633180649786,309.2594524020258
Jordan,JOR,2013,99.9,72.25927255813275,98.9622049918779,97.5800917869947,98.0,98.0,0.0,76.0,,,0.1,6.4,308.94308472,3.661,2.34,31.2800889777578,19.46111561698452,9.146343137865854,188.20984759174053
Kuwait,KWT,2013,100.0,42.56892771247085,100.0,100.0,99.0,99.0,99.0,83.0,5.6,2.8,0.1,27.0,1235.29321289,6.239,2.547,63.4043662980261,26.10406644478584,9.210927103389096,282.53462567979943
Lebanon,LBN,2013,,40.6380768514328,90.27194225679,91.3246909618227,83.0,85.0,0.0,68.0,,,0.1,18.0,576.87176514,1.577,2.315,26.6750501345739,19.106060007800565,12.054335175410486,307.21911310728456
Libya,LBY,2013,,14.0186878455956,93.3521899597212,89.6749561967213,96.0,96.0,0.0,70.0,,,0.1,35.0,594.65338135,6.978,,26.0007098317684,21.168843113228185,10.213201396333169,256.27145354663963
Morocco,MAR,2013,97.5,117.43154566688573,79.5058796686335,80.7418405934609,99.0,99.0,80.0,65.0,,,0.1,97.0,179.81974792,0.97,0.631,17.287814021809,18.03421979963035,9.914832991690066,285.25445068148497
Palestine,PSE,2013,,183.047107166096,98.5793947721918,95.2818879253375,99.0,99.0,97.0,69.0,,,,1.4,327.25717163,,,21.8222177965812,20.633950822091293,11.965381220862186,277.9384435072866
Oman,OMN,2013,100.0,42.56892771247085,89.2944813891267,98.4864188461934,98.0,98.0,99.0,74.0,,,0.1,13.0,587.71075439,4.416,2.001,47.6879064979335,27.16797601043044,14.59831048858904,248.17078597271453
Qatar,QAT,2013,100.0,42.56892771247085,99.9336559865671,99.9365474330889,97.0,93.0,99.0,82.0,,,0.1,43.0,2029.8659668,,,97.360364620788,26.90503724385792,14.565370822505235,235.91894673027983
Saudi Arabia,SAU,2013,100.0,42.56892771247085,99.0581282049423,97.5515166629486,98.0,98.0,98.0,82.0,,,0.1,13.0,1189.67932129,,2.426,73.0199085667751,26.5300778235157,9.57487383463082,267.470260941352
Syrian Arab Republic,SYR,2013,97.3,149.568744923481,93.1236567198274,91.9089982459699,54.0,54.0,0.0,71.0,,,0.1,23.0,47.07229233,,,34.2342881420356,17.81805462057692,8.199051504337676,245.22666295913783
Tunisia,TUN,2013,99.7,67.01034007939771,92.130516839447,89.1734065275524,98.0,98.0,0.0,70.0,,,0.1,46.0,284.64538574,,,17.3550040560394,19.497239365451403,11.22897731062588,269.70295900359224
Türkiye,TUR,2013,94.7,23.9593824849213,94.8740402203655,95.2181862351683,98.0,98.0,97.0,74.0,10.0,1.9,,25.0,547.95465088,2.526,1.751,27.0510366227182,14.303253582795008,7.981063497668047,279.230082010214
United Arab Emirates,ARE,2013,100.0,42.56892771247085,99.8804113765895,99.1148814743619,98.0,98.0,98.0,79.0,,,0.1,1.6,1789.68579102,3.923,2.045,55.8898306923373,27.7910372507979,15.003939044314354,210.1820114000861
Yemen,YEM,2013,58.4,197.92715349132249,56.6085662979194,53.8818214244113,71.0,71.0,71.0,44.0,46.4,16.4,0.1,48.0,68.39746857,0.742,,51.8704205474172,23.76317794064616,12.257153464209052,240.22431451174967
Afghanistan,AFG,2013,24.4,293.9263318894965,55.9321352223542,39.2247837532389,64.0,64.0,0.0,38.0,40.4,9.5,0.1,194.0,56.16043472,0.255,0.29,36.6128102921332,13.022328288591504,5.828510024404964,251.7715721011373
Bangladesh,BGD,2013,15.5,241.249165736755,97.035648544406,46.1890615570129,96.0,96.0,0.0,41.0,42.0,9.6,0.1,221.0,26.96918297,0.195,0.412,65.4784823754338,25.29098483585711,18.67810810801977,341.7809180477914
Bhutan,BTN,2013,74.9,112.97642379340164,94.9064132984793,68.5280843950493,97.0,97.0,0.0,58.0,,,0.1,328.0,86.41462708,1.102,0.28,28.4902726728841,20.68794672368532,14.655052668298085,323.2826047415827
India,IND,2013,42.4,182.8271610371305,88.3781430142448,51.2472926178236,83.0,20.0,0.0,57.0,,,,248.0,55.46933746,1.206,,52.2693789873114,25.35398465503628,16.05838002207118,291.05867449605853
Nepal,NPL,2013,26.8,274.6899279315135,87.5415795968781,50.3565022636622,92.0,92.0,0.0,43.0,,,0.2,284.0,35.14327621,1.827,0.55,49.8885406797596,22.12987399463148,15.103539920767496,317.3872613222941
Pakistan,PAK,2013,39.2,187.3340471848935,89.3007289268109,54.7673079838163,65.0,65.0,65.0,47.0,45.0,10.5,0.1,275.0,28.20998955,0.478,0.795,54.2579257569488,23.810845732891945,13.602773246422244,238.33643040188744
Angola,AGO,2013,46.1,120.198255658229,55.5032279600653,44.9270819739207,54.0,54.0,9.0,37.0,,,1.8,453.0,142.78450012,,,22.6429419636481,22.80819231399117,14.12706711194419,326.3774887246292
Central African Republic,CAF,2013,0.6,343.23202241732747,44.4049337595255,16.7250416550218,23.0,23.0,23.0,28.0,,,4.2,524.0,17.36794472,,,38.1743345015546,25.733900001537165,17.265945938707027,325.3665441479749
Congo,COG,2013,22.0,155.5983472332435,69.0417229915666,17.7552084772419,85.0,66.0,85.0,43.0,,,3.3,385.0,71.85824585,0.941,,40.1276260112394,24.950011895360955,19.15462249689841,364.48121920395295
Democratic Republic of the Congo,COD,2013,3.6,359.4802553808505,36.5724802578576,18.3953621300218,71.0,71.0,34.0,39.0,42.7,8.1,1.1,471.0,15.37901688,0.81,0.085,41.3899023674374,24.244628780579,16.392231881884843,329.3765882506088
Equatorial Guinea,GNQ,2013,23.6,18.74015665431735,63.6715161073668,66.0469451872043,53.0,0.0,0.0,42.0,,,,248.0,286.33657837,,,39.2511233121454,24.51383263551143,19.30023611889176,365.0000009204995
Gabon,GAB,2013,84.1,34.78255872618225,85.6239250935099,43.0100058976352,79.0,79.0,0.0,54.0,,,4.0,488.0,261.29452515,,,32.0768027518567,25.176741099243245,19.4215996892346,364.9212048571016
Burundi,BDI,2013,0.2,358.3490340772615,59.2700188901238,45.125751746761,96.0,96.0,96.0,45.0,,,1.4,136.0,20.26322556,0.633,0.053,41.3059905088666,20.706514484587554,12.219847928561023,267.1210397993468
Comoros,COM,2013,4.5,268.248709338211,86.2393591823008,43.665877233981,83.0,83.0,0.0,47.0,,,0.1,42.0,81.81765747,,,11.825800622809,25.83973166163383,19.24857520659788,364.2473574930485
Djibouti,DJI,2013,7.6,223.097003172514,77.1343417786065,57.545815952446,82.0,82.0,82.0,42.0,28.0,13.9,2.0,889.0,60.57233047,,,43.8756192799404,28.21197756387399,17.363686090961615,282.50472129858224
Eritrea,ERI,2013,9.4,312.231864410262,50.7051288039864,11.6362700094956,94.0,94.0,0.0,39.0,,,0.8,229.0,31.64078712,1.386,0.056,35.2650209672615,24.5681903337337,11.025505103454126,239.43521510781767
Ethiopia,ETH,2013,3.4,332.24475167056653,38.9189287309583,6.76236331987807,59.0,59.0,48.0,26.0,,,1.2,224.0,19.26698494,,,24.8586639702578,19.61617256290281,10.25743218573635,260.59742071864014
Kenya,KEN,2013,9.9,247.9952692664535,56.4770636530803,32.9682462912978,87.0,87.0,77.0,53.0,,,5.0,443.0,67.59809875,0.896,0.193,21.3128534778781,20.964744300017387,12.689160397857398,289.94486890724124
Madagascar,MDG,2013,1.0,306.4499154947845,46.645311071975,10.0796108433394,70.0,70.0,76.0,29.0,,,0.2,225.0,19.33186913,0.284,0.146,14.2773527548731,21.310997932954177,14.14074403392638,313.73740177728405
Malawi,MWI,2013,2.3,322.490855034279,64.4097635787401,29.6470619671529,89.0,89.0,89.0,46.0,,,10.1,261.0,39.54008484,0.222,0.012,18.9083383499326,21.795224858746764,12.98389243297746,260.55247889089736
Mauritius,MUS,2013,98.3,30.43181438910285,99.6614006304561,94.2160990172905,98.0,98.0,0.0,72.0,,,,17.0,440.00280762,3.07,1.585,15.20366440383,24.16062538217405,16.921010680617048,362.1633851977856
Mozambique,MOZ,2013,3.7,334.8421629667205,44.4785109091444,24.6548929254595,82.0,82.0,45.0,38.0,,,12.6,361.0,41.5031395,0.427,0.058,15.9627800546141,23.279337965453912,14.601634188608235,291.4793944106926
Rwanda,RWA,2013,0.6,311.556480230721,55.1208311821785,64.9716279211285,98.0,98.0,98.0,50.0,,,3.4,70.0,47.75388718,,0.1,40.6080865126933,19.43518124971835,11.821623453660155,293.8358913786377
Seychelles,SYC,2013,100.0,19.72891444215425,95.820240112149,98.0566515739248,98.0,98.0,0.0,76.0,,,,24.0,545.24871826,,,10.0998736425548,26.44133360770037,20.265600307551832,365.0000047743229
Somalia,SOM,2013,1.6,383.023520460996,49.7134555846093,33.058251557305,44.0,44.0,0.0,24.0,,,0.1,187.0,12.88169384,,,19.6458780650605,26.8966038320426,16.446433531929287,251.7885776635403
United Republic of Tanzania,TZA,2013,2.4,276.10406808242897,47.5819698290827,21.049832968174,91.0,91.0,80.0,42.0,37.4,4.4,4.5,336.0,43.46931839,,,23.0790165463582,22.95368553307777,14.084738889822995,276.15348363940626
Uganda,UGA,2013,0.9,279.17703932354846,44.9140772703055,19.7651604775123,84.0,84.0,0.0,47.0,,,7.0,203.0,52.906353,1.334,,34.5618313817538,22.280733430998986,14.350413610905411,322.8535235989484
Zambia,ZMB,2013,15.1,228.9124332404585,61.5068944546716,30.1087309769234,79.0,79.0,0.0,52.0,40.0,6.2,11.8,437.0,83.29361725,,,22.0816121744833,21.657181790739024,11.53993000125392,242.4237988063098
Botswana,BWA,2013,61.2,45.11003383439265,86.1035328726968,65.7908304969597,95.0,95.0,72.0,56.0,,,22.4,503.0,433.29150391,,,16.6826257510739,21.305196655211084,8.695690358217504,205.8521711730818
Lesotho,LSO,2013,35.9,263.4320699846705,71.7472805619843,33.2568347766841,93.0,93.0,0.0,52.0,,,24.9,948.0,131.35578918,,,26.9827521191991,12.890026138552438,6.000668350026873,223.8059442766712
Namibia,NAM,2013,42.8,87.09678979146204,82.1358474215349,34.3053246503093,89.0,89.0,0.0,58.0,22.7,7.1,12.8,710.0,539.41345215,1.825,,17.0102040960479,22.228358440827115,6.761809992300657,312.66926966905845
South Africa,ZAF,2013,81.8,50.0150218853666,92.0754416048639,70.2497373907273,81.0,79.0,77.0,65.0,,,18.1,1110.0,593.80157471,1.167,0.729,28.4064236630432,17.82507159261392,9.202982536270788,259.8442843187338
Eswatini,SWZ,2013,43.6,98.9979034654479,67.0946646886489,57.7849166217817,98.0,98.0,0.0,64.0,,,29.2,1030.0,303.40438843,3.305,,17.4661662346837,19.846139887507697,11.703799290420966,286.1112210923847
Zimbabwe,ZWE,2013,30.1,283.878571528774,67.4675567678249,39.3197220289687,95.0,95.0,95.0,47.0,,,15.3,304.0,96.86148834,1.336,0.08,17.2558192677332,20.61904221081204,10.568459562770215,229.38520540022728
Benin,BEN,2013,5.0,271.05329697914704,65.9215151449037,15.1233051054282,77.0,77.0,70.0,30.0,,,1.1,69.0,33.53426743,0.565,,32.0680531492356,27.1556357637662,19.085253562117984,336.21707153295955
Burkina Faso,BFA,2013,7.6,308.19073330626003,52.6002657451869,20.6283173579476,88.0,88.0,0.0,38.0,31.3,8.1,0.9,71.0,42.26796341,0.44,0.045,35.571502354435,28.726433996673663,13.454215761166326,286.18965860854854
Cameroon,CMR,2013,21.4,240.918326159005,65.3916897275554,42.2938755253473,76.0,76.0,75.0,46.0,,,4.3,238.0,57.22771454,,,52.8273113299572,25.55037513596012,15.572757099966902,330.060564038933
Cabo Verde,CPV,2013,73.1,135.5242242854105,84.2318960930689,66.0992428842147,93.0,93.0,0.0,62.0,,,0.7,92.0,191.1048584,0.787,0.601,17.0137107927979,23.42094158928449,16.897486037923027,364.9946742670718
Chad,TCD,2013,3.5,284.7094034996295,46.473095846077,11.0657152698931,39.0,39.0,0.0,24.0,,,1.5,167.0,38.59413528,0.296,0.042,42.9204186815835,28.337207578801515,11.61329463602027,306.11767577752323
Côte d'Ivoire,CIV,2013,22.4,227.56825808387148,73.5860051813631,30.3439798658214,75.0,75.0,0.0,37.0,,,3.1,184.0,67.13149261,0.528,,18.4987954411899,26.21336956841828,19.153537185486925,347.01835356401955
Gambia,GMB,2013,2.2,271.34204697519647,80.571196875671,46.4844347761008,97.0,97.0,96.0,54.0,24.6,11.0,1.9,176.0,25.59075928,,,32.5484863459717,27.47381454467176,16.299745744306673,291.0332351174519
Ghana,GHA,2013,18.8,192.5900652878225,78.565152693679,18.2550635017005,90.0,90.0,89.0,46.0,,,1.9,168.0,105.34784698,,0.1,24.2061546021841,27.02633155983872,19.04988440732229,338.5233159563837
Guinea,GIN,2013,0.8,300.2222021887696,60.7407932771769,20.8963805102335,56.0,56.0,0.0,36.0,,,1.7,183.0,25.90467834,,,25.0054280197302,25.81051151962906,16.821351223524292,309.24735297759827
Guinea-Bissau,GNB,2013,1.1,313.51127994713147,59.9219185208316,18.2067554736928,87.0,87.0,0.0,40.0,,,3.6,230.0,46.05934143,0.519,,28.487890085031,27.4260717241583,17.369652661682757,278.8489481033855
Liberia,LBR,2013,0.4,342.233810188452,71.3338862504404,17.4074580077978,80.0,80.0,0.0,37.0,32.1,5.6,1.5,315.0,48.72935104,,,17.3127044670702,25.31166804049825,19.267941643029207,348.9054847277834
Mali,MLI,2013,0.9,297.82737171870247,70.3820228884165,33.5119596461235,64.0,64.0,59.0,36.0,,,1.2,66.0,30.06661987,,0.113,33.6765735141364,28.669981148271145,12.191816640790902,308.3921552069056
Mauritania,MRT,2013,42.9,192.1796508742455,60.7764532840581,38.0075543396616,80.0,80.0,1.0,29.0,,,0.4,118.0,55.47412872,,,42.7823277974338,28.943059224847705,11.192026588977678,296.68027563502443
Niger,NER,2013,1.7,336.66281622767497,45.9553436655962,11.6709689397012,75.0,75.0,0.0,30.0,42.5,12.4,0.3,111.0,24.61338997,0.223,0.051,57.0560661681477,28.95417667655219,10.807724789001863,300.45888587402635
Nigeria,NGA,2013,3.4,171.4222573593515,64.8863828876252,37.3360751927047,39.0,27.0,0.0,38.0,,,1.8,219.0,97.29588318,0.973,0.363,52.2390699243857,26.73633012528457,17.12782889036903,327.12362006629706
Sao Tome and Principe,STP,2013,1.7,233.949778078002,74.6744974780629,37.6279828671376,97.0,97.0,97.0,51.0,,,,159.0,124.59179688,,,16.2936406866651,25.628749730884323,19.79438723574559,364.999994600078
Senegal,SEN,2013,30.1,250.33574589966497,75.2855370773077,50.7188973203129,92.0,92.0,0.0,42.0,16.5,9.0,0.5,174.0,60.51578903,,0.3179,36.1326172852972,26.555080330080383,15.669169371657476,294.8934489402764
Sierra Leone,SLE,2013,0.5,317.12072887868203,55.2271223321324,15.0676033654272,92.0,92.0,92.0,40.0,,,1.6,465.0,84.93772125,1.235,,20.6635036154207,25.884307098001745,19.675136124756747,346.3037393176726
Togo,TGO,2013,5.2,310.0168940250885,58.2632949727303,15.8290583040509,84.0,84.0,0.0,37.0,,,2.5,72.0,39.56414795,,,28.5413734458887,27.070819939203325,18.761781615607138,335.1643447724552
American Samoa,ASM,2013,,68.76355114606861,98.0948328982775,62.1908055074324,,,,,,,,6.1,,,,4.19070253828411,26.90965414624157,20.978539634349907,363.61284441706766
Bermuda,BMU,2013,,42.56892771247085,100.0,99.952065878916,,,,,,,,0.0,,,,4.81150844680133,21.67821758456941,14.719562121778267,338.93750585810625
Cook Islands,COK,2013,,30.39024326415269,,,,98.0,0.0,,,,,,,,,3.66071018309488,24.8699008912181,17.7218647959818,358.3391493741631
Greenland,GRL,2013,,42.56892771247085,100.0,,,,,,,,,230.0,,,,1.82058879280051,-2.792273982380745,3.38157820460521,304.6642087497748
Guam,GUM,2013,,13.5159865331015,99.5064953657546,89.8026053434471,,,,,,,,48.0,,,,4.08266794721338,27.31607437283789,21.35714977055947,364.99999286826494
Monaco,MCO,2013,100.0,42.56892771247085,100.0,100.0,99.0,99.0,0.0,84.0,,,,1.2,8459.11328125,19.61,8.107,13.8202378955909,12.937415664922856,9.155371635284345,332.68751360686684
Nauru,NRU,2013,100.0,137.5117460829845,98.1637549466314,67.4680367083819,87.0,87.0,0.0,57.0,,,,67.0,808.10583496,,,5.79023641073082,27.73077617176597,21.078935634736983,364.75001008025447
Niue,NIU,2013,,80.17105084460356,,,,99.0,99.0,,,,,,,,,3.54563439069391,25.706373870993605,18.996920673450187,363.3469581532046
Northern Mariana Islands,MNP,2013,,37.3238305612641,98.9432847016019,97.408263615213,,,,,,,,104.0,,,,3.59328887115991,27.297216721645736,21.083450844243345,365.0000090051165
Palau,PLW,2013,100.0,46.4663301592037,99.462942387352,96.6329212315953,99.0,99.0,93.0,75.0,,,,45.0,1399.29931641,,,5.78419340459112,27.271556745919018,21.63363171285368,365.0000080443128
Puerto Rico,PRI,2013,,14.954314495699002,99.1304892071611,99.9568727715878,,,,,,,,1.9,,,,6.53665865438094,25.5618728918566,19.129723816803896,364.0744220576916
Saint Kitts and Nevis,KNA,2013,100.0,16.02044257835835,98.6118541324065,94.9535945166888,97.0,97.0,0.0,79.0,,,0.6,0.0,938.89459229,,,8.07155234523039,26.202907746202648,19.672947342353204,363.81250880109286
San Marino,SMR,2013,100.0,42.56892771247085,99.9999985958692,100.0,86.0,81.0,0.0,76.0,,,,0.0,4113.46679688,8.452,4.881,14.842978105305,12.387490261424356,8.720810506663103,328.4374987227627
Tuvalu,TUV,2013,60.0,229.07358178218905,98.9186170640434,84.9256140127628,90.0,90.0,0.0,64.0,,,0.3,164.0,484.58966064,,,5.8767775052475,27.386813131678583,21.412872985456307,364.5722746641434
United States Virgin Islands,VIR,2013,,32.4466467146583,99.069566500074,99.1691614096911,,,,,,,,,,,,5.84742155061855,26.194435013087467,19.719608345374645,361.5719108619464
South Sudan,SSD,2013,0.0,245.6213225193095,40.3170036685797,8.20089254501599,53.0,0.0,0.0,33.0,,,2.0,399.0,,,,27.8084125247802,28.21471157705847,14.544669380815268,294.4820423837623
Sudan,SDN,2013,41.8,194.475426768715,54.3266708008702,36.0176959149453,93.0,93.0,30.0,45.0,,,0.1,100.0,97.4931488,,,40.6807085051535,28.92238225976743,9.700810889329407,310.9711541209979
China,CHN,2014,69.0,68.75377716581406,90.9415850511528,82.9984761523817,99.0,0.0,0.0,78.0,,,,67.0,362.28695679,2.164,1.711,52.5096572089248,15.413621312098163,10.757338389251192,292.5887309589928
Democratic People's Republic of Korea,PRK,2014,8.0,292.545504462302,95.5706751338568,80.9301775081677,93.0,93.0,0.0,78.0,,,,,,,3.451,31.4243592964002,10.28675472393572,8.281113024302973,270.3720251810456
Taiwan,TWN,2014,,42.56892771247085,,,,,,,,,,,,,,23.9091390363609,22.020399489831306,16.0027613862762,355.78617646317264
Cambodia,KHM,2014,18.5,238.1159466997625,71.539204338713,50.9237116921206,90.0,90.0,0.0,51.0,32.4,9.7,0.8,355.0,63.1011467,0.955,0.167,19.6285216111346,28.02088599965584,20.05632796833893,313.54464049922194
Indonesia,IDN,2014,61.9,84.0365648917543,86.9065589204206,69.8304612551161,88.0,30.0,0.0,58.0,,,0.4,329.0,102.00482178,1.086,,23.9061448888613,25.88822703174273,19.79593765368581,359.4716846093838
Lao People's Democratic Republic,LAO,2014,5.2,181.64319174221905,75.4180039823174,66.0147584184353,83.0,83.0,68.0,54.0,,,0.3,189.0,45.53330612,1.267,0.377,29.0344510411324,23.05297585414093,17.084403456882555,352.975831280615
Malaysia,MYS,2014,94.0,18.582579582856752,97.3553157635016,95.314250824297,97.0,97.0,0.0,79.0,,,0.4,110.0,414.4392395,3.912,1.484,20.3905475120468,26.465090967211555,20.636093758704785,362.8298147744949
Maldives,MDV,2014,97.9,37.5685882092475,98.3609146245112,91.250996049753,99.0,99.0,0.0,68.0,,,0.1,50.0,707.39245605,5.648,1.862,12.2486926110353,27.34546004701448,20.92614175318776,364.9999992359194
Myanmar,MMR,2014,18.3,208.93414255369905,71.6357324611293,70.7745876052099,88.0,88.0,0.0,51.0,,,0.9,411.0,54.28113556,,,36.4414765952555,25.41082475273639,17.934554964302993,312.7896331991645
Philippines,PHL,2014,44.0,136.234333064478,91.8806100613092,75.7428560199161,80.0,80.0,35.0,66.0,,,0.1,546.0,106.16293335,4.373,0.589,22.6948139010066,26.40535692964725,20.5586512145595,364.6748547154644
Sri Lanka,LKA,2014,25.4,80.5313833046487,87.5563586215225,88.2487200055783,99.0,99.0,0.0,69.0,,,0.1,74.0,132.82194519,1.846,0.807,25.0108396744448,26.26706110145563,20.006797688357608,354.8366657166891
Thailand,THA,2014,77.7,42.21735129185335,98.2288774371451,96.1032346574694,99.0,0.0,0.0,79.0,,,1.5,167.0,213.74395752,,,25.7011739015786,27.34934886241713,19.7512804868275,339.121650114638
Timor-Leste,TLS,2014,7.8,280.244496948358,70.2490467993202,48.3422173517987,77.0,77.0,0.0,43.0,49.2,12.2,0.2,483.0,93.10574341,1.394,0.678,13.5834038842576,24.70182667913496,17.52014735495845,341.6642901427432
Viet Nam,VNM,2014,74.5,154.1596480025285,91.6663943913083,77.008286684504,95.0,95.0,0.0,70.0,24.9,6.8,0.4,205.0,119.44549561,1.43,0.783,28.8284052890005,25.121865472879573,19.142129150663408,357.2125433465339
Fiji,FJI,2014,38.6,87.52020688469011,95.2100729129394,92.4811636292608,99.0,99.0,99.0,71.0,6.2,7.0,0.1,74.0,178.31169128,,,5.49433926170456,24.79476538799869,18.107151702895088,359.9405060423911
Kiribati,KIR,2014,5.5,293.6697216806735,71.1597633531566,41.2494292871662,75.0,75.0,57.0,49.0,,,,870.0,155.38656616,,,4.43339267944434,27.62514401736432,20.95334199390369,364.9920022097901
Marshall Islands,MHL,2014,64.1,223.657423475609,87.9780013453875,77.7587559493787,78.0,65.0,29.0,66.0,,,,509.0,449.90563965,,,4.61615336397155,27.25391259992064,21.42551247584183,364.9999981949608
Micronesia (Federated States of),FSM,2014,12.5,234.3162208892015,90.1207216431313,82.2782168453705,77.0,65.0,64.0,63.0,,,,391.0,345.01589966,,,4.44778702195999,27.32610640956085,21.58365212058302,365.00000773948886
Papua New Guinea,PNG,2014,8.7,236.3391493666015,42.7986148436166,20.0317273970696,52.0,52.0,0.0,28.0,,,1.1,611.0,89.08061218,,,14.8930727899941,21.77460372018889,17.050452918614443,364.9291257866032
Samoa,WSM,2014,30.7,163.83081356465,90.9382375010808,94.5185492730746,78.0,81.0,0.0,61.0,4.9,3.9,,11.0,252.30943298,1.785,,4.65736656401817,26.360271114176587,20.38244109639587,363.5702450395418
Solomon Islands,SLB,2014,8.3,274.8158079076275,73.1239607321779,29.1885477185461,77.0,77.0,0.0,45.0,,,0.1,137.0,105.85440826,,,10.3064800537523,26.61144992126475,21.205722772049462,364.9981476342163
Tonga,TON,2014,70.65,173.740975541262,98.7978307642076,92.587068935407,98.0,98.0,0.0,70.0,,,,12.0,210.86004639,,,4.29068443570693,24.29318397048049,16.864721043600117,342.0505484819904
Vanuatu,VUT,2014,13.4,254.3642369876925,86.4842118882778,51.5629765041894,86.0,86.0,0.0,53.0,,,0.1,89.0,108.2263031,,,7.3138439049624,25.4904089772132,18.66602181118389,358.2975270236769
Armenia,ARM,2014,97.4,89.09659275019595,99.0173502975581,91.2374729178599,93.0,93.0,0.0,70.0,,,0.2,73.0,404.33874512,5.138,2.883,28.478768503414,8.8484970902499,6.40249647950687,266.89360657866223
Azerbaijan,AZE,2014,96.4,35.72835207778435,88.4995796810973,86.1415854877427,78.0,87.0,52.0,63.0,,,0.1,107.0,280.22314453,6.35,3.401,27.8735839715851,14.206433529424084,9.156745165669935,294.473804979693
Georgia,GEO,2014,76.9,87.4391537811621,95.9715499431682,84.3256691388097,91.0,91.0,0.0,70.0,,,0.2,128.0,392.86099243,4.064,5.081,20.9305947312065,10.968400384986756,7.900852264111769,298.0084857290945
Kazakhstan,KAZ,2014,93.0,19.0033032082498,95.1268706638543,97.6213968243494,95.0,95.0,58.0,82.0,,,0.2,86.0,369.68508911,6.993,3.865,21.0581359557609,7.919176343780987,5.285581611945041,270.04125441897986
Kyrgyzstan,KGZ,2014,75.5,210.4659239363585,88.9576674918841,96.3214166857355,96.0,96.0,0.0,73.0,12.9,2.8,0.2,171.0,93.15830994,4.919,1.837,20.5417189685172,9.36490069221287,5.693877451561636,247.52251460209987
Mongolia,MNG,2014,41.9,80.51790490372055,78.5150961295777,60.9059101713151,99.0,99.0,0.0,68.0,,,0.1,428.0,176.69651794,4.063,3.193,41.3215795985317,0.5711987571038766,3.484949162680548,205.3892423610361
Tajikistan,TJK,2014,76.6,246.23563609271,76.8237114189289,94.8900877135893,97.0,97.0,0.0,73.0,,,0.2,122.0,73.06859589,4.457,1.727,30.8115594703019,10.906167996854178,5.930860800479335,246.7365573001303
Turkmenistan,TKM,2014,99.9,37.53760479867815,96.4221394795384,97.0307986182985,98.0,97.0,0.0,80.0,,,,61.0,393.86843872,3.984,2.002,32.8746009676061,14.8812996731794,6.0492696892297095,267.58433726528784
Uzbekistan,UZB,2014,84.5,119.88554319582552,93.6104838496586,95.3289091117186,99.0,99.0,0.0,81.0,,,,81.0,118.44307709,11.36,2.39,32.3017805791929,14.122100964610286,6.19742202068727,267.18265508248936
Albania,ALB,2014,74.7,75.31478602668625,93.0200532320908,97.1880171020454,99.0,99.0,99.0,61.0,,,0.1,16.0,293.1267395,,,16.6949201821752,13.683171220855009,9.24618746656596,323.9719383832088
Bosnia and Herzegovina,BIH,2014,42.1,75.2643580205806,96.008918332446,95.2905317745254,86.0,79.0,0.0,63.0,,,,51.0,493.07333374,5.99,2.083,28.3747836629907,12.005366501291135,8.73866495816577,336.6386964678379
Bulgaria,BGR,2014,,34.191766415992404,99.3753090063738,85.9727585294745,88.0,83.0,92.0,70.0,7.0,5.9,0.1,38.0,616.16296387,4.87,3.978,24.5644186833641,12.130555643675372,8.792032361914059,328.8301420077387
Croatia,HRV,2014,100.0,19.30112915051685,99.9005681639486,95.7081981742449,95.0,95.0,0.0,73.0,,,0.1,15.0,915.2689209,6.194,3.153,18.2337872404571,13.532135598651756,9.406576460449756,329.1027592516175
Czechia,CZE,2014,100.0,13.37125108235325,98.7302061350028,99.0755485007891,97.0,99.0,0.0,83.0,,,,5.7,1512.59326172,8.347,3.9345,18.681045705784,10.23763225300721,7.6313827361749,321.44867211436446
Hungary,HUN,2014,100.0,16.469819660712503,98.1178998940875,97.9976794505183,99.0,99.0,93.0,79.0,,,,11.0,1008.92950439,6.586,3.325,18.1685604365167,12.455392891231188,8.479907507385477,301.9236981816836
North Macedonia,MKD,2014,72.7,57.299432019438456,97.5745230862782,94.7668041558134,95.0,94.0,0.0,66.0,,,0.1,20.0,357.63867188,4.701,3.021,25.7464515399391,11.944411801128132,7.838985150243007,284.904464906923
Montenegro,MNE,2014,62.0,39.30042725900125,97.4345288246908,94.9899616180891,91.0,91.0,0.0,68.0,,,0.1,27.0,581.40106201,5.033,2.17,20.0824785795164,12.139056400106684,8.664228798314195,328.82962541277084
Poland,POL,2014,100.0,17.285371313059052,95.5170444873157,97.0037037873813,98.0,98.0,0.0,79.0,2.6,,,22.0,911.29815674,5.79,2.292,23.6086177841208,9.772340555569096,7.689046714051255,334.4341945450344
Romania,ROU,2014,100.0,24.881315233393,100.0,82.4485173692872,94.0,90.0,0.0,74.0,,,0.1,99.0,503.34753418,6.315,2.69,18.2655082722918,10.543637209410166,7.981087806930264,324.35388786388705
Serbia,SRB,2014,71.8,44.9196865755678,92.8689758961741,97.1845998620671,93.0,94.0,0.0,67.0,6.0,3.9,0.1,37.0,608.85858154,6.205,3.03,21.6558081952053,12.65293027278989,8.822723536513571,321.071326931203
Slovakia,SVK,2014,100.0,14.3610885786342,99.7867504210911,97.516126759043,97.0,97.0,97.0,81.0,,,0.1,7.5,1289.34851074,6.087,3.43,18.9011040809801,11.03616945220968,8.003583194261903,315.7487256607639
Slovenia,SVN,2014,100.0,13.370708297989651,99.6194514525228,98.6847325263569,95.0,95.0,0.0,81.0,,,0.1,8.7,2062.38476563,8.643,2.775,14.8678983898954,11.942098725298004,8.722257799430478,335.17847527421765
Belarus,BLR,2014,99.4,28.98269594931475,98.7435395155894,96.9807658359305,97.0,20.0,0.0,78.0,,,,56.0,448.27426147,10.94,4.082,18.3859366839528,7.815532605621485,6.826001661713984,304.463055499495
Estonia,EST,2014,100.0,14.61392677703315,99.5393104564203,99.0367024476379,93.0,93.0,0.0,77.0,1.2,1.5,0.8,24.0,1287.76123047,6.081,3.361,9.37028815022363,6.784809538625725,6.769730756726537,331.0481427196854
Latvia,LVA,2014,100.0,19.9458096294777,98.4153361248408,90.2454171956005,92.0,92.0,84.0,76.0,,,0.6,57.0,856.76654053,5.02,3.216,18.0540062502131,7.549311963629471,6.931362626633516,327.7459570040879
Lithuania,LTU,2014,100.0,16.301436762569452,96.1793622122159,91.4271935305975,93.0,93.0,0.0,74.0,,,0.2,79.0,1019.7121582,7.907,4.306,16.2276879501807,7.967036076025859,6.957013184824989,317.8862474935893
Republic of Moldova,MDA,2014,95.8,137.540935057801,88.436133359262,79.9670878839298,90.0,89.0,28.0,71.0,,,0.9,123.0,230.76982117,6.472,3.091,18.2815441721705,10.900190513500108,7.560238986590289,264.38275427123256
Russian Federation,RUS,2014,100.0,16.115042211283,96.6274699098944,86.1989352053169,97.0,0.0,0.0,76.0,,,,70.0,736.32177734,4.525,4.12,14.6545009824598,5.309085450810189,5.853024784833822,288.21148423887314
Ukraine,UKR,2014,95.1,77.4365609399423,93.2856866411736,96.7156593530627,23.0,38.0,0.0,78.0,,,,115.0,208.94400024,6.536,2.936,19.0428574115728,9.53363228195346,7.105120686618551,275.44549754995364
Brunei Darussalam,BRN,2014,100.0,42.56892771247085,99.8768169121486,89.7477421955591,99.0,96.0,0.0,84.0,,,,66.0,785.41210938,6.19,1.485,8.92712980084173,26.627383000191564,21.4440573642848,364.9999958767177
Japan,JPN,2014,100.0,24.07508985070375,98.8688528877004,99.9660001128524,96.0,99.0,98.0,82.0,,,,19.0,4121.21142578,11.18,2.354,13.7128361071022,14.59872222261851,10.23606670072865,291.3304475625883
Republic of Korea,KOR,2014,100.0,15.3651038807567,99.3370761138281,99.8931040560842,99.0,97.0,0.0,86.0,1.6,0.6,,85.0,1922.98803711,5.617,2.21,26.2180431933715,13.193954873917662,9.292577791578552,276.8540277916166
Singapore,SGP,2014,100.0,42.56892771247085,100.0,100.0,96.0,86.0,68.0,88.0,,,0.1,47.0,2233.34960938,5.817,2.15,20.2243081592991,27.19830330534932,21.18919805043473,365.00000081226233
Australia,AUS,2014,100.0,42.56892771247085,99.9614825180861,99.9975482262667,92.0,91.0,91.0,89.0,,,0.1,6.5,6098.25439453,12.11,3.432,6.04064376240177,17.36802397954233,10.526887310627188,308.47673454824513
New Zealand,NZL,2014,100.0,15.9709545004012,100.0,100.0,93.0,93.0,93.0,89.0,,,0.1,7.9,3997.43237305,10.64,2.889,6.46803978335128,13.614693092957076,9.338272535396865,354.6142719724561
Andorra,AND,2014,100.0,42.56892771247085,100.0,100.0,97.0,97.0,93.0,72.0,,,,8.1,3005.21557617,4.274,3.297,8.8843864780387,8.935931587938343,6.940183172433197,322.38654960770134
Austria,AUT,2014,100.0,42.56892771247085,100.0,99.9785877606259,98.0,98.0,0.0,83.0,,,,7.9,5418.47558594,7.036,5.076,13.6682418765719,10.049113448168807,7.69129083013051,327.7631821370572
Belgium,BEL,2014,100.0,42.56892771247085,100.0,99.4861618443076,99.0,98.0,93.0,85.0,1.6,0.5,0.2,9.2,5110.17333984,11.2,3.16,12.9420206201963,11.507993393720447,8.538748896512555,352.9524155438492
Cyprus,CYP,2014,100.0,13.401060103615798,99.7944906652545,99.5378944664201,99.0,96.0,0.0,74.0,,,,4.3,1869.46398926,3.752,2.396,18.5304214787791,20.33486388893006,12.4089272106355,291.79047976177577
Denmark,DNK,2014,100.0,42.56892771247085,100.0,99.5972357033725,94.0,94.0,93.0,82.0,,,0.1,6.5,6447.92382813,11.45,3.877,11.0323428710692,10.16484381241855,8.111991453633008,356.7847100246651
Finland,FIN,2014,100.0,42.56892771247085,99.9999970318793,99.447989639906,98.0,98.0,92.0,85.0,1.8,1.2,,5.4,4922.4296875,11.77,3.448,7.35747194919289,5.844479722084929,6.443444874625468,331.18086652673503
France,FRA,2014,100.0,29.814761727267303,99.999997234513,98.6523819620194,92.0,92.0,89.0,82.0,,,0.3,8.5,5007.29736328,8.911,3.169,11.3479530769135,13.209678262553776,9.109017538907906,333.5960121038914
Germany,DEU,2014,100.0,42.56892771247085,100.0,99.2248234415877,93.0,91.0,82.0,86.0,,,0.1,5.9,5287.34423828,10.95,4.088,13.4272572813693,10.743093688580506,8.053191342009661,334.9634497823112
Greece,GRC,2014,100.0,13.698010954670949,99.97541718672,98.8339628930007,99.0,99.0,96.0,74.0,,,0.2,5.8,1700.4942627,3.474,5.867,15.9602532913852,17.01280646518288,10.355431668062243,288.4986238041405
Iceland,ISL,2014,100.0,42.56892771247085,99.9999979873113,98.7835434602545,90.0,90.0,90.0,89.0,,,0.1,2.4,4522.90576172,16.15,3.643,5.03924831285463,5.130570378861964,5.795778078039435,359.7880920322536
Ireland,IRL,2014,100.0,42.56892771247085,96.9190141649512,89.8553013523079,96.0,96.0,92.0,81.0,,,0.2,8.0,5309.90380859,12.18,3.012,8.36819428856524,10.400958216721744,8.213207717262542,364.7275711469061
Israel,ISR,2014,100.0,14.2105974993866,99.9999994311655,99.9744595332157,95.0,95.0,94.0,82.0,,,,5.6,2804.23144531,5.293,3.442,20.0398989757489,21.125383441019363,13.46719066973536,325.8124994360823
Italy,ITA,2014,100.0,21.41401944355685,99.9170340740928,99.8855182584591,95.0,94.0,87.0,82.0,,,0.3,6.7,3190.46777344,5.544,3.888,15.7660884912533,14.95852919037037,10.079101043784576,331.43043593222313
Luxembourg,LUX,2014,100.0,42.56892771247085,100.0,97.6276041187324,99.0,99.0,95.0,85.0,,,0.2,5.3,6547.03466797,12.32,2.882,11.9599135966954,10.904671985387402,8.158257987561061,327.0010635832444
Malta,MLT,2014,100.0,13.3786856310503,99.999997506533,99.9669760572969,99.0,99.0,0.0,81.0,,,0.2,10.0,2466.89111328,8.292,3.604,11.7925867040285,19.707951006539098,13.479707953655646,354.52310333716053
Netherlands,NLD,2014,100.0,42.56892771247085,100.0,97.7468177052972,96.0,96.0,95.0,83.0,,,0.2,5.5,5601.88574219,10.44,3.392,13.3086643474591,11.690319273942343,8.706047793400465,355.3753409937941
Norway,NOR,2014,100.0,42.56892771247085,100.0,98.0579255402038,93.0,94.0,91.0,86.0,,,0.1,6.9,9116.37792969,17.44,4.429,7.15094713440871,7.30913856287786,6.519724012719633,320.83609382402256
Portugal,PRT,2014,100.0,13.75061828386035,99.1752179705085,99.1527262690652,98.0,98.0,0.0,84.0,,,0.6,24.0,2056.61474609,6.375,4.562,8.15121248648451,15.517825277151347,10.403764888988851,335.9485877998209
Spain,ESP,2014,100.0,14.9646347884056,99.926942900271,99.9060955227569,97.0,97.0,0.0,84.0,,,0.4,12.0,2716.5793457,5.305,3.781,10.22461137596,16.22623808753227,9.634316926917531,292.07225058314054
Sweden,SWE,2014,100.0,42.56892771247085,99.6586774345315,98.9550794456992,98.0,98.0,98.0,82.0,,,0.1,7.8,6632.23681641,11.71,4.109,7.77583632803298,7.937257533604727,7.117913031053868,337.5346741642962
Switzerland,CHE,2014,100.0,42.56892771247085,99.9999983307103,99.8925900927449,96.0,95.0,80.0,85.0,,,0.2,6.2,9469.6640625,16.45,4.125,10.6761595852196,9.963615670308512,7.669434421735667,327.3383306516695
United Kingdom,GBR,2014,100.0,29.12331926917495,100.0,99.1137061018797,95.0,95.0,93.0,86.0,2.0,0.4,,11.0,4733.37060547,8.394,2.738,12.1572167997075,10.905311527845312,8.313970856705572,364.107036785449
Argentina,ARG,2014,99.7,23.6905343119266,98.9232481866542,94.0211240402659,94.0,94.0,89.0,80.0,,,0.4,27.0,1291.32458496,2.952,4.925,13.534008457628,16.98718018704984,10.526213860558627,299.4053701756269
Chile,CHL,2014,100.0,20.12786332829335,98.0228724170245,97.8903546452322,95.0,95.0,92.0,78.0,1.8,0.3,0.4,17.0,1138.66113281,2.55,2.016,21.8087186705955,13.070647769116674,7.627077039628407,258.2493780354901
Uruguay,URY,2014,100.0,24.880338336426448,98.9811512329588,96.352485578308,95.0,95.0,95.0,84.0,,,,33.0,1495.59777832,,,11.4718002560743,17.653026984672746,11.849425171203618,341.4915309521403
Canada,CAN,2014,100.0,42.56892771247085,98.9015865745503,99.1777500183005,91.0,91.0,79.0,91.0,,,0.2,5.0,5209.93164063,9.791,2.4961,7.45981587623436,6.09584577081747,6.563892416924752,317.0554130602073
United States of America,USA,2014,100.0,42.56892771247085,99.3476415086967,99.7830418254313,95.0,93.0,93.0,86.0,2.4,0.3,,3.3,8796.33886719,11.06,,8.40808065839595,13.874265999730682,8.8948377535437,272.5973167934357
Antigua and Barbuda,ATG,2014,100.0,16.600954680836303,98.4518716600129,95.5096665851238,99.0,99.0,0.0,83.0,,,0.9,3.4,826.75598145,4.887,,7.35833432193136,26.14428907579936,19.48337975582452,365.0000063043927
Bahamas,BHS,2014,100.0,15.2439219003054,98.8869500311068,93.436336503049,96.0,96.0,96.0,80.0,,,1.6,18.0,1619.36669922,,,5.30154777870129,25.25995441946615,17.94896129149802,339.90245335122546
Barbados,BRB,2014,100.0,31.738134791468347,98.7345216948622,95.0838134576733,94.0,94.0,90.0,81.0,,,1.2,1.8,1175.44348145,,,9.35795525195581,26.33276504613665,19.782005116273933,364.99999786778073
Belize,BLZ,2014,83.4,81.7762728895435,92.8662134129202,83.9821211094783,95.0,95.0,0.0,70.0,,,1.4,31.0,298.51965332,2.049,,16.8336459242248,25.64689773465457,19.908518017265965,363.0608576193332
Cuba,CUB,2014,91.8,119.49466866542696,93.5636719296171,88.3531363979165,99.0,97.0,0.0,84.0,,,0.4,8.0,867.69702148,8.044,7.582,9.11560118789653,25.625720759558423,18.091455187127107,358.6481495123034
Dominica,DMA,2014,89.2,72.3984921695256,95.9175225784431,80.3664248800941,97.0,97.0,0.0,76.0,,,0.4,1.4,389.05343628,6.832,,8.97817292355302,25.85828549238305,19.436335049433296,365.0000120584588
Dominican Republic,DOM,2014,88.8,54.23143856796845,95.6965659361733,84.8168092520689,91.0,87.0,27.0,75.0,,,1.1,60.0,312.44223022,1.245,,12.7798219156363,25.100244950707005,17.893543342671194,353.02790205674575
Grenada,GRD,2014,91.0,60.4751892332543,95.6286504435547,93.269422841189,97.0,97.0,0.0,77.0,,,,0.0,381.22598267,,,9.41749477879839,26.453913416797832,20.14012299858624,365.0000002800695
Guyana,GUY,2014,100.0,76.2094611466202,93.2581213076168,86.0478440775297,98.0,98.0,97.0,70.0,11.3,6.4,1.4,100.0,216.03759766,0.635,,16.0457196451689,26.11518574780935,20.59060047094589,364.9081801546522
Haiti,HTI,2014,3.8,268.0351781629755,66.5988959372951,26.6231188972666,63.0,63.0,0.0,41.0,,,1.7,336.0,65.10858917,,,15.2557099929414,25.96185121021261,18.880455069596124,362.0370326672862
Jamaica,JAM,2014,89.2,98.00675138018464,90.8497325388071,86.3566821660583,92.0,92.0,0.0,71.0,6.0,3.6,1.4,4.4,312.77233887,1.469,0.391,22.042085629123,26.216775409054,19.3213932005672,361.8719952363756
Saint Lucia,LCA,2014,95.5,51.51934306442685,94.8482428574282,82.7233630078731,99.0,99.0,0.0,72.0,,,0.4,3.4,470.48123169,,1.901,8.66576364000065,26.356548810342385,19.614405955703173,364.78417153876416
Saint Vincent and the Grenadines,VCT,2014,94.5,62.37049850495885,97.7051158263288,89.586601063137,98.0,98.0,0.0,78.0,,,1.0,4.6,299.33129883,9.154,,8.94105919686198,26.38382093385857,19.92648969219998,365.0000114962695
Suriname,SUR,2014,91.0,38.29680490077545,95.3013933634171,85.8011033502861,71.0,71.0,0.0,73.0,,,1.6,37.0,440.95263672,1.957,,15.3725941750371,26.399439136019296,20.345492272531875,362.7227093439553
Trinidad and Tobago,TTO,2014,100.0,14.02129347983275,97.9572291808289,94.3327824248919,92.0,92.0,95.0,76.0,,,,24.0,1010.82769775,,,12.4160387215375,26.344765650981373,20.106945922451725,364.9053727770831
Bolivia (Plurinational State of),BOL,2014,81.1,146.1249054042725,88.9095566150389,54.9966309177459,85.0,85.0,56.0,59.0,,,0.3,134.0,179.3274231,,,26.2919232240248,15.418501166234188,10.233407428340492,305.40603108911586
Ecuador,ECU,2014,94.3,71.62638358952925,89.8451330944318,83.4289010855999,83.0,83.0,86.0,77.0,23.9,1.6,0.4,44.0,433.41845703,2.182,1.684,17.78596368057,19.50908911158323,14.843761289260463,361.957372153494
Peru,PER,2014,73.4,68.19584080937015,89.8161834428489,73.4685325137981,88.0,88.0,86.0,70.0,14.8,0.6,0.4,136.0,332.18841553,2.081,,27.1057918484588,16.40403383826966,11.619233195154116,336.6493987239217
Colombia,COL,2014,88.1,54.9785129892898,94.8927542496252,87.8407302764007,90.0,90.0,89.0,78.0,,,0.5,34.0,588.29449463,1.139,1.96,19.1389877563514,20.95163339364337,15.146157832745688,346.2759902466488
Costa Rica,CRI,2014,94.0,44.11410523138845,98.925021084525,96.8735289807789,91.0,91.0,83.0,84.0,,,0.4,13.0,836.23120117,2.408,2.659,18.3616133870552,22.15065630377105,16.551364002917197,360.52156946913885
El Salvador,SLV,2014,83.9,120.4039041216281,85.6145492076128,85.0952739178549,94.0,94.0,88.0,81.0,13.6,2.1,0.5,48.0,315.23168945,1.797,,28.6814966208416,26.327375432664585,17.176438355471962,277.67172002690904
Guatemala,GTM,2014,38.9,118.58628337024416,90.9521869085608,66.8936926813794,74.0,74.0,62.0,57.0,,,0.3,23.0,217.23764038,0.958,,27.4223137463517,20.87857393496437,14.149156529174974,340.25499646552873
Honduras,HND,2014,45.4,190.429924480074,92.0207347407906,78.409710520334,99.0,99.0,99.0,61.0,,,0.3,49.0,172.52818298,0.669,,29.4737326253674,23.98365733162672,16.64866747910634,318.0431307724165
Mexico,MEX,2014,84.7,29.148196354001648,97.0663144004475,88.2358926764479,87.0,87.0,94.0,77.0,,,0.4,25.0,609.82232666,2.693,2.237,15.9348225773224,19.632289768618453,11.4206186151186,282.55230922004495
Nicaragua,NIC,2014,49.7,183.47471744068287,,,98.0,,,71.0,,,,65.0,156.22232056,1.372,0.906,19.0966063692655,26.348056613450577,17.954179611509776,295.3160873423208
Panama,PAN,2014,100.0,26.7243011667191,92.6983815513135,77.4566352300972,80.0,80.0,91.0,78.0,,,1.0,52.0,919.2946167,2.957,1.588,15.9619986030478,25.79983420892018,20.39560457620888,363.5636743715594
Venezuela (Bolivarian Republic of),VEN,2014,96.3,28.91292792853429,94.7483698690897,94.0332489661181,78.0,78.0,0.0,75.0,,,0.5,29.0,,,,19.8547776368366,25.732595027875824,18.16330514693024,330.2985036368575
Brazil,BRA,2014,95.4,37.42696809489365,97.4719067025274,84.9007604089727,93.0,95.0,93.0,82.0,,,0.5,41.0,1030.66271973,8.906,,13.1579344238856,23.483514645600035,15.660400561980213,316.0618554501727
Paraguay,PRY,2014,63.6,75.01758008510645,92.8421252536178,86.387257170265,93.0,93.0,86.0,70.0,,,0.4,54.0,440.85821533,0.668,,14.1013413972108,23.017987895938045,15.37189696385414,315.57448409738527
Algeria,DZA,2014,99.5,42.89961532230285,91.268060653484,86.8698473645812,95.0,95.0,0.0,72.0,,,0.1,80.0,366.58615112,,,16.1165663291136,18.41032568645408,9.450467411594122,274.06192977237
Bahrain,BHR,2014,100.0,42.56892771247085,99.9315289348395,99.9956620645531,99.0,99.0,98.0,79.0,,,0.1,21.0,1122.16040039,2.537,0.974,49.8530353704297,26.600136455387684,16.791358824508226,281.02523557673936
Egypt,EGY,2014,99.8,71.93688044017325,97.9975794064633,94.9421220877045,94.0,94.0,0.0,74.0,22.3,9.5,0.1,13.0,155.06480408,1.813,0.73,43.5968296522207,22.922560840748435,10.724470392009891,205.28464324296948
Iran (Islamic Republic of),IRN,2014,97.0,26.752463808684,96.6141058316375,87.5950808163193,99.0,0.0,0.0,77.0,,,,21.0,395.027771,1.487,1.43,39.6402680545656,16.0250176534912,6.181612493089036,275.5047555252131
Iraq,IRQ,2014,98.1,48.1789307750808,93.3560179358349,90.0405629244154,73.0,70.0,0.0,68.0,,,0.1,34.0,178.98071289,1.811,0.823,47.4866517700349,24.011401896635466,8.33468360797451,301.86872189895035
Jordan,JOR,2014,99.9,72.84089922493536,99.0017546060361,97.4791874276905,98.0,98.0,0.0,76.0,,,0.1,6.4,302.14120483,3.485,2.236,28.8641500064179,19.67141337191069,9.327498187891816,193.539102515712
Kuwait,KWT,2014,100.0,42.56892771247085,100.0,100.0,95.0,95.0,94.0,83.0,5.9,2.5,0.1,27.0,1293.8326416,6.707,2.67,50.584892373606,26.712621753333845,9.960152151693013,274.3549317808892
Lebanon,LBN,2014,,40.336490792883296,90.7300009770723,92.6338692747341,83.0,85.0,0.0,68.0,,,0.1,16.0,569.97937012,1.646,2.045,24.4279933820689,19.262114948523607,12.233118739962642,319.54858526387574
Libya,LBY,2014,,15.064600469612198,93.625131243943,89.5680643645901,94.0,94.0,39.0,70.0,38.1,10.2,0.1,33.0,462.19216919,6.724,2.037,21.0489362107904,21.197853031189243,10.329524386695043,255.1723303338696
Morocco,MAR,2014,97.7,113.79249504973356,80.7653426304432,81.6787833331369,99.0,99.0,90.0,66.0,,,0.1,99.0,188.6415863,0.944,0.913,17.5128798204876,18.273370666881192,10.122678262560648,284.7525036799994
Palestine,PSE,2014,,179.001355085422,98.968060270875,95.7625423734235,99.0,99.0,99.0,69.0,7.4,1.2,,1.5,314.27474976,,,20.446971211226,20.72474865485021,12.217238393230517,284.729085519685
Oman,OMN,2014,100.0,42.56892771247085,89.7744741935216,99.0454609162921,99.0,99.0,98.0,74.0,14.1,7.5,0.1,13.0,726.64660645,4.696,2.162,41.5793397713907,27.272547998391538,14.29376648288636,255.4602203925034
Qatar,QAT,2014,100.0,42.56892771247085,99.9398022260297,99.9365471720641,89.0,89.0,94.0,82.0,,,0.1,30.0,2252.4140625,6.208,1.927,90.7022898024857,27.348518669588312,14.806629271659617,239.4420581623522
Saudi Arabia,SAU,2014,100.0,42.56892771247085,99.0565545012609,97.5565788684819,98.0,98.0,98.0,82.0,,,0.1,12.0,1363.59155273,5.546,2.371,63.4135301727035,26.91380735045244,9.751863528494006,269.2979682525742
Syrian Arab Republic,SYR,2014,96.7,157.916111020584,93.1852908581408,92.1891347366773,56.0,56.0,0.0,72.0,,,0.1,31.0,48.91549683,2.131,1.432,30.8871688855922,18.20816986779585,8.716777744777225,233.3481179930946
Tunisia,TUN,2014,99.8,65.5811762393963,92.5674570508114,90.0672030566408,98.0,98.0,0.0,72.0,,,0.1,47.0,287.60955811,2.602,1.253,19.2788417723855,19.91111441432976,11.202040574802806,259.84631533565806
Türkiye,TUR,2014,94.9,22.002617917311248,95.0383332367469,95.8319919153338,96.0,96.0,96.0,74.0,,,,23.0,520.40753174,2.502,1.738,27.1304265961408,14.974722310139082,8.769111626692869,288.6380527449612
United Arab Emirates,ARE,2014,100.0,42.56892771247085,99.903989878004,99.1119382516612,99.0,99.0,99.0,80.0,,,0.1,1.1,1776.7310791,4.429,2.232,50.625296563254,27.914677320058843,14.894074411010262,212.0097372224043
Yemen,YEM,2014,57.8,199.8464631099885,58.2398155721422,54.7529231819499,70.0,70.0,69.0,45.0,,,0.1,43.0,83.48936462,0.751,0.27,42.7253818994792,23.710635048710085,12.397894633518348,240.94427238169607
Afghanistan,AFG,2014,25.8,289.147675111411,58.2185747849882,40.6081362553092,62.0,62.0,49.0,38.0,,,0.1,197.0,60.04951096,0.15,0.304,35.9811583111996,12.7048687376218,5.552264303209077,252.43301449438408
Bangladesh,BGD,2014,16.8,234.217186306076,97.220803624287,48.091854377096,97.0,97.0,0.0,43.0,36.2,14.4,0.1,221.0,29.91152382,0.243,0.478,68.7428624015006,25.428231552687183,18.78949704704982,341.36799543660203
Bhutan,BTN,2014,77.7,107.16712021439535,95.6623573310029,70.3262594115748,99.0,99.0,0.0,62.0,,,0.1,307.0,87.19132233,1.305,0.333,32.4826578122473,20.68581029547779,14.749504234536332,335.52421763174385
India,IND,2014,44.8,175.4404104830405,89.0593975763785,54.1905506719672,85.0,20.0,0.0,60.0,38.7,15.1,,243.0,56.3490181,1.356,0.715,51.6872206933655,25.60539948595385,15.840477774918606,273.3256768006758
Nepal,NPL,2014,28.4,270.0128560238915,88.1248062062868,53.394175397633,92.0,92.0,0.0,45.0,37.1,11.3,0.2,276.0,41.9739151,2.078,,50.6917645882859,22.158650738968564,14.886206950321958,317.71877784684693
Pakistan,PAK,2014,40.3,184.8686995558765,89.4591472805659,56.6314636170423,69.0,69.0,68.0,47.0,,,0.1,270.0,32.11787415,0.421,0.818,54.726513458073,23.469106103154843,13.1294437614955,219.61946758867947
Angola,AGO,2014,46.8,114.2254383415911,57.0569115656449,45.8077399649675,55.0,55.0,43.0,37.0,,,1.8,451.0,130.5861969,,,19.3563913804903,22.96464961763421,14.535157706626592,325.6287442965848
Central African Republic,CAF,2014,0.6,346.2708033939175,43.3540006911393,16.3420825760043,45.0,45.0,45.0,31.0,38.0,6.2,4.0,513.0,18.7120266,,,33.7465914342482,25.838299035096018,16.909362377882154,325.0758595761804
Congo,COG,2014,23.9,151.23889984549402,69.9648050667042,18.3393600656814,90.0,73.0,85.0,42.0,21.2,8.2,3.3,365.0,71.03118896,0.695,,36.430610248924,24.969732577891165,19.255354957888805,364.7706648052101
Democratic Republic of the Congo,COD,2014,3.8,357.448764841248,36.4456556153398,18.044594889942,73.0,73.0,48.0,40.0,,,1.1,461.0,18.22281265,,,36.3611333515498,24.280268288109585,16.593401700585705,328.94217957655496
Equatorial Guinea,GNQ,2014,23.9,18.86343441386505,63.9264757487076,66.1151129596268,53.0,53.0,0.0,42.0,,,,243.0,290.53604126,,,35.0158524363488,24.606075786017808,19.45529422424425,365.0000019575384
Gabon,GAB,2014,85.2,34.1021494983112,85.9658863110068,44.3780097930999,70.0,70.0,0.0,53.0,,,4.0,491.0,233.05368042,,,28.7115755077277,25.163274511214464,19.54676483165209,365.000007114499
Burundi,BDI,2014,0.2,357.7470198798495,60.0108002103421,45.0067757440714,95.0,95.0,95.0,50.0,,,1.4,130.0,18.06601143,0.634,0.056,36.8085564374889,20.86241585338569,12.371345873323513,267.63644826332785
Comoros,COM,2014,5.1,266.9636987993605,86.1291911979684,45.005792347169,80.0,80.0,0.0,48.0,,,0.1,42.0,84.63935852,,,9.17841752128082,25.994686403778985,19.16589109145229,364.99113439569663
Djibouti,DJI,2014,8.0,217.341362657438,77.3584793969034,59.060863750812,78.0,78.0,78.0,43.0,,,1.9,651.0,65.53726196,0.653,0.201,38.7623274866295,28.09987323233031,17.41010854354263,281.526680461032
Eritrea,ERI,2014,9.9,307.21447364689004,51.0835644393148,11.7366810070379,94.0,94.0,0.0,39.0,,,0.8,186.0,32.93448257,1.335,0.066,29.1416815998873,24.155715162776808,11.301942546541971,236.79620614248347
Ethiopia,ETH,2014,3.8,326.8531017427,40.4770660365689,7.07793835749952,61.0,61.0,55.0,28.0,40.4,8.8,1.2,211.0,21.6064415,,,21.7734035744035,19.74722585565912,10.43041674616219,244.8950989770378
Kenya,KEN,2014,11.2,244.415637538675,57.3176013376785,33.6908976254492,92.0,92.0,84.0,53.0,26.2,4.2,4.9,423.0,72.84589386,0.941,0.199,18.9023424497821,21.261228431044174,12.62715867723904,278.5346874461735
Madagascar,MDG,2014,1.0,306.251760659925,47.4541920353579,10.5872297277492,68.0,68.0,68.0,29.0,,,0.3,221.0,22.56570244,,0.173,13.1020578242552,21.52823445546063,14.30421828935259,311.7414635243081
Malawi,MWI,2014,2.2,321.3990519799445,65.1933925643295,31.8630595478382,91.0,91.0,87.0,45.0,42.4,3.8,9.9,228.0,35.33760452,,,16.9489573456288,21.900887998610727,13.182660032987256,261.0986733296018
Mauritius,MUS,2014,98.4,28.6376218970538,99.6851453153078,94.5036776997777,97.0,97.0,0.0,74.0,,,,16.0,544.44122314,3.193,1.88,14.1799589328556,24.43262993343515,17.16501234811333,358.4134212728646
Mozambique,MOZ,2014,4.1,333.3098663593435,46.3885053370703,25.8588794084376,85.0,85.0,76.0,41.0,,,12.7,361.0,43.50259018,0.426,,13.9308842411649,23.362205840968464,14.908505273995816,295.74492640067103
Rwanda,RWA,2014,0.8,308.2145366277885,55.6650639617623,66.5451269597636,98.0,98.0,98.0,51.0,,,3.3,68.0,50.63835144,0.908,0.089,36.5113738855701,19.48629692568914,11.931644694198392,305.4053870100911
Seychelles,SYC,2014,100.0,18.5644605242246,95.9936118311847,98.2537709449345,99.0,99.0,0.0,79.0,,,,12.0,588.18261719,,,8.83068778842381,26.516993411772248,20.318956160698782,364.9999950719199
Somalia,SOM,2014,1.8,382.107958199918,51.8635744481295,34.0748734228162,46.0,46.0,0.0,22.0,,,0.1,188.0,13.15052128,0.261,0.048,18.0024064981226,27.23736326152381,16.22808535982767,233.89500789279072
United Republic of Tanzania,TZA,2014,2.8,272.3453736927205,49.1277716374045,22.4616949820223,97.0,97.0,93.0,38.0,34.7,3.8,4.5,327.0,39.85456848,0.428,0.06,20.3066252412462,23.027492733805968,14.37467592894611,284.5427064788841
Uganda,UGA,2014,0.9,276.4351775127325,46.4945464801436,20.1480923027985,85.0,85.0,60.0,49.0,34.0,3.8,6.9,202.0,50.957798,1.247,,30.8166982571651,22.585136794463644,14.173521078368358,315.63017887032777
Zambia,ZMB,2014,14.5,224.0068064441475,62.6251910477069,30.7641759274322,86.0,86.0,77.0,55.0,,,11.9,406.0,65.39261627,,,20.5339311723167,21.75025366809638,11.533465011219889,251.0555438832885
Botswana,BWA,2014,62.0,42.8622756181211,87.0620077919626,66.5214936855642,95.0,95.0,95.0,58.0,,,22.1,470.0,418.82452393,,,12.6783006490467,20.51814151321637,9.36649772816078,231.0614302890905
Lesotho,LSO,2014,37.5,260.076094669706,72.3042900166606,34.6437079655808,88.0,88.0,0.0,53.0,33.4,2.8,24.7,853.0,121.21549988,,,25.4588395682864,12.85048568738782,6.420744892692244,222.0175758350491
Namibia,NAM,2014,43.5,83.27653145673841,82.5578966769433,34.7830478360411,88.0,88.0,0.0,58.0,,,12.6,674.0,452.2585144,1.822,,14.6130988378326,21.55695392784537,7.7191838156337615,296.7418556641654
South Africa,ZAF,2014,83.0,49.05033816842315,92.4843371456174,70.9435261806792,85.0,85.0,85.0,67.0,,,18.3,1070.0,539.30780029,1.203,0.74,26.7492908595649,17.88623168694709,9.478777375693806,264.8262319607145
Eswatini,SWZ,2014,44.5,96.38881628036457,68.290236770265,58.3979502299524,98.0,98.0,67.0,67.0,25.5,2.0,29.4,855.0,282.43395996,3.386,,15.9087117241071,20.051975839469453,11.951145873088748,285.9551171740442
Zimbabwe,ZWE,2014,29.8,279.2420782903835,67.3943560141551,38.7170842481052,91.0,91.0,91.0,50.0,27.6,3.2,14.9,278.0,111.61201477,1.47,0.119,15.2750857745994,20.61413788776932,10.81493479448976,239.7315706040748
Benin,BEN,2014,5.1,268.402908780904,66.2745990254867,15.7143302277075,74.0,74.0,69.0,30.0,34.0,4.5,1.0,66.0,32.41182327,,,32.0556801866944,27.12313185780746,19.277567818855164,342.3258386528777
Burkina Faso,BFA,2014,8.3,306.434390672719,52.2827255201391,21.6210077487698,91.0,91.0,91.0,39.0,29.0,8.5,0.8,70.0,38.24516678,0.444,0.047,37.4453908399316,28.800385485164696,13.455234083360246,291.8752934887194
Cameroon,CMR,2014,22.1,238.845313283543,66.0018143956848,42.7103744161323,76.0,76.0,77.0,47.0,31.7,5.2,4.1,226.0,71.61038208,,,51.6391324257464,25.456228893630087,15.565633067555636,328.2550631030798
Cabo Verde,CPV,2014,74.3,133.6002945034895,84.5854646017969,68.2388818808702,95.0,95.0,0.0,63.0,,,0.8,81.0,193.39482117,1.062,0.461,16.0402763102499,23.002854213014903,16.34150290773452,364.9068631912382
Chad,TCD,2014,3.8,282.785628295035,47.123415071397,11.2377495765285,36.0,36.0,0.0,28.0,,,1.5,162.0,42.16276169,0.254,0.043,42.6394518129785,28.083306594846967,11.549916204840832,305.98703135549647
Côte d'Ivoire,CIV,2014,24.0,222.0178162152165,73.932866465233,31.2290182892459,73.0,73.0,2.0,43.0,,,2.9,173.0,74.3581543,0.578,0.214,17.6747799713113,26.17150986018283,19.617219978486418,350.3848009430529
Gambia,GMB,2014,2.2,273.39122937592504,81.2241792597438,46.5660263360159,96.0,96.0,96.0,52.0,,,1.9,175.0,17.33743477,,,35.9468890256394,27.307965768511192,15.88466640314469,289.31551355401155
Ghana,GHA,2014,19.9,185.8531528921915,79.5978353673804,19.3983890713711,98.0,98.0,99.0,46.0,18.8,4.7,1.8,165.0,78.46701813,1.483,0.108,23.6327809168327,26.92594427496988,19.44441152486469,345.8970929010926
Guinea,GIN,2014,0.8,299.068955505704,61.9449533966477,21.958517184142,52.0,52.0,0.0,37.0,,,1.7,179.0,36.63517761,0.548,0.161,25.9717238462183,25.73252742529582,16.999293257256365,319.90236080603
Guinea-Bissau,GNB,2014,1.1,313.2531625740095,60.179969051587,19.4462525723006,86.0,86.0,0.0,42.0,27.6,6.0,3.4,218.0,64.99989319,0.508,,30.2524068012234,27.296537780921422,17.16786351140571,290.0374414079578
Liberia,LBR,2014,0.4,340.381125432938,72.0459731773456,17.9088071106971,63.0,63.0,25.0,36.0,,,1.4,302.0,54.82420349,,,16.2110016557453,25.182239388724643,19.47286241104079,355.17835560265013
Mali,MLI,2014,1.0,296.85227658629697,71.9205681917845,34.7924079704944,66.0,66.0,63.0,36.0,28.1,13.1,1.2,64.0,35.7261734,,0.097,38.0175990022528,28.624943895560325,12.532939493275618,308.5095374083679
Mauritania,MRT,2014,43.8,190.321438884295,62.3466709330309,39.8731407401327,81.0,81.0,71.0,29.0,,,0.3,112.0,59.39431381,0.999,0.162,43.9453314705486,28.820391080238096,11.028901836404046,293.6057616245884
Niger,NER,2014,1.9,335.41637711068097,46.6360032875155,12.0644714438851,82.0,82.0,13.0,33.0,42.2,14.2,0.3,104.0,25.09494019,0.307,0.027,60.767919137322,28.75221388935497,10.882432090978538,294.9226946617155
Nigeria,NGA,2014,4.3,165.512758172016,66.5036264382039,38.2655103767243,43.0,43.0,0.0,41.0,33.6,7.9,1.8,219.0,102.39888763,,,54.1305836870948,26.64292192447281,17.126646506686136,329.0508112250408
Sao Tome and Principe,STP,2014,1.9,229.555971893883,75.018493599873,38.9858756147002,95.0,95.0,95.0,51.0,17.2,4.0,,163.0,118.70980835,,,12.3095048044896,25.58607633657689,19.82635204739368,364.99999792506645
Senegal,SEN,2014,29.2,249.73670315708551,76.46896680992,51.8046299171747,89.0,89.0,81.0,41.0,14.2,8.0,0.4,170.0,61.40605545,,,38.8137391761983,26.45004596242953,15.071643520848964,293.81564011223406
Sierra Leone,SLE,2014,0.5,311.39627722196,56.3992358539249,15.8525627081666,83.0,83.0,83.0,43.0,29.1,4.6,1.6,455.0,143.60603333,0.973,,20.3513212383783,25.731107743191767,19.722626240073343,349.41214263578354
Togo,TGO,2014,6.0,307.568802997475,58.9022839214157,16.7317561082878,84.0,84.0,25.0,38.0,27.6,6.6,2.4,66.0,41.96416092,,,28.4948133827228,27.040107021014112,19.06814548977989,336.9388416670601
American Samoa,ASM,2014,,69.02610521502095,98.3302449015267,62.1829046713407,,,,,,,,5.9,,,,4.29679944206415,26.85565337382427,20.640727668773355,363.8138179450901
Bermuda,BMU,2014,,42.56892771247085,100.0,99.9499832234522,,,,,,,,0.0,,,,5.02432813328673,22.297814899302903,15.349519153519992,334.0625002507793
Cook Islands,COK,2014,,29.43171455080465,,,,99.0,0.0,,,,,,,,,3.7569975220556,24.610128951073232,17.42278011108405,342.8009912287763
Greenland,GRL,2014,,42.56892771247085,100.0,62.5,,,,,,,,206.0,,,,1.92791245005633,-2.9181243161645307,3.438828077470745,308.7208279644965
Guam,GUM,2014,,13.6058082606822,99.5090293691085,89.8663802107038,,,,,,,,55.0,,,,4.58172500978383,27.40675484621429,21.552559692119218,365.0000061873148
Monaco,MCO,2014,100.0,42.56892771247085,100.0,100.0,99.0,99.0,0.0,84.0,,,,0.0,8691.6953125,20.83,7.756,12.0304790831465,13.903021798801127,9.59483470028871,338.2500049918831
Nauru,NRU,2014,100.0,125.15861115866056,98.1346028894019,67.8183941096107,95.0,95.0,0.0,58.0,,,,74.0,736.00012207,,,5.82291031661379,27.59788579637327,21.39470035406604,365.0000005857818
Niue,NIU,2014,,77.9289310014089,,,,99.0,99.0,,,,,,,,,3.19299234670163,25.22756000145084,18.01564723027416,351.6397072810112
Northern Mariana Islands,MNP,2014,,37.80975499552755,99.1324279004277,97.6694097563033,,,,,,,,82.0,,,,3.81345144663384,27.35509460122666,21.47421190678778,365.0000061083764
Palau,PLW,2014,100.0,45.0224300800167,99.4717956107824,96.931030387653,95.0,99.0,93.0,76.0,,,,79.0,1481.35656738,6.271,1.412,6.96055456731745,27.179777145718308,21.578666799684857,365.0000085221536
Puerto Rico,PRI,2014,,15.09269609957855,99.2779694820972,100.0,,,,,,,,1.7,,,,6.57500830115424,25.798923820178462,19.14248794062777,364.9999915557386
Saint Kitts and Nevis,KNA,2014,100.0,15.35568784016385,98.6118541324065,94.9535945166888,98.0,98.0,0.0,79.0,,,0.6,15.0,962.25469971,,,8.14473154481854,26.173514621406667,19.58957170387871,364.9999949641221
San Marino,SMR,2014,100.0,42.56892771247085,99.9999972428986,100.0,84.0,82.0,0.0,77.0,,,,0.0,4120.02685547,8.012,5.964,12.992551049976,13.148325099076276,9.070237537832623,332.81251204056923
Tuvalu,TUV,2014,63.6,228.656318153614,98.9067978780049,85.3791357361949,89.0,89.0,0.0,64.0,,,0.3,137.0,512.64215088,3.727,0.909,5.41657974605893,27.453661271056685,21.367701942690942,364.6414822608021
United States Virgin Islands,VIR,2014,,23.93920604239255,99.1135791441512,99.1791303682161,,,,,,,,,,,,6.18070695926681,26.25480221572769,19.68964311714805,364.9999969453935
South Sudan,SSD,2014,0.0,254.9105637097335,40.2950996381389,8.84915620851998,50.0,0.0,0.0,32.0,,,2.0,391.0,,,,23.733978958488,28.077107260538394,14.56727755364473,304.91961539962745
Sudan,SDN,2014,45.75,195.2676365294135,55.2880772698351,38.4269401247106,94.0,94.0,97.0,46.0,38.2,16.3,0.1,94.0,88.78498077,1.173,,35.0474316325894,28.675994604707206,10.360366819924796,299.29330215115976
China,CHN,2015,71.6,61.97873771258806,91.5125864728114,84.7193121416501,99.0,0.0,0.0,79.0,,,,65.0,393.09768677,2.322,1.797,49.4732216422362,15.798146394863934,11.079264811700394,300.32937365518046
Democratic People's Republic of Korea,PRK,2015,8.7,292.66957494771,95.2148802388595,81.6658106218557,96.0,96.0,0.0,79.0,,,,,,,,30.2908673375328,10.46303132209735,8.22299876597978,277.5769823790901
Taiwan,TWN,2015,,42.56892771247085,,,,,,,,,,,,,,21.4619791709202,22.25344883689908,16.276052473883812,354.56047552119963
Cambodia,KHM,2015,21.1,231.8607132083535,72.7747960661074,54.1665197831593,91.0,91.0,68.0,52.0,,,0.8,339.0,70.23264313,0.931,0.15,17.7693037351423,28.562334215869665,19.898055938748968,291.297975386262
Indonesia,IDN,2015,66.8,78.94935104873875,87.3023728948535,71.8904398574445,84.0,84.0,0.0,59.0,,,0.4,325.0,96.15701294,1.282,0.27,25.6063125890807,25.991214913857984,19.544156380901107,357.061593058529
Lao People's Democratic Republic,LAO,2015,5.7,172.3327933970875,77.1470405122433,68.5001364815887,82.0,82.0,71.0,55.0,35.5,9.7,0.3,182.0,52.04236603,1.21,0.4,26.3119972717968,23.64188169563902,17.236094460847532,344.9094316089394
Malaysia,MYS,2015,93.1,17.572738457877648,97.4227111540385,95.4491928177034,99.0,99.0,0.0,80.0,17.8,8.1,0.4,104.0,368.77331543,4.013,1.489,25.1876546150456,26.664782601469994,20.94980718728819,364.4305836402144
Maldives,MDV,2015,98.5,35.60480230303345,98.6468575811513,92.2815312224762,99.0,99.0,0.0,68.0,,,0.1,57.0,837.47290039,6.983,,11.1503845232119,27.5713827963517,21.057000142489265,364.9050172090361
Myanmar,MMR,2015,21.1,200.501288902059,73.5840283312627,71.2558705695299,89.0,89.0,0.0,52.0,,,0.9,391.0,63.62335968,,,34.6434473031534,25.2877969623418,18.007340765384463,316.7179454368119
Philippines,PHL,2015,45.1,130.4524367653475,92.2815392767777,76.8582853974515,76.0,76.0,20.0,66.0,33.1,6.8,0.1,550.0,113.4342804,4.528,0.609,22.5811049721656,26.60681936181919,20.43807054696127,363.6662789190675
Sri Lanka,LKA,2015,26.3,74.6986959931026,87.8430484990773,89.0897723399477,99.0,99.0,0.0,69.0,,,0.1,70.0,144.29077148,1.887,0.83,22.6801672806893,26.398068338420668,20.409688953985302,360.5103106513913
Thailand,THA,2015,78.9,40.22308474426716,98.4945735276121,96.417885275126,99.0,0.0,0.0,80.0,,,1.4,163.0,219.15092468,2.307,0.453,23.6111245475447,27.8439226553192,20.040919561743944,336.1414204595974
Timor-Leste,TLS,2015,8.9,277.102249938086,72.0159260209215,50.808161320469,76.0,76.0,0.0,43.0,,,0.2,437.0,101.4779892,1.471,0.69,12.490147337453,24.709956547382337,17.580799127204592,350.6088962182997
Viet Nam,VNM,2015,79.7,146.6708998133035,92.3918615614749,78.9669212576084,97.0,97.0,0.0,71.0,24.6,6.4,0.4,199.0,121.43981171,1.421,0.795,26.4370995849985,25.68551516401621,19.399954959465145,357.6763283565391
Fiji,FJI,2015,40.55,82.09186833164455,95.2442012588905,92.7488640903171,99.0,99.0,99.0,71.0,,,0.1,69.0,169.47518921,2.853,0.813,6.11755232294273,24.55537420373283,17.92782648148027,361.2706933088368
Kiribati,KIR,2015,6.3,291.5556368677185,72.1255004626904,41.8362047246118,78.0,82.0,78.0,50.0,,,,1010.0,118.3345871,,,5.8238864352796,27.480684503438944,21.46090935462494,365.0000023168438
Marshall Islands,MHL,2015,64.9,220.9748737647905,87.918586730439,77.9244886482311,85.0,70.0,75.0,66.0,,,,498.0,557.35211182,,,5.10161447878408,27.26079824598006,21.539887357343822,364.9999993018696
Micronesia (Federated States of),FSM,2015,12.7,234.180678845067,90.0013378972314,86.3660587810373,72.0,61.0,67.0,64.0,,,,214.0,362.27624512,,,4.67269224808772,27.213295832758035,21.613392698800773,364.99999552663047
Papua New Guinea,PNG,2015,9.0,232.160315395792,43.9315688336247,20.3882856738352,49.0,49.0,20.0,28.0,,,1.1,629.0,45.18995285,,,14.743611914979,22.05575900196089,17.02992893068856,364.6356260802551
Samoa,WSM,2015,31.8,163.0715000260335,91.8420321668066,94.7777698879904,80.0,80.0,0.0,62.0,,,,9.4,232.50479126,,,5.22519040529138,26.352646375099628,20.211373244182955,364.018198141016
Solomon Islands,SLB,2015,8.4,273.5077249508905,72.7696512554907,29.8590956039926,87.0,87.0,42.0,45.0,31.7,8.5,0.1,155.0,91.08989716,,,10.0498585288009,26.55525921994641,20.99037373234744,364.9662856289755
Tonga,TON,2015,73.2,171.62888698120452,98.7935498846236,92.7457956111317,96.0,96.0,0.0,69.0,,,,13.0,181.91452026,,,4.29235393370319,23.82751642284067,16.320000564927067,340.4589765329146
Vanuatu,VUT,2015,13.7,254.7802112615515,86.547558622675,51.1954457861803,80.0,80.0,0.0,52.0,,,0.1,82.0,118.71543121,,,7.66233756963041,25.34801886962237,18.55442790539026,360.7353738414072
Armenia,ARM,2015,97.6,85.1532506722996,99.2198934316356,91.480572190435,94.0,94.0,44.0,70.0,,,0.2,63.0,365.51950073,4.961,2.919,28.2872611000725,8.872278153173776,6.370819096767599,272.17560644359
Azerbaijan,AZE,2015,96.9,33.9795501710706,89.4430394265685,87.5234598194959,79.0,86.0,79.0,64.0,,,0.1,95.0,236.25979614,6.149,3.328,23.4359645146502,14.355603581507069,9.563009142365903,308.1220523783664
Georgia,GEO,2015,79.4,81.6579332552843,96.1014497266011,84.963148689816,94.0,87.0,16.0,70.0,,,0.2,115.0,347.71783447,4.264,5.313,18.8538248338325,11.112163381321048,7.902465246824658,305.01371519807
Kazakhstan,KAZ,2015,93.3,17.99745930764445,95.4785790078555,97.6826966507758,98.0,98.0,74.0,82.0,8.0,3.1,0.2,78.0,310.01428223,7.087,3.726,20.4100787212913,9.47366629451242,5.889468587086708,269.7435348929131
Kyrgyzstan,KGZ,2015,76.3,206.0998957051275,89.5744309454191,96.6154706740523,97.0,97.0,0.0,74.0,,,0.2,178.0,79.54891205,4.81,1.846,22.0816739835326,10.378512826641682,6.263499350269271,248.30991525965376
Mongolia,MNG,2015,43.8,73.6398809319286,79.2523120738023,62.1905023037508,99.0,99.0,0.0,69.0,,,0.1,428.0,165.19296265,4.123,3.243,44.9009780607563,1.0672015785973836,3.456725111625927,230.3849559348201
Tajikistan,TJK,2015,78.1,241.4691922004765,78.4172891677318,95.1229285632346,96.0,96.0,0.0,73.0,,,0.2,111.0,62.75804901,4.588,1.747,30.7154145243743,12.261448802920729,6.497955110050264,233.6130157077189
Turkmenistan,TKM,2015,99.9,33.6394512072187,96.9223218117375,97.4115357683835,99.0,99.0,0.0,80.0,11.5,4.2,,50.0,362.72949219,3.957,1.974,29.4244377874705,15.889624394071804,6.639857701351877,274.6131921117748
Uzbekistan,UZB,2015,84.2,112.4824033327376,94.007820761431,95.4497993116875,99.0,99.0,0.0,80.0,,,,79.0,132.60565186,,2.363,32.031595288707,15.21133427338388,6.711912680604375,261.86557819526126
Albania,ALB,2015,76.5,71.98874615562696,93.3943279564504,97.6549680441734,99.0,99.0,99.0,62.0,,,0.1,16.0,253.93347168,,,18.6786335737453,13.881905245160231,8.899105355821778,276.0648235202548
Bosnia and Herzegovina,BIH,2015,41.7,72.17910609945875,96.0694403538991,95.3129339341419,82.0,78.0,0.0,63.0,,,,46.0,430.83413696,6.023,2.107,31.686057116213,11.662524992399248,8.096702663251756,291.1257962245688
Bulgaria,BGR,2015,,32.6189115370344,99.3537331088916,85.9831554868043,91.0,87.0,90.0,70.0,,,0.1,33.0,534.21466064,4.831,4.041,21.898677985146,12.351661659295752,8.296069494487522,280.655069954087
Croatia,HRV,2015,100.0,19.12264863742725,99.9007659561635,95.7190097005678,94.0,94.0,0.0,73.0,,,0.1,15.0,803.41619873,6.265,3.21,20.4013318441123,13.276195031287855,8.81230063244871,280.1669910406265
Czechia,CZE,2015,100.0,13.4110956764691,98.7304761661286,99.0751703935412,97.0,97.0,0.0,83.0,,,,6.0,1308.8013916,8.432,3.9516,16.7738010034667,10.255769530927294,7.105188653330673,289.62083259727626
Hungary,HUN,2015,100.0,15.91678808102645,98.3938802461663,97.9954541400148,99.0,99.0,94.0,80.0,,,,11.0,874.04138184,6.644,3.098,19.0056518144009,12.146108072999738,7.975236445319041,263.0795014862884
North Macedonia,MKD,2015,73.6,54.5180497994606,97.6529269300646,95.4144114282649,91.0,89.0,0.0,67.0,,,0.1,20.0,322.25213623,4.82,3.017,26.8430932065257,11.693545626027989,7.166143149919607,251.58660626353432
Montenegro,MNE,2015,61.9,37.3305771444375,97.7154742169306,95.5434213816421,89.0,89.0,0.0,69.0,,,0.1,19.0,582.18743896,4.993,2.372,22.5059826956233,12.18955664208809,8.218420343771937,278.34904732813675
Poland,POL,2015,100.0,16.29998668841575,94.9696427851433,97.6921036491612,98.0,98.0,0.0,80.0,,,,21.0,803.95965576,5.745,2.311,21.6047533383556,9.91514976203784,7.090551040745205,288.74812303867856
Romania,ROU,2015,100.0,23.340884104997848,99.9999977589851,83.3255001952095,89.0,89.0,0.0,74.0,,,0.1,94.0,442.24038696,6.56,2.758,18.0989374056679,10.919330261183273,7.735058006379362,286.8252334168403
Serbia,SRB,2015,73.2,43.49838911578135,93.2319494038819,97.3520264197285,95.0,95.0,0.0,67.0,,,0.1,33.0,491.25177002,6.292,3.043,23.353865334596,12.646079992010966,8.094658672786837,259.6690615691682
Slovakia,SVK,2015,100.0,13.9751859611946,99.7871905460043,97.5208284449085,96.0,96.0,96.0,82.0,,,0.1,7.0,1108.87817383,6.026,3.454,18.8396221848105,10.763077443606676,7.458664291572985,280.27897472251897
Slovenia,SVN,2015,100.0,13.371693511732753,99.6144673134653,98.6313647012886,95.0,95.0,50.0,82.0,,,0.1,7.8,1775.86071777,8.873,2.83,17.2358779953467,11.633686997466167,8.280195819516939,309.8127389200495
Belarus,BLR,2015,99.5,27.86212939599089,98.8292261861592,97.4677528685491,99.0,9.0,0.0,78.0,,,,54.0,360.91937256,10.95,4.255,15.5038696838771,8.6131578043349,6.616290247830083,278.5698171541512
Estonia,EST,2015,100.0,14.2930906003147,99.6927225302901,99.0355098457434,93.0,93.0,0.0,77.0,,,0.8,21.0,1156.20275879,6.356,3.417,7.28547055171491,7.384360056982043,6.762563363031082,339.13412392475203
Latvia,LVA,2015,100.0,18.9056803841164,98.4511105601359,90.4930837616034,94.0,94.0,85.0,76.0,,,0.6,53.0,775.86431885,4.885,3.197,15.6579612436511,8.015390878125078,6.837718416492844,333.79159053180894
Lithuania,LTU,2015,100.0,15.42288652657895,96.6540744092519,91.9880821486282,93.0,93.0,0.0,75.0,,,0.2,73.0,918.50750732,7.974,4.338,14.3133444749514,8.4167225870647,6.821723773045996,315.99766101366646
Republic of Moldova,MDA,2015,96.3,131.5964825790225,88.8523471149568,80.6901033429329,87.0,87.0,72.0,71.0,,,0.9,111.0,186.43643188,6.196,3.159,16.1940784684247,11.859337380317235,7.407769701476432,239.1362941188177
Russian Federation,RUS,2015,100.0,15.759800720174251,96.6488882039926,86.7766922089747,97.0,0.0,0.0,76.0,,,,67.0,496.94955444,9.389,3.925,13.0585263767984,6.175640412143232,6.085381132849302,295.25114537526565
Ukraine,UKR,2015,95.1,78.74759361009501,93.3187311569397,96.8342062972295,23.0,38.0,0.0,78.0,,,,108.0,154.75454712,,,17.1448125227219,10.24383441171984,7.097426242473272,253.7061687287409
Brunei Darussalam,BRN,2015,100.0,42.56892771247085,99.8993736424173,90.9643775968511,99.0,99.0,0.0,84.0,,,,69.0,731.04980469,6.528,1.75,12.9042976845405,26.89838584582964,21.72695643135608,365.0000026004166
Japan,JPN,2015,100.0,25.185398904356703,98.9037767854609,99.9637311436416,96.0,96.0,96.0,82.0,,,,17.0,3754.18115234,,,13.4624426415411,15.234374239393269,10.656980590443288,309.7551493336765
Republic of Korea,KOR,2015,100.0,16.37499752348155,99.4085089495638,99.8767290110357,98.0,98.0,97.0,86.0,,,,79.0,1950.89575195,5.966,2.242,24.4993553122383,13.515736250043355,9.308090705855376,279.43904709436083
Singapore,SGP,2015,100.0,42.56892771247085,100.0,100.0,96.0,96.0,75.0,88.0,,,0.1,46.0,2330.39599609,6.082,2.255,26.7934669461631,27.245562084268062,21.341321234388825,365.00001235332655
Australia,AUS,2015,100.0,42.56892771247085,99.9700064923964,99.9980044664382,93.0,93.0,93.0,89.0,,,0.1,6.0,5271.93310547,12.19,3.486,5.89199209300085,17.083391886063897,10.502919938120067,309.62741978552987
New Zealand,NZL,2015,100.0,16.6179761937436,100.0,100.0,92.0,92.0,93.0,89.0,,,0.1,7.5,3433.59643555,10.78,3.031,6.58301243029768,13.584508167737772,9.268410437248264,355.8310985703505
Andorra,AND,2015,100.0,42.56892771247085,100.0,100.0,97.0,97.0,92.0,72.0,,,,5.5,2672.49731445,4.418,3.754,10.5752672419823,9.151843374434776,6.813762027982816,302.54010543573503
Austria,AUT,2015,100.0,42.56892771247085,100.0,99.9767095192409,93.0,93.0,0.0,83.0,,,,7.8,4649.59667969,7.042,5.124,13.4993565061975,10.04010407146583,7.270901783740592,302.91336145934406
Belgium,BEL,2015,100.0,42.56892771247085,99.9999977589531,99.4861641764678,99.0,98.0,94.0,86.0,,,0.2,9.5,4465.45556641,11.82,3.221,12.4882300200128,10.926800477670149,8.025442563572007,344.2795879953256
Cyprus,CYP,2015,100.0,13.3719096947727,99.7863671756961,99.5306978983581,97.0,97.0,81.0,75.0,,,,6.7,1570.54638672,3.841,2.498,17.928179292738,20.258060343127312,12.13371673299811,279.0682061821353
Denmark,DNK,2015,100.0,42.56892771247085,100.0,99.5972338246899,93.0,93.0,91.0,83.0,,,0.1,7.0,5508.53369141,11.51,3.93,9.09705667522263,9.359357346641914,7.642437163760188,363.1176569094432
Finland,FIN,2015,100.0,42.56892771247085,100.0,99.4479924994101,97.0,97.0,92.0,86.0,1.7,1.2,,5.7,4128.20751953,12.02,3.421,5.69706141683995,6.20435461921826,6.44732452264562,344.349334548424
France,FRA,2015,100.0,30.8490850388716,99.9999999037222,98.651596087179,96.0,96.0,91.0,82.0,,,0.3,8.4,4226.62646484,9.026,3.184,12.0481874947392,13.0273099461658,8.738742911941522,310.59692930662226
Germany,DEU,2015,100.0,42.56892771247085,100.0,99.2248544718085,93.0,91.0,83.0,86.0,,,0.1,7.6,4605.59033203,10.95,4.12,12.1341175742131,10.374224753830882,7.553463210805266,315.0236240021088
Greece,GRC,2015,100.0,13.9714126115876,99.988523105293,98.8956496305224,99.0,99.0,96.0,74.0,,,0.2,5.3,1481.41967773,3.449,5.902,15.4961295457634,16.685832246595346,10.010045947875678,270.61253766879435
Iceland,ISL,2015,100.0,42.56892771247085,100.0,98.7831179489898,92.0,92.0,91.0,89.0,,,0.1,2.1,4303.84179688,16.28,3.773,5.076606167753,3.875544717347039,5.3034361755025055,350.1711550598903
Ireland,IRL,2015,100.0,42.56892771247085,96.9380364717099,89.8452309062707,95.0,95.0,92.0,81.0,,,0.2,7.7,4575.84912109,12.35,3.119,7.74862352557972,9.810058062066414,7.790664414567494,364.68327059230666
Israel,ISR,2015,100.0,14.62686534324635,100.0,99.9676711051809,95.0,95.0,94.0,82.0,,,,4.3,2645.78857422,5.323,3.431,22.7224413371307,21.0463877980944,13.609367681035476,315.74998874718864
Italy,ITA,2015,100.0,20.661802057253297,99.9170340740928,99.8854583535856,93.0,93.0,89.0,82.0,,,0.3,6.9,2707.43310547,5.716,3.848,18.409853261327,14.96611618440058,9.880359752026868,306.98235040848044
Luxembourg,LUX,2015,100.0,42.56892771247085,99.9999971975971,97.6243035577451,99.0,99.0,95.0,85.0,,,0.2,6.3,5421.93212891,12.27,2.908,11.8855521357814,10.498320600713924,7.645416896955246,312.64506950209034
Malta,MLT,2015,100.0,13.61742930055895,99.9999976305003,99.9716734306493,97.0,97.0,0.0,82.0,,,0.2,7.2,2249.00463867,8.155,3.676,12.947012247904,19.676078107764106,13.50860193293707,354.6552305777197
Netherlands,NLD,2015,100.0,42.56892771247085,99.9999977623031,97.7352192649865,95.0,96.0,94.0,84.0,,,0.2,5.7,4676.56201172,10.64,3.457,12.0566403406417,10.944084616622831,8.140169107681805,349.08471972894137
Norway,NOR,2015,100.0,42.56892771247085,99.9999975725988,98.0567246248415,95.0,95.0,93.0,87.0,,,0.1,6.4,7566.56152344,15.61,4.091,6.22560099325305,6.761727446220827,6.241575409644974,331.7396663567296
Portugal,PRT,2015,100.0,13.7332297369122,99.1816068105742,99.2491933162673,98.0,98.0,0.0,84.0,,,0.6,23.0,1787.03759766,6.531,4.748,10.0582058200824,15.66321316655637,10.111532223202746,323.0213909098615
Spain,ESP,2015,100.0,15.03737264705315,99.9267194862736,99.9124654207722,97.0,97.0,0.0,83.0,,,0.4,10.0,2383.85302734,5.442,3.826,11.8085262869621,16.245788121172485,9.495225801120608,292.37279367221515
Sweden,SWE,2015,100.0,42.56892771247085,99.6710064082341,98.9319079494218,98.0,98.0,97.0,83.0,,,0.1,9.4,5626.04833984,11.73,4.174,6.10764769999508,7.645849406516351,6.857178786313127,347.8229383656622
Switzerland,CHE,2015,100.0,42.56892771247085,100.0,99.8954458615596,96.0,95.0,80.0,86.0,,,0.2,7.6,9200.10058594,16.89,4.196,11.9291736649443,10.002130152918848,7.41905194462768,308.3139321961199
United Kingdom,GBR,2015,100.0,31.2341854561936,100.0,99.1125609623652,95.0,95.0,93.0,86.0,2.0,0.4,,10.0,4470.09228516,8.36,2.767,10.4984654639443,10.298152228029265,7.847468869656341,360.0618527152346
Argentina,ARG,2015,99.8,23.0926739729654,98.9823076742804,94.4204076284931,94.0,94.0,82.0,81.0,,,0.4,28.0,1523.90979004,3.172,4.98,13.8006524258903,17.205318684876406,10.563650491931746,287.9390547293568
Chile,CHL,2015,100.0,19.23827004655595,98.1315104153015,98.2192140338201,96.0,96.0,90.0,79.0,,,0.4,18.0,1122.13378906,2.694,2.138,22.6210355943474,13.738229750467973,7.902146076808295,255.9419690149129
Uruguay,URY,2015,100.0,23.2023761206578,99.1119536315353,96.6401328300575,95.0,95.0,94.0,84.0,,,,33.0,1424.8939209,,,11.0493273798266,17.704405713429892,11.457031693735736,325.7773690588418
Canada,CAN,2015,100.0,42.56892771247085,98.8340306892804,99.0937780508687,91.0,91.0,80.0,91.0,,,0.2,5.1,4658.83789063,9.872,2.5388,7.38952733509424,7.094571252372569,6.802797507858444,309.16924952602864
United States of America,USA,2015,100.0,42.56892771247085,99.4293350987693,99.7623251311093,95.0,93.0,93.0,87.0,,,,3.3,9200.93164063,11.17,,8.05235034259419,14.963236141035052,9.612977425753314,275.87900790924203
Antigua and Barbuda,ATG,2015,100.0,16.9969273296668,98.5296965955538,96.2618760462753,99.0,99.0,0.0,83.0,,,0.9,3.8,789.30975342,4.72,,9.93555627724521,26.34713693608041,19.70923749841252,364.9999892351392
Bahamas,BHS,2015,100.0,14.964871060774,98.9452612148878,93.7100445402837,95.0,95.0,95.0,80.0,,,1.5,21.0,1588.57775879,,,5.23962361576105,25.63053990050844,18.775828551304976,353.41567688237774
Barbados,BRB,2015,100.0,32.5619104885789,98.7820898115532,95.4725945977198,97.0,97.0,97.0,83.0,,,1.2,0.0,1154.62719727,,,12.3869427333054,26.498896498867204,20.00014022680494,364.9999943511193
Belize,BLZ,2015,83.5,81.99912352677029,93.1158763105632,83.9929567244339,94.0,94.0,0.0,70.0,15.0,1.8,1.4,33.0,286.78604126,2.122,,16.4566914159076,26.153378782028213,20.402842238472616,363.7042734492792
Cuba,CUB,2015,92.6,114.18136383683068,93.6769409300078,88.9864920345571,99.0,99.0,0.0,84.0,,,0.5,7.5,991.08496094,7.982,7.803,9.34589569990177,26.04295318466501,18.48948632354748,356.516076762263
Dominica,DMA,2015,89.2,71.12282141106544,96.0292697173861,80.3664248800941,98.0,98.0,0.0,76.0,,,0.4,9.9,396.23742676,6.776,,12.1140983717352,26.08528963122543,19.655340966625165,365.00000520723313
Dominican Republic,DOM,2015,89.5,50.4510325633502,95.9246900261845,85.3681191078801,85.0,76.0,22.0,75.0,,,1.1,59.0,322.04864502,1.245,,13.0238058465361,25.383500794571496,17.982066472899977,347.9253264330594
Grenada,GRD,2015,90.5,58.0585461600044,95.6286504435547,93.176539533939,92.0,92.0,0.0,77.0,,,,4.4,404.00680542,,,12.132890266003,26.57221189273856,20.37159431659039,365.0000170339128
Guyana,GUY,2015,100.0,72.87495034776799,93.5573147268912,86.7079635217248,95.0,95.0,94.0,71.0,,,1.4,102.0,226.89404297,0.705,,18.390164178919,26.29495052986148,20.651619586440223,364.2844939824196
Haiti,HTI,2015,3.9,266.900370666453,67.2702221922087,27.0270378862153,64.0,64.0,0.0,40.0,,,1.7,318.0,68.50547791,0.287,0.087,15.9378777812489,26.248609801489867,18.83896261000348,358.9814067440996
Jamaica,JAM,2015,89.8,97.7034071270186,90.5287295922396,86.8855879242963,91.0,91.0,0.0,73.0,,,1.3,5.2,334.89901733,1.497,0.428,21.2229913374774,26.424637903834093,19.300563760671537,359.9359980185524
Saint Lucia,LCA,2015,95.4,51.02209619449765,95.2439847521417,82.9135424876692,99.0,99.0,0.0,75.0,,,0.4,8.0,473.24108887,,,11.5831281189325,26.53773288146993,19.86134745320605,364.36742918927183
Saint Vincent and the Grenadines,VCT,2015,94.1,61.1124441356596,97.7108598901837,89.6149399647848,99.0,99.0,0.0,76.0,,,1.0,6.5,302.58422852,9.692,,12.5349074034118,26.54573882765148,20.16009706173262,364.99999702267934
Suriname,SUR,2015,91.6,37.35008684840175,95.747692023521,86.4788537727956,73.0,73.0,0.0,74.0,,,1.6,35.0,511.91244507,2.007,1.006,17.56389494989,26.476600680717944,20.46130008022858,362.5710677184596
Trinidad and Tobago,TTO,2015,100.0,14.174590273401051,98.0862562464858,94.317158860963,96.0,90.0,92.0,76.0,,,,18.0,1061.58666992,3.34,2.541,14.4193905549344,26.490394895236783,20.23820130811128,364.8097300614551
Bolivia (Plurinational State of),BOL,2015,82.2,140.493317045092,89.3856764745398,56.6920160774471,89.0,89.0,86.0,61.0,,,0.3,123.0,196.25799561,1.176,,27.1504403241606,16.163795956978557,10.790869950877056,315.5753314891276
Ecuador,ECU,2015,94.4,69.02442099371805,90.1212871773867,84.2194382578739,78.0,78.0,81.0,79.0,,,0.4,42.0,464.22186279,2.504,1.806,18.258248662138,20.279325034436354,15.425269155992842,361.4059842673421
Peru,PER,2015,75.8,64.27216842717705,90.4146720652742,74.0145820909902,90.0,90.0,90.0,71.0,14.7,0.6,0.4,131.0,310.60983276,2.067,,29.2744836705899,17.16865732929753,12.149784308072602,338.98616572184187
Colombia,COL,2015,88.7,52.17433932818875,95.1389846235131,88.7199118898909,91.0,91.0,91.0,80.0,,,0.5,33.0,470.099823,1.201,2.022,19.2348570604901,21.284084077980552,15.070703596794385,337.307718431752
Costa Rica,CRI,2015,94.3,41.934563527712754,99.1313622232054,97.0905446199626,92.0,92.0,94.0,82.0,,,0.4,12.0,889.3762207,2.422,1.806,19.0534276158403,22.44294113399273,16.796902005199108,360.3240664838356
El Salvador,SLV,2015,85.5,116.78894572307404,86.4045677725112,85.445452477435,94.0,94.0,99.0,79.0,,,0.5,53.0,331.96725464,1.798,,28.9006916656434,26.912570840435347,17.410251088570817,262.35528118231423
Guatemala,GTM,2015,39.7,116.03480330856412,91.1829418884206,67.2424899275787,70.0,70.0,80.0,58.0,46.7,0.8,0.3,23.0,233.8447876,0.982,,26.8919069509211,21.295307738,14.35832750498192,334.9341716605021
Honduras,HND,2015,46.0,187.59166580375648,92.421451159935,79.3614899844159,98.0,98.0,99.0,64.0,,,0.3,49.0,169.97198486,0.654,,29.7472774328821,24.453602204411386,16.971579328179086,313.42855928897893
Mexico,MEX,2015,84.7,28.4596488455376,97.3531385567766,88.8179258213353,87.0,87.0,93.0,77.0,12.4,1.0,0.4,25.0,553.91259766,2.773,2.34,17.0032678302327,19.781322886472395,11.908120431996776,282.769345505972
Nicaragua,NIC,2015,51.1,178.714084776156,,,98.0,,,70.0,,,,59.0,165.18948364,1.383,0.942,20.8272949678995,26.631758287948543,18.305584407458284,297.9994224075914
Panama,PAN,2015,100.0,23.7992334240466,92.8686371033942,78.5876693762409,73.0,73.0,92.0,78.0,,,1.0,58.0,982.06530762,2.768,1.579,16.9783062456346,26.176567888601948,20.695360718583725,362.7128967121654
Venezuela (Bolivarian Republic of),VEN,2015,96.1,32.6612981338759,94.5712750091323,94.5785410927004,87.0,87.0,24.0,75.0,,,0.5,31.0,,,,22.0063448303827,26.36725188720629,18.27643254582008,318.71150207667097
Brazil,BRA,2015,95.7,36.6454403644168,97.7078492139171,85.6891694067484,96.0,96.0,94.0,83.0,,,0.5,41.0,796.15252686,9.234,,14.1057649860703,23.822235930799625,16.14073893559844,322.6949226878192
Paraguay,PRY,2015,64.9,71.4316735609148,93.8962871621524,87.4068345992566,92.0,92.0,90.0,71.0,,,0.4,55.0,393.42440796,0.724,,15.0240132610652,23.07165764515448,15.944794592796008,334.94281040317543
Algeria,DZA,2015,99.6,42.5674862068676,91.4201507009501,86.7425206516531,95.0,95.0,0.0,72.0,,,0.1,81.0,296.76834106,,,16.0318389714709,18.098001030142605,9.588345818097354,278.2791560756605
Bahrain,BHR,2015,100.0,42.56892771247085,99.9295906158634,99.9996815404533,98.0,98.0,98.0,79.0,,,0.1,18.0,1128.24291992,2.498,0.927,59.1026648910356,26.82926642694651,16.805446615863666,278.8299866368218
Egypt,EGY,2015,99.8,69.4281791910553,97.9255148711552,95.1514018679127,93.0,93.0,0.0,73.0,,,0.1,13.0,170.25532532,1.802,0.763,45.6930204523881,22.858595599468995,10.79056541158624,199.18874189570496
Iran (Islamic Republic of),IRN,2015,97.0,27.2633298219602,96.7529192600073,88.1779155269033,98.0,98.0,0.0,77.0,,,,20.0,423.28967285,1.796,1.095,40.7995075467019,16.489948878955982,6.178441195810462,276.45697621465496
Iraq,IRQ,2015,98.5,46.8317939932889,94.2475935647608,91.8347515135487,68.0,68.0,0.0,67.0,,,0.1,33.0,149.07951355,1.582,0.718,52.5324989931432,24.296901405098044,8.137055150166091,299.71046804073364
Jordan,JOR,2015,99.9,74.38320821078734,99.0291191427992,97.3716594756962,99.0,99.0,0.0,75.0,,,0.1,6.5,301.63067627,,2.726,32.905357512385,19.63181337043963,9.408481427536168,191.7231491588404
Kuwait,KWT,2015,100.0,42.56892771247085,100.0,100.0,99.0,99.0,99.0,83.0,5.2,3.0,0.1,26.0,1259.55786133,7.154,2.647,66.6114667077254,26.97298569518325,10.098678537825466,266.79106429096004
Lebanon,LBN,2015,,40.50925530566905,91.1880596973545,93.9430475876455,83.0,85.0,0.0,68.0,,,0.1,15.0,572.07220459,1.556,2.123,27.3828783139307,18.99520476105074,12.185564747844277,313.64603245403003
Libya,LBY,2015,,16.596529757933702,93.8980725281649,89.461172532459,97.0,97.0,71.0,71.0,,,0.1,32.0,433.06808472,,1.861,19.9465456229364,20.53175597663947,10.923585277406314,270.63962934127454
Morocco,MAR,2015,97.9,110.0541070057402,82.0055254325952,82.6133857695212,99.0,99.0,95.0,66.0,,,0.1,100.0,162.85198975,,,19.8670944049653,18.43840865563142,10.104187527018722,275.533710657828
Palestine,PSE,2015,,174.93217106876602,99.2037493504784,96.2425962734405,99.0,99.0,99.0,69.0,,,,1.4,286.91394043,,,23.4035305473915,20.66891976737128,12.405204324448215,282.5644751257349
Oman,OMN,2015,100.0,42.56892771247085,90.238487505215,99.3190102957444,99.0,99.0,98.0,75.0,,,0.1,12.0,767.04455566,4.619,2.13,46.8966290907909,28.07937186759575,14.417767343267048,256.1237155496372
Qatar,QAT,2015,100.0,42.56892771247085,99.9459484654924,99.9365469110371,99.0,99.0,95.0,82.0,,,0.1,31.0,2422.64453125,,,109.454607666153,28.01619129642475,15.01153708162126,241.37658788687045
Saudi Arabia,SAU,2015,100.0,42.56892771247085,99.054985329852,97.5616457387732,98.0,98.0,98.0,82.0,13.7,4.3,0.1,12.0,1309.27148438,,2.444,76.8126533634759,27.28686714448097,9.696725185351683,276.17514189985815
Syrian Arab Republic,SYR,2015,96.2,165.5862352796695,93.3313690922038,92.5483239351902,54.0,54.0,0.0,71.0,,,0.1,26.0,38.17871475,,,33.7719688246076,17.865207671944223,8.505160690518405,235.9983377949112
Tunisia,TUN,2015,99.8,64.65705759049536,93.0017471400427,90.9610365626904,98.0,98.0,0.0,73.0,,,0.1,50.0,249.46418762,2.618,1.285,18.0712480880451,19.59554320572941,11.2215288037492,265.6307448599171
Türkiye,TUR,2015,95.0,20.20515277921909,95.1990408276222,96.4317908505569,97.0,97.0,97.0,75.0,,,,21.0,444.70803833,2.573,1.765,27.8628699204791,14.538254400957095,8.63050988799868,284.8791743937008
United Arab Emirates,ARE,2015,100.0,42.56892771247085,99.927750524332,99.1090951528049,99.0,99.0,99.0,81.0,,,0.1,1.0,1479.49743652,5.321,2.361,58.4002194876441,28.64728396846768,14.464206798592874,220.21981111233595
Yemen,YEM,2015,57.0,209.3224316413445,59.8822273662307,55.6182996414083,63.0,63.0,63.0,44.0,,,0.1,33.0,88.40743256,0.616,,50.0503503017181,24.004218201626585,12.05528128548493,243.784221778532
Afghanistan,AFG,2015,27.5,285.91762190911,60.5153476686209,41.9898186307368,64.0,64.0,64.0,38.0,,,0.1,200.0,59.91960526,0.132,0.29,36.4857340459184,13.68434862995742,5.931985218769761,253.93422305781635
Bangladesh,BGD,2015,18.1,227.083503974198,97.4031438216165,50.0050245547683,98.0,98.0,48.0,45.0,35.0,10.0,0.1,221.0,33.20998764,0.26,0.476,65.5167318093513,25.43250119136299,19.28658512813617,353.10944214614227
Bhutan,BTN,2015,80.0,101.2721606362198,96.4055382033785,72.0956866215508,99.0,99.0,0.0,63.0,,,0.1,264.0,96.86671448,1.445,0.339,32.2583535475829,20.70237289101581,15.042990069628756,345.39164575782564
India,IND,2015,48.4,167.78190287084198,89.7387066732488,57.1496392627885,87.0,45.0,0.0,62.0,37.9,20.8,,237.0,58.12401581,1.431,0.723,51.4355933740253,25.921874660356515,16.37820021748294,275.81134961283874
Nepal,NPL,2015,30.1,265.3812530625285,88.7026979901049,56.4745599225782,91.0,91.0,5.0,46.0,,,0.2,268.0,46.49585342,,,52.0893526071468,22.515227125364543,15.549427337066666,317.6672448348619
Pakistan,PAK,2015,41.8,182.23951241212148,89.6158196961384,58.5009708232225,72.0,72.0,80.0,49.0,,,0.1,270.0,33.99359894,0.436,0.85,57.7003410851012,23.51165842250581,13.648280030116483,244.2517011200768
Angola,AGO,2015,47.0,111.06644558462796,58.6196312007677,46.6837650963553,57.0,57.0,57.0,39.0,37.6,4.9,1.8,445.0,107.52857208,,,21.2324508850665,23.1267448436817,14.924075478043658,329.89447228587545
Central African Republic,CAF,2015,0.6,348.7185981067795,42.3113468572103,15.9631877672806,43.0,43.0,44.0,32.0,,,3.8,503.0,18.44194221,0.2,0.07,37.4065427747097,26.013919052083867,16.67161351771238,320.6558899287656
Congo,COG,2015,25.8,150.37963339046348,70.8834804766701,18.9369281667441,80.0,65.0,80.0,41.0,,,3.2,348.0,57.30290604,0.756,,37.6895651360736,25.10299929706453,19.24416110159552,363.1571285998304
Democratic Republic of the Congo,COD,2015,3.9,355.3342633348255,36.3108122967194,17.7022823048892,70.0,70.0,64.0,41.0,,,1.0,452.0,18.57252884,0.892,,40.4942987380625,24.515908230870785,17.057086560412916,330.7397803022397
Equatorial Guinea,GNQ,2015,24.2,16.9713864245849,64.1785994681849,66.1825230692518,40.0,40.0,0.0,44.0,,,,239.0,222.81713867,,,42.6313082715495,24.748251775352376,19.47727068412017,364.9921288030774
Gabon,GAB,2015,86.0,33.5675190391586,86.2930339752905,45.7595556064781,80.0,80.0,0.0,52.0,,,3.9,488.0,187.27270508,,,31.1583560855615,25.36239946688192,19.719011297690383,364.7864855634487
Burundi,BDI,2015,0.2,357.6677027156665,60.754598685409,44.8844503584829,94.0,94.0,94.0,49.0,,,1.3,124.0,17.67629051,0.613,0.046,39.653487426017,21.116191352122623,12.832495894512906,276.616039843145
Comoros,COM,2015,5.5,265.9516132596975,86.0191792490847,46.3255872493184,80.0,80.0,0.0,48.0,,,0.1,42.0,61.16300201,,,9.36739731128001,26.04530794813748,19.298785269121787,365.0000037401599
Djibouti,DJI,2015,8.5,210.8147336842605,77.5846153985274,60.5779617075524,84.0,84.0,82.0,42.0,,,1.7,691.0,79.54257965,,,43.3905178532533,28.60444423259226,17.393754894533732,288.6749585180028
Eritrea,ERI,2015,10.2,306.8304159188065,51.4650919722432,11.8379124928254,95.0,95.0,0.0,38.0,,,0.7,156.0,29.22208977,1.276,0.068,34.9353641229294,25.218556041853844,10.867272276893338,235.2742198552342
Ethiopia,ETH,2015,4.3,321.0477538182855,42.0272706430081,7.39517563066231,62.0,62.0,58.0,30.0,,,1.1,200.0,23.21817207,,,24.819463870742,20.427965856415383,10.289229153545223,255.31790467870005
Kenya,KEN,2015,12.6,240.345301833938,58.1564256572864,34.4133695043635,89.0,89.0,80.0,53.0,,,4.7,380.0,70.94755554,0.88,,18.820575680392,21.50739363731908,12.648663630490352,275.0768321390257
Madagascar,MDG,2015,1.0,306.1610193049975,48.258173464398,11.0976984755033,62.0,62.0,62.0,31.0,,,0.3,219.0,22.29386139,,,13.7841450363348,21.612780947914544,14.490194102747994,314.7714562698274
Malawi,MWI,2015,2.2,320.5419440991235,65.9763340121013,34.0704035850355,88.0,88.0,88.0,45.0,37.4,2.8,9.6,197.0,34.97310638,,,17.9848717763978,22.22036707775069,13.036320524124957,242.7808274647228
Mauritius,MUS,2015,98.5,26.872453617462703,99.7089459082034,94.7917221671352,97.0,97.0,0.0,74.0,,,,16.0,515.72247314,3.297,1.973,14.3194080246196,24.461253271321592,17.47048484056768,363.3589594738819
Mozambique,MOZ,2015,4.3,331.3458723903615,48.3206421640835,27.0750381576231,85.0,85.0,80.0,45.0,42.3,4.4,12.8,361.0,40.35658646,0.91,,15.3240607793109,23.7690258057536,14.891645480774123,287.499943810016
Rwanda,RWA,2015,1.0,304.48668291308,56.2151798036552,68.1134578237063,98.0,98.0,98.0,50.0,38.3,2.3,3.2,66.0,48.81296921,0.965,0.11,39.1273737775822,19.773516547731766,12.332902135403875,305.1423230883293
Seychelles,SYC,2015,100.0,17.47184238669795,96.1669835502205,98.4508903159442,97.0,97.0,0.0,80.0,,,,7.5,566.96704102,,,8.20990633490402,26.815847941925345,20.712052797185088,365.0000036047765
Somalia,SOM,2015,2.1,380.3843595581555,54.0545936900229,35.0972405875154,48.0,48.0,0.0,24.0,,,0.1,187.0,14.11613941,,,17.2473026998493,27.296647220996668,16.590821153679162,248.98405832901608
United Republic of Tanzania,TZA,2015,3.4,268.71151053972403,50.6761681803936,23.8834363913571,96.0,96.0,93.0,42.0,34.5,4.5,4.5,306.0,33.27184296,,,20.9426794551394,23.248525728965685,14.44071144844324,280.7482869741058
Uganda,UGA,2015,1.0,273.6239374072805,48.0912598324733,20.5299518497404,89.0,89.0,64.0,49.0,30.4,5.7,6.8,202.0,40.09843445,1.585,0.097,31.3216859781962,22.81209956278441,14.24531154977936,313.3620347963501
Zambia,ZMB,2015,14.0,220.743127350218,63.73489906676,31.4108659962422,90.0,90.0,81.0,55.0,,,11.9,391.0,57.38765335,,,22.7617347856024,21.75233328574664,11.691660624050892,250.23035797738603
Botswana,BWA,2015,62.4,42.07595677236896,87.9952713631677,67.2288878869323,95.0,95.0,94.0,60.0,,,21.8,437.0,374.79058838,,,16.628762454879,22.35304387701492,8.064371076360453,234.43109992286864
Lesotho,LSO,2015,39.1,256.5268575830225,72.8644331310882,36.0192915871812,83.0,83.0,29.0,55.0,,,24.3,780.0,104.59999847,,,26.8565053563098,14.07052132986282,6.023304639144392,223.84972533965708
Namibia,NAM,2015,44.1,79.8197497190544,82.9710417542827,35.243867972916,92.0,92.0,81.0,59.0,,,12.4,639.0,476.50784302,1.838,,16.433687883708,22.29079442133719,6.77859841066834,317.13971242367137
South Africa,ZAF,2015,83.9,48.4291948170261,92.2766813341795,71.6284763129344,85.0,85.0,85.0,68.0,21.2,3.4,18.5,988.0,491.90652466,1.239,0.763,28.496468461495,18.83521196392372,9.38646916028432,255.1123743460476
Eswatini,SWZ,2015,45.7,94.1382570029633,69.4869405286673,59.0113147479488,90.0,90.0,90.0,67.0,,,29.3,648.0,250.71520996,3.479,,16.8745830387072,21.17587938711504,12.327069260544343,269.88734661559647
Zimbabwe,ZWE,2015,29.9,274.72221783569296,67.3315481450838,38.1206484665361,87.0,87.0,87.0,49.0,27.1,3.3,14.5,242.0,103.31652832,1.326,0.174,17.8250254097149,21.237567301859485,10.41817044255736,223.31396504360347
Benin,BEN,2015,5.2,265.522580053259,66.6240261475915,16.3169481534553,74.0,74.0,72.0,30.0,,,1.0,62.0,27.34733391,,,46.10419617173,27.147756952553355,18.8036110183433,333.88069712125105
Burkina Faso,BFA,2015,9.0,304.9020521950465,51.9651331528119,22.623723352134,91.0,91.0,91.0,39.0,30.1,10.2,0.8,68.0,32.3375206,0.646,0.063,48.7105219514513,28.650976546110087,12.839596964096623,316.4840455744893
Cameroon,CMR,2015,22.8,236.5222383099225,66.594406364624,43.1308620153925,76.0,76.0,77.0,47.0,,,3.9,214.0,58.38298035,,,61.726915605535,25.641860037512263,14.977807376611407,328.19670462718085
Cabo Verde,CPV,2015,75.3,132.263334372196,84.9382015962204,70.3717073692285,93.0,93.0,0.0,65.0,,,0.8,78.0,150.28823853,1.276,0.743,25.5086332896691,23.26202210927117,16.7121959248862,364.904307275693
Chad,TCD,2015,4.3,281.02725733197053,47.7824336610333,11.421878644262,42.0,42.0,0.0,25.0,31.9,12.5,1.4,157.0,33.82092285,0.243,0.048,53.0105305702736,28.08849611311189,11.0574391941505,317.15070587353284
Côte d'Ivoire,CIV,2015,25.9,215.261080723746,74.2789991723986,32.1245714539308,79.0,79.0,70.0,44.0,,,2.7,162.0,58.43181992,0.431,,26.2182381259264,26.24654935620801,19.17756567623365,344.5614514979261
Gambia,GMB,2015,2.1,274.851470420638,81.8737511504613,46.6646737011035,97.0,97.0,97.0,51.0,,,1.9,173.0,19.67725563,1.448,0.096,43.1628486924345,27.32683887702856,15.851012322286904,289.92499957307064
Ghana,GHA,2015,21.4,180.986836672472,80.631160872114,20.556338766229,89.0,89.0,88.0,49.0,,,1.8,160.0,78.21643066,1.943,0.114,33.8697351229232,27.16994452058593,18.844860295520032,335.9510607056965
Guinea,GIN,2015,0.8,298.025683832592,63.1625705426145,23.0429534538905,48.0,48.0,0.0,34.0,,,1.7,177.0,43.41540527,0.405,0.083,31.4888245218172,25.85545886979272,17.078828908896668,310.2906962119169
Guinea-Bissau,GNB,2015,1.1,312.093355856974,60.4227287706109,20.7029543822311,86.0,86.0,10.0,45.0,,,3.3,209.0,52.45866776,0.54,0.198,36.1920659472528,27.33523550415889,17.11002908937137,272.8955529168829
Liberia,LBR,2015,0.4,338.4750894977255,72.7524847164664,18.4179781203981,65.0,65.0,36.0,42.0,,,1.4,289.0,68.89793396,0.1013,0.036,23.5651327737133,25.37271906811805,19.453730886949472,351.59022113452454
Mali,MLI,2015,1.0,295.48115322626745,73.4442818917146,36.0760821566718,70.0,70.0,67.0,37.0,30.4,13.5,1.2,63.0,28.97842216,,0.094,44.1720344790903,28.56592119148647,12.519285185462463,315.58619193125315
Mauritania,MRT,2015,44.4,188.806593850473,63.916470728636,41.7742652183786,73.0,73.0,71.0,31.0,27.9,14.8,0.3,107.0,57.1233139,1.043,0.175,53.0162862976192,28.96862525556616,10.92155839080933,305.3112327350397
Niger,NER,2015,2.2,334.411335926672,47.3180912197977,12.4627973884211,84.0,84.0,49.0,34.0,46.4,13.6,0.3,98.0,25.96905327,0.205,0.032,82.5855382638443,28.41772503396014,10.1962283716541,313.3087253571662
Nigeria,NGA,2015,5.7,161.083166762288,68.1220021164846,39.2193808312227,42.0,42.0,36.0,43.0,33.0,7.3,1.7,219.0,92.91207123,,,75.1290695732099,26.80930949737012,16.17811435633638,327.4504741087688
Sao Tome and Principe,STP,2015,2.1,225.962540993038,75.3502679497471,40.3427054934035,96.0,96.0,96.0,52.0,,,,175.0,85.37828827,2.207,0.315,18.7235197689483,25.540608735817496,19.917373066969244,365.0000027725221
Senegal,SEN,2015,28.5,248.52793843613847,77.649320243194,52.8890432398602,89.0,89.0,89.0,42.0,17.5,8.9,0.4,165.0,53.32304382,0.192,0.2074,47.635468588898,26.48172643914372,15.19607613068463,292.22903486841506
Sierra Leone,SLE,2015,0.6,310.074144309009,57.5692588907449,16.6582857856538,86.0,86.0,86.0,43.0,,,1.6,446.0,118.66024017,0.835,,26.6521495038632,25.864491571439288,19.7535355403415,347.1253058429469
Togo,TGO,2015,6.8,304.5869466388285,59.5058666846818,17.6606158910418,82.0,82.0,77.0,37.0,,,2.3,62.0,46.92110825,0.288,0.047,40.9415288577558,27.172470890994045,18.165401688688068,322.2533010649625
American Samoa,ASM,2015,,68.27281658467845,98.5656569047758,62.1750038352489,,,,,,,,7.6,,,,4.80346129180255,26.744454282865814,20.39676253916818,363.0896973559461
Bermuda,BMU,2015,,42.56892771247085,100.0,99.9479005679884,,,,,,,,0.0,,,,5.19596346375175,22.29127098491291,15.627267787961824,339.9375098428297
Cook Islands,COK,2015,,27.289739051517152,,,,99.0,0.0,,,,,,,,,3.8084183494093,24.04708439554797,16.67928103089308,335.15089052292547
Greenland,GRL,2015,,42.56892771247085,100.0,62.5,,,,,,,,189.0,,,,1.64758472228854,-5.090045786010214,3.122770689406376,310.2551446853934
Guam,GUM,2015,,13.71260239981135,99.5115633724624,89.9301550779604,,,,,,,,74.0,,,,4.93936320949332,27.123652562325614,21.19537921934863,365.0000060524994
Monaco,MCO,2015,100.0,42.56892771247085,100.0,100.0,99.0,99.0,0.0,85.0,,,,0.0,7354.13183594,,,14.5244996149458,14.14639921828474,9.621191472026052,321.7500165539622
Nauru,NRU,2015,100.0,117.04442832573416,98.1054486427502,68.1687363656322,91.0,91.0,0.0,58.0,,,,91.0,973.30883789,6.364,1.273,6.84805862810455,27.488660903521684,21.60238310583291,364.99999936998574
Niue,NIU,2015,,75.8662121794675,,,,99.0,99.0,,,,,,,,,3.17692393270181,24.77945855253164,17.428971443563924,350.419653994242
Northern Mariana Islands,MNP,2015,,37.4037225633509,99.3215710992534,97.9305558973937,,,,,,,,88.0,,,,3.9492585987962,27.104499565072125,20.960742751449253,363.8653454450597
Palau,PLW,2015,100.0,42.7025998214319,99.4802609974161,97.2203841305645,90.0,89.0,95.0,76.0,,,,79.0,1554.91186523,,,7.87637333715843,27.21048651984949,21.3713071191452,365.0000125618943
Puerto Rico,PRI,2015,,15.29918993212715,99.4254497570333,100.0,,,,,,,,2.0,,,,6.68996473732767,25.84060316827137,19.26597630628383,364.90755377475097
Saint Kitts and Nevis,KNA,2015,100.0,14.87191191374015,98.6118541324065,94.9535945166888,94.0,94.0,0.0,79.0,,,0.6,4.2,1042.15063477,4.586,2.909,10.2206058863843,26.384729720895177,19.799473047333223,364.9999814974485
San Marino,SMR,2015,100.0,42.56892771247085,100.0,100.0,85.0,83.0,0.0,77.0,,,,0.0,3530.04614258,,,16.5751065118508,13.070700765935817,8.912264268288137,314.3749982599512
Tuvalu,TUV,2015,66.9,225.92159497624897,98.8939303808876,85.8275541717816,96.0,96.0,0.0,65.0,,,0.3,182.0,451.35287476,,,5.50517551068649,27.53089255035726,21.700055234134307,364.5992846351652
United States Virgin Islands,VIR,2015,,19.2882741011293,99.1575917882283,99.1890993267411,,,,,,,,,,,,6.6517300446583,26.49249747879452,19.92158173501737,365.0000072754156
South Sudan,SSD,2015,0.0,263.9536852243285,40.2538150385171,9.52607939004663,46.0,46.0,0.0,31.0,,,2.0,383.0,,,,24.9650166354646,28.84135454358432,13.962090043600254,299.8477380957228
Sudan,SDN,2015,48.4,196.40477342683155,56.2519336312621,40.8962454458167,93.0,93.0,93.0,45.0,,,0.1,88.0,93.69657135,0.801,0.396,40.3146727322112,29.28539964723614,9.076945358962863,301.2582730004795
China,CHN,2016,74.2,55.96745789331236,92.0580332231986,86.4094766918916,99.0,0.0,0.0,80.0,,,,63.0,398.17489624,2.498,1.888,45.2806085850562,15.85442637894004,11.380688392042034,301.605348024166
Democratic People's Republic of Korea,PRK,2016,9.3,292.17204111635647,94.8621018158696,82.4086074475707,96.0,96.0,0.0,80.0,,,,,,,3.645,26.6256531175516,10.355149360501969,8.677128755787043,274.9898886269602
Taiwan,TWN,2016,,42.56892771247085,,,,,,,,,,,,,,19.7581059265783,22.25665618211568,16.766708595296265,361.115915630156
Cambodia,KHM,2016,23.8,225.2437906715665,73.9897142664689,57.417022532982,91.0,91.0,87.0,55.0,,,0.7,326.0,75.22520447,1.124,0.197,19.305757078537,28.55712723258191,20.680566583300664,304.7715943322747
Indonesia,IDN,2016,71.3,74.43078164294451,87.6849895715078,73.9559310852412,84.0,84.0,0.0,60.0,,,0.4,322.0,106.40021515,1.193,,20.9556285202781,26.361048573371807,20.7857757207624,365.568957367506
Lao People's Democratic Republic,LAO,2016,6.3,163.227543921812,78.8579483150043,70.9711485336486,82.0,82.0,78.0,57.0,,,0.3,175.0,54.3762207,1.251,0.371,29.6997914461852,23.51012406159192,17.25472596934906,345.13037111321023
Malaysia,MYS,2016,91.9,16.709328245574852,97.4883578339003,95.5818387511704,98.0,98.0,0.0,80.0,20.8,11.6,0.4,106.0,350.71160889,4.017,1.576,16.2387171304782,27.16543284954296,21.26226394754428,362.4333463880743
Maldives,MDV,2016,98.8,33.74403496328425,98.9301591789306,93.3068469398135,98.0,98.0,0.0,66.0,,,0.1,57.0,1017.99908447,2.563,1.32,14.5794326937292,27.640039060947093,21.21642177894826,366.0000086196229
Myanmar,MMR,2016,24.4,192.808584937098,75.5592746825868,71.7359380963987,90.0,90.0,14.0,53.0,29.4,6.6,0.9,372.0,59.67910385,1.066,0.638,35.5327407831665,25.4699923919208,18.144540641858534,316.4108035632313
Philippines,PHL,2016,46.6,124.4330715049337,92.6811507144986,77.9796692916052,84.0,84.0,40.0,68.0,,,0.1,554.0,118.05981445,4.618,0.631,21.8003003003794,26.95890195199508,21.060586233600365,364.130220974298
Sri Lanka,LKA,2016,27.4,69.39287247182806,88.13156471936,89.9341591246989,99.0,99.0,0.0,70.0,17.3,15.1,0.1,66.0,145.32496643,1.869,0.856,24.6700049853186,26.831123344182327,20.15888062250479,353.2628421233056
Thailand,THA,2016,80.0,38.31317259319755,98.7563664509808,96.7354102291453,99.0,0.0,0.0,81.0,10.5,5.4,1.4,160.0,229.7849884,2.699,0.433,25.8740486993818,27.972044815727536,20.26111275130458,327.21010324172266
Timor-Leste,TLS,2016,9.9,274.214055833105,73.7840931370356,53.273678577949,79.0,79.0,0.0,44.0,,,0.2,403.0,92.69400787,,,11.8445134580119,25.63146825002269,18.88580133494088,359.8753417102029
Viet Nam,VNM,2016,84.4,139.186922436743,93.1077859229268,80.9140981082283,96.0,96.0,0.0,71.0,24.3,,0.4,193.0,133.1960144,1.441,0.825,27.4655146787653,25.58149186550588,19.4792134797799,358.01064753696386
Fiji,FJI,2016,42.1,77.47297891400115,95.278634976057,93.0055113848616,95.0,95.0,93.0,70.0,,,0.2,59.0,175.91635132,,,5.85147973844489,25.205778127861898,18.774721033041697,364.4162794017847
Kiribati,KIR,2016,7.1,289.275633814832,73.0741373998847,42.3903837205277,81.0,81.0,79.0,50.0,,,,1010.0,157.72897339,,,3.62047786634097,27.67646042802902,20.81855046163713,365.9229494726456
Marshall Islands,MHL,2016,64.9,217.5026501118835,87.8599925436278,78.0801139470474,71.0,58.0,65.0,66.0,,,,649.0,619.35668945,,,4.14660751460666,27.41103363444235,21.17459563404473,366.0000042415259
Micronesia (Federated States of),FSM,2016,12.7,233.794538280164,89.8819541513315,90.4539007167041,69.0,46.0,63.0,66.0,,,,293.0,399.77108765,,,3.79572363222193,27.59953346860752,21.52241921716632,365.9990225407288
Papua New Guinea,PNG,2016,9.0,227.84093885292305,45.0471749676037,20.745116008719,46.0,46.0,20.0,28.0,,,1.2,626.0,53.98646545,,,13.4848911862133,22.413171293324044,17.715480686297433,365.982201489092
Samoa,WSM,2016,32.8,160.6558283306425,92.7474260962852,95.0374675364972,74.0,74.0,0.0,62.0,,,,6.4,238.35044861,,0.329,4.63147857019643,26.768496558998205,20.89200776342676,365.9651399739101
Solomon Islands,SLB,2016,8.6,271.96681806075253,72.42353421812,30.5306345641,94.0,94.0,87.0,46.0,,,0.1,141.0,94.32994843,,0.181,9.84303587317893,26.861112723933168,21.459563408412983,365.9999907002725
Tonga,TON,2016,75.95,167.8652521881015,98.7890715916912,92.9019205295168,96.0,96.0,0.0,69.0,,,,7.6,208.53982544,,,4.06711231519456,24.675294006759337,17.631448249146132,357.3846947123685
Vanuatu,VUT,2016,14.3,254.746696837367,86.6102249410462,50.826109673151,81.0,81.0,0.0,51.0,,,0.1,75.0,88.35998535,,0.169,7.45281458223244,25.92083760804616,18.94777240358398,362.6622358795392
Armenia,ARM,2016,97.8,82.03015913914335,99.3200449240504,91.7279143880493,94.0,94.0,94.0,71.0,9.4,4.4,0.2,54.0,359.58227539,4.958,2.887,25.352291625061,7.990300551938969,6.164649294002133,266.8016985955079
Azerbaijan,AZE,2016,97.3,33.450444719212,90.3873981119226,88.9091129023182,78.0,85.0,79.0,65.0,,,0.1,86.0,169.69596863,5.961,3.262,21.1210652999916,13.86476430696413,9.59260452129218,316.2887329430879
Georgia,GEO,2016,81.7,76.52301894344996,96.2306438542473,85.6008234007507,92.0,92.0,75.0,70.0,,,0.2,104.0,369.51849365,5.061,6.351,17.372294638664,10.509824865746358,7.68797762568474,300.6859538961197
Kazakhstan,KAZ,2016,93.5,17.3464428703302,95.7465813403663,97.7438938717997,83.0,83.0,97.0,82.0,,,0.3,68.0,255.84049988,7.269,3.707,19.0781512426342,9.483284736805398,6.344328606391042,262.97081487861243
Kyrgyzstan,KGZ,2016,76.6,201.5891686085215,90.1919244806244,96.9087481057027,96.0,96.0,0.0,74.0,,,0.2,170.0,71.52179718,4.778,1.853,20.8230917656033,10.828645647815328,6.557811780974821,236.81273440778355
Mongolia,MNG,2016,45.6,68.72135132601805,79.9910274586386,63.4840050160805,99.0,99.0,0.0,69.0,7.3,1.2,0.1,428.0,168.41404724,4.086,3.289,47.4794790864176,-0.1307762677392477,3.702574211961025,243.17410783846543
Tajikistan,TJK,2016,79.7,236.693333876181,80.0192106177573,95.3542477429458,96.0,97.0,0.0,72.0,19.6,3.5,0.2,102.0,54.9213562,4.891,1.754,31.3562334233332,12.807105359575612,6.564158953140356,224.49456601442003
Turkmenistan,TKM,2016,99.9,30.719026758437305,97.4211611367234,97.7947178741168,98.0,98.0,0.0,80.0,,,,46.0,376.65567017,3.901,1.959,27.7416729567261,16.26690719785596,7.014503534712957,245.57763608650708
Uzbekistan,UZB,2016,83.4,105.79861355591864,94.4080443889354,95.5713512500574,99.0,99.0,0.0,79.0,,,,76.0,129.82177734,,2.298,30.817417852674,15.731333239770828,7.010831378212726,238.17157162770377
Albania,ALB,2016,78.0,68.9790972585994,93.7548764271568,98.1079014758832,99.0,99.0,99.0,62.0,,,0.1,16.0,275.43676758,3.635,1.212,16.5118382060405,13.750747917124032,9.122420604989442,300.36023203506863
Bosnia and Herzegovina,BIH,2016,41.6,68.95784079222256,96.0724133360056,95.3361467691692,78.0,69.0,0.0,64.0,,,,38.0,450.44155884,5.653,2.146,30.7944873808796,11.36241093363762,8.201319883079613,319.1410487643425
Bulgaria,BGR,2016,,30.95647851017845,99.3327228860736,85.9935449985972,92.0,92.0,90.0,70.0,,,0.1,31.0,579.76715088,4.803,4.107,21.3967799774618,12.203952727916542,8.287157748395586,293.363201338401
Croatia,HRV,2016,100.0,18.760474000932447,99.9009796453255,95.7305312019132,93.0,93.0,0.0,74.0,,,0.1,14.0,851.92492676,6.792,3.265,19.5103036698958,12.868399242497814,8.835554759883433,315.9797913950344
Czechia,CZE,2016,100.0,13.525389538284848,98.7307511669182,99.0747972565215,96.0,96.0,0.0,83.0,,,,5.9,1374.9005127,8.327,4.0194,16.5377128688549,9.436935890085785,7.24882761612022,318.9145264741418
Hungary,HUN,2016,100.0,15.401226258099598,98.6679484290121,97.9931789584607,99.0,99.0,98.0,80.0,,,,9.8,918.94506836,6.604,3.212,17.0875378473983,11.43559794804671,8.094962565539708,309.31219891201147
North Macedonia,MKD,2016,75.0,51.79099306518515,97.7315020702952,96.0648171578031,95.0,94.0,0.0,68.0,,,0.1,18.0,347.44271851,5.04,3.166,24.8400819974107,11.556563110098526,7.365495915383,261.0193076965774
Montenegro,MNE,2016,61.6,35.4640768052217,97.9838031663894,96.0990784093621,89.0,89.0,0.0,69.0,,,0.1,20.0,604.88665771,5.026,2.589,20.8028849006414,11.925948804402852,8.385759359372258,303.59277373081386
Poland,POL,2016,100.0,15.4961034175904,94.4224326184484,98.3831051859455,98.0,98.0,0.0,80.0,,,,20.0,816.08618164,5.716,2.397,20.9364845038375,9.270414930782106,7.367051299348828,328.47341514838735
Romania,ROU,2016,100.0,21.9173068285476,99.99999889392,84.2094124497179,89.0,89.0,0.0,75.0,,,0.1,84.0,476.24505615,6.803,2.83,18.1070416748429,10.354621130259844,7.782143559900952,316.2392938321459
Serbia,SRB,2016,74.3,41.973103649873394,93.5956537011763,97.519678308202,93.0,92.0,0.0,67.0,,,0.1,29.0,486.42944336,6.289,2.926,22.997740231213,12.115610651848852,8.341640864422748,307.0763263650185
Slovakia,SVK,2016,100.0,13.7352564581759,99.7875130290361,97.526250341086,96.0,96.0,96.0,82.0,,,0.1,6.3,1175.6270752,6.084,3.476,17.5336882095409,10.08951176281829,7.5865158057293725,320.6349336979625
Slovenia,SVN,2016,100.0,13.3829173837234,99.6094831744078,98.5779968762202,94.0,94.0,50.0,82.0,,,0.1,7.0,1838.65405273,9.757,3.019,15.9163654900552,11.247919050769264,8.30540989007313,337.3263054220423
Belarus,BLR,2016,99.5,27.5009598496315,98.9152496756769,97.9567271053164,98.0,11.0,0.0,79.0,,,,45.0,296.94720459,10.89,4.372,14.6025888523524,7.691105971504856,6.877424806867924,321.8676019611174
Estonia,EST,2016,100.0,13.98811171006555,99.8450343236061,99.0342292897259,93.0,93.0,0.0,77.0,,,0.8,19.0,1226.0859375,6.436,3.457,6.97215671810955,6.37441529634486,6.710817859210136,338.5950663276805
Latvia,LVA,2016,100.0,17.9225995663434,98.4869768488799,90.7423211464844,98.0,98.0,84.0,77.0,,,0.6,47.0,874.79772949,4.842,3.212,14.1216107325516,7.270422568879885,6.9296806740725625,336.76808339367096
Lithuania,LTU,2016,100.0,14.6888118124909,97.1276074784164,92.5491836464928,94.0,94.0,82.0,75.0,,,0.2,70.0,986.13311768,8.023,4.466,12.6124099108903,7.674233614858434,7.002227757884726,329.5724169369751
Republic of Moldova,MDA,2016,96.8,125.27534879237211,89.2722054309819,81.420818324275,89.0,89.0,77.0,72.0,,,0.9,111.0,171.18476868,6.628,3.239,16.8919990590563,11.2437828517138,7.676414090757614,266.2492462199701
Russian Federation,RUS,2016,100.0,15.5737523664393,96.6715881856809,87.3591528902794,97.0,0.0,35.0,78.0,,,,63.0,463.29275513,9.229,3.964,13.5758857302309,5.583502528345352,6.270884135517112,304.240105355736
Ukraine,UKR,2016,95.1,79.70049556702224,93.3513783452098,96.9523458246156,19.0,47.0,0.0,77.0,,,,99.0,154.5546875,,,17.0736938308484,9.61643295538832,7.384851208128853,294.38606443270703
Brunei Darussalam,BRN,2016,100.0,42.56892771247085,99.9000219255643,92.1810129981427,99.0,99.0,0.0,83.0,,,,75.0,679.46929932,6.354,,9.30298736230634,27.28337375304848,22.03635542774561,366.0000050373137
Japan,JPN,2016,100.0,26.26687854575395,98.9387006832215,99.9614621744307,99.0,99.0,99.0,83.0,,,,17.0,4194.22802734,11.57,2.423,12.3114727897793,15.476180794029366,10.97164022192407,311.423347421477
Republic of Korea,KOR,2016,100.0,17.73810649644605,99.4799417852994,99.8603539659872,98.0,97.0,98.0,86.0,,,,76.0,2042.72949219,6.98,2.29,24.1466305141789,13.65282248993641,9.900755958773496,273.7617413091282
Singapore,SGP,2016,100.0,42.56892771247085,100.0,100.0,97.0,96.0,78.0,88.0,,,0.1,51.0,2509.92163086,6.252,2.325,15.15931491639,27.699181786654904,22.00541810266154,365.9999970083729
Australia,AUS,2016,100.0,42.56892771247085,99.9699685481919,99.9984607066097,94.0,94.0,94.0,89.0,,,0.1,6.5,5418.43652344,12.37,3.557,5.82493790294975,17.332070861826384,10.646946057203923,307.92150461702926
New Zealand,NZL,2016,100.0,17.5112476162366,99.9999978251524,99.9999978251524,92.0,92.0,93.0,89.0,,,0.1,7.4,3516.93481445,10.78,3.115,6.60079804628658,14.297067167787764,9.892355043560247,360.61098981553545
Andorra,AND,2016,100.0,42.56892771247085,100.0,100.0,98.0,98.0,92.0,72.0,,,,5.5,2785.64599609,4.474,4.058,8.29214112193156,8.840038420415041,6.819690697556421,320.0436374772901
Austria,AUT,2016,100.0,42.56892771247085,100.0,99.9748167576783,87.0,87.0,0.0,83.0,,,,8.4,4758.89892578,7.026,5.129,12.7813357929748,9.404070421932731,7.432985061018645,338.0137701243061
Belgium,BEL,2016,100.0,42.56892771247085,99.9999981505316,99.4861721928964,98.0,97.0,94.0,86.0,,,0.2,10.0,4569.640625,12.0,3.28,12.1316484677594,10.624478754110648,8.166821192858807,355.6105352177917
Cyprus,CYP,2016,100.0,13.3711342341538,99.7782153871909,99.5235457103291,97.0,96.0,81.0,77.0,,,,5.9,1619.91918945,3.836,2.594,16.6826151228422,20.76524800644989,12.014713323660455,250.8259760067249
Denmark,DNK,2016,100.0,42.56892771247085,99.9999998039442,99.5972301475052,94.0,94.0,94.0,83.0,,,0.1,6.3,5603.75830078,11.59,3.999,8.70010546510422,9.259785812982884,7.751636384375838,359.3105310528103
Finland,FIN,2016,100.0,42.56892771247085,99.9999998933781,99.4479863794358,92.0,92.0,87.0,86.0,1.7,1.2,,4.8,4108.73974609,12.09,3.42,5.40693929358021,5.149219198803453,6.326134890395131,340.79776640975905
France,FRA,2016,100.0,32.0899621188542,100.0,98.6508068148027,95.0,95.0,92.0,82.0,,,0.3,8.7,4289.34716797,9.186,3.2,11.0378089342511,12.527883791413242,8.772513891134615,329.08754683421824
Germany,DEU,2016,100.0,42.56892771247085,99.9999994713636,99.224925403148,91.0,90.0,82.0,86.0,1.3,0.5,0.1,7.6,4723.32421875,11.09,4.166,11.7952164514446,9.91959378304347,7.696697927004703,339.6402335898165
Greece,GRC,2016,100.0,14.2898218405528,99.9999968642708,98.9564489293753,99.0,99.0,96.0,75.0,,,0.2,4.9,1513.25939941,3.501,6.122,15.2863099968627,17.040061641861985,9.936901563492714,258.0753008387541
Iceland,ISL,2016,100.0,42.56892771247085,100.0,98.7826661232675,91.0,91.0,90.0,88.0,,,0.1,1.8,5053.51757813,15.0,3.85,4.46198952822695,5.311090603197457,5.887587997477643,361.432855785692
Ireland,IRL,2016,100.0,42.56892771247085,96.9569278147002,89.8349918949082,95.0,95.0,91.0,81.0,,,0.2,7.6,4746.93701172,11.57,3.193,7.86032745252486,10.07616749682552,8.067111526655674,365.49750729569007
Israel,ISR,2016,100.0,15.2561178265627,100.0,99.9610220718726,94.0,94.0,93.0,82.0,,,,3.7,2783.82495117,5.438,3.422,19.6556791216954,21.35364847172361,13.601504768181124,325.9374927057848
Italy,ITA,2016,100.0,20.4331965362649,99.9170340740928,99.885399852308,94.0,93.0,88.0,83.0,,,0.3,7.5,2735.27783203,5.854,3.963,16.2143936050841,14.716203053360925,9.738397168561688,314.2590905896362
Luxembourg,LUX,2016,100.0,42.56892771247085,99.999999435156,97.6211680150003,99.0,99.0,95.0,85.0,,,0.2,5.9,5475.13964844,12.08,2.884,11.1847156808095,9.840825658970266,7.836942883014345,347.6190584474424
Malta,MLT,2016,100.0,14.2065611857549,99.9999985454062,99.9763785453032,97.0,97.0,0.0,82.0,,,0.2,11.0,2326.67016602,8.601,3.828,11.6920800498586,19.779890550091817,13.642082534867868,352.44654851968386
Netherlands,NLD,2016,100.0,42.56892771247085,99.9999992507495,97.7241321475967,95.0,95.0,94.0,84.0,,,0.2,5.9,4644.02099609,10.79,3.501,11.7209776911577,10.802195215813793,8.305887188181137,355.7510454950944
Norway,NOR,2016,100.0,42.56892771247085,99.9999982841092,98.0555433258963,96.0,96.0,94.0,87.0,,,0.1,6.1,7492.07666016,15.75,4.22,6.37541015422384,6.39955111666769,6.315842958648527,336.01430541623785
Portugal,PRT,2016,100.0,13.677265324906848,99.1892660271038,99.3443014964216,98.0,98.0,73.0,84.0,3.2,1.1,0.6,20.0,1870.31848145,6.716,4.93,8.91077232807693,15.55819021016014,10.059012129926227,330.1080816954696
Spain,ESP,2016,100.0,15.3019152239089,99.9265065763433,99.9188850913844,97.0,97.0,0.0,84.0,,,0.4,12.0,2378.13598633,5.673,3.803,10.3473621764905,16.112398201322257,9.508077228310263,297.04347510894246
Sweden,SWE,2016,100.0,42.56892771247085,99.6830482298688,98.9086418804905,98.0,98.0,97.0,83.0,,,0.1,8.3,5719.45996094,11.71,4.233,5.9758856179206,7.169041735287824,6.777919227097324,342.27247544753845
Switzerland,CHE,2016,100.0,42.56892771247085,99.9999985540874,99.8982917124867,96.0,95.0,80.0,86.0,,,0.2,8.0,9201.47460938,17.34,4.25,10.8708158779171,9.406051419421471,7.511444021843103,338.85580137778186
United Kingdom,GBR,2016,100.0,33.9346389354524,99.9999991226354,99.1114197755495,94.0,94.0,92.0,86.0,2.0,0.4,0.2,9.9,4043.35253906,8.326,2.773,10.663101063838,10.291735907484044,8.122845639802463,364.22555439007374
Argentina,ARG,2016,99.8,22.91378893977995,99.0413738458383,94.8209557204549,92.0,92.0,82.0,81.0,,,0.4,30.0,1276.79785156,3.408,5.024,14.1434158723716,16.51570893698593,10.29726040682272,300.4487101848036
Chile,CHL,2016,100.0,18.59810996592816,98.240006839884,98.5469573760897,95.0,95.0,93.0,80.0,,,0.4,17.0,1167.89306641,3.066,2.286,22.4649726847552,13.978271688453797,8.101751123627029,261.64346721672746
Uruguay,URY,2016,100.0,21.9363770962099,99.240133418196,96.9271658776364,95.0,95.0,94.0,84.0,10.8,0.8,,32.0,1469.38964844,,4.008,11.0080912489609,17.050698347152025,11.342038396865997,329.4110502567261
Canada,CAN,2016,100.0,42.56892771247085,98.7664020547712,99.0097526693879,91.0,91.0,80.0,91.0,,,0.2,5.3,4647.14892578,9.928,2.3105,6.17415187643932,7.825321658867498,6.928985139854246,310.03796005413085
United States of America,USA,2016,100.0,42.56892771247085,99.509898178586,99.7420835602062,95.0,93.0,93.0,87.0,3.5,0.4,,3.1,9535.60058594,11.46,,7.38419160282327,15.347821623738344,9.632571277173742,271.732758356419
Antigua and Barbuda,ATG,2016,100.0,17.22799696063975,98.6078413769816,97.0132411183707,92.0,92.0,0.0,83.0,,,0.9,3.3,817.88891602,4.711,,9.32751354768073,26.467030771288645,20.13989394785668,365.8082888159837
Bahamas,BHS,2016,100.0,14.72307313432075,98.9452612148878,93.7100445402837,94.0,94.0,94.0,82.0,,,1.5,30.0,1711.60510254,,,5.36371146236856,25.310895220891044,18.03864164878835,342.61886741964224
Barbados,BRB,2016,100.0,33.039839422138954,98.8296579282442,95.8613757377664,97.0,97.0,96.0,83.0,,,1.2,1.1,1181.14257813,,,11.2755775315277,26.795702545989645,20.47727728408676,365.9999856785845
Belize,BLZ,2016,83.4,82.61753555679715,93.3669304730938,84.0080355199731,95.0,95.0,0.0,69.0,,,1.3,49.0,293.09829712,2.166,,14.4491201016593,26.05169674319893,20.39855171549828,364.7457289503733
Cuba,CUB,2016,93.1,110.05030174541604,93.789720928695,89.6215521812865,99.0,99.0,0.0,85.0,,,0.5,7.3,990.92346191,7.907,8.003,9.08278396561925,25.785781622724127,18.11799807273289,352.92798482365004
Dominica,DMA,2016,89.0,69.6216056101726,96.1401644767525,80.3664248800941,99.0,99.0,0.0,75.0,,,0.4,7.2,424.15756226,6.853,,12.7516172073317,26.26861058569059,20.139095734177697,365.9999943959402
Dominican Republic,DOM,2016,90.1,46.62651574558545,96.1415849688893,85.9156708340948,87.0,73.0,30.0,74.0,,,1.1,55.0,328.36526489,1.101,,13.1164167913019,25.14432952104177,18.50395426252887,360.91695122419503
Grenada,GRD,2016,89.9,55.3479544376533,95.6286504435547,93.0836562266891,96.0,96.0,0.0,77.0,,,,5.2,409.27841187,,,11.7000306100331,26.860824250012435,20.780914788223622,365.99999444645465
Guyana,GUY,2016,100.0,69.93509447271714,93.8566725487211,87.3692388758564,97.0,97.0,92.0,73.0,,,1.5,101.0,235.91662598,0.74,,17.4574829748199,26.570282534484623,21.06645328574108,365.5115702361061
Haiti,HTI,2016,4.0,266.1211600697156,67.9200663191655,27.4175706296699,59.0,59.0,0.0,41.0,,,1.7,297.0,60.06819153,,,14.9184355170856,26.029751835875192,19.18089624182906,363.94247532952994
Jamaica,JAM,2016,90.4,97.06213650665376,90.2061439128139,87.4141682686662,99.0,99.0,0.0,75.0,9.3,3.3,1.3,5.1,330.15463257,1.66,0.471,20.423771755418,26.378081125727487,19.665687337137257,365.34753723646367
Saint Lucia,LCA,2016,95.1,50.20815879764,95.6396226854017,83.1035196660243,95.0,95.0,0.0,77.0,,,0.4,1.7,479.8744812,,5.672,11.1399879387514,26.751720644076656,20.38347778414729,365.99999129193947
Saint Vincent and the Grenadines,VCT,2016,93.9,59.39533637583815,97.716640114989,89.6434827883976,99.0,99.0,0.0,80.0,,,1.0,5.6,313.66229248,8.664,,11.3993678626446,26.78777804098136,20.644564329365224,366.0000029296192
Suriname,SUR,2016,92.4,37.81660002428265,96.1954574091076,87.1630073725614,77.0,77.0,0.0,75.0,,,1.6,27.0,338.24822998,1.878,1.087,16.0942350177461,26.77490521005612,20.848650386411784,365.0673247887749
Trinidad and Tobago,TTO,2016,100.0,13.998647776035847,98.2152623526831,94.3009655351862,97.0,97.0,91.0,77.0,,,,20.0,1064.41772461,4.088,,14.5086208132573,26.73571479913864,20.74549306110503,366.0000012757472
Bolivia (Plurinational State of),BOL,2016,83.3,135.2804592335015,89.856829031751,58.4055072099322,87.0,87.0,87.0,64.0,16.1,2.0,0.3,113.0,207.4511261,1.103,1.569,28.6713882052018,16.197202961912886,10.100797234339373,286.37561000398813
Ecuador,ECU,2016,94.4,67.48495138596616,90.3944152289936,85.0099232884518,83.0,83.0,84.0,79.0,,,0.4,42.0,449.03869629,2.852,2.055,18.8225928822421,20.14904637804449,15.243923795445674,363.507241621644
Peru,PER,2016,78.1,60.891068802585,91.0088509037893,74.5559040876133,90.0,90.0,86.0,70.0,13.1,0.6,0.4,129.0,311.33517456,2.18,1.307,30.5613699272767,17.070324162024274,12.00333590311452,333.93159881642543
Colombia,COL,2016,89.2,49.984993027937904,95.3807152978726,89.5980252896949,91.0,91.0,89.0,81.0,12.7,1.6,0.5,34.0,448.84588623,1.286,2.088,19.6738712609183,21.260952711923142,15.382628991952076,345.97507204700247
Costa Rica,CRI,2016,94.7,39.74318215035245,99.3263015038118,97.3007564187582,97.0,97.0,94.0,83.0,,,0.5,9.6,884.73028564,2.592,1.955,18.2625400009976,22.441616204509987,16.810759045368695,360.47153124179226
El Salvador,SLV,2016,87.2,113.37044275327084,87.1729025989856,85.789208776824,98.0,98.0,97.0,80.0,,,0.5,65.0,339.97875977,1.849,1.5662,28.3272714755679,26.716363134582988,17.60431645557124,283.0924675713332
Guatemala,GTM,2016,40.6,113.9088145740991,91.4122081124135,67.5843983621211,83.0,83.0,90.0,56.0,,,0.3,22.0,246.4538269,1.024,,30.3545322854983,21.317509378455256,14.45436710284511,343.50051215751324
Honduras,HND,2016,46.7,184.489831259278,92.8158871236421,80.3074947960451,95.0,95.0,94.0,65.0,,,0.3,48.0,177.8835144,0.721,0.589,27.8161786141628,24.35429391581453,17.12793370976762,327.5235198318384
Mexico,MEX,2016,84.8,27.7509524972647,97.6369085403618,89.3924181439649,93.0,93.0,92.0,78.0,10.0,2.0,0.4,25.0,489.92230225,2.881,2.345,16.5326816284491,19.853677540882074,11.618305466880638,287.224540892094
Nicaragua,NIC,2016,52.3,173.7340652238505,,,98.0,,,71.0,,,,54.0,171.5748291,1.483,0.965,19.9336354891463,26.52746319293449,18.55256201968576,310.2719202205274
Panama,PAN,2016,100.0,21.346920382943303,93.188819816336,79.7251829235126,86.0,86.0,94.0,79.0,,,1.0,61.0,1056.68481445,2.992,1.573,15.5946159096021,25.923924609692023,20.38021757139232,362.6459652034463
Venezuela (Bolivarian Republic of),VEN,2016,95.8,39.53964968245545,94.3941801491749,95.1238332192828,84.0,84.0,7.0,77.0,,,0.5,36.0,,,,23.2252833450449,26.04471958182226,18.86504205600652,335.64390905514824
Brazil,BRA,2016,95.8,36.7011738875528,97.921760549945,86.4725409994878,89.0,89.0,84.0,83.0,,,0.6,41.0,810.20037842,9.487,,13.4895823334815,23.498409063811568,15.891404041882266,318.00349047981257
Paraguay,PRY,2016,66.0,68.13605644796675,94.939272291061,88.4178947324525,92.0,92.0,99.0,72.0,5.6,1.0,0.4,55.0,385.52297974,0.763,,14.0940444745212,21.88330583189304,14.742985043488108,324.1074890254527
Algeria,DZA,2016,99.6,42.39237079186625,91.56940001457,86.6054840366106,91.0,91.0,61.0,72.0,,,0.1,76.0,265.53491211,2.227,1.819,16.7302943332799,18.388956299560537,9.511366433244056,277.516820038272
Bahrain,BHR,2016,100.0,42.56892771247085,99.9276522968873,100.0,99.0,99.0,99.0,78.0,,,0.1,15.0,1095.92541504,2.313,0.83,55.8298463546878,26.65629661221676,16.62983463226101,266.73381881060624
Egypt,EGY,2016,99.8,67.6339248737104,97.8534422131452,95.3608044893643,95.0,95.0,0.0,73.0,,,0.1,13.0,142.61845398,1.789,0.763,45.0345425155358,23.323793743562263,10.714000514552447,186.30965876104096
Iran (Islamic Republic of),IRN,2016,97.0,27.3262836729458,96.8883841344681,88.7518172769829,99.0,99.0,0.0,78.0,,,,17.0,433.9196167,,,39.6507104954164,16.375721015200206,6.059811568028782,275.92451795594576
Iraq,IRQ,2016,98.7,44.7774999859269,95.1361722839903,93.6396641233782,71.0,71.0,0.0,67.0,,,0.1,29.0,199.88560486,1.632,0.707,49.4313239497814,24.168739138972303,7.734764981420215,290.5286664614813
Jordan,JOR,2016,99.9,76.47298579605595,99.0560992908943,97.2644408764445,98.0,98.0,0.0,73.0,,,0.1,6.1,278.13378906,,,30.9872997293874,20.035516932440093,9.233364112642544,203.70320460455528
Kuwait,KWT,2016,100.0,42.56892771247085,100.0,100.0,99.0,99.0,99.0,83.0,6.3,2.3,0.1,27.0,1292.71984863,7.007,2.106,57.0433246020645,26.86554123423241,9.228892888043646,271.65982246116647
Lebanon,LBN,2016,,40.6621493553697,91.6461184176367,95.2522259005569,83.0,85.0,0.0,68.0,,,0.1,14.0,640.96563721,1.669,2.136,24.9316985074041,19.35634035597928,12.17574073427516,309.29245769166386
Libya,LBY,2016,,18.58954437378155,94.1710138123867,89.3542807003278,97.0,97.0,96.0,71.0,,,0.1,32.0,464.47531128,,,23.8023126391933,21.49390353749344,10.744010582684847,261.0889603666829
Morocco,MAR,2016,98.0,107.37081614468174,83.2267677813963,83.5458723077839,99.0,99.0,98.0,66.0,,,0.1,101.0,162.21507263,,,18.9602475540145,18.639020814675565,9.941239752613088,274.55730856406467
Palestine,PSE,2016,,169.86643320166849,99.3094975837185,96.7220200053128,99.0,99.0,99.0,70.0,,,,1.2,299.4125061,,,20.1522784097196,21.085398601969448,12.255749510773924,286.8795467288987
Oman,OMN,2016,100.0,42.56892771247085,90.6874222506819,99.3192950863755,99.0,99.0,99.0,75.0,,,0.1,12.0,714.48864746,4.5,1.964,45.2571660471688,27.671576311246305,14.667802619809386,261.5480563473073
Qatar,QAT,2016,100.0,42.56892771247085,99.9520947049551,99.936546650008,98.0,98.0,97.0,81.0,,,0.1,27.0,2072.06103516,5.06,2.751,106.116597718857,27.487564759085192,15.11705416513716,235.3659273179273
Saudi Arabia,SAU,2016,100.0,42.56892771247085,99.0534091692416,97.5667358551859,98.0,98.0,98.0,82.0,17.1,3.4,0.1,10.0,1353.21813965,5.989,2.466,70.772740868008,27.13610048290878,10.037537660448018,267.8191307264154
Syrian Arab Republic,SYR,2016,95.6,172.33333544405,93.4743194436067,92.9046403526053,55.0,55.0,0.0,70.0,,,0.1,27.0,27.40652657,1.402,1.172,30.2961236206098,18.35995211912002,8.320421038668899,244.3641264803161
Tunisia,TUN,2016,99.8,64.03965166771991,93.4329020352708,91.8540914293083,98.0,98.0,0.0,73.0,,,0.1,49.0,240.40258789,2.607,1.258,19.1640181719787,19.91278592104446,11.306820021069155,268.57566179984383
Türkiye,TUR,2016,95.0,18.833038576446548,95.3562997823,97.0180744384543,98.0,98.0,98.0,75.0,,,,20.0,456.3659668,2.516,1.774,25.0696009071285,14.76044724642374,8.361592486572484,274.5841330359201
United Arab Emirates,ARE,2016,100.0,42.56892771247085,99.9516742010968,99.1063234658359,99.0,99.0,99.0,81.0,,,0.1,1.0,1592.91906738,5.733,2.458,53.8883697624575,28.19985145989091,15.189900814186156,227.23450325003537
Yemen,YEM,2016,55.8,220.838964468299,61.5348134587161,56.4772672906306,63.0,63.0,62.0,44.0,,,0.1,40.0,75.22454071,0.633,,46.0779331388305,23.97147096955912,12.420297642698184,240.27849895948296
Afghanistan,AFG,2016,28.9,283.551256918784,62.8220704134542,43.3698641937307,66.0,66.0,62.0,39.0,,,0.1,204.0,61.37234497,0.151,0.284,36.8725270986265,14.69984231061475,5.881329268450674,250.4091925974272
Bangladesh,BGD,2016,19.4,219.759588730672,97.5826981722131,51.9283001377065,98.0,98.0,97.0,46.0,,,0.1,221.0,39.30647659,0.259,0.489,64.2366339904364,25.89522755838414,19.762516784456565,356.0180666853445
Bhutan,BTN,2016,82.2,95.07368354961868,97.1361403441531,73.8369686889029,98.0,98.0,0.0,65.0,,,0.1,298.0,97.42939758,1.51,0.4,29.8733212662531,21.06280425655922,15.419147965208888,351.0192568392277
India,IND,2016,51.8,159.769632398823,90.4158282525921,60.1238284933312,88.0,80.0,0.0,63.0,,,,225.0,59.72652817,1.474,0.748,54.4218755239322,26.20033724940589,16.380876431190895,272.2206336332349
Nepal,NPL,2016,31.8,261.775773996391,89.2751913988418,59.5972467919298,87.0,87.0,46.0,48.0,35.8,9.7,0.2,260.0,47.1232872,,,51.9068894312371,22.883096885502024,15.693692002858665,318.52642871334115
Pakistan,PAK,2016,43.4,179.58526532993102,89.7707150440618,60.3757049658476,75.0,75.0,78.0,50.0,,,0.1,268.0,36.46934128,0.451,0.89,56.6204998946239,24.46454892659195,13.894843065058469,236.072830132857
Angola,AGO,2016,48.0,110.3712876596866,60.1920620185519,47.555908833618,59.0,59.0,58.0,40.0,,,1.8,433.0,94.01481628,,,20.9967960289148,23.43348201522254,15.448830676735126,329.51507539247604
Central African Republic,CAF,2016,0.7,350.634390870142,41.2766435897443,15.5882414691861,42.0,42.0,43.0,32.0,,,3.6,493.0,21.07796097,,,36.2453628561802,26.29155849134303,17.05839923528515,331.72973563790083
Congo,COG,2016,27.9,152.7970009664575,71.7973477617,19.5480521293593,71.0,59.0,67.0,41.0,,,3.2,334.0,54.3000145,0.888,0.102,36.1200303101979,25.484386315610045,19.86802387500986,364.91210358507016
Democratic Republic of the Congo,COD,2016,4.0,353.3763699824025,36.1678765737664,17.3684018777428,70.0,70.0,66.0,40.0,,,1.0,443.0,19.3114109,0.556,,36.9606619986288,24.85784991473735,17.295361625457062,332.6131984986381
Equatorial Guinea,GNQ,2016,24.1,14.9318980063897,64.4255163889263,66.2485390317556,53.0,53.0,0.0,46.0,,,,234.0,221.49227905,,,42.1042110612561,25.09689428323182,20.03150741301073,365.9999945787111
Gabon,GAB,2016,87.1,33.2461671000865,86.606465035897,47.1547496987424,75.0,75.0,0.0,52.0,,,3.8,475.0,207.50273132,2.433,0.34,32.0063953887715,25.801019640875705,20.252200603094423,365.9225605963312
Burundi,BDI,2016,0.2,357.6674389067215,61.5013152508053,44.7585847024572,94.0,94.0,94.0,47.0,55.9,5.1,1.2,118.0,18.59472847,,,39.0270703043027,21.370680275119177,12.733401886074352,269.46054641874133
Comoros,COM,2016,6.0,264.584795421156,85.9094298430236,47.6248040673008,75.0,75.0,0.0,51.0,,,0.1,41.0,63.53099442,,0.291,9.67411149363712,25.85793268115728,19.09384936115844,365.5341872294717
Djibouti,DJI,2016,8.7,204.7487313403135,77.8118431649469,62.0957006266769,68.0,68.0,68.0,42.0,,,1.6,600.0,68.82745361,,,40.5186963242342,28.820530434582626,17.730045113008845,284.20834159776985
Eritrea,ERI,2016,10.6,305.505335044611,51.8497177620962,11.9399660140866,95.0,95.0,95.0,38.0,,,0.7,163.0,26.00592422,1.555,0.072,33.3373349598182,24.955670372817,11.106256146800831,254.7121563249832
Ethiopia,ETH,2016,4.7,314.7958544696625,43.569746379878,7.71437321783047,64.0,64.0,61.0,30.0,38.3,10.0,1.1,189.0,24.34373283,,,23.6646171631837,20.37551570439216,10.526114438025592,253.38064513118363
Kenya,KEN,2016,14.2,236.208208796806,58.9933330324144,35.1355349703251,88.0,88.0,83.0,55.0,28.6,6.7,4.5,348.0,73.88768005,1.056,,19.368281863389,21.47243897613557,12.66532723315964,267.7052290082741
Madagascar,MDG,2016,1.0,305.9083786726885,49.0575914521926,11.6111708038341,68.0,68.0,65.0,32.0,,,0.3,217.0,24.20793915,,,13.695425383947,21.46212631486933,14.25302936550863,314.001349094801
Malawi,MWI,2016,2.1,320.15138935437847,66.7575071708792,36.2684898070789,84.0,84.0,83.0,50.0,38.3,4.1,9.4,176.0,34.0307579,0.293,0.031,16.5572785050634,22.348181845415965,13.288416702473317,258.4657393231248
Mauritius,MUS,2016,98.6,25.10931052504595,99.7328674353139,95.0806649213747,96.0,96.0,10.0,75.0,,,,15.0,540.39239502,3.2,2.144,15.4318711050117,24.173328096823752,16.977250148291436,364.1123170008422
Mozambique,MOZ,2016,4.5,329.656952384144,50.2743318960673,28.3033808340067,85.0,85.0,80.0,43.0,,,12.9,361.0,31.85357285,0.489,,13.9766493585289,23.963049992724343,15.108664364958743,290.25165360595247
Rwanda,RWA,2016,1.3,300.9028385362415,56.7706115569257,69.6758086260828,98.0,98.0,98.0,52.0,,,3.1,65.0,43.54212189,1.036,0.12,38.9146420850134,20.19903417467584,12.279712354492002,291.72484240706774
Seychelles,SYC,2016,100.0,16.2823402150612,96.2317404863787,98.6480096869539,96.0,96.0,0.0,81.0,,,,11.0,673.19622803,7.04,1.849,10.248860054287,26.692178859612355,20.47506652803,365.9999975128993
Somalia,SOM,2016,2.3,378.183817161162,56.284978016248,36.1250378584049,49.0,49.0,0.0,26.0,,,0.1,184.0,11.76618958,,,17.3579225381559,27.43730236082888,15.966622116581934,220.32226418904844
United Republic of Tanzania,TZA,2016,4.0,265.128580193221,52.2258564710625,25.3153858621226,92.0,92.0,93.0,43.0,,,4.4,287.0,36.65267563,,,20.4238282680824,23.32275659423397,14.280461922180548,273.22515756684
Uganda,UGA,2016,1.1,271.8600958489205,49.7026063632453,20.9104342628765,93.0,93.0,77.0,49.0,28.9,3.5,6.6,201.0,39.08125305,1.676,,31.6549779811788,23.252868861405656,14.392643846198665,305.4133524038939
Zambia,ZMB,2016,13.3,218.160862274885,64.8350544845437,32.0477720583314,95.0,95.0,94.0,51.0,,,11.8,376.0,55.39532089,,0.09,21.2134188634824,21.899231554227235,11.65246372959687,249.5790681301565
Botswana,BWA,2016,63.1,40.64951230053505,88.9036684785342,67.9129615984092,95.0,94.0,92.0,60.0,,,21.4,405.0,389.3107605,3.977,0.371,14.8575911976175,22.100786827638395,8.853893179696373,227.3743472330858
Lesotho,LSO,2016,40.8,253.535108186609,73.4272764061932,37.3835722556357,87.0,87.0,66.0,56.0,,,23.8,721.0,91.0127182,,,24.2640386142015,13.72570585358323,6.64027618430106,224.26809285622008
Namibia,NAM,2016,44.8,77.55253269827345,83.3709791418252,35.68218646148,85.0,85.0,84.0,60.0,,,12.1,604.0,409.78051758,1.974,,15.1750328135787,22.66210582875049,7.1459869394483695,306.6078521805667
South Africa,ZAF,2016,85.0,48.13360542880565,92.0633898282653,72.3045193020221,85.0,85.0,82.0,68.0,27.4,2.5,18.6,805.0,456.56936646,1.307,0.753,26.1436457596968,18.661229589423712,9.648347663708392,252.9579153062372
Eswatini,SWZ,2016,47.0,92.4846626139428,70.6869219395068,59.6244143156364,90.0,90.0,90.0,69.0,,,29.0,537.0,226.41770935,3.654,0.093,15.327424452852,21.02246867784753,12.262558079738143,268.2616712790115
Zimbabwe,ZWE,2016,29.9,270.7728108333255,67.2786727528728,37.5291927779865,90.0,90.0,90.0,53.0,,,14.1,233.0,102.15909576,1.345,0.172,15.6927565600598,21.388652890576992,10.841623634527554,231.31857777831283
Benin,BEN,2016,5.2,262.8598296144415,66.9697053582587,16.9310972411709,78.0,78.0,73.0,26.0,,,1.0,59.0,36.58565903,0.223,0.045,41.3645051855967,27.45312718854927,19.518303298253088,340.89921823630056
Burkina Faso,BFA,2016,9.8,302.9133041235915,51.6480569278797,23.6358671659231,91.0,91.0,91.0,41.0,26.8,7.5,0.8,67.0,39.50990677,0.635,0.062,43.2939002203779,28.91611947252705,13.577346339235008,300.4514100823711
Cameroon,CMR,2016,23.6,234.098977022992,67.1696687119462,43.555339313602,78.0,78.0,78.0,47.0,,,3.7,202.0,57.99372482,,,58.1477649076233,25.84491729944498,15.654589444548874,334.01831819527183
Cabo Verde,CPV,2016,76.6,130.7772274875145,85.581322426682,72.496932762021,96.0,96.0,0.0,66.0,,,0.8,70.0,157.39906311,1.346,0.731,20.611163574451,23.663322282607183,17.066625266574615,365.97637968124735
Chad,TCD,2016,4.7,281.59857346160004,48.4497536859394,11.6187911677525,41.0,41.0,0.0,23.0,,,1.4,152.0,31.96038055,0.206,0.036,49.5472301007339,28.273716808944823,11.849626542357113,311.8020079364573
Côte d'Ivoire,CIV,2016,28.0,208.684970781633,74.623678155198,33.0299664803717,87.0,87.0,80.0,44.0,21.6,6.1,2.6,153.0,61.85705566,0.467,,23.7745526064328,26.624758059952487,19.49249639764502,345.2391021095036
Gambia,GMB,2016,2.0,276.362444205032,82.5196405722502,46.7787647028692,95.0,95.0,95.0,47.0,,,1.8,170.0,20.77086067,,,38.1418149085044,27.71140389833096,15.774266622835755,284.17210918287293
Ghana,GHA,2016,22.7,177.394900070381,81.6651456164371,21.7286047018582,93.0,93.0,93.0,50.0,,,1.8,156.0,64.86400604,2.053,0.123,31.3095383111133,27.50301998621635,19.377647701328684,338.14312695815977
Guinea,GIN,2016,0.9,296.1228844948125,64.3935453016882,24.1498387012441,47.0,47.0,0.0,32.0,32.4,8.1,1.6,177.0,38.42609406,0.12,0.081,30.4418199999504,26.115173766669272,17.223469979895523,312.99210113397845
Guinea-Bissau,GNB,2016,1.1,310.3868226114455,60.6498938301808,21.9768833616634,85.0,85.0,83.0,43.0,,,3.2,203.0,56.60805511,0.569,0.1,32.9366295828644,27.64869801854361,17.421034728364738,279.53803734077843
Liberia,LBR,2016,0.5,337.07792785443405,73.4532574499597,18.9349390175014,73.0,73.0,73.0,42.0,30.1,4.3,1.3,279.0,67.68016052,,0.049,20.8967123118009,25.736408303947087,19.736074539824664,348.1983325650661
Mali,MLI,2016,1.0,293.716082109122,74.9530465324724,37.3629585814102,76.0,76.0,71.0,37.0,26.4,10.6,1.1,61.0,27.58086205,0.387,0.117,40.4660749221189,28.90121664449325,12.960409704740217,304.5188217351013
Mauritania,MRT,2016,44.9,187.379353151868,65.4850065623498,43.7104270690001,74.0,74.0,71.0,32.0,,,0.3,102.0,49.90084076,,,47.9118927509658,29.17306338446274,11.14974973715126,300.0235053899252
Niger,NER,2016,2.3,333.4489270025685,48.0001316756614,12.8657160959019,80.0,80.0,76.0,36.0,41.3,10.4,0.2,93.0,22.68474007,0.271,0.033,77.7870856281203,28.956388699676047,11.017380781945796,308.41026851552266
Nigeria,NGA,2016,7.4,158.888983986702,69.7405688273521,40.1973286058844,53.0,53.0,49.0,44.0,43.6,10.8,1.7,219.0,75.52328491,1.67,0.428,69.3722566585403,27.03320854895725,16.978374239719415,330.69230974180306
Sao Tome and Principe,STP,2016,2.3,222.6440469704976,75.6703085298352,41.6983508891345,96.0,96.0,96.0,53.0,,,,175.0,109.73142242,,,16.7452732227187,26.14130101168838,20.511742860813285,366.0000024189391
Senegal,SEN,2016,28.3,246.7681685190085,78.8258139339832,53.9714940731355,93.0,93.0,93.0,46.0,17.1,7.1,0.4,159.0,53.90053558,0.299,0.077,41.9387343120495,26.795582817787867,14.94965699053413,289.2982169427959
Sierra Leone,SLE,2016,0.6,308.7205807396145,58.7374466065884,17.4849469878374,84.0,84.0,84.0,40.0,,,1.6,437.0,84.22316742,0.76,,24.6544965480112,26.18494322235529,19.93988769903645,342.80352878798004
Togo,TGO,2016,7.5,301.2677118067885,60.0753126449292,18.6162879264339,82.0,82.0,82.0,36.0,,,2.2,58.0,50.8783493,0.303,0.044,36.5458731418316,27.49232301489865,18.755560436553907,332.76358362127456
American Samoa,ASM,2016,,67.50219303450399,98.801068908025,62.1671029991572,,,,,,,,5.6,,,,4.36966847130404,27.171588497062984,21.203225820404263,365.9999896357149
Bermuda,BMU,2016,,42.56892771247085,100.0,99.9458179125246,,,,,,,,3.2,,,,5.07487478947819,22.399387504138485,15.50224266502704,321.2499960585852
Cook Islands,COK,2016,,24.5720500394368,,,,99.0,0.0,,,,,,,,,3.44210160725653,24.704421450765548,17.864212149547402,362.1311171773612
Greenland,GRL,2016,,42.56892771247085,100.0,62.5,,,,,,,,134.0,,,,1.58205307703241,-1.953757753627942,3.6751541705262594,317.8224116014178
Guam,GUM,2016,,13.8248626366628,99.5140973758164,89.993929945217,,,,,,,,72.0,,,,3.89457697263485,27.361507218023185,21.30678876953362,366.0
Monaco,MCO,2016,100.0,42.56892771247085,100.0,100.0,99.0,99.0,0.0,85.0,,,,5.4,7157.92578125,,,13.6873657068066,13.73356777496214,9.334809809840433,326.3750111653438
Nauru,NRU,2016,100.0,110.0232451867626,98.0762922066764,68.5190634764467,97.0,97.0,0.0,58.0,,,,90.0,978.48120117,,,4.69226889007317,27.843885346073463,21.051450592582515,365.9999918760033
Niue,NIU,2016,,73.61813479606705,,,,99.0,99.0,,,,,,,,,3.28313959147294,25.495459391581303,18.884931343553745,363.1538988351565
Northern Mariana Islands,MNP,2016,,33.1519862960498,99.5107142980791,98.1917020384842,,,,,,,,87.0,,,,3.3293435951051,27.30327387878972,21.16035239789629,366.00001630336914
Palau,PLW,2016,100.0,40.69198317325715,99.4882554515008,97.5006428774559,98.0,98.0,98.0,76.0,,,,129.0,1704.62316895,,,5.57833461668942,27.427292293453377,21.753671908996093,365.9999933342537
Puerto Rico,PRI,2016,,15.54053354851715,99.5729300319693,100.0,,,,,,,,2.5,,,,7.04293789205473,25.821986764273163,19.808568606852248,365.9972820465477
Saint Kitts and Nevis,KNA,2016,100.0,14.415003171926251,98.6118541324065,94.9535945166888,98.0,98.0,0.0,79.0,,,0.6,0.0,1161.87097168,,,9.05456012089952,26.52259405686729,20.2063043847676,365.6250145183176
San Marino,SMR,2016,100.0,42.56892771247085,100.0,100.0,86.0,85.0,53.0,78.0,,,,0.0,3621.23266602,,,13.5133279908288,12.832871245696971,8.839058355943823,329.8750086992207
Tuvalu,TUV,2016,69.4,222.271367395064,98.8800941799152,86.2711177988143,94.0,94.0,0.0,64.0,,,0.3,183.0,697.99798584,,,5.18943196841636,27.673199107955742,21.63259806566792,365.59147446352256
United States Virgin Islands,VIR,2016,,16.8446273515878,99.2016044323055,99.1990682852662,,,,,,,,,,,,6.3780403541802,26.583523466555427,20.230074816249893,365.9315799169799
South Sudan,SSD,2016,0.0,274.605927357243,40.1939250394891,10.2323689883362,45.0,45.0,0.0,35.0,,,1.9,376.0,,,,24.559091928348,29.2765486139286,14.15180588178414,291.2196387991199
Sudan,SDN,2016,51.85,197.37286263340096,57.2176665079602,43.424779800547,93.0,93.0,93.0,46.0,,,0.1,82.0,89.39633942,,,41.0585744418074,29.383979925658736,9.585629703869822,309.36337344915046
China,CHN,2017,76.9,50.53605189218975,92.577308673558,88.0683084431652,99.0,0.0,0.0,81.0,4.8,1.9,,62.0,439.94006348,2.693,2.003,43.0911018824937,15.992882315813452,11.1371972529273,290.48070856253827
Democratic People's Republic of Korea,PRK,2017,9.9,292.4256967436505,94.5124525053213,83.1584097748592,97.0,97.0,0.0,80.0,19.1,2.5,,,,4.382,3.628,25.0740426656513,10.08047598787472,8.228469543802222,259.4252859356858
Taiwan,TWN,2017,,42.56892771247085,,,,,,,,,,,,,,20.5466358178723,22.37227092621189,16.38542645460215,353.1212910557411
Cambodia,KHM,2017,27.1,218.2963325846465,75.1838204777674,60.6744151428492,90.0,90.0,81.0,57.0,,,0.7,313.0,77.97311401,1.111,0.195,18.4255983697634,27.99507105806196,20.781463984635234,331.454391489808
Indonesia,IDN,2017,75.3,70.26658338826451,88.0541295680055,76.0256805835892,85.0,85.0,0.0,63.0,,,0.4,319.0,110.32610321,2.033,0.373,17.8027910767602,26.00304760034381,20.08604497715088,362.2434917642553
Lao People's Democratic Republic,LAO,2017,6.9,154.628055803543,80.5500537342279,73.4268509487817,78.0,78.0,76.0,57.0,33.1,9.0,0.3,168.0,61.42248535,1.199,0.44,26.2823859911315,23.243111925232725,17.307982139461803,353.3120681454119
Malaysia,MYS,2017,90.9,15.8967960421313,97.5518244346184,95.7121393469454,99.0,99.0,0.0,80.0,,,0.3,103.0,366.36639404,4.043,1.787,14.5249238687121,26.631867900406384,21.27173218358072,364.9567340216212
Maldives,MDV,2017,99.1,31.83445113986635,99.2108231698123,94.3268032321981,98.0,98.0,0.0,68.0,15.3,9.1,0.1,42.0,961.57415771,3.62,1.894,14.5259879904444,27.47092355497812,21.020828312338026,365.0000042999646
Myanmar,MMR,2017,28.0,185.5138759993769,77.5609391468529,72.2144198606081,89.0,89.0,89.0,53.0,,,0.9,355.0,59.51782608,,0.889,33.5207335958746,25.30226935923802,18.275382833710427,320.7898436482956
Philippines,PHL,2017,48.5,118.39813975008715,93.0805992720253,79.1077756692214,84.0,84.0,38.0,68.0,,,0.1,554.0,120.32259369,4.671,0.66,22.8372345468098,26.64173851809464,20.96452424412983,364.7179480295243
Sri Lanka,LKA,2017,28.6,64.47530737496726,88.4218720472391,90.7819310655448,99.0,99.0,0.0,70.0,,,0.1,61.0,142.32518005,1.91,0.887,24.3181666680079,26.37600074939178,20.09308007967154,356.9048114910846
Thailand,THA,2017,81.1,36.40864045776645,99.0141678969544,97.0558447818026,99.0,0.0,0.0,81.0,,,1.3,156.0,247.08152771,2.876,0.788,22.881037534554,27.488906080885485,20.332668572754443,339.93704925326784
Timor-Leste,TLS,2017,11.2,272.8757566922525,75.5531586283782,55.7381542550198,83.0,83.0,0.0,46.0,,,0.2,384.0,86.16269684,1.73,0.745,12.8268070526523,25.115206813932623,18.32899505044285,355.7732772320533
Viet Nam,VNM,2017,88.6,131.5704488844615,93.8136963360805,82.8485783033642,94.0,94.0,0.0,72.0,23.8,5.8,0.5,188.0,147.51425171,,,27.3673512418731,25.32980578648129,19.525835145055776,357.13500637211786
Fiji,FJI,2017,44.1,72.86696128798395,95.3133024356782,93.2511716546291,91.0,91.0,90.0,70.0,,,0.2,68.0,185.69645691,,,7.18621241301659,25.222266426908472,18.89728100359101,362.99031903594687
Kiribati,KIR,2017,8.3,287.116478248559,74.0045165430556,42.9115121446096,90.0,90.0,91.0,50.0,,,,718.0,179.57881165,,,3.83877401555163,27.42195758573641,21.0819787123236,365.00000645185605
Marshall Islands,MHL,2017,64.8,212.74334215992693,87.8022983184249,78.2256974121697,80.0,65.0,72.0,67.0,34.8,3.5,,745.0,553.06298828,,,4.27368597979375,27.36444005196969,21.64691296861317,365.0000136236826
Micronesia (Federated States of),FSM,2017,12.9,232.828475909866,89.8819541513315,90.4539007167041,73.0,44.0,65.0,67.0,,,,262.0,409.11758423,,,3.57454119865152,27.522509327215776,21.85918751694172,364.99999390659536
Papua New Guinea,PNG,2017,9.3,223.907730155431,46.144916980198,21.1018609699395,36.0,36.0,36.0,28.0,,,1.2,616.0,55.24723816,,,14.6312524458782,22.158681644635514,17.4906632605735,364.99749102730607
Samoa,WSM,2017,33.7,158.467561901267,93.6544245395326,95.2976717259871,67.0,67.0,0.0,62.0,,,,15.0,220.82336426,,,4.87913886142337,26.58974228936015,20.95643870319543,365.000008878209
Solomon Islands,SLB,2017,8.5,270.685718364007,72.0857915178444,31.2036978531695,83.0,83.0,81.0,46.0,,,0.1,124.0,89.29357147,,,11.0995743066285,26.7554928815281,21.477800538240466,364.9999996499945
Tonga,TON,2017,78.5,163.6589156359015,98.7844002121241,93.0554424910355,99.0,99.0,0.0,69.0,,,,10.0,246.34036255,,,5.03657349502675,24.676787127105907,17.76994227688584,350.1049939217028
Vanuatu,VUT,2017,14.8,253.9369855169715,86.6720700625573,50.4548604763526,85.0,85.0,0.0,51.0,,,0.1,67.0,91.04128265,,,8.76292382086906,25.68788772218737,19.03345914582778,362.7616571166068
Armenia,ARM,2017,98.1,77.59748075919275,99.420451960465,91.9795911262643,94.0,94.0,94.0,71.0,,,0.2,43.0,409.80145264,4.898,2.903,27.1407235472997,8.220245394928485,5.978044643522106,261.5462487996929
Azerbaijan,AZE,2017,97.6,33.258843652122,91.3319756877674,90.2983404004094,76.0,79.0,74.0,65.0,,,0.1,84.0,167.01565552,5.712,3.197,24.6961165262549,14.220299976000266,9.420576866719852,302.68994198616497
Georgia,GEO,2017,84.1,71.4022434411255,96.3588824042299,86.2379416213095,91.0,91.0,80.0,70.0,,,0.3,95.0,377.92520142,5.133,6.478,19.0750865540907,10.645557137422552,7.513674355071391,286.264488573349
Kazakhstan,KAZ,2017,93.8,16.62055659739865,95.9970182861121,97.8049933636929,99.0,99.0,98.0,82.0,,,0.3,67.0,272.98272705,6.837,3.6,20.2247266404274,9.11230774484468,5.784050202884396,256.38182239744424
Kyrgyzstan,KGZ,2017,77.4,196.4552780130955,90.8095804433615,97.2012105005547,92.0,92.0,88.0,74.0,,,0.2,156.0,76.60479736,4.634,1.835,20.2012847258254,10.036321833040892,6.1120539125586735,231.63216814667408
Mongolia,MNG,2017,47.2,64.51010687443976,80.7307985361717,64.7860401773072,99.0,99.0,13.0,70.0,,,0.1,428.0,160.4889679,4.153,3.407,43.8021596765269,0.9546103622815478,3.4020920350164765,247.0690394263346
Tajikistan,TJK,2017,81.2,230.9296915684535,81.6282043537707,95.5837707483272,97.0,97.0,0.0,72.0,17.5,5.6,0.2,94.0,56.85092545,5.003,1.785,33.0304616558698,12.306113040165863,6.110178036886922,229.31067129153405
Turkmenistan,TKM,2017,99.9,28.2754074676207,97.9183405901452,98.1805141094557,99.0,99.0,0.0,79.0,,,,42.0,410.81082153,3.858,1.969,30.9689652425293,15.774520361142493,6.300630732834795,267.3024877134064
Uzbekistan,UZB,2017,83.2,99.76595127210877,94.8111572515512,95.6935576486234,99.0,99.0,99.0,78.0,10.8,1.8,,73.0,93.4151535,,2.27,32.4451966691614,14.966456194998344,6.421006827242244,252.71772037086163
Albania,ALB,2017,79.7,65.9606243725442,94.1020950646956,98.5472964296809,99.0,99.0,99.0,64.0,11.3,1.6,0.1,20.0,295.52346802,,,17.2674048084392,13.707186663754753,8.517815676348606,272.9054616107009
Bosnia and Herzegovina,BIH,2017,41.3,65.6953876223367,96.1569041351994,95.360235583008,75.0,68.0,0.0,65.0,,,,32.0,471.32647705,5.747,2.163,29.5143111711294,11.297237101347994,7.729590690383176,282.59031281246854
Bulgaria,BGR,2017,,29.28013903909455,99.3123099116754,86.0039712709355,92.0,92.0,91.0,70.0,,,0.1,28.0,647.56402588,4.828,4.184,22.0031777604192,11.879532151545703,8.051037508258199,279.5615425846696
Croatia,HRV,2017,100.0,18.18703252072385,99.9012135113564,95.7427708106791,92.0,92.0,0.0,74.0,,,0.1,11.0,919.22418213,7.044,3.404,18.8283911937191,12.984011243338678,8.466609031039171,270.8686604238956
Czechia,CZE,2017,100.0,13.799071218550347,98.7310570576695,99.0743713886289,96.0,94.0,0.0,84.0,,,,5.7,1516.75012207,8.92,4.0676,16.450355211847,9.365477703471754,7.098312628478013,311.0582963124423
Hungary,HUN,2017,100.0,14.842176550425153,98.9400107789492,97.9908758837113,99.0,99.0,99.0,80.0,,,,8.6,990.90808105,5.57,3.326,18.8047015819743,11.485460464333656,7.742312021780061,263.7694622898065
North Macedonia,MKD,2017,75.9,49.49070387687815,97.8103630941709,96.7174458342857,91.0,91.0,0.0,68.0,,,0.1,15.0,375.3303833,5.084,3.204,24.1167064829734,11.531084288828175,6.719847466257032,240.88304485107577
Montenegro,MNE,2017,61.8,33.4715186460416,98.2281722973241,96.6569962707111,87.0,87.0,0.0,69.0,,,0.1,17.0,623.68841553,5.161,2.675,21.936038684055,11.769458830934472,7.980672015352571,275.9415337206848
Poland,POL,2017,100.0,14.775605113272402,93.8761307350633,98.7966126825203,96.0,96.0,0.0,81.0,,,,18.0,909.57818604,5.658,2.36,21.5252071625491,9.050254162073594,7.3828488188423025,333.7396800190753
Romania,ROU,2017,100.0,20.0847218677481,99.9999969050607,85.0986005989272,82.0,82.0,0.0,75.0,,,0.1,81.0,555.11309814,7.104,2.912,20.2743046720324,10.352369645869818,7.569019192691847,294.7852539995437
Serbia,SRB,2017,75.7,40.52432355101235,93.9598808103349,97.6881908970258,95.0,95.0,0.0,68.0,,,0.1,29.0,515.84570313,6.39,2.937,22.7319854295402,12.316936647409277,7.601985728941909,255.6620858001367
Slovakia,SVK,2017,100.0,13.555186749507,99.7877332249029,97.532398820711,96.0,96.0,96.0,82.0,,,0.1,5.0,1189.07983398,5.973,3.423,18.3393922716846,9.950241922765814,7.2932028083027856,288.2436448304604
Slovenia,SVN,2017,100.0,13.44401669703485,99.6044990353502,98.5246290511519,94.0,94.0,55.0,83.0,,,0.1,6.5,1925.03466797,10.04,3.107,16.1445814017531,11.254825340660943,7.974943462253083,301.88470865056706
Belarus,BLR,2017,99.6,26.98896996187655,99.0015077424337,98.4471393205969,97.0,9.0,0.0,79.0,,,,38.0,331.94082642,10.91,4.427,14.6870404841654,7.674439056415882,6.851005272121162,326.7529575716067
Estonia,EST,2017,100.0,13.6651815556064,99.9257062109249,99.0328460543917,93.0,93.0,0.0,77.0,,,0.8,17.0,1350.12646484,6.537,3.468,6.23825781218917,6.285102697429964,6.540894366664564,345.6223412914116
Latvia,LVA,2017,100.0,16.91618757855355,98.5228902646121,90.9929787461015,98.0,98.0,87.0,77.0,,,0.6,38.0,932.50158691,4.773,3.205,13.4377400322761,7.083421240789637,6.789094258997792,344.56530884232086
Lithuania,LTU,2017,100.0,14.03848597845985,97.5995795936684,93.1100410366065,94.0,94.0,83.0,75.0,,,0.2,65.0,1073.95800781,8.025,4.555,12.5246833718152,7.661812230884029,6.932220769937276,335.8466599363329
Republic of Moldova,MDA,2017,97.2,118.2259090600696,89.6950297524802,82.1581768544632,88.0,88.0,79.0,71.0,,,0.9,106.0,243.94540405,6.645,3.285,18.1728690826482,11.138442866475977,7.578112599758923,256.105584278225
Russian Federation,RUS,2017,100.0,15.36971291059695,96.6956032384839,87.9466409875352,97.0,0.0,69.0,78.0,,,,59.0,577.06811523,9.018,4.058,13.7415064507149,5.633998874992213,6.071424036373752,306.1610493334222
Ukraine,UKR,2017,95.1,79.80016232487,93.3837080756642,97.0700543014006,50.0,39.0,0.0,75.0,,,,90.0,183.69506836,,,17.9482494182584,9.910629096944,7.110518196983497,274.0758390665285
Brunei Darussalam,BRN,2017,100.0,42.56892771247085,99.9000444673207,93.3976483994347,99.0,99.0,0.0,83.0,,,,71.0,636.22973633,5.982,1.578,6.42034684060506,26.96077214895758,21.817181997688493,364.9999967284773
Japan,JPN,2017,100.0,27.82292954777065,98.973624580982,99.9591932052198,99.0,99.0,99.0,83.0,,,,16.0,4135.24316406,,,12.1938326247838,14.771606421460604,10.398497209703727,293.57666121205546
Republic of Korea,KOR,2017,100.0,19.6287553823874,99.5513746210351,99.8439789209386,97.0,97.0,97.0,87.0,2.3,0.9,,70.0,2258.15307617,7.094,2.343,22.0902582801544,13.147970803280096,9.29633340007143,252.17308651820963
Singapore,SGP,2017,100.0,42.56892771247085,100.0,100.0,96.0,96.0,83.0,88.0,,,0.1,48.0,2673.66210938,6.359,2.389,14.3992673643153,27.343002732523264,21.62314523528703,364.99999219705177
Australia,AUS,2017,100.0,42.56892771247085,99.9699329598972,99.9989169467813,95.0,95.0,94.0,89.0,,,0.1,6.6,5770.69042969,12.53,3.656,5.82431330571029,17.339240519914792,10.616365427407173,303.4292706093643
New Zealand,NZL,2017,100.0,18.67267915621409,99.9999952214353,99.9999952214353,94.0,93.0,94.0,89.0,,,0.1,7.3,3702.09985352,10.68,3.253,6.6454612514251,13.987265259485875,9.779741541654136,356.8224804849229
Andorra,AND,2017,100.0,42.56892771247085,100.0,100.0,99.0,99.0,98.0,72.0,,,,1.4,2876.24194336,4.499,4.119,9.76834551376592,9.010442700971936,6.779153806820412,297.330017221184
Austria,AUT,2017,100.0,42.56892771247085,99.9999980909991,99.9729077052186,90.0,90.0,0.0,82.0,,,,7.6,4999.86962891,7.107,5.182,12.8820472788083,9.387595157443895,7.088950899145944,301.5530234309688
Belgium,BEL,2017,100.0,42.56892771247085,100.0,99.4861854185217,98.0,97.0,94.0,86.0,,,0.2,9.2,4827.59326172,11.91,3.292,11.8142228651313,11.04399317631622,8.151212360775666,340.0733646950736
Cyprus,CYP,2017,100.0,13.380451038164647,99.7700560798569,99.5164756897262,97.0,96.0,81.0,77.0,,,,5.2,1742.67626953,3.916,2.651,17.63142953281,20.47859640507324,12.034188949078557,270.8662079889486
Denmark,DNK,2017,100.0,42.56892771247085,100.0,99.5972303913109,98.0,98.0,97.0,83.0,,,0.1,5.4,5817.42529297,11.67,4.109,8.49213876400782,9.15920938704631,7.767036410810315,359.7041287627777
Finland,FIN,2017,100.0,42.56892771247085,100.0,99.4479844608387,89.0,89.0,85.0,86.0,1.3,1.0,,5.0,4235.75488281,12.38,3.437,4.74394075141048,5.02480963666416,6.100885811871395,336.4413035075518
France,FRA,2017,100.0,34.3168690888558,100.0,98.6500120942252,95.0,95.0,92.0,82.0,,,0.3,9.0,4436.63720703,9.24,3.217,10.6190588228925,12.827829078445236,8.815322504962253,319.5402132556507
Germany,DEU,2017,100.0,42.56892771247085,100.0,99.2250385348841,91.0,90.0,82.0,87.0,,,0.1,7.1,5039.35302734,11.31,4.226,11.9003757852207,10.02512095857741,7.686077501352098,335.6305890933753
Greece,GRC,2017,100.0,14.553038182325947,99.9999973482552,98.9831881851134,99.0,99.0,96.0,75.0,,,0.2,5.2,1509.78442383,3.571,6.067,15.3860425452779,16.717330576115987,9.599585247473138,253.05117691858644
Iceland,ISL,2017,100.0,42.56892771247085,100.0,98.7821726872398,89.0,89.0,88.0,88.0,,,0.1,3.8,5992.05322266,15.29,3.872,5.19664819974767,4.960046836509583,5.730502716302379,357.1120279941199
Ireland,IRL,2017,100.0,42.56892771247085,96.9755821286774,89.8240697617023,95.0,95.0,91.0,81.0,,,0.2,7.7,5023.51123047,14.37,3.256,7.09611700560255,10.37099966306055,8.212253247769791,364.08887447766665
Israel,ISR,2017,100.0,16.051421546367898,99.9999992350347,99.9545287961214,98.0,98.0,94.0,84.0,,,,3.4,3074.44604492,5.542,3.43,20.3616024430015,21.08345609379272,13.47947582334772,311.9374962672175
Italy,ITA,2017,100.0,20.642443676492803,99.9170340740928,99.8853414231028,95.0,94.0,91.0,83.0,,,0.3,7.5,2851.28686523,6.089,3.999,17.3177234438316,14.698194512614466,9.307925201383926,286.657649986157
Luxembourg,LUX,2017,100.0,42.56892771247085,99.9999966233411,97.618188396035,99.0,99.0,95.0,85.0,,,0.2,6.3,5713.11865234,12.08,2.984,10.8211196454395,10.265821685424012,7.726358178788156,317.81845577716325
Malta,MLT,2017,100.0,15.53740809313895,99.9999988683956,99.9810896682043,98.0,98.0,0.0,82.0,,,0.2,9.0,2562.88574219,8.51,3.965,11.4503176028508,19.580817687148475,13.048800040383696,340.01313359656467
Netherlands,NLD,2017,100.0,42.56892771247085,99.9999992668183,97.7135252353783,94.0,94.0,93.0,85.0,,,0.2,5.2,4934.57519531,11.06,3.565,11.512544838837,11.052853461391456,8.291415551946843,348.2577188055824
Norway,NOR,2017,100.0,42.56892771247085,100.0,98.0543904284695,96.0,96.0,94.0,87.0,,,0.1,5.2,7815.78710938,15.88,4.346,5.87906686802138,6.292643326203588,6.203089727259555,331.44870413164153
Portugal,PRT,2017,100.0,13.57830713700935,99.1981706237111,99.43806801438,98.0,98.0,96.0,84.0,,,0.6,19.0,1991.32263184,6.929,5.103,9.84270133550553,15.860351408272937,9.884637184610863,309.93649076315324
Spain,ESP,2017,100.0,15.8095400669145,99.9262777210373,99.9198350404292,95.0,95.0,89.0,84.0,,,0.4,11.0,2564.55834961,5.895,3.854,11.1658168739395,16.38618642595865,9.315519193315223,285.0964681611416
Sweden,SWE,2017,100.0,42.56892771247085,99.694829304649,98.8852906425608,97.0,97.0,97.0,84.0,,,0.1,5.7,5871.52294922,11.68,4.269,5.60053642140356,7.095705278199261,6.695255460252096,337.96366041600845
Switzerland,CHE,2017,100.0,42.56892771247085,100.0,99.8998756361922,96.0,95.0,84.0,86.0,,,0.2,7.3,9354.22070313,17.54,4.297,10.6863724663202,9.54721273812492,7.276723929421067,313.3142409840848
United Kingdom,GBR,2017,100.0,37.7810768881145,99.9999980808565,99.1102920996894,94.0,94.0,92.0,87.0,1.9,0.4,0.2,8.9,3938.65234375,8.271,2.802,10.3650112571487,10.572736065228064,8.204501489355394,362.53371319559307
Argentina,ARG,2017,99.8,22.51342388076005,,,88.0,86.0,78.0,80.0,,,0.4,29.0,1491.11877441,3.645,5.094,13.2987334804339,17.430584236134358,10.621574706750511,289.05948237016463
Chile,CHL,2017,100.0,18.1137351743958,98.3483784150021,98.8734482786872,93.0,93.0,93.0,82.0,,,0.5,18.0,1353.69274902,3.358,2.43,21.6603146283732,13.4268002616625,7.964539183426144,270.6054405611688
Uruguay,URY,2017,100.0,20.966581019604952,99.3656002482881,97.2135571051318,93.0,93.0,94.0,85.0,,,,34.0,1672.3314209,,5.01,10.9276038649673,18.24408698909289,12.04701754686308,332.2854183404325
Canada,CAN,2017,100.0,42.56892771247085,98.6987271756663,98.9256763278337,91.0,91.0,81.0,92.0,,,0.2,5.4,4894.7734375,9.97,2.6102,6.91213506169854,7.149428588709628,6.808359958206377,315.667434180176
United States of America,USA,2017,100.0,42.56892771247085,99.5893429085867,99.7223530086904,94.0,92.0,92.0,87.0,,,,3.0,9822.60644531,11.55,,7.69344314182502,15.279978081805838,9.709621201593274,278.92773687040176
Antigua and Barbuda,ATG,2017,100.0,17.41555858374855,98.6862412364466,97.7638078582703,95.0,95.0,0.0,82.0,,,1.0,1.1,791.12322998,4.74,2.917,9.4074769261878,26.344650891981264,19.884855716837745,364.9999971989872
Bahamas,BHS,2017,100.0,14.65494367039835,98.9452612148878,93.7100445402837,94.0,94.0,93.0,81.0,,,1.4,17.0,2069.44555664,,1.895,6.05904855335275,25.272485791701428,18.23802470387859,346.1662603702936
Barbados,BRB,2017,100.0,33.48301837708135,98.8772260449352,96.2501568778129,90.0,90.0,89.0,83.0,,,1.2,0.0,1182.00366211,,2.541,12.1588381483651,26.646591583842746,20.284517997852024,365.00000304245737
Belize,BLZ,2017,83.4,83.84089618092494,93.6193465760244,84.027602259463,88.0,88.0,0.0,69.0,,,1.3,47.0,280.71743774,2.409,1.131,14.8736345924849,25.938514283705352,20.12841144015353,361.8443946910448
Cuba,CUB,2017,93.7,106.4212306036258,93.9033102492432,90.2590050806412,99.0,99.0,0.0,85.0,,,0.5,7.6,987.81030273,7.792,8.187,9.55449911449471,25.703996840219475,18.251633951198905,353.71430049949817
Dominica,DMA,2017,88.65,69.90231810558606,96.2501691726005,80.3664248800941,91.0,91.0,0.0,75.0,,,0.5,1.5,415.87072754,6.365,1.168,12.4069253935534,26.14327658604481,19.95209491521576,364.99999422547296
Dominican Republic,DOM,2017,90.6,43.2168208194764,96.3474703370499,86.4591843551148,84.0,77.0,64.0,73.0,,,1.1,50.0,329.54168701,1.123,,14.0184540517008,25.022698318316618,18.46916244494168,361.98438129979394
Grenada,GRD,2017,89.3,52.50228794805536,95.6286504435547,92.9907729194391,96.0,96.0,0.0,77.0,,,,2.6,454.07266235,2.938,1.352,11.8854290792897,26.706340981769657,20.646729518231428,364.9999907745221
Guyana,GUY,2017,100.0,66.8037665330099,94.1560114941811,88.0315709882197,97.0,97.0,97.0,73.0,,,1.5,90.0,266.86364746,0.794,,16.6932475618587,26.455811245574605,21.089996368411647,364.7752152449554
Haiti,HTI,2017,4.1,265.6500930015545,68.5471165461434,27.7940822522494,60.0,57.0,0.0,41.0,21.9,3.7,1.7,276.0,53.80579758,,,15.5977298868039,25.87142552563049,19.129014316956965,363.8630749255005
Jamaica,JAM,2017,91.05,96.2621012481168,89.8818112105781,87.9424102965954,93.0,93.0,0.0,74.0,,,1.3,5.9,367.35095215,1.663,,20.7025205567437,26.309413997989623,19.77692782527857,363.8799755662632
Saint Lucia,LCA,2017,94.6,49.14693556710225,96.0350677750338,83.2569990879187,80.0,80.0,0.0,76.0,,,0.4,6.2,504.96411133,3.239,6.245,11.3773408446027,26.6465328453415,20.15522476130813,364.87009977166457
Saint Vincent and the Grenadines,VCT,2017,93.3,57.98150311068525,97.7224514289518,89.6721678912107,99.0,99.0,0.0,79.0,,,1.0,1.9,337.89614868,6.556,,11.9404226539199,26.683440278308463,20.43583661682531,365.0000188463186
Suriname,SUR,2017,93.2,38.06177517972855,96.6441085330734,87.8530834622316,67.0,67.0,0.0,75.0,,,1.6,31.0,322.00415039,1.853,1.139,16.0291956699412,26.608091173524,20.89261161386825,364.28845531841296
Trinidad and Tobago,TTO,2017,100.0,13.738306560050049,98.344276330186,94.2844344672468,89.0,89.0,93.0,76.0,,,,18.0,1083.37609863,5.438,3.222,14.9085154190063,26.498156906665216,20.68574140963691,365.0000111833255
Bolivia (Plurinational State of),BOL,2017,84.3,129.9134705855995,90.322518307567,60.1364043539165,84.0,84.0,83.0,65.0,,,0.3,104.0,214.58572388,1.538,1.016,27.7238355089629,16.08548196384735,10.468145145882197,301.7284923329413
Ecuador,ECU,2017,94.5,65.89471503275121,90.6647128570391,85.8004886348106,85.0,85.0,84.0,80.0,,,0.4,44.0,469.04544067,2.831,2.225,18.2778953966104,19.72005605070637,15.149330044281466,363.5578769841821
Peru,PER,2017,80.0,58.11581388134765,91.5989672683032,75.0928493726003,89.0,89.0,84.0,70.0,12.8,0.5,0.4,128.0,332.54321289,2.221,,31.2625158525163,16.65823361744157,11.957206790142063,341.96748389309374
Colombia,COL,2017,89.7,48.33769302674315,95.6178346039203,90.4749374427322,92.0,92.0,91.0,82.0,,,0.5,34.0,497.54016113,1.32,2.163,18.4571577570909,20.893115608274947,15.188218535152748,351.54086236519714
Costa Rica,CRI,2017,95.1,37.61067715653455,99.5106743044316,97.5045870013496,96.0,96.0,96.0,85.0,,,0.5,9.6,867.76733398,3.124,2.101,18.3536882830973,22.151621391016583,16.804651133902745,361.8296099608746
El Salvador,SLV,2017,88.6,110.18647155624323,87.9197798964632,86.1264645689972,92.0,92.0,96.0,80.0,,,0.4,77.0,338.60742188,1.915,,29.3256740475719,26.36407508611061,17.381347238687543,269.4718980256754
Guatemala,GTM,2017,41.3,112.04148846731196,91.6400944159348,67.9199018955355,91.0,91.0,93.0,56.0,,,0.3,23.0,265.36593628,1.228,0.286,29.9430077048577,21.03052105987699,14.278196005426576,335.1057248116632
Honduras,HND,2017,47.0,181.072387359956,93.203968706641,81.2476858869062,90.0,90.0,90.0,63.0,,,0.2,46.0,169.07194519,0.718,0.304,28.7616185448399,24.01537440915097,17.03783893652689,327.5285331943675
Mexico,MEX,2017,84.7,27.09750665131885,97.9175037608425,89.9592224609298,85.0,85.0,92.0,78.0,,,0.4,25.0,512.54974365,2.883,2.409,16.8285883947461,19.90856516621713,11.32948077731966,271.7948680550509
Nicaragua,NIC,2017,53.6,168.8163503281055,,,98.0,,,72.0,,,,51.0,181.75810242,1.569,1.0,20.1452148940178,26.06976051921202,18.752768744224767,327.58592630125526
Panama,PAN,2017,100.0,19.28872986530165,93.5073884501397,80.8694181421993,81.0,81.0,97.0,80.0,,,1.0,61.0,1126.96154785,3.093,1.589,14.7627345637305,25.73450740019176,20.425654878527748,363.9134348902911
Venezuela (Bolivarian Republic of),VEN,2017,95.5,49.7429516628752,94.2170852892175,95.6691253458652,66.0,66.0,0.0,77.0,,,0.5,47.0,,1.934,1.664,22.1516227216032,25.35460951748201,18.4942101228848,343.908208849965
Brazil,BRA,2017,96.1,36.8897773304711,98.1978808317894,87.2513460581389,83.0,79.0,82.0,83.0,,,0.6,43.0,954.75012207,9.886,2.198,13.6049599824881,23.429688740625288,15.727537226276583,319.3098977415118
Paraguay,PRY,2017,67.2,65.038930100866,95.9709683490468,89.4202504452198,91.0,91.0,93.0,72.0,,,0.4,57.0,406.60488892,0.8,,14.305664925717,22.996095162113185,15.077186820806686,307.1599688086603
Algeria,DZA,2017,99.6,42.4132013433897,91.715636706346,86.4588236326811,91.0,91.0,89.0,71.0,,,0.1,75.0,270.93231201,2.207,,15.3884102993683,18.35732295992601,9.238255059295945,267.281941388996
Bahrain,BHR,2017,100.0,42.56892771247085,99.9257139779112,100.0,97.0,97.0,97.0,78.0,,,0.1,14.0,1080.08898926,2.194,0.76,55.7929970849719,26.785500489546724,17.10774313567708,268.8466563065137
Egypt,EGY,2017,99.9,66.51935743409045,97.7818611616948,95.5716159808707,94.0,94.0,0.0,73.0,,,0.1,12.0,106.00288391,1.792,0.743,45.0086404762345,22.815411851235773,10.52478157017936,174.43972804598843
Iran (Islamic Republic of),IRN,2017,96.9,27.2642426627058,97.0204377787878,89.3166613162414,99.0,99.0,0.0,78.0,4.8,4.3,,16.0,457.22549438,2.494,1.071,40.0923628918798,16.376698075708077,5.827386694371567,278.1078655970887
Iraq,IRQ,2017,98.9,43.503206071201504,96.0213104286067,95.4549205220896,81.0,81.0,33.0,67.0,,,0.1,29.0,197.23654175,1.73,0.8,47.5437702256019,24.41353568972978,7.259498126309525,274.3041828297932
Jordan,JOR,2017,99.8,78.4841041701841,99.0826264544025,97.1574792984054,99.0,99.0,0.0,72.0,,,0.1,7.5,289.04656982,3.213,2.222,30.2565692480451,19.87964588293804,9.1436181917192,184.2651474184204
Kuwait,KWT,2017,100.0,42.56892771247085,100.0,100.0,99.0,99.0,99.0,83.0,5.8,2.4,0.1,31.0,1351.72387695,7.175,2.106,61.9128670145551,27.060054143712733,9.60778823861223,255.30803233181203
Lebanon,LBN,2017,,40.94824448281995,92.1041771379189,96.5614042134683,83.0,85.0,82.0,69.0,,,0.1,14.0,671.77996826,1.818,2.242,25.8866709032818,19.164129323316605,12.077049369613029,306.2184359900202
Libya,LBY,2017,,19.16866402719845,94.4439550966087,89.2473888681967,97.0,97.0,95.0,71.0,,,0.1,34.0,466.08538818,6.377,2.042,18.552971523378,20.256046873466968,10.656906056295828,266.730437167588
Morocco,MAR,2017,98.0,104.57391440591056,84.4286583054916,84.4759106100825,99.0,99.0,99.0,66.0,15.1,2.6,0.1,98.0,166.8500061,1.394,0.734,21.3269600699193,19.1184334820158,9.489051920608516,277.956218366794
Palestine,PSE,2017,,165.986422346318,99.2241825771885,97.2007822905197,99.0,99.0,99.0,70.0,,,,0.91,310.2114563,2.573,1.774,20.6298312978174,20.789091017221,12.216410786866756,272.1472415142096
Oman,OMN,2017,100.0,42.56892771247085,91.1148946068941,99.3195652935256,99.0,99.0,99.0,74.0,11.4,9.3,0.1,8.7,704.6295166,4.394,2.013,45.9592061206611,27.84382787537038,14.265277487054451,267.38293207399323
Qatar,QAT,2017,100.0,42.56892771247085,99.9582409444178,99.9365463889767,97.0,97.0,98.0,80.0,,,0.1,31.0,1911.95361328,6.083,,107.664866223184,27.93654744932024,15.513029117555938,221.10950524845035
Saudi Arabia,SAU,2017,100.0,42.56892771247085,99.05183493953,97.5718278390654,98.0,98.0,98.0,82.0,17.2,4.6,0.1,10.0,1400.90356445,4.73,2.676,73.9893846909783,27.42940598627855,9.553416652781422,271.81767293512274
Syrian Arab Republic,SYR,2017,95.05,177.684112319493,93.6141078832072,93.258034132691,61.0,61.0,0.0,72.0,,,0.1,24.0,35.57104874,1.827,1.468,31.3974186663671,18.20108630348221,8.190464908322348,238.34189848964155
Tunisia,TUN,2017,99.9,63.5501214123205,93.8606207367796,92.7457440160073,98.0,98.0,0.0,74.0,,,0.1,43.0,223.85903931,2.467,1.278,16.5337753021396,19.39194995260336,10.619236131506591,258.327174616176
Türkiye,TUR,2017,95.1,17.5073206008835,95.5101526427098,97.5910900486757,96.0,96.0,96.0,76.0,,,,19.0,432.13754272,2.647,1.805,26.6452697088541,14.367581111427594,8.227840011914214,283.65067002840743
United Arab Emirates,ARE,2017,100.0,42.56892771247085,99.9757617709263,99.1036305730769,97.0,98.0,96.0,82.0,,,0.1,1.0,1695.203125,5.839,2.502,55.7483527139541,28.68410775830501,14.817191054363844,227.6333709410484
Yemen,YEM,2017,55.0,233.794400395136,63.1969435270972,57.3296474501288,59.0,59.0,58.0,44.0,,,0.1,40.0,87.29970551,0.646,,47.9732565602534,24.086104025585325,11.856615326110884,229.4977261084216
Afghanistan,AFG,2017,30.15,281.9487815462985,65.142136058033,44.7508111861658,64.0,64.0,63.0,40.0,,,0.1,209.0,66.82388306,0.179,0.245,37.0667978834846,14.46093170641645,5.586231881106657,265.0033063091953
Bangladesh,BGD,2017,20.6,212.28912014317848,97.7594255729943,53.861024982081,98.0,98.0,99.0,47.0,,,0.1,221.0,42.17510986,0.304,0.535,63.8347510665769,25.5527644782028,19.599024100901776,355.1983817171924
Bhutan,BTN,2017,84.0,89.1956464477809,97.8543901425613,75.5507698570494,98.0,98.0,0.0,65.0,,,0.1,216.0,103.63583374,1.616,0.31,30.7307674989193,21.051120044186494,15.43079257563251,348.466161043724
India,IND,2017,55.3,151.9555777329,91.0905825625786,63.1125583715917,89.0,89.0,0.0,64.0,36.1,16.9,,217.0,56.66844559,2.126,0.766,55.1724251484484,26.0670232596444,16.33126181900592,280.0154690515552
Nepal,NPL,2017,33.4,256.780059219863,89.8420840030234,62.7615781748289,90.0,90.0,80.0,45.0,,,0.2,253.0,49.63085556,2.809,0.681,53.0342594326735,22.761663911189764,15.959514247733406,322.99727174842656
Pakistan,PAK,2017,44.5,176.7257574489355,89.9237776878555,62.2553089946578,75.0,75.0,82.0,51.0,,,0.1,267.0,42.07228851,0.557,0.932,56.6781961188465,24.17541556276828,13.431535242945449,220.8754746205347
Angola,AGO,2017,48.2,110.7840412909102,61.7735122104541,48.4237656848917,58.0,58.0,60.0,42.0,,,1.8,418.0,112.75364685,,0.212,18.2261589534262,23.199045548238864,14.94444901706908,326.8542962520364
Central African Republic,CAF,2017,0.7,352.047382261594,40.2488145100733,15.2164870297134,42.0,42.0,41.0,32.0,,,3.4,483.0,28.81619644,,,35.1467368749208,26.21344552729478,17.308498389626347,317.7300798527847
Congo,COG,2017,29.8,155.93855516702,72.7060273572944,20.1728789551264,69.0,58.0,66.0,38.0,,,3.2,321.0,52.29982376,,,32.8661466318511,25.11757299693276,19.61219612771755,364.9784957471216
Democratic Republic of the Congo,COD,2017,4.1,351.86371599900053,36.016305001478,17.0428367247806,71.0,71.0,69.0,40.0,41.8,6.4,0.9,434.0,18.14648819,0.839,,32.7366232154118,24.58509322522845,17.337439503476666,336.25520609392845
Equatorial Guinea,GNQ,2017,23.8,13.7668692092794,64.6658128879178,66.3127866671561,56.0,56.0,0.0,46.0,,,,229.0,223.4354248,0.406,0.325,38.1294600944499,25.05135033780733,19.903623585222284,364.999999869168
Gabon,GAB,2017,87.7,33.10153149101235,86.9072462361888,48.5637395217699,75.0,75.0,0.0,53.0,,,3.7,456.0,192.47543335,2.82,0.653,27.9987788436569,25.592924722265675,20.058840673562592,364.99999723412327
Burundi,BDI,2017,0.2,357.79563210917104,62.2508547109649,44.6289841238283,91.0,91.0,91.0,46.0,,,1.2,112.0,19.16676521,0.802,0.094,32.5449134508741,21.1777505764402,12.60954650844369,262.8759906091528
Comoros,COM,2017,6.6,262.8682215973675,85.8000023194019,48.9029223957365,79.0,79.0,0.0,52.0,,,0.1,40.0,75.01337433,,,10.9465748190486,26.02034527611902,19.486424708628,365.00000303506505
Djibouti,DJI,2017,9.0,198.98896486904,78.0402986467674,63.6147917367826,76.0,76.0,76.0,47.0,,,1.5,454.0,64.94396973,,,43.754176996288,28.780649938779497,17.23726058669922,273.0344903213024
Eritrea,ERI,2017,11.0,306.1397074527285,,,95.0,95.0,95.0,41.0,,,0.6,147.0,25.10270691,1.437,0.071,37.9107669008953,25.042833292218884,10.958492793770438,244.5489370828512
Ethiopia,ETH,2017,5.2,308.5439530971845,45.1032760984933,8.0353579200927,65.0,65.0,64.0,29.0,,,1.0,179.0,24.18239403,0.804,,25.1283378535126,20.074916121203955,10.050572639851806,264.5263789836648
Kenya,KEN,2017,16.1,231.914314880348,59.82810250315,35.857250498731,81.0,81.0,78.0,56.0,,,4.3,319.0,66.46552277,1.081,,18.1123098167473,21.69841589935959,12.299317267111617,249.4698337614536
Madagascar,MDG,2017,1.1,305.709087545967,49.8519386234101,12.1276026442495,65.0,65.0,63.0,31.0,,,0.3,215.0,23.62072182,,,13.0008399312331,21.72774234058147,14.538070682329767,318.7630194537521
Malawi,MWI,2017,2.1,319.692793578429,67.5372652238348,38.4570661478088,88.0,88.0,88.0,52.0,39.3,2.6,9.0,162.0,37.60110092,,,16.0402550395062,22.01842479855813,13.63201684372422,282.48026232110624
Mauritius,MUS,2017,98.7,23.49217608386615,99.7568929289724,95.3704562123422,94.0,96.0,84.0,76.0,,,,14.0,594.86120605,3.444,2.268,15.1861077816825,24.43355377875541,17.485242818766082,364.45001414724936
Mozambique,MOZ,2017,4.9,328.389738703168,52.2485430306556,29.5435460585168,85.0,85.0,80.0,46.0,,,12.8,361.0,36.75825882,0.489,0.077,13.8170006960955,23.529822994642487,15.418134985385258,311.4534710560404
Rwanda,RWA,2017,1.7,297.67518362256146,57.3320450944617,71.2308954690674,98.0,98.0,98.0,56.0,,,3.0,65.0,40.76682663,,0.135,32.9065245496364,19.87119369770455,12.149719258357488,299.74492448001683
Seychelles,SYC,2017,100.0,15.276396337237,96.2382549357375,98.8451290579635,97.0,97.0,0.0,81.0,,,,14.0,667.09515381,,,10.2498809251156,26.56553602853756,20.43297744816688,364.999994385642
Somalia,SOM,2017,2.6,375.9446372378445,58.5524158667796,37.1573619625344,51.0,51.0,0.0,28.0,,,0.1,182.0,13.51753426,,,19.3375433442262,27.42359311405121,16.041435213927553,230.5367652870758
United Republic of Tanzania,TZA,2017,4.6,261.94829673014897,53.7768153446022,26.7585271322434,90.0,90.0,93.0,44.0,,,4.4,269.0,39.03767014,0.574,,18.6038900381073,23.44284089462652,14.37578581984142,275.21047226942466
Uganda,UGA,2017,1.1,270.1654350685255,51.32772813986,21.2895047336164,94.0,94.0,90.0,51.0,,,6.5,201.0,31.43818092,1.505,0.172,27.8046403871258,22.982436187053565,14.178907031807888,314.85573283315364
Zambia,ZMB,2017,12.8,216.53651753344047,65.9259259812071,32.674491350081,94.0,94.0,94.0,55.0,,,11.8,361.0,70.93283844,0.9,,19.8152954320603,21.427910225323167,12.073881610976152,267.23719583898986
Botswana,BWA,2017,63.5,39.35090175378155,89.7870788598082,68.5731443566445,95.0,94.0,91.0,60.0,,,20.9,372.0,471.05056763,,,14.3253324202465,20.72303436965214,9.244079311721729,230.8167517096097
Lesotho,LSO,2017,42.6,252.2751145826535,73.9930898817459,38.7366301247734,89.0,89.0,82.0,57.0,,,23.1,681.0,115.43321228,,,28.5820037049322,13.177835113500189,6.319281290584526,217.0256017939408
Namibia,NAM,2017,45.4,76.39334774168076,83.756921632109,36.0971096744774,88.0,88.0,67.0,60.0,,,11.8,565.0,447.95223999,1.936,0.567,15.414596586429,21.75222909565693,7.827728573472824,297.2577684157968
South Africa,ZAF,2017,85.8,47.94429986738345,91.844654961916,72.9715054204693,84.0,84.0,78.0,68.0,21.3,3.6,18.6,738.0,527.52026367,1.294,0.775,28.757630595136,18.02127595045852,9.462037740603474,255.1420547353877
Eswatini,SWZ,2017,47.75,91.16612405505596,71.889631274468,60.236840423133,90.0,90.0,87.0,70.0,,,28.6,502.0,265.50152588,3.826,0.18,16.4706183501307,20.19266584974225,12.211207576310168,297.2634448045509
Zimbabwe,ZWE,2017,29.9,266.749969699444,67.2356795993569,36.9416715486173,89.0,89.0,89.0,57.0,,,13.6,221.0,91.87199402,2.496,0.179,15.5984191206377,20.41728797056149,11.395177166682998,262.4090591401997
Benin,BEN,2017,5.4,260.3154044099715,67.3115299235489,17.5567124078682,76.0,76.0,72.0,33.0,,,0.9,56.0,38.75862122,,,40.9902705675967,27.340020574364555,19.299335744315965,340.74200030402784
Burkina Faso,BFA,2017,10.6,300.6261992699515,51.3308302109352,24.6558918981723,91.0,91.0,91.0,42.0,21.1,8.6,0.7,66.0,43.37775803,0.852,0.082,41.2767834293187,28.75444285452121,13.048633105562326,314.16406778035264
Cameroon,CMR,2017,24.35,231.780215852324,67.7271653530667,43.9831129823405,74.0,74.0,73.0,47.0,,,3.5,189.0,56.7457695,,,58.3584411446034,25.767689888272145,15.386504609280232,332.19585475720584
Cabo Verde,CPV,2017,77.7,129.0727398445425,86.333068742186,74.6142580571751,96.0,96.0,0.0,67.0,,,0.8,70.0,174.43547058,1.47,0.659,24.3758036180723,23.83688618595073,17.13605888224115,364.5426897685337
Chad,TCD,2017,5.2,283.30040242223447,49.124967257941,11.8291930674672,41.0,41.0,0.0,28.0,32.1,13.5,1.3,145.0,29.9935894,0.223,0.042,47.8355260289369,28.30459404821709,11.513812285023088,316.47527501498246
Côte d'Ivoire,CIV,2017,30.2,202.295866342368,74.9670485097416,33.945429522791,83.0,83.0,81.0,47.0,,,2.5,142.0,63.77943039,0.508,,21.4341423661948,26.414521346481585,19.67977872640309,346.3283527399643
Gambia,GMB,2017,1.9,277.5186197799605,83.1620559265773,46.9072182092037,92.0,92.0,90.0,47.0,,,1.8,166.0,21.55331612,0.661,0.099,41.615274500443,27.83915445484953,15.959911539295302,296.0213028419156
Ghana,GHA,2017,23.9,173.4871012580645,82.6995725023601,22.9147548943672,99.0,99.0,99.0,50.0,17.5,6.8,1.7,152.0,54.10602188,2.271,0.089,29.3568301115867,27.31048735634938,19.452821011688624,341.6882425254348
Guinea,GIN,2017,0.9,292.425046496309,65.6377593870016,25.2793165342665,49.0,47.0,0.0,37.0,,,1.6,178.0,32.63646317,,,30.5590844497077,26.23315499646821,17.43909623416395,312.9177957253031
Guinea-Bissau,GNB,2017,1.1,308.2266985952375,60.8614249962045,23.2682682564985,79.0,79.0,79.0,45.0,,,3.0,198.0,54.8225174,,,36.4190361069168,27.764861783891057,17.489736175371814,277.71278754258327
Liberia,LBR,2017,0.5,335.711018320643,74.1477432355412,19.4591800299081,80.0,80.0,78.0,41.0,,,1.3,268.0,67.8789978,,0.051,18.7390718632625,25.75823581259948,20.141114074692464,357.7542757847804
Mali,MLI,2017,1.0,291.942710050237,76.4467561333581,38.6530201870083,77.0,77.0,74.0,38.0,24.6,10.5,1.1,60.0,28.49467659,,0.113,40.8271912539349,28.91711589894632,12.560624094374896,307.966277043606
Mauritania,MRT,2017,45.5,185.1369615338705,67.0528469845158,45.6828446170813,76.0,76.0,72.0,39.0,,,0.2,98.0,55.22446442,1.086,0.188,50.4527713237389,29.094750331874863,10.525156567337907,296.7722238741123
Niger,NER,2017,2.6,332.5445387621195,48.6826437620777,13.2744201872419,85.0,85.0,85.0,35.0,,,0.2,88.0,29.09627533,,0.022,70.1168422586214,28.52941482791677,10.383266103481375,319.94007182110374
Nigeria,NGA,2017,9.7,157.98257475762802,71.3599849035344,41.1997192224782,55.0,55.0,53.0,42.0,,,1.6,219.0,70.31814575,,,68.2246345183228,26.98192724212061,16.627396343279806,331.8971480243436
Sao Tome and Principe,STP,2017,2.6,219.5740985863875,75.9790930081593,43.0527347494608,95.0,95.0,95.0,53.0,,,,122.0,117.07767487,,,13.5589080411295,25.87419429510666,20.265423480074,365.0000151352114
Senegal,SEN,2017,28.4,244.4428430339105,79.9984726874606,55.0521038030032,93.0,93.0,92.0,47.0,16.5,9.0,0.4,152.0,56.49185944,0.312,0.069,45.1130669066908,26.837508563719457,15.050652948946857,295.30872810715164
Sierra Leone,SLE,2017,0.7,307.8041665639535,59.9058113970129,18.3338579581936,90.0,90.0,90.0,44.0,31.0,6.8,1.6,429.0,47.37737274,0.81,,23.2385153027455,26.299366689567893,20.42085412350956,352.8855064300461
Togo,TGO,2017,8.1,298.1634585329375,60.6102462342239,19.5982705218929,84.0,84.0,84.0,40.0,23.8,5.7,2.2,54.0,51.5464592,0.401,0.072,35.6873295462867,27.395074325562263,18.56229239879537,326.5975040618459
American Samoa,ASM,2017,,67.8040543506255,99.0364809112742,62.1592021630655,,,,,,,,9.7,,,,4.41481834826019,27.065647086159984,21.28510268156318,365.0000044737717
Bermuda,BMU,2017,,42.56892771247085,100.0,99.9437352570609,,,,,,,,3.1,,,,4.66817806511424,22.39540004411672,15.432270002205836,325.8125039389929
Cook Islands,COK,2017,,21.5862724692498,,,,99.0,0.0,,,,,,,,,3.59223596299253,24.893099581274,18.006949469002766,350.2710376796354
Greenland,GRL,2017,,42.56892771247085,100.0,62.5,,,,,,,,130.0,,,,1.73621072946146,-2.608460484393991,3.5351365319997323,324.5462109978492
Guam,GUM,2017,,13.9487072720464,99.5166313791703,90.0577048124737,,,,,,,,80.0,,,,3.79098046393077,27.570041005864084,21.833884298781417,365.0000061020631
Monaco,MCO,2017,100.0,42.56892771247085,100.0,100.0,99.0,99.0,0.0,85.0,,,,0.0,7101.640625,,,14.9755563478485,13.762820505869277,9.23684224794643,306.12501097947785
Nauru,NRU,2017,100.0,107.01282421443244,98.0471335811805,68.8693754420541,87.0,87.0,0.0,58.0,,,,80.0,1127.47509766,,,4.5819518260082,27.68106280147489,21.28243120649176,364.9999960907008
Niue,NIU,2017,,71.8420245878532,,,,99.0,99.0,,,,,,,,,3.55647814327349,25.619107618451668,19.02972783955719,359.5031502833163
Northern Mariana Islands,MNP,2017,,26.891963658106352,99.6998574969049,98.4528481795746,,,,,,,,128.0,,,,3.19809061809497,27.49783139668798,21.6357704714426,365.00001759638747
Palau,PLW,2017,100.0,39.58027571781755,99.4958049799968,97.7722965190515,97.0,95.0,89.0,77.0,,,,112.0,1775.32849121,5.506,1.91,5.05589428871607,27.500335557135365,21.873728205290647,365.0000018122527
Puerto Rico,PRI,2017,,15.74057803664955,99.7204103069054,100.0,,,,,,,,1.5,,,,8.18928850764043,25.71234989837067,19.68921551466325,365.0000065686455
Saint Kitts and Nevis,KNA,2017,100.0,14.100904245146,98.6118541324065,94.9535945166888,98.0,98.0,0.0,78.0,,,0.6,2.1,1186.42663574,,,9.89757438592932,26.38371762048817,19.964576554646275,364.9999869033964
San Marino,SMR,2017,100.0,42.56892771247085,99.9999955531447,100.0,88.0,88.0,56.0,78.0,,,,0.0,3672.30322266,,,13.9808125009278,12.957254091135226,8.310771509665797,276.3125120842079
Tuvalu,TUV,2017,71.3,218.083222677898,98.8653597782107,86.7100762257543,96.0,96.0,0.0,63.0,,,0.3,212.0,1017.49633789,,,4.95464255884585,27.59534790996356,21.49294259122092,364.5902541560736
United States Virgin Islands,VIR,2017,,15.405395126862398,99.2456170763827,99.2090372437912,,,,,,,,,,,,7.81028931965395,26.424094172236387,19.9357412494706,364.999996170698
South Sudan,SSD,2017,0.0,285.2443327855995,40.1164221655228,10.968942628146,52.0,52.0,0.0,35.0,,,1.9,368.0,28.05690956,,,25.3310370782276,29.17092291789052,13.837746017673606,308.3066506079523
Sudan,SDN,2017,55.2,198.62142114711,58.1849054905312,46.0119565679027,95.0,95.0,95.0,47.0,,,0.1,77.0,67.75476837,,0.25,41.5787617030802,29.494179318721223,9.449351683247524,299.02279538800445
China,CHN,2018,79.5,45.77456214873825,93.068663255545,89.6942189460529,99.0,0.0,0.0,81.0,,,,61.0,504.10980225,2.888,2.122,38.5057526966035,15.824196713849998,11.24002343998778,291.95467452212506
Democratic People's Republic of Korea,PRK,2018,10.7,293.4750973115585,94.166236701267,83.9155776338149,97.0,97.0,0.0,79.0,,,,,,,,21.2255396176557,9.877643130347105,8.421703037066857,273.2452778212818
Taiwan,TWN,2018,,42.56892771247085,,,,,,,,,,,,,,18.5604655735204,22.304552064917765,16.169461000220053,352.9056663498349
Cambodia,KHM,2018,31.1,210.8738900321796,76.3583989017941,63.9398472470947,89.0,89.0,83.0,56.0,,,0.7,303.0,91.59080505,1.103,0.211,21.5126916390994,28.13372330514474,20.529510635988792,329.48457439002703
Indonesia,IDN,2018,78.7,66.2913385283632,88.410420237217,78.0995418857349,85.0,76.0,0.0,63.0,30.0,10.5,0.4,316.0,110.71585846,3.089,0.421,20.3645339845943,25.99986946079732,19.69914216178716,359.730590290787
Lao People's Democratic Republic,LAO,2018,7.4,147.016934372367,82.2233994378671,75.8672585757636,75.0,75.0,74.0,56.0,,,0.4,162.0,57.1708374,1.177,0.361,26.1337944720036,23.17849598043165,17.218430803775423,354.58299019750064
Malaysia,MYS,2018,89.65,15.17572880018165,97.6132438171196,95.8087179177358,99.0,99.0,0.0,80.0,,,0.3,100.0,409.84710693,3.946,1.858,16.1560428708823,26.604512867776368,21.03402362691052,364.6606256986177
Maldives,MDV,2018,99.3,29.84871702305736,99.4838786975911,95.3413870915622,98.0,98.0,0.0,67.0,,,0.1,43.0,833.21575928,6.305,1.862,13.2730625254702,27.330373605637337,20.96129388352211,364.9999970281508
Myanmar,MMR,2018,31.7,178.1056867435455,79.5886557826298,72.6910446469858,91.0,91.0,91.0,53.0,26.7,7.4,0.9,338.0,60.83261871,1.027,0.696,36.1957092821377,25.040057717292555,18.069166596126365,321.0457599484525
Philippines,PHL,2018,50.2,112.4430196285789,93.4798496793252,80.2422384212533,84.0,84.0,49.0,67.0,29.9,5.5,0.2,554.0,125.27716827,4.734,0.695,22.1392871673127,26.719069050737104,20.736831493845926,364.14321392484027
Sri Lanka,LKA,2018,30.0,60.48260342867645,88.7139577159347,91.6331770755008,99.0,99.0,0.0,68.0,,,0.1,58.0,154.64622498,2.08,0.958,28.6882456623859,26.09353487065128,19.90955119353688,357.8973067903725
Thailand,THA,2018,82.0,34.5100030748044,99.2453414879961,97.3791754669481,97.0,0.0,0.0,80.0,,,1.3,153.0,274.71221924,2.684,0.518,24.511740416507,27.45251634909909,20.36203881059385,354.1339261836255
Timor-Leste,TLS,2018,12.4,272.488829722377,77.3234209050104,58.2016694124243,83.0,83.0,0.0,44.0,,,0.2,374.0,78.07413483,1.658,0.718,12.9263978009684,25.099517068672352,17.993463498570026,350.43265004014984
Viet Nam,VNM,2018,91.7,123.7982838200792,94.8327946840432,84.7702960974693,75.0,75.0,0.0,69.0,23.2,5.4,0.5,182.0,161.97871399,,0.881,26.284246279735,25.36225611900371,19.4082301724206,356.02583246008373
Fiji,FJI,2018,45.8,68.41984770131755,95.3482691825769,93.4859578759574,94.0,94.0,94.0,69.0,,,0.3,73.0,249.86022949,3.251,,6.59012418588035,25.05201331786792,18.7243563919205,361.05700044260783
Kiribati,KIR,2018,9.4,284.68390198214047,74.9172098884573,43.4001999878848,95.0,95.0,94.0,50.0,15.2,3.5,,582.0,208.73831177,3.628,,3.89362028307718,27.70937773581072,20.80739504770896,364.9758667455122
Marshall Islands,MHL,2018,64.9,206.223532347039,87.7453304443591,78.3619174334576,81.0,72.0,67.0,66.0,,,,1610.0,702.8359375,4.305,,4.76051299214661,27.251178916334005,21.57355056825373,364.9999893871814
Micronesia (Federated States of),FSM,2018,12.9,231.818323824951,89.8819541513315,90.4539007167041,75.0,59.0,67.0,65.0,,,,187.0,428.00738525,2.093,,4.0495257466137,27.40082492330144,21.675273810768257,365.0000052818784
Papua New Guinea,PNG,2018,9.5,221.227045467314,47.2247346164126,21.4585108450562,35.0,35.0,35.0,28.0,,,1.2,611.0,59.04003525,0.497,0.064,14.185410897229,22.16323604468586,17.413142382413554,364.8826576925361
Samoa,WSM,2018,34.5,157.15259426720002,94.5630996694418,95.5585181223598,44.0,44.0,0.0,62.0,,,,5.3,200.40919495,2.351,,4.59634788228666,26.46967183681704,20.702555418259585,364.7074332386292
Solomon Islands,SLB,2018,8.5,269.698980687288,71.761506901506,31.8782846169849,85.0,85.0,84.0,44.0,,,0.1,124.0,88.03850555,1.993,,10.3074168021894,26.699872067195784,21.37603713940882,364.9965454009927
Tonga,TON,2018,81.0,160.016101601489,98.7796364058123,93.2070910925577,99.0,99.0,0.0,69.0,,,,8.5,278.49508667,3.902,,4.53554715758946,24.608098432330067,17.637469925679454,354.9280333649866
Vanuatu,VUT,2018,15.5,253.1319179072105,86.734509639606,50.0825530456951,85.0,85.0,0.0,50.0,,,0.1,61.0,110.32492065,1.462,0.137,8.36324062528587,25.47183188123132,18.724199130678343,359.2056747327044
Armenia,ARM,2018,98.2,72.9087086782426,99.462639280417,92.2358515104765,92.0,92.0,92.0,70.0,,,0.3,37.0,428.34579468,4.607,2.893,27.6903289992915,9.812183829393566,6.747741412765706,274.5909094368667
Azerbaijan,AZE,2018,97.9,32.980368708259,92.2760684532057,91.6909287439115,74.0,77.0,70.0,65.0,,,0.1,78.0,180.03610229,5.796,3.236,24.2110829954808,14.756178332763174,9.577148978799665,307.69043533777386
Georgia,GEO,2018,86.3,66.33485391356754,96.4862775476087,86.8748222310992,93.0,93.0,81.0,69.0,5.8,0.6,0.3,86.0,365.91583252,4.989,7.51,18.6640622057354,11.727449722915502,8.262605641486978,312.36340136252204
Kazakhstan,KAZ,2018,94.0,15.9713096561713,96.3060818845049,97.8553422711483,98.0,98.0,95.0,82.0,,,0.3,68.0,266.92147827,6.618,3.531,19.3045522190598,8.329570433174744,5.455300223190873,266.25122945747995
Kyrgyzstan,KGZ,2018,77.8,191.85315043100348,91.4270880471421,97.4927558595168,94.0,93.0,92.0,75.0,11.8,2.0,0.2,144.0,65.34625244,4.505,1.787,20.618610766176,9.968325638317312,6.068504941747879,240.55551320670443
Mongolia,MNG,2018,48.9,60.61358585561214,81.4783824183296,66.102065585159,99.0,99.0,26.0,70.0,9.4,0.9,0.1,428.0,188.64115906,4.217,3.526,40.2796730056673,0.3999385996187553,3.652869518686708,230.0485962183309
Tajikistan,TJK,2018,82.35,225.528074731275,83.2428335664729,95.8112529374464,96.0,96.0,0.0,71.0,,,0.2,86.0,58.51539993,5.117,1.934,33.3847568433032,12.356606073003672,6.10858768345048,241.5066984681166
Turkmenistan,TKM,2018,99.9,26.3188223452784,98.3109148568141,98.5690477632557,99.0,99.0,0.0,79.0,,,,44.0,411.32562256,3.78,1.971,33.0358136706851,15.918775192035048,6.125033621403378,277.1350702536508
Uzbekistan,UZB,2018,82.25,94.19641555600444,95.2185733603862,95.8162707017891,98.0,98.0,96.0,77.0,,,,70.0,82.53038788,11.03,2.329,32.6612147415155,14.95589328677727,6.202578213150881,266.3474976230128
Albania,ALB,2018,80.9,62.8726584459745,94.4363940024548,98.9736466158724,99.0,99.0,99.0,66.0,,,0.1,17.0,349.21127319,,,17.9552347660824,14.3852493959172,9.482700589821436,307.0980083403926
Bosnia and Herzegovina,BIH,2018,40.85,62.18373655602281,96.1478367143062,95.3850620124746,73.0,62.0,0.0,62.0,,,,28.0,529.85546875,5.942,2.457,30.020148190921,11.901245925430366,8.651756396818937,328.39044944844994
Bulgaria,BGR,2018,,27.588346770698948,99.292449043955,86.0143608416048,92.0,92.0,89.0,71.0,,,0.1,25.0,719.78033447,4.804,4.217,22.433444950167,12.328420121214728,8.586415398205698,304.2850900516767
Croatia,HRV,2018,100.0,17.47958781392235,99.9014519632488,95.7545423447665,93.0,94.0,0.0,75.0,,,0.1,11.0,1045.14904785,7.173,3.497,19.6904117646471,13.617234711258616,9.32378038289644,315.15698406624625
Czechia,CZE,2018,100.0,14.27749475069555,98.7313948988611,99.073893834029,97.0,96.0,0.0,81.0,,,,5.0,1750.81188965,8.977,4.069,17.6889787550736,10.491481632350894,7.216152120867767,273.44315275466613
Hungary,HUN,2018,100.0,14.2767212682563,99.2100381980227,97.9885191913956,99.0,99.0,99.0,79.0,,,,8.0,1087.64611816,5.618,3.384,18.2609055529635,12.464378060362522,8.44281981349538,289.8724797961653
North Macedonia,MKD,2018,76.45,47.3139698513545,97.8896166330973,97.3296814337333,93.0,93.0,0.0,66.0,,,0.1,15.0,426.57290649,5.275,3.315,25.4520876085665,12.04282011820764,7.710857341785863,265.44204258016487
Montenegro,MNE,2018,61.6,31.2817891246622,98.8789249228913,97.2142443586762,86.0,86.0,0.0,68.0,7.2,2.2,0.1,19.0,745.7520752,5.331,2.809,22.1665156662132,12.550949008332754,8.741995259601943,316.2889207365781
Poland,POL,2018,100.0,14.13964333009195,93.3312333762882,98.9554251030336,95.0,95.0,60.0,81.0,1.0,0.8,,17.0,978.73565674,5.644,2.341,22.0327726817794,9.974126733724235,7.497813880001464,302.9504906781211
Romania,ROU,2018,100.0,18.36989609954385,100.0,85.9929537766502,86.0,86.0,0.0,76.0,,,0.1,76.0,687.15411377,7.34,3.028,18.7538854964325,10.767531904578952,8.027004404966029,308.2820823288601
Serbia,SRB,2018,76.9,38.75382982001395,94.3248090621333,97.8576090639596,97.0,97.0,67.0,71.0,,,0.1,26.0,617.08691406,6.493,2.966,23.0376789441363,12.841903275116504,8.606599562186336,284.90358922547586
Slovakia,SVK,2018,100.0,13.4221437479931,99.7878360952322,97.5317758845703,97.0,97.0,96.0,80.0,,,0.1,6.1,1299.91125488,6.026,3.523,18.2008458973454,11.146257413931489,7.855311872481204,293.52402850008644
Slovenia,SVN,2018,100.0,13.6252638181859,99.5995148962927,98.4712612260836,93.0,93.0,60.0,83.0,,,0.1,5.6,2169.57885742,10.28,3.185,16.1763751313729,11.870657310927124,8.753426642998921,336.02198883901
Belarus,BLR,2018,99.7,26.32146312631055,99.0880364550957,98.9391988814901,97.0,67.0,0.0,79.0,,,,31.0,349.99176025,10.95,4.486,16.1066672532807,7.967817971965231,6.98646884601516,303.8968515468919
Estonia,EST,2018,100.0,13.4371151690162,99.9485371012832,99.0313545119292,92.0,92.0,0.0,78.0,,,0.8,14.0,1553.43347168,6.636,3.483,8.13925854793547,7.036301236574816,6.824196173379663,321.1349727286471
Latvia,LVA,2018,100.0,15.87991038229495,98.558820559671,91.2449187722214,96.0,96.0,84.0,76.0,,,0.6,33.0,1101.49243164,4.559,3.303,16.8899906770849,7.85384257684375,7.011873266090346,317.1315150057998
Lithuania,LTU,2018,100.0,13.575088743168852,98.0695666979738,93.6701055685758,92.0,92.0,82.0,76.0,,,0.2,54.0,1241.38574219,8.092,4.596,14.399002431271,8.243792786793719,7.141629468613746,308.6482537014899
Republic of Moldova,MDA,2018,97.5,111.3535790234927,90.1205722454001,82.9015800000824,93.0,93.0,85.0,70.0,,,0.9,97.0,276.4697876,6.472,3.204,17.1701947614032,11.119093036246822,7.804149102231577,274.761563789544
Russian Federation,RUS,2018,100.0,15.07434921933495,96.7208870647795,88.5392414303968,97.0,0.0,82.0,79.0,,,,54.0,606.11401367,8.71,4.097,12.6740675593912,5.2736898602731,5.918641745717431,285.32168867404266
Ukraine,UKR,2018,95.1,79.00694304365905,93.4145409496179,97.1876990557354,69.0,58.0,0.0,79.0,,,,82.0,217.73760986,,,17.4384643248867,9.879235810982664,7.196492922452544,285.4783206319753
Brunei Darussalam,BRN,2018,100.0,42.56892771247085,99.9000669989146,94.6142838007268,99.0,99.0,0.0,83.0,,,,75.0,748.69073486,6.482,1.763,8.47475429120961,27.02800636559433,21.834835498316867,364.9999989202786
Japan,JPN,2018,100.0,29.62924518113335,99.0085484787426,99.9569242360089,98.0,99.0,98.0,84.0,,,,15.0,4265.77929688,11.98,2.485,12.4060098636232,15.489391989349974,10.989956127034564,308.8277974931645
Republic of Korea,KOR,2018,100.0,22.13001817663525,99.6228074567707,99.8276038758901,98.0,98.0,97.0,87.0,,,,64.0,2523.04003906,7.396,2.386,21.4879640543293,13.011436143078026,9.560470204707466,277.7242420626834
Singapore,SGP,2018,100.0,42.56892771247085,100.0,100.0,97.0,97.0,84.0,88.0,,,0.1,47.0,2726.00683594,,2.443,16.0290550221245,27.230896502817057,21.502003097363367,365.0000119000752
Australia,AUS,2018,100.0,42.56892771247085,99.9698940747082,99.9993731869528,95.0,94.0,95.0,89.0,,,0.1,6.5,5843.64794922,12.76,3.726,6.05401225103758,17.24903762513751,10.303684704031657,293.3945476285252
New Zealand,NZL,2018,100.0,20.16556908099835,99.9999959549403,99.9999959549403,93.0,92.0,96.0,89.0,,,0.1,7.2,3706.80273438,10.76,3.311,6.64524347769575,14.17401600195936,10.04486024915885,362.06712275935655
Andorra,AND,2018,100.0,42.56892771247085,100.0,100.0,99.0,99.0,94.0,73.0,,,,2.7,3159.16162109,4.508,4.535,9.37766491513792,8.810460712115642,7.181527465758983,344.25762365361305
Austria,AUT,2018,100.0,42.56892771247085,100.0,99.9728166060806,85.0,85.0,0.0,81.0,,,,6.3,5394.55908203,7.129,5.241,13.8481763510534,10.343279087950316,7.58950065717289,304.0719260311185
Belgium,BEL,2018,100.0,42.56892771247085,99.9999964912518,99.4861848733706,98.0,97.0,94.0,86.0,,,0.2,9.1,5233.68261719,11.79,3.355,12.2060188213467,11.45488603861968,8.161332683025309,322.6376618610174
Cyprus,CYP,2018,100.0,13.4341795081898,99.7618820715217,99.5094911557165,99.0,97.0,81.0,76.0,,,,5.0,1987.69470215,3.941,2.789,15.843425133781,21.38003053063185,12.839546803850869,294.05200710765644
Denmark,DNK,2018,100.0,42.56892771247085,100.0,99.5972321137483,97.0,97.0,96.0,84.0,,,0.1,5.7,6219.12988281,11.82,4.196,10.2999349983121,9.809698171820342,7.761070456119077,341.56207492011674
Finland,FIN,2018,100.0,42.56892771247085,99.999999309504,99.4479792179027,91.0,91.0,88.0,86.0,1.3,1.1,,4.9,4521.27636719,12.62,3.463,5.84651585707961,5.662434361172914,6.349931404859788,320.9173808884425
France,FRA,2018,100.0,37.34065561884465,99.9999999523043,98.6492124319546,95.0,95.0,92.0,81.0,,,0.3,8.8,4692.99511719,9.278,3.214,10.5107824351537,13.37403934141735,9.089236027543906,310.8680306082632
Germany,DEU,2018,100.0,42.56892771247085,100.0,99.2251947749957,91.0,90.0,82.0,86.0,,,0.1,6.9,5473.55712891,11.74,4.287,12.2724978426028,10.966698614079412,7.547264240819508,288.50984752609173
Greece,GRC,2018,100.0,14.7050290703585,100.0,98.9867526034177,99.0,99.0,96.0,75.0,,,0.2,4.8,1603.07788086,3.63,6.105,15.426827372432,17.38381065781919,10.47503858950502,277.68554641047183
Iceland,ISL,2018,100.0,42.56892771247085,99.9999967826526,98.7816461491977,91.0,91.0,90.0,90.0,,,0.1,2.3,6280.03857422,15.47,3.891,4.43324754348264,4.4846239469345,5.486319771042675,356.1979882018218
Ireland,IRL,2018,100.0,42.56892771247085,96.9939522473037,89.812337262782,94.0,94.0,90.0,81.0,,,0.2,7.4,5494.98632813,12.87,3.276,7.79168997270246,10.231352975990204,8.01598804790853,359.52284187515284
Israel,ISR,2018,100.0,17.05798375530485,100.0,99.9481963561794,98.0,98.0,95.0,85.0,,,,4.1,3199.41625977,5.499,3.477,22.0100927078823,21.719183612207733,14.264564004775329,336.6875142829055
Italy,ITA,2018,100.0,21.148236621868,99.9170340740928,99.8852799137261,95.0,94.0,92.0,83.0,,,0.3,7.4,3031.46459961,6.035,3.987,15.6845265296165,15.107621873315232,10.316646742154784,326.63019030672405
Luxembourg,LUX,2018,100.0,42.56892771247085,99.9999952675499,97.6153595742426,99.0,99.0,96.0,84.0,,,0.2,8.1,6227.08398438,12.14,,10.7862930810869,11.079912999801186,7.7607786062651964,298.0440909734578
Malta,MLT,2018,100.0,17.98602180601665,99.9999969675015,99.9858051675868,97.0,97.0,0.0,80.0,,,0.2,11.0,2759.91186523,8.277,3.972,12.5364002038633,19.87401954857972,13.67598800750615,353.26147473770527
Netherlands,NLD,2018,100.0,42.56892771247085,100.0,97.7036451274894,93.0,93.0,93.0,84.0,,,0.2,5.2,5330.66015625,11.28,3.632,12.166093154962,11.478088539623904,8.238319677850477,326.516123593515
Norway,NOR,2018,100.0,42.56892771247085,100.0,98.053258505645,96.0,96.0,94.0,87.0,,,0.1,4.1,8271.859375,15.88,4.466,6.69546303416924,6.53312826434544,6.170831580134297,313.9482407350638
Portugal,PRT,2018,100.0,13.4700757112283,99.2082778688964,99.5305100855018,99.0,99.0,98.0,83.0,,,0.6,20.0,2206.71240234,7.133,5.276,9.68646955246185,15.206398830076145,10.070125532592876,330.5924233466626
Spain,ESP,2018,100.0,16.5612525283482,99.9260612803023,99.9195992102324,96.0,96.0,95.0,83.0,,,0.3,11.0,2784.16308594,6.01,3.996,10.5034718641397,15.812878969792676,9.696050789089044,302.4337274412195
Sweden,SWE,2018,100.0,42.56892771247085,99.7063476379423,98.8618710894005,97.0,97.0,97.0,84.0,,,0.1,5.5,6042.13525391,11.66,4.322,6.6338928167307,7.700769101782399,6.7947538354924575,313.6235185466593
Switzerland,CHE,2018,100.0,42.56892771247085,99.999997064468,99.8998706855138,96.0,95.0,84.0,86.0,,,0.2,6.4,9541.07421875,17.92,4.338,10.676114525677,10.392201527246378,7.771008195191007,319.29752486935007
United Kingdom,GBR,2018,100.0,42.56892771247085,99.9999994148157,99.1091755535877,94.0,94.0,92.0,87.0,2.0,0.4,0.2,8.0,4233.62988281,8.497,2.828,10.6059076264199,10.583139761579831,8.054914985006144,351.6412843587735
Argentina,ARG,2018,99.9,22.4397823260256,,,86.0,86.0,88.0,79.0,8.7,1.7,0.4,30.0,1195.59973145,3.889,5.167,13.5371363799976,17.088431095867495,10.29574682779575,275.7779369657371
Chile,CHL,2018,100.0,17.6413335000285,98.4565155199366,99.1482997350228,95.0,95.0,93.0,81.0,,,0.5,19.0,1430.70263672,3.351,2.569,20.5997873103713,13.386539917743258,7.91923284312691,268.5423254422432
Uruguay,URY,2018,100.0,20.27929251746085,99.4885272637331,97.4993671618489,91.0,91.0,93.0,85.0,6.9,1.4,,36.0,1713.26611328,6.773,,10.8748352762654,17.771608798299294,11.617019424062605,322.959808510722
Canada,CAN,2018,100.0,42.56892771247085,98.6309996680104,98.84154412867,91.0,91.0,81.0,92.0,,,0.2,5.3,5052.90185547,9.928,2.411,7.13787719799952,6.86423218927847,6.80355158720376,308.7483267597833
United States of America,USA,2018,100.0,42.56892771247085,99.6675822614626,99.7031223122571,94.0,92.0,92.0,87.0,3.4,0.1,,3.0,10180.48242188,11.59,2.548,7.75750644568182,14.83100874008966,9.869779641920545,289.3725945026591
Antigua and Barbuda,ATG,2018,100.0,17.193356076705598,98.7648515516048,98.5136876135771,95.0,95.0,0.0,79.0,,,1.0,5.5,856.37127686,4.786,,8.77740530406974,26.07317559349819,19.34162287317126,364.0000028588765
Bahamas,BHS,2018,100.0,14.73299291907185,98.9452612148878,93.7100445402837,90.0,90.0,90.0,79.0,,,1.4,15.0,1875.74035645,4.484,,5.43874757916624,25.2726980084668,18.292146685851616,345.8482333178584
Barbados,BRB,2018,100.0,33.72218419234545,98.9247941616263,96.6389380178594,95.0,95.0,89.0,82.0,,,1.2,0.36,1169.35559082,3.124,,10.5931989797172,26.33882475066768,19.780164129663504,365.0000035657107
Belize,BLZ,2018,83.3,85.1017689150348,93.8731706836075,84.0520275827063,96.0,96.0,0.0,68.0,,,1.3,39.0,286.83633423,2.359,1.086,17.2078639082203,25.716044248979227,19.93073680388699,363.50510042778205
Cuba,CUB,2018,94.2,103.1048536267236,94.0175439331674,90.8986460916429,99.0,99.0,0.0,85.0,,,0.5,7.6,981.90283203,7.636,8.505,9.73821963078965,25.650492440460976,18.3967842449822,357.44061299544063
Dominica,DMA,2018,88.5,69.8535095590268,96.3592925117814,,94.0,94.0,0.0,76.0,,,0.5,5.9,503.34179688,6.76,1.158,12.304882910342,25.818734145281947,19.46907318679732,364.6963847429616
Dominican Republic,DOM,2018,91.25,39.796962713641,96.5419932414165,86.9970340675961,87.0,78.0,66.0,72.0,,,1.0,49.0,332.47702026,1.29,1.426,13.9700529917489,24.96712591982878,18.021546193599832,355.3637115160198
Grenada,GRD,2018,88.7,49.530928602984304,,92.8978896121892,95.0,95.0,0.0,78.0,,,,1.7,462.2394104,6.05,1.383,10.6010898859802,26.45020619331649,20.11221007757327,365.00001494435503
Guyana,GUY,2018,100.0,63.6703669153561,94.4550659757955,88.6946981126402,95.0,95.0,91.0,74.0,,,1.5,85.0,296.66903687,1.023,1.79,15.8697060057558,26.13893006422095,20.6424377741396,364.48695764474405
Haiti,HTI,2018,4.0,265.307075541855,69.1522570020031,28.1567904087872,57.0,56.0,0.0,41.0,,,1.7,256.0,62.30102539,0.404,0.238,15.7261482402686,25.85602267975232,18.76844976365761,361.124087308089
Jamaica,JAM,2018,91.5,95.07249732373764,89.5557220251637,88.4702342742167,97.0,98.0,0.0,72.0,4.6,3.2,1.3,3.9,381.47775269,0.981,0.548,21.0387474845844,26.28286822450443,19.41374526370104,362.4172841193362
Saint Lucia,LCA,2018,94.3,47.9296985130499,96.4302304236654,83.3759977820708,95.0,95.0,0.0,76.0,,,0.4,2.8,497.48629761,,6.367,10.1218640322446,26.333574591355774,19.646621332702825,364.9374975184001
Saint Vincent and the Grenadines,VCT,2018,92.7,56.266665402481,97.7283062747314,89.7010629819102,97.0,97.0,0.0,78.0,,,0.9,5.7,358.53372192,7.369,,10.3483979209148,26.37939382673713,19.9303712134774,364.9999834993849
Suriname,SUR,2018,93.7,38.07659375448005,97.0931070190456,88.5487221622628,81.0,81.0,0.0,76.0,8.3,5.5,1.6,41.0,440.32211304,2.649,0.787,15.2067277601013,26.290019742528628,20.56452538309336,363.7762001163861
Trinidad and Tobago,TTO,2018,100.0,13.566122925073248,98.4733339387866,94.2677930697495,99.0,99.0,99.0,74.0,,,,23.0,1080.45397949,3.914,3.939,12.9576145189546,26.22050163647433,20.17053354504849,365.000002609744
Bolivia (Plurinational State of),BOL,2018,85.4,124.86476922369036,90.7842800477343,61.8863758501478,83.0,83.0,83.0,65.0,,,0.3,98.0,231.18806458,,,26.4642569469127,15.635047041770925,10.375779656713291,302.270706833174
Ecuador,ECU,2018,94.6,64.78106814066976,90.9348761697738,86.5928399282026,85.0,85.0,85.0,79.0,,,0.4,45.0,493.82693481,2.511,2.341,18.6076444108592,19.520237336202086,14.732128957887268,363.2114461327434
Peru,PER,2018,82.2,55.68777422188735,92.1863171590782,75.6274098296364,89.0,89.0,82.0,70.0,12.2,0.5,0.4,132.0,362.75994873,2.986,1.373,31.1151867646505,16.20956056449781,11.579847801084762,338.6457682238023
Colombia,COL,2018,90.1,46.92753329716065,95.8504284105736,91.3506596764722,92.0,92.0,94.0,80.0,,,0.5,34.0,526.11828613,1.35,2.242,18.3860185548236,20.75895596091458,15.020010074227311,348.07044238842707
Costa Rica,CRI,2018,95.3,35.7782759640787,99.6853095331448,97.7025136559983,94.0,94.0,96.0,83.0,9.0,1.8,0.5,10.0,917.31018066,2.853,2.253,17.6199561122599,21.96622078518664,16.475898179610144,360.8227666709416
El Salvador,SLV,2018,89.9,107.2039334891583,88.6461069503319,86.456582332616,89.0,89.0,87.0,78.0,,,0.4,76.0,348.18817139,1.894,2.963,29.9494969253266,26.465469354168576,16.975156299649246,256.9754984939852
Guatemala,GTM,2018,42.3,110.1961259877858,91.8664742343096,68.2489426363097,85.0,85.0,90.0,57.0,,,0.2,24.0,265.81820679,1.314,0.363,28.1314081003981,20.929991637075563,13.925151570820285,328.0181058588446
Honduras,HND,2018,47.7,177.8295364340775,93.5856465079255,82.1820517802878,91.0,91.0,91.0,60.0,,,0.2,45.0,178.1494751,0.715,,29.7635517651656,23.90959103955925,16.513107659270204,320.8942271966444
Mexico,MEX,2018,84.8,26.4427568004016,98.1950089060211,90.5185596102805,88.0,88.0,88.0,78.0,,,0.4,26.0,528.26306152,2.89,2.456,16.3313895424634,19.681176050340035,11.611282714964316,288.0504265096669
Nicaragua,NIC,2018,54.6,166.15298171890998,,,98.0,,,70.0,,,,46.0,172.9760437,,0.682,21.1687703840053,26.089437454239444,18.073145421915584,310.7212350915626
Panama,PAN,2018,100.0,17.754413568918,93.8241340868165,82.0200768210799,88.0,88.0,97.0,80.0,,,1.1,54.0,1227.30554199,3.081,1.609,14.8426450709261,25.50962813250751,20.226986262473822,363.9599824126584
Venezuela (Bolivarian Republic of),VEN,2018,95.4,63.3864806132933,94.0399904292601,96.2144174724477,60.0,60.0,0.0,77.0,,,0.5,50.0,164.68154907,2.003,,19.991246342024,25.46133236116766,18.02954164206601,333.2314483168967
Brazil,BRA,2018,96.2,37.05743502473315,98.5580120515387,88.0250303307035,87.0,83.0,80.0,83.0,,,0.6,45.0,880.28430176,10.28,,13.3316911366538,23.333460080557263,15.954469924607787,325.8029118846674
Paraguay,PRY,2018,68.1,62.3688436631131,96.9920505649968,90.415146711899,88.0,88.0,94.0,73.0,,,0.4,56.0,422.13101196,1.797,1.466,13.0344251532456,22.371050726769788,15.003541988891651,331.9974524241369
Algeria,DZA,2018,99.7,42.43952515937525,91.859120820781,86.3030907782839,91.0,91.0,91.0,70.0,,,0.1,74.0,271.53808594,1.538,1.708,16.0599697647705,17.715467985461125,9.69774484920574,289.76429916951673
Bahrain,BHR,2018,100.0,42.56892771247085,99.9237756589351,100.0,99.0,99.0,98.0,77.0,,,0.1,14.0,1041.8560791,2.182,0.729,60.1158397824297,27.170391598104107,17.226903257511342,278.96959472722875
Egypt,EGY,2018,99.9,65.22178923393325,97.710814412432,95.7838228519798,95.0,95.0,0.0,72.0,,,0.1,12.0,118.01481628,1.794,0.716,44.9185945189461,23.68459241731405,10.96501812599072,184.70293674985345
Iran (Islamic Republic of),IRN,2018,96.8,27.50258866092765,97.1490246044491,89.6988576017474,99.0,99.0,0.0,79.0,,,,15.0,244.21661377,1.973,1.505,41.7863693968445,16.83788057113047,6.366801537673166,279.3534833811904
Iraq,IRQ,2018,99.1,42.58265415730945,96.902402599518,96.9997458760796,86.0,86.0,33.0,66.0,12.6,3.0,0.1,27.0,232.86825562,1.952,0.676,51.717685614606,24.69297801525796,8.681976559918645,300.3367838921334
Jordan,JOR,2018,99.8,80.3967567982644,99.1124406003234,97.0507514777426,96.0,96.0,0.0,69.0,,,0.1,5.6,289.47106934,2.687,,31.7567413179411,20.479705031510527,9.94075350109105,205.11646033146567
Kuwait,KWT,2018,100.0,42.56892771247085,100.0,100.0,91.0,91.0,91.0,80.0,7.0,2.2,0.1,25.0,1658.60375977,7.095,2.03,64.5155749200156,27.406921152992304,10.394204965926583,280.1635653841625
Lebanon,LBN,2018,,41.5040613317156,92.4654818371011,97.8705825263797,83.0,85.0,82.0,67.0,,,0.1,15.0,740.38696289,1.918,2.412,26.9239143405591,19.898948380498005,12.742786493766712,322.3532934635346
Libya,LBY,2018,,19.13533409433815,94.7168963808305,89.1404970360656,73.0,73.0,72.0,68.0,,,0.1,37.0,544.88079834,,,23.4179656275532,21.358940435264635,11.3042387800435,269.59447690996444
Morocco,MAR,2018,98.1,101.9333210008974,85.6112006137327,85.4034661501233,99.0,99.0,99.0,65.0,,,0.1,97.0,175.70518494,,,18.4571548078596,17.520407970045024,10.082905796387635,298.07863702270555
Palestine,PSE,2018,,163.3620666713015,99.1372582782546,97.6788204548577,99.0,99.0,96.0,66.0,,,,0.91,324.02166748,1.953,2.168,22.5359687994621,21.53760621747034,12.951918287039188,300.19507494868753
Oman,OMN,2018,100.0,42.56892771247085,91.5230946241618,99.3198091795186,99.0,99.0,99.0,75.0,,,0.1,7.7,639.78082275,4.408,2.104,50.482984007318,27.991753163709976,14.096307761213229,273.8413687921038
Qatar,QAT,2018,100.0,42.56892771247085,99.9643871838805,99.9365461279432,98.0,98.0,98.0,82.0,,,0.1,38.0,1966.55712891,7.251,2.504,107.786961140147,28.25495170327845,15.397819915401206,234.3200914108785
Saudi Arabia,SAU,2018,100.0,42.56892771247085,99.0502504705906,97.5769396449473,96.0,96.0,98.0,80.0,11.6,3.9,0.1,11.0,1488.9753418,6.078,2.899,72.6868758200635,27.36624600458993,9.986841653023973,271.8334843555721
Syrian Arab Republic,SYR,2018,94.3,181.3944535130955,93.7507061762982,93.6084625778636,60.0,60.0,0.0,72.0,,,0.1,22.0,46.24067307,1.789,1.5,31.6475659968724,18.804651331454064,9.235459176463658,254.6603233353605
Tunisia,TUN,2018,99.9,63.00899372948925,94.2847367416076,93.6354735142668,97.0,97.0,0.0,75.0,8.4,2.1,0.1,43.0,215.418396,,,18.9546097979168,19.63665297652712,11.418845876369828,274.8998120488155
Türkiye,TUR,2018,95.2,16.4484160978844,95.6607630886075,98.1513969936455,98.0,98.0,97.0,75.0,6.0,1.7,,18.0,380.27835083,2.924,1.814,26.3300040473653,15.53947692056878,9.09776026645088,290.66438621422463
United Arab Emirates,ARE,2018,100.0,42.56892771247085,100.0,99.1010218730891,99.0,99.0,99.0,83.0,,,0.1,1.2,1872.58422852,5.901,2.605,58.2253146383654,28.609929053017183,14.67466821992891,222.18632318366463
Yemen,YEM,2018,54.1,245.186388015558,64.8676643206495,58.1748003487901,54.0,54.0,51.0,45.0,,,0.1,39.0,143.68727112,0.657,,45.6631825142361,23.673159695198585,12.056195050043163,230.39133895851592
Afghanistan,AFG,2018,31.7,281.4321253852885,67.4758694595857,46.1335435081079,68.0,68.0,64.0,42.0,38.2,5.1,0.1,212.0,71.22509003,0.451,0.303,40.8384893577725,14.633748677664885,5.528701012505572,257.3492654145789
Bangladesh,BGD,2018,22.0,204.5196166578845,97.933316165493,55.8026895798661,98.0,98.0,98.0,47.0,30.9,8.4,0.1,221.0,44.78892899,0.466,0.573,79.2984145312804,25.31934168765427,18.990759628020506,356.43453192559474
Bhutan,BTN,2018,85.7,84.03375829589424,98.426622147403,77.2378421749847,97.0,97.0,0.0,65.0,,,0.1,213.0,102.01222992,1.839,0.421,33.6414162416309,20.659139984440788,15.057343467653114,351.0153553451698
India,IND,2018,59.0,144.174733307922,91.7626505318817,66.1148742165368,90.0,90.0,6.0,63.0,,,,208.0,57.46551132,1.7,0.84,56.6795240921875,25.87685425478256,15.894638902602962,265.8091190907371
Nepal,NPL,2018,35.1,251.354586425582,90.4032337065468,65.966994107957,91.0,91.0,82.0,47.0,,,0.2,245.0,51.16546249,3.11,0.749,59.5306238818063,22.4211615067858,15.352397880603222,309.08913103287006
Pakistan,PAK,2018,46.1,173.433664359459,90.0758470234098,64.1435342442995,80.0,80.0,82.0,53.0,37.6,7.1,0.2,265.0,40.09578323,0.895,0.917,61.4979947410089,24.215597972692805,13.129055662205332,211.3214451781524
Angola,AGO,2018,48.8,112.09157379972748,63.3627907388021,49.2865229934191,67.0,67.0,68.0,41.0,,,1.7,403.0,83.87555695,0.401,0.211,19.9275654157599,23.30232178544233,15.192686639714978,326.0863997712597
Central African Republic,CAF,2018,0.7,353.08306572802,39.2275482962991,14.8478356260426,40.0,40.0,39.0,31.0,37.5,6.5,3.3,473.0,51.3541069,0.245,0.069,35.0601954658141,25.93237843942188,16.993169189677733,329.6030500445163
Congo,COG,2018,31.85,159.4886910206325,72.9020532045187,20.2685707874205,75.0,66.0,73.0,40.0,,,3.2,311.0,47.310215,0.927,0.099,35.0441860176665,25.25726012381988,19.5023916717271,364.6434940244751
Democratic Republic of the Congo,COD,2018,4.2,350.5035201327155,35.8564891827066,16.7256345274003,71.0,71.0,70.0,38.0,,,0.9,426.0,17.29077148,1.036,,33.4946328460436,24.436896834719384,17.097058787585272,337.29799557421376
Equatorial Guinea,GNQ,2018,23.7,13.3712731395017,,,59.0,59.0,0.0,47.0,,,,225.0,240.49389648,,,36.147736606932,24.9498098277563,19.793813804831093,364.9999936917844
Gabon,GAB,2018,88.8,33.04862305956695,87.1959828592503,49.9863984455825,70.0,70.0,0.0,51.0,,,3.6,440.0,209.28697205,2.751,0.618,28.4801107651775,25.553854939436963,20.00424831744636,364.99990424893616
Burundi,BDI,2018,0.2,358.01582558491,63.0031105309043,44.4954380894811,90.0,90.0,90.0,46.0,56.6,4.8,1.1,106.0,18.67819214,0.772,0.094,32.1232894818729,20.785009445307665,12.746256072013065,278.7710157501471
Comoros,COM,2018,7.1,261.2003782764725,85.6910036830202,50.159514854681,77.0,77.0,0.0,48.0,,,0.1,39.0,74.89152527,1.507,0.285,10.6970500460844,25.83607008162919,19.213277033983488,364.80916643909495
Djibouti,DJI,2018,9.3,189.6902566637005,78.2698510281145,65.1354027813767,84.0,84.0,84.0,49.0,,,1.4,433.0,68.79101563,,,40.9512929184603,28.298540954927088,17.177766730034502,279.46176283049255
Eritrea,ERI,2018,11.2,305.100415938441,,,95.0,95.0,95.0,40.0,,,0.6,132.0,26.68201256,1.557,0.088,35.0966959431985,24.62841148826512,10.944009572035368,248.006225975066
Ethiopia,ETH,2018,5.6,302.143631042639,46.6289667749081,8.35875920842316,62.0,62.0,62.0,29.0,,,1.0,170.0,23.5205574,0.692,0.075,23.9359544258576,19.68671279265034,10.401806968949025,261.9232209884209
Kenya,KEN,2018,18.0,227.493889764994,60.6609028100369,36.5783889502292,91.0,91.0,89.0,54.0,,,4.1,292.0,75.27681732,1.193,0.16,19.831438788068,21.04528111666167,12.761926041593028,284.67966533149274
Madagascar,MDG,2018,1.2,305.693023274119,50.6411241447461,12.647045200372,74.0,74.0,73.0,32.0,41.6,6.4,0.3,214.0,21.12731934,0.285,0.195,12.9645700745608,21.48340207563863,14.259280327541608,313.53531118801806
Malawi,MWI,2018,1.9,319.1328986196345,68.3152167592517,40.6356741988533,92.0,92.0,92.0,54.0,39.0,1.5,8.7,153.0,36.70302963,0.43,0.15,18.7735651314743,21.944240637713783,13.419243674354655,269.5432927211584
Mauritius,MUS,2018,98.8,21.9900699258879,99.7810033691491,95.6610436549434,97.0,97.0,96.0,76.0,,,,16.0,640.62182617,3.849,1.858,15.155739276173,24.30976880013452,17.33609211961182,363.3443919021501
Mozambique,MOZ,2018,5.2,327.4007278379505,54.2431367591977,30.7959176592195,85.0,85.0,80.0,46.0,,,12.8,361.0,41.29206467,0.488,0.085,15.8667809889386,23.610090224325628,15.141948230538706,295.96068622301783
Rwanda,RWA,2018,2.4,294.043781964059,57.8995436163309,72.7776126104957,97.0,97.0,97.0,57.0,34.8,2.1,2.9,64.0,42.11674881,1.186,0.132,32.1513532416355,19.57217876280365,12.334570329533012,313.7346012678194
Seychelles,SYC,2018,100.0,14.4509826980776,96.2447469000147,98.8746286644801,99.0,99.0,16.0,78.0,,,,13.0,685.10827637,7.365,2.087,10.1137902671916,26.418689854351094,20.389133193049435,365.0000091031244
Somalia,SOM,2018,3.0,374.07596683861095,60.8552872098573,38.1938671112932,53.0,53.0,0.0,29.0,,,0.1,179.0,12.7819252,,,20.1381693104178,27.007514881371936,16.471275638174884,247.3618104673417
United Republic of Tanzania,TZA,2018,5.4,258.8358846133435,55.3281861083023,28.2133927251419,89.0,89.0,93.0,42.0,31.8,3.5,4.3,253.0,41.27171326,0.556,0.05,19.7342269077772,22.882841872865907,14.399297547981451,281.45089383846494
Uganda,UGA,2018,1.2,268.43911383459147,52.9651082839112,21.6668720905552,93.0,93.0,92.0,49.0,23.9,2.8,6.3,200.0,32.9515686,1.273,,27.5743901013937,22.53016967858399,14.247304663605467,320.1080209689763
Zambia,ZMB,2018,12.1,215.288013591451,67.0073710429066,33.2903966380539,90.0,90.0,90.0,54.0,34.6,4.2,11.7,346.0,69.82767487,1.273,0.224,21.1144380958661,21.65068097828627,11.712298411164404,261.7179347695273
Botswana,BWA,2018,64.1,38.0039599474998,90.6438201661521,69.2069921595304,95.0,94.0,93.0,57.0,,,20.3,339.0,447.4473877,3.325,0.402,16.024262643929,21.49285868477533,8.358268644949826,246.46581908381407
Lesotho,LSO,2018,44.4,252.008057632446,74.5632870642167,40.0785080651777,90.0,90.0,83.0,55.0,34.6,2.1,22.3,659.0,130.93614197,3.144,0.457,27.3648976277986,13.07856441977026,6.2884892554235,224.4887080279732
Namibia,NAM,2018,45.7,75.72331108413576,84.1291083222967,36.4891060185928,89.0,89.0,61.0,58.0,,,11.5,524.0,457.6807251,2.061,0.335,16.5373639108224,22.231634809547824,7.32086196498809,308.715353044346
South Africa,ZAF,2018,86.6,47.8345469257131,91.6208678269317,73.6294078282668,82.0,82.0,82.0,67.0,,,18.6,677.0,558.80145264,1.204,0.742,27.7734234336948,18.304629816674403,9.329631412211976,258.5594611142855
Eswatini,SWZ,2018,48.4,89.69061069961305,73.0951527386502,60.8480464368627,90.0,90.0,88.0,67.0,,,28.1,441.0,292.33929443,4.026,0.238,16.2451695573096,20.33481678434644,12.132309345710006,288.2313424262554
Zimbabwe,ZWE,2018,30.1,263.210160734876,67.2029312965769,36.3571595127659,89.0,89.0,89.0,54.0,,,13.1,210.0,114.76815033,1.854,0.201,18.0277324680283,20.97776631900015,10.687833947401304,240.8715944614187
Benin,BEN,2018,5.4,257.420271227697,67.6494113960798,18.1937303852969,74.0,74.0,72.0,36.0,32.2,5.0,0.9,53.0,39.54786301,0.522,0.073,35.0618319233165,27.19473311734282,19.41298383544562,341.0625186991137
Burkina Faso,BFA,2018,11.7,297.945454561099,51.0143648746902,25.6835548762607,91.0,91.0,91.0,39.0,24.9,8.4,0.7,64.0,38.48573303,,0.082,35.9160885050934,28.81967172238453,13.671472021761128,301.1768107234884
Cameroon,CMR,2018,25.3,229.4762152244535,68.2677705308144,44.4148640176423,68.0,68.0,68.0,45.0,28.9,4.3,3.4,177.0,58.32909393,0.369,0.131,54.4021990256544,25.710792078491224,15.586226518809474,333.1863781093946
Cabo Verde,CPV,2018,78.9,126.92631457330276,87.0755452684611,76.7237249815456,98.0,98.0,0.0,66.0,6.0,2.4,0.8,56.0,205.5345459,1.5,0.711,16.9218338124847,22.82680914810758,16.143171465044713,364.9768721624538
Chad,TCD,2018,5.9,284.809775444209,49.8080053480297,12.0541194503815,47.0,47.0,0.0,27.0,31.9,13.6,1.2,139.0,31.2043705,0.297,0.05,43.8716744847779,28.106411404126007,11.91360374395416,317.85397350862047
Côte d'Ivoire,CIV,2018,32.3,196.305881652295,75.3089683562102,34.8708875943719,83.0,83.0,83.0,46.0,,,2.3,133.0,65.87952423,0.552,0.351,19.8798421869581,26.25111622368589,19.484039513399587,346.27278204650014
Gambia,GMB,2018,1.9,277.4653704802205,83.8008881364874,47.0485303132535,93.0,93.0,93.0,48.0,19.0,6.2,1.7,162.0,22.17474365,0.624,0.124,39.1668107364675,27.202344509096022,15.298756865005547,289.8973246911447
Ghana,GHA,2018,25.3,169.5934819338775,83.7344677926836,24.1144852694417,97.0,97.0,96.0,53.0,,,1.7,148.0,53.37788773,4.423,0.144,25.8232291377847,27.221048444163195,19.46476935477112,339.825588694848
Guinea,GIN,2018,0.9,289.1561426769375,66.8950995450723,26.4315341873572,51.0,51.0,0.0,38.0,30.3,9.2,1.6,178.0,34.88978195,0.566,0.219,28.8640174527699,26.026615467022378,17.081002461383804,303.1307309203203
Guinea-Bissau,GNB,2018,1.1,306.46973833148104,61.0574978262041,24.5775735612132,82.0,82.0,82.0,44.0,,,2.9,194.0,58.87445068,0.387,0.301,35.1487323389583,27.274035918769293,16.954225400231632,272.213946283352
Liberia,LBR,2018,0.5,334.182982748731,74.8362128370245,19.9911366216728,81.0,81.0,78.0,46.0,,,1.2,257.0,68.88298798,0.638,0.14,18.5562825239056,25.54517631270816,19.894552867953266,352.2735531860803
Mali,MLI,2018,1.0,289.964685980208,77.9248726503067,39.9458152875809,76.0,76.0,74.0,41.0,26.9,9.0,1.0,59.0,31.16962242,0.411,0.12,36.882182832004,28.852057364945573,12.75694935046013,310.42188652141715
Mauritania,MRT,2018,46.1,182.786251362143,68.6188207153195,47.6904380054199,77.0,77.0,72.0,41.0,22.8,11.5,0.2,94.0,49.68307495,1.092,0.196,46.4676065172414,28.41631993799572,10.539699279065458,299.56019503399534
Niger,NER,2018,3.0,331.435183917453,49.364204791619,13.6886629942744,79.0,79.0,79.0,35.0,48.5,14.1,0.2,84.0,30.61364555,0.226,0.037,59.7807710942008,28.501040784518207,10.900185853783244,305.77239103962216
Nigeria,NGA,2018,12.5,157.559752233531,72.9796602996736,42.2262627362671,61.0,61.0,59.0,46.0,36.8,6.8,1.6,219.0,63.60244751,0.914,0.364,60.0682766381431,26.783657515352186,16.76377350365459,327.0570552846709
Sao Tome and Principe,STP,2018,2.9,217.09961448920848,76.2770612146702,44.4058041526004,95.0,95.0,95.0,58.0,,,,123.0,108.87628937,1.932,,12.8848816677863,25.94725204869044,20.13923938598614,364.9999990113295
Senegal,SEN,2018,28.8,241.7159597110165,81.1662422601817,56.1299701818744,92.0,92.0,92.0,47.0,18.8,7.8,0.4,147.0,64.37467957,,,41.0132503890827,25.99190801228616,14.43798542350861,290.846426427354
Sierra Leone,SLE,2018,0.7,306.5958917977635,61.0747116605736,19.205484723374,93.0,93.0,92.0,42.0,,,1.6,420.0,44.82733536,0.762,0.075,24.0903839919268,26.06793216373649,19.98452364826419,347.09066987762907
Togo,TGO,2018,9.0,295.087733553168,61.1106166110229,20.6062840876452,82.0,82.0,82.0,39.0,,,2.1,51.0,52.43610382,0.392,0.074,30.9430102097411,27.18129880104724,18.766989741727627,334.77084670323
American Samoa,ASM,2018,,67.11527780424785,99.2718929145234,62.1513013269738,,,,,,,,0.0,,,,4.21045281260761,26.941848930001687,20.97989129156332,363.999984920432
Bermuda,BMU,2018,,42.56892771247085,100.0,99.9416526015971,,,,,,,,3.1,,,,4.26666041503996,22.401174064595143,15.468768154626389,333.8749862613638
Cook Islands,COK,2018,,18.0867510281839,,,,99.0,0.0,,,,,,,,,3.78387412899156,24.678468942035963,17.879456447310346,361.7797457591186
Greenland,GRL,2018,,42.56892771247085,100.0,62.5,,,,,,,,111.0,,,,1.50600455841938,-3.942023603075988,3.2785116688123868,322.7803082457005
Guam,GUM,2018,,14.03060332439135,99.5191653825242,90.1214796797303,,,,,,,,68.0,,11.56,,3.52892096818836,27.291204529708587,21.608075670903304,365.0000061311703
Monaco,MCO,2018,100.0,42.56892771247085,100.0,100.0,99.0,99.0,0.0,85.0,,,,2.6,7621.97021484,,8.298,13.0509636858056,14.135167745762592,10.01176693418702,338.31250487441645
Nauru,NRU,2018,100.0,104.43251602736356,98.0179727662624,69.2196722624544,90.0,90.0,0.0,59.0,,,,44.0,1220.0769043,7.304,,4.84783250832234,27.833804636069548,21.32565272252188,365.0000054790146
Niue,NIU,2018,,68.94476788379285,,,,99.0,99.0,,,,,,,,,3.54742429808627,25.480556247778097,18.740780290481894,358.7972901507727
Northern Mariana Islands,MNP,2018,,24.6736512648585,99.8890006957306,98.713994320665,,,,,,,,149.0,,,,2.79719027461774,27.27719658825056,21.416917245174005,365.0000045820736
Palau,PLW,2018,100.0,38.47386031743555,99.5029234836391,98.0358496591014,95.0,92.0,82.0,74.0,,,,95.0,1809.22070313,7.303,1.573,5.53583243149639,27.48347672433864,21.775015558840487,364.9999940776824
Puerto Rico,PRI,2018,,15.7977900760074,99.8678905818415,100.0,,,,,,,,1.0,,,,8.2042430017841,25.43620860628254,19.169725091735906,364.7505058431775
Saint Kitts and Nevis,KNA,2018,100.0,13.83774276287515,,,98.0,98.0,0.0,78.0,,,0.7,0.0,1121.13977051,,3.085,9.18585702248337,26.1141023422288,19.42713744578246,363.999994412363
San Marino,SMR,2018,100.0,42.56892771247085,100.0,100.0,90.0,91.0,58.0,74.0,,,,0.0,3969.36474609,,,13.2537968390759,13.060622730674726,9.222272277751951,334.6875129002672
Tuvalu,TUV,2018,73.5,214.14823503388152,98.8497651952118,87.1446773088525,89.0,89.0,0.0,64.0,,,0.3,251.0,819.41162109,4.537,,5.3079651241036,27.515863966659143,21.42935655090493,364.63106447139694
United States Virgin Islands,VIR,2018,,14.70731316184045,99.2896297204598,99.2190062023162,,,,,,,,,,,,7.00979079559113,26.180227206351173,19.49686464052133,364.0519226187563
South Sudan,SSD,2018,0.0,295.0717354088475,40.0226124064879,11.737005779493,59.0,59.0,0.0,35.0,,,1.8,361.0,31.12328529,0.368,0.041,21.701051624981,28.862600312414028,14.02767235060803,278.3903834452123
Sudan,SDN,2018,57.6,200.89710817889696,59.1534610514816,48.6574194730533,93.0,93.0,93.0,47.0,,,0.1,71.0,33.88366699,1.083,,38.282708646216,28.964693986018403,9.55926419912482,302.5111201231431
China,CHN,2019,81.6,41.553789025725706,93.5326999183951,91.2881339239822,99.0,0.0,0.0,82.0,,,,58.0,538.99157715,3.123,2.255,37.20244673057,16.047355395494787,11.016638557071584,291.9957458106203
Democratic People's Republic of Korea,PRK,2019,11.4,294.42094456436,93.8236874339691,84.6194920966635,97.0,97.0,0.0,80.0,,,,,,,,21.8392501100147,10.731755626390145,8.476916295109708,266.98227211858807
Taiwan,TWN,2019,,42.56892771247085,,,,,,,,,,,,,,17.5043176652094,22.564169668417364,16.48343263341,357.45216173079365
Cambodia,KHM,2019,35.5,203.1968293022485,77.5132246974306,67.2122392007629,88.0,88.0,88.0,57.0,,,0.6,293.0,112.5851059,1.008,0.211,18.9755795340346,28.47409165144526,20.08796979546103,300.2786017833238
Indonesia,IDN,2019,81.85,62.5549083710514,88.7538936468124,80.1767467592482,85.0,85.0,3.0,65.0,26.6,8.6,0.4,312.0,118.22380829,3.781,0.462,23.9728901300149,26.13672547214167,19.639611166903585,357.2354771917932
Lao People's Democratic Republic,LAO,2019,8.1,140.02437816778752,83.8782119453961,78.292642485837,66.0,66.0,62.0,58.0,,,0.4,155.0,67.57865143,,0.363,27.8703405333604,24.08797804743419,17.28663513186647,337.6980350372113
Malaysia,MYS,2019,88.6,14.5535356225034,97.6726796234952,95.93567943551,98.0,98.0,0.0,80.0,25.5,9.7,0.3,100.0,419.32568359,3.925,2.021,20.8986497768105,26.983955551165348,21.0948233546883,363.2133801848564
Maldives,MDV,2019,99.5,27.7170101376196,99.6231486421787,96.3505180491116,98.0,98.0,0.0,68.0,,,0.1,48.0,880.79962158,5.235,2.235,11.7717933697816,27.63145505307565,21.19719571109927,364.9887976351321
Myanmar,MMR,2019,35.9,171.0999250664095,81.6416324017497,73.1653173340109,90.0,90.0,90.0,54.0,,,0.9,322.0,53.72147369,1.111,0.757,36.7128668064078,25.56783393425557,17.987657349370078,309.93641864535374
Philippines,PHL,2019,51.8,106.6490111277416,93.8786426296812,81.3825055793541,84.0,84.0,61.0,66.0,28.7,5.7,0.2,554.0,141.6925354,4.789,0.732,23.1871442405274,26.82285623324059,20.53148565051089,362.285467508561
Sri Lanka,LKA,2019,31.0,57.53267348251031,89.0074705240203,92.4879479800339,99.0,99.0,0.0,70.0,8.4,9.9,0.1,57.0,147.01193237,2.151,1.098,24.0032412073756,26.555821093485463,20.23455788743052,357.12637913615697
Thailand,THA,2019,83.2,32.82177479049725,99.4287701898312,97.705394777576,97.0,0.0,0.0,81.0,13.4,7.7,1.2,150.0,288.31097412,3.069,0.548,23.9611072205444,28.078409187393905,20.086055433408298,329.5154157350063
Timor-Leste,TLS,2019,13.6,268.399620192185,79.094491992256,60.663593946828,83.0,83.0,0.0,44.0,,,0.2,373.0,78.01346588,1.745,0.764,13.1941882140533,24.876735570521635,17.56505040711283,342.62219918863804
Viet Nam,VNM,2019,94.1,116.13593933736396,95.6342556825242,86.6789932516384,89.0,89.0,0.0,70.0,22.4,5.2,0.5,176.0,171.15296936,,0.99,27.225760121213,25.86620417275097,19.666410916133213,355.6690814479498
Fiji,FJI,2019,47.9,64.8752969727781,95.3833163293103,93.7099433236184,97.0,97.0,96.0,70.0,,,0.3,89.0,254.83047485,3.852,,6.95470348686353,25.184561841073943,18.91579282216425,361.9015522413301
Kiribati,KIR,2019,10.7,282.7551483385285,75.8122291109265,43.8567170359075,97.0,97.0,97.0,51.0,,,,715.0,177.93025208,,,5.51550544845506,27.711439977816863,21.52523515735896,365.0000023882888
Marshall Islands,MHL,2019,65.6,197.0552107786135,87.6892595354253,78.488659643571,79.0,72.0,63.0,66.0,,,,877.0,793.66851807,,,3.99898349955786,27.388633226774388,21.48497378131789,365.0000127890552
Micronesia (Federated States of),FSM,2019,13.1,230.2945527671135,89.8819541513315,90.4539007167041,78.0,64.0,73.0,62.0,,,,180.0,425.28103638,2.221,0.762,3.78243790247913,27.393458225285887,21.589340717870183,365.00000163578295
Papua New Guinea,PNG,2019,9.6,218.563482073058,48.285710104836,21.8143659983838,35.0,35.0,35.0,26.0,,,1.3,614.0,59.89566803,0.414,0.06,13.9721134528645,22.00043328576321,17.26671614178829,364.7625385485224
Samoa,WSM,2019,35.6,155.2881762640395,95.4736980021055,95.8200173728915,68.0,68.0,0.0,63.0,7.3,3.1,,8.6,242.91064453,3.232,0.558,4.46225677520877,26.78928167415002,21.019764873409866,364.9999965544305
Solomon Islands,SLB,2019,8.6,269.134228537123,71.5848927519739,32.5533129184691,94.0,94.0,94.0,45.0,,,0.1,111.0,98.67025757,,,9.7284833636979,26.74214203252505,21.41543465607495,364.999116532917
Tonga,TON,2019,83.2,156.69096845995,98.7748337024529,93.3566618540617,99.0,99.0,0.0,70.0,2.2,1.1,,9.5,266.68792725,4.286,1.012,4.68432152745318,24.57387127105977,17.624589014855047,352.6937815972523
Vanuatu,VUT,2019,16.1,252.19794152983,86.7973816608414,49.7088902543103,90.0,90.0,0.0,51.0,,,0.1,56.0,112.13746643,1.459,0.164,7.21504177702019,25.49510353671332,18.6863992239308,361.5663641623629
Armenia,ARM,2019,98.4,67.31760637421586,99.4591789118501,92.4966218956113,92.0,92.0,92.0,71.0,,,0.3,31.0,533.69952393,4.688,3.026,29.3192994071172,8.912190903202248,6.0476125479332685,259.0425318562049
Azerbaijan,AZE,2019,98.2,32.8039627797898,93.2188338102912,93.0865984611418,74.0,74.0,66.0,66.0,,,0.1,73.0,199.25746155,5.914,3.148,23.6069727557806,14.62842906772422,9.43762420081273,302.6833561713606
Georgia,GEO,2019,87.9,61.0616470247781,96.6127357061039,87.5111601190334,94.0,94.0,84.0,69.0,,,0.3,78.0,339.86679077,5.309,7.452,18.9456214930977,11.184445953399797,7.661750088649716,288.37867047717305
Kazakhstan,KAZ,2019,94.0,15.363786846807,96.6144824644743,97.9051562762041,97.0,97.0,89.0,83.0,,,0.3,66.0,263.61331177,6.696,3.62,20.6684838968766,9.53881174118674,5.845207447650374,259.69140134190417
Kyrgyzstan,KGZ,2019,78.1,187.39752363024348,92.0438993396,97.7833519513512,95.0,94.0,96.0,74.0,,,0.2,136.0,61.39657974,4.24,1.759,22.2787139578049,10.591556961033572,6.109010361603016,240.795379863862
Mongolia,MNG,2019,50.3,56.6248562095025,82.233221224194,67.4319599015551,98.0,98.0,49.0,71.0,,,0.1,428.0,197.57131958,,3.647,44.1529420963905,0.7819591792769804,3.551652529265366,225.86059094541216
Tajikistan,TJK,2019,83.8,219.7823669117185,84.8621252488683,95.9706194331764,97.0,97.0,0.0,71.0,,,0.2,80.0,60.51568222,5.119,1.933,31.0737152169277,12.497517110990382,6.35288382015356,233.10315641173776
Turkmenistan,TKM,2019,99.9,25.0020515031629,98.9744384290085,98.960474453072,99.0,99.0,0.0,79.0,7.2,4.1,,42.0,432.78118896,3.69,1.957,28.0160189133278,16.29695483196646,6.735915869784798,264.5570291777486
Uzbekistan,UZB,2019,81.95,88.9202230233958,95.6274388152752,95.9392204824787,96.0,96.0,99.0,78.0,,,,67.0,98.6240387,10.61,2.322,32.5487636954353,15.559799318595042,6.729375854429318,246.36780256112047
Albania,ALB,2019,82.1,60.04061874223305,94.758223221518,99.1830672601737,99.0,99.0,96.0,67.0,,,0.1,16.0,366.34014893,5.081,1.645,17.2950261740093,14.23871254628174,9.271176638442672,288.7809434959596
Bosnia and Herzegovina,BIH,2019,40.3,58.66392896955635,96.1384735195781,,80.0,78.0,0.0,63.0,,,,25.0,546.4508667,6.425,2.584,25.9044315955196,12.04009801632028,8.391581861772332,303.8420043453805
Bulgaria,BGR,2019,,25.7572883156,99.2731656499931,86.0247532488828,93.0,92.0,88.0,72.0,,,0.1,25.0,733.06878662,4.848,4.236,21.9039450440062,12.941853859348214,8.449604838470542,279.42103889433287
Croatia,HRV,2019,100.0,16.67180061091625,99.9017118309549,95.7669528953151,94.0,94.0,0.0,75.0,,,0.1,9.3,1063.54443359,7.398,3.59,16.3501847140191,13.72932571330034,9.083810414587385,292.4562136760916
Czechia,CZE,2019,100.0,15.02697660008265,98.731767831264,99.0733677168251,97.0,97.0,0.0,82.0,,,,5.2,1805.44030762,9.048,4.112,13.4196543528156,10.375086630753454,7.306103850091842,298.28029264267025
Hungary,HUN,2019,100.0,13.78956781418535,99.4779522735121,97.9861309569959,99.0,99.0,99.0,79.0,,,,7.0,1062.15869141,5.564,3.494,14.686677071267,12.601636097741032,8.285024267630725,277.1709639752785
North Macedonia,MKD,2019,77.6,45.0204366268885,97.9693792101594,97.8791697296938,92.0,92.0,0.0,67.0,4.3,3.4,0.1,14.0,469.47344971,5.45,3.409,23.5530919085053,12.197867928637397,7.256167943720958,236.6092486367704
Montenegro,MNE,2019,61.5,29.00604091152745,99.0815729243166,97.5022963479866,87.0,85.0,0.0,69.0,,,0.1,18.0,754.77441406,5.398,2.792,19.9401337330817,12.424535279297183,8.589645286263439,294.5150503206044
Poland,POL,2019,100.0,13.66579922336775,92.7883142536668,98.9575340330854,95.0,95.0,89.0,81.0,,,,16.0,1014.03820801,6.326,3.279,18.1315337173154,10.33489256830764,7.514720307130708,307.4078714555047
Romania,ROU,2019,100.0,16.94656781589025,99.9999999599391,86.8911090946585,88.0,88.0,88.0,76.0,,,0.2,73.0,738.5581665,7.646,3.165,16.4166768529099,11.266700255711593,7.906989043325908,294.680923707417
Serbia,SRB,2019,78.5,36.67177018563455,94.6906306889653,97.9156406613819,97.0,97.0,92.0,71.0,5.4,2.6,0.1,21.0,641.04754639,,,20.3036764511414,13.102471318934406,8.256078904546717,264.48143773179766
Slovakia,SVK,2019,100.0,13.37081784559295,99.7878205729011,97.5318474506964,97.0,97.0,97.0,81.0,,,0.1,4.8,1342.07580566,6.062,3.569,15.0301935780905,11.114153573365682,7.811104391257269,296.0983966248152
Slovenia,SVN,2019,100.0,13.99586609905015,99.5945307572352,98.4178934010152,95.0,95.0,65.0,84.0,,,0.1,5.5,2219.09790039,10.43,3.27,13.2114748069236,11.91088957540974,8.535631078529635,315.5882270762483
Belarus,BLR,2019,99.7,25.67298398921615,99.1750106647627,99.4338632205589,98.0,91.0,0.0,80.0,1.1,1.3,,29.0,400.11621094,10.91,4.546,13.3493316188904,8.8133411372013,7.119490755480499,311.48984779606474
Estonia,EST,2019,100.0,13.374944734865451,99.9714771406741,99.0297517072032,91.0,91.0,0.0,78.0,,,0.8,14.0,1599.3503418,6.602,3.469,6.48539152857741,7.269437885554244,6.754994206969614,328.9789961478265
Latvia,LVA,2019,100.0,15.0219138049453,98.5947259523274,91.4979934262128,99.0,99.0,84.0,77.0,,,0.6,28.0,1183.1151123,4.599,3.267,13.953687230057,8.352998052772318,7.0105981837690825,325.4377707174658
Lithuania,LTU,2019,100.0,13.37176798659865,98.5372101703489,94.2289437143384,92.0,92.0,82.0,76.0,,,0.2,50.0,1361.20288086,8.058,4.568,12.1457403238805,8.950823538360364,7.074564941707954,310.66552412567427
Republic of Moldova,MDA,2019,97.7,104.67922015582457,90.5483180309042,83.6501429350345,91.0,90.0,80.0,70.0,,,0.9,91.0,283.98425293,6.139,4.033,14.3427633087153,12.016009536210634,8.024068285080448,263.75252896627893
Russian Federation,RUS,2019,100.0,14.7990745360703,96.7474557360286,89.1372417555839,97.0,0.0,85.0,79.0,,,,50.0,650.47058105,8.635,4.165,12.5569592919877,6.2024855767539,6.066575462152903,293.7673610964615
Ukraine,UKR,2019,95.1,77.35020542406465,93.443715883617,97.3052193099168,80.0,80.0,0.0,78.0,,,,76.0,242.81388855,,,16.290163233447,10.661653841603863,7.497173531373622,282.834038183158
Brunei Darussalam,BRN,2019,100.0,42.56892771247085,99.9000895203528,95.8309192020188,99.0,99.0,0.0,83.0,,,,71.0,678.81982422,,,11.5487388591874,27.25338431932338,21.908234456021123,364.9999981562607
Japan,JPN,2019,100.0,31.4648298294643,99.0434723765032,99.9546552667981,98.0,98.0,97.0,84.0,,,,14.0,4431.29980469,,,11.9970236725114,15.511527805396316,10.900377068804032,302.29405484963405
Republic of Korea,KOR,2019,100.0,25.1548374857625,99.6942402925064,99.8112288308416,98.0,98.0,98.0,87.0,,,,58.0,2602.4831543,8.093,2.458,21.9795785125884,13.529159157213734,9.598001158800267,275.3881701352309
Singapore,SGP,2019,100.0,42.56892771247085,100.0,100.0,97.0,96.0,84.0,88.0,,,0.1,42.0,2924.24707031,,2.519,18.8678146675534,27.542232363820435,21.56332356074032,365.0000072429676
Australia,AUS,2019,100.0,42.56892771247085,99.9698532048744,99.9998294271244,95.0,95.0,96.0,89.0,,,0.1,6.8,5543.37841797,13.1,3.808,9.32733932375095,17.437029226807965,10.210276236386823,293.86281245774234
New Zealand,NZL,2019,100.0,21.9528441494451,99.9999954101942,99.9999954101942,92.0,91.0,91.0,88.0,,,0.1,7.4,3679.59692383,10.78,3.37,7.72371069620344,14.19716431867949,9.680972680471186,355.2939642606829
Andorra,AND,2019,100.0,42.56892771247085,100.0,100.0,99.0,98.0,96.0,74.0,,,,6.5,3021.078125,4.824,4.392,9.16802805222713,8.90960177036144,6.650139340127985,296.69301785099753
Austria,AUT,2019,100.0,42.56892771247085,99.9999997360902,99.9727130295408,88.0,85.0,0.0,82.0,,,,6.2,5313.19287109,10.66,5.318,11.0526066543986,10.179168717381373,7.423103544425475,303.50828933900993
Belgium,BEL,2019,100.0,42.56892771247085,100.0,99.4861954289203,97.0,97.0,94.0,86.0,,,0.2,8.9,5087.45654297,12.26,3.424,10.4433980360673,11.190152476762728,8.03029180438272,334.3408607919421
Cyprus,CYP,2019,100.0,13.5911847184718,99.7537103444436,99.5026390696851,96.0,92.0,81.0,76.0,,,,6.4,2059.45019531,4.209,2.928,16.4888959613625,20.72549521892732,12.606147719314832,291.32478328675427
Denmark,DNK,2019,100.0,42.56892771247085,99.9999975731289,99.5972264992143,97.0,97.0,97.0,84.0,,,0.1,5.4,6049.93408203,11.89,4.251,9.08862810353217,9.791367335614128,7.902098091374946,353.52736726846905
Finland,FIN,2019,100.0,42.56892771247085,99.9999972852429,99.4479732107755,91.0,91.0,89.0,86.0,1.3,1.2,,4.8,4459.9296875,13.43,3.566,5.2174017815856,5.523522771236502,6.16377680540531,325.1455803542649
France,FRA,2019,100.0,41.38984691734565,100.0,98.6484147946355,95.0,95.0,93.0,81.0,,,0.3,9.0,4519.98583984,9.336,3.243,9.41824194165321,13.130612516951192,8.722086273752765,301.51322600441813
Germany,DEU,2019,100.0,42.56892771247085,99.9999994577197,99.2253839958428,91.0,90.0,82.0,86.0,,,0.1,6.1,5447.31787109,12.03,4.373,9.95772717043857,10.675556126602247,7.516152093823439,304.1013471364841
Greece,GRC,2019,100.0,14.71143900849465,99.999997048057,98.9902600193741,99.0,99.0,96.0,76.0,,,0.2,5.1,1569.02844238,3.648,6.163,15.4629284259515,17.231228490728583,10.322211030440604,269.60967913295553
Iceland,ISL,2019,100.0,42.56892771247085,99.9999970387712,98.7811009775607,93.0,93.0,92.0,90.0,,,0.1,3.6,5912.00976563,16.16,3.892,4.92546019539672,4.78893227783012,5.601054081669983,349.08581988960907
Ireland,IRL,2019,100.0,42.56892771247085,97.0120539231566,89.7998496161213,94.0,94.0,86.0,81.0,,,0.2,6.2,5454.31152344,15.48,3.317,8.57888040778008,10.233383376637477,8.085679712441607,363.2970327414113
Israel,ISR,2019,100.0,18.37602599801965,100.0,99.9420208696373,98.0,98.0,95.0,84.0,,,,2.9,3335.24511719,5.5,3.521,22.6047775086382,21.230612518232103,13.723621889687768,329.3749898630775
Italy,ITA,2019,100.0,21.9166864261407,99.9170340740928,99.8852225421869,96.0,95.0,92.0,83.0,,,0.3,6.2,2908.83154297,6.402,4.024,14.9904134967112,14.982868264952376,9.967308382881738,308.53395927827063
Luxembourg,LUX,2019,100.0,42.56892771247085,100.0,97.6126777405437,99.0,99.0,96.0,86.0,,,0.2,9.0,6221.73876953,12.54,,8.85302220354508,10.640656454174394,7.502836919129051,305.6865569175378
Malta,MLT,2019,100.0,22.1288859968525,100.0,99.9905343490211,98.0,98.0,0.0,81.0,,,0.2,19.0,2947.24023438,8.21,4.026,12.1152477005238,19.631155643546474,13.460395371190442,349.27874029389807
Netherlands,NLD,2019,100.0,42.56892771247085,99.999999064505,97.6944050882075,94.0,94.0,93.0,85.0,,,0.2,4.9,5340.61279297,10.89,3.713,10.5448242918594,11.302376427621727,8.18634027818993,337.18822854607134
Norway,NOR,2019,100.0,42.56892771247085,99.9999973521183,98.0521493999593,97.0,97.0,95.0,88.0,,,0.1,3.3,8007.35546875,16.01,4.578,6.1522585458121,6.351752975552263,6.26120221930357,327.2176709591565
Portugal,PRT,2019,100.0,13.3902630257354,99.2195921254353,99.6200248701138,99.0,99.0,98.0,83.0,,,0.5,19.0,2209.50219727,7.306,5.422,8.28261825252783,15.36914150065263,9.936221705072445,323.24502615830784
Spain,ESP,2019,100.0,17.56151567016275,99.9258322377834,99.9193505376925,95.0,96.0,94.0,84.0,,,0.3,10.0,2756.62109375,6.037,4.376,10.4338195896242,16.05001236182815,9.254080777378782,287.11030955537484
Sweden,SWE,2019,100.0,42.56892771247085,99.7175968808231,98.8383650468889,98.0,97.0,97.0,84.0,,,0.1,5.4,5688.04492188,11.63,4.288,5.99033026849403,7.567217918056471,6.81673179265118,330.41919932327005
Switzerland,CHE,2019,100.0,42.56892771247085,99.9999991347299,99.8998728058584,96.0,95.0,84.0,86.0,,,0.2,5.4,9609.80273438,18.29,4.349,9.18416349963332,9.970131814677348,7.465112387969291,309.19979054868054
United Kingdom,GBR,2019,100.0,42.56892771247085,100.0,99.1080626668205,93.0,93.0,91.0,87.0,2.0,0.4,0.2,8.1,4260.03222656,8.645,2.932,10.2890709531888,10.414777368184776,8.044511677347693,359.1252381155233
Argentina,ARG,2019,99.9,22.67019468759565,,,83.0,83.0,80.0,79.0,,,0.4,33.0,1007.45629883,4.143,5.25,14.7246348007331,16.941298149248283,10.195485428193448,287.4576556175809
Chile,CHL,2019,100.0,17.34869788959295,98.5642151245882,99.2440906332437,96.0,96.0,95.0,82.0,,,0.5,19.0,1348.99401855,3.576,2.627,20.755448395943,13.781344377312042,7.6522106351903805,255.61465385489697
Uruguay,URY,2019,100.0,19.7854422229804,99.5545465859782,97.784620083579,94.0,94.0,95.0,85.0,,,,38.0,1692.50195313,6.633,,11.1840764177385,17.53715229453993,11.62925400782113,331.852865187813
Canada,CAN,2019,100.0,42.56892771247085,98.5631782582907,98.7573247700797,91.0,92.0,84.0,92.0,,,0.2,5.6,5098.88720703,9.977,2.418,6.44637527905843,6.233233405540951,6.530134323987934,319.92492511729245
United States of America,USA,2019,100.0,42.56892771247085,99.7446316773149,99.6844358089122,94.0,91.0,92.0,87.0,,,,2.9,10550.22070313,13.02,3.482,7.26916299261301,14.762401279724024,9.59935335490711,283.7521930996902
Antigua and Barbuda,ATG,2019,100.0,16.757320313481053,98.8436169017974,99.0899721182438,99.0,99.0,0.0,79.0,,,1.0,0.0,808.14996338,9.65,,8.34453999917169,26.362410795604667,19.664775518558017,364.9999903516844
Bahamas,BHS,2019,100.0,14.83892539133775,98.9452612148878,93.7100445402837,89.0,89.0,89.0,80.0,,,1.3,17.0,1881.40393066,,,5.0272257747929,25.58346558439332,18.69721517346736,353.9838589852348
Barbados,BRB,2019,100.0,33.85705746830205,98.9723622783173,97.0277191579059,90.0,90.0,93.0,82.0,,,1.1,0.0,1168.11938477,4.708,,10.4750386956747,26.60902969732556,20.05530877923032,364.9999969692266
Belize,BLZ,2019,83.4,85.96519975272861,94.1316195459167,84.0839153038299,98.0,98.0,0.0,68.0,,,1.3,35.0,298.14306641,1.737,,15.6755582216661,26.457906726883785,19.99421947796454,359.53395866008844
Cuba,CUB,2019,94.5,100.5829609345363,94.1321684364764,91.5402228633008,99.0,99.0,0.0,84.0,7.1,2.0,0.5,6.8,1023.39715576,,8.677,9.26214510852397,26.11946713344944,18.6811462497857,358.8602372496799
Dominica,DMA,2019,88.2,69.1498023836552,96.4675351456684,,99.0,99.0,0.0,76.0,,,0.5,15.0,465.63766479,,,11.0110870299997,26.1003992499424,19.71900676172768,365.00001388849626
Dominican Republic,DOM,2019,91.8,36.59617422278515,96.7258902380545,87.5294360450425,89.0,79.0,67.0,73.0,6.7,2.2,1.0,45.0,357.44137573,1.439,1.431,13.2694812112673,25.28005424318005,18.37471135624036,356.0994226678705
Grenada,GRD,2019,87.9,46.9021456193241,,92.8050063049392,94.0,94.0,0.0,78.0,,,,2.6,515.94726563,,,10.7118417773225,26.73429834283963,20.369874164231863,364.9999966686131
Guyana,GUY,2019,100.0,60.47330764157781,94.7537064552483,89.3586157172433,99.0,99.0,98.0,78.0,9.5,6.5,1.5,80.0,314.0977478,2.627,,16.6335009904931,26.44308751307095,20.903709262865863,364.57612566899047
Haiti,HTI,2019,4.2,265.61449205522854,69.7360086923955,28.5057820115222,54.0,54.0,27.0,41.0,,,1.7,239.0,49.32995987,,,15.3583584553577,26.11888665823185,19.171318751306465,362.4752938489757
Jamaica,JAM,2019,91.9,93.85104640615356,89.2277179456112,88.997622645007,96.0,96.0,0.0,74.0,,,1.2,3.5,390.79431152,,,21.0265683890828,26.61515517863933,19.64155275249461,362.7907826282859
Saint Lucia,LCA,2019,94.0,46.9396206723254,96.8249802505704,83.3723158043306,92.0,92.0,0.0,78.0,,,0.4,3.4,506.03204346,,6.168,10.0433644573164,26.608052557150785,19.931648465160137,364.9999940724486
Saint Vincent and the Grenadines,VCT,2019,92.4,54.6834445586952,,,97.0,98.0,0.0,79.0,,,0.9,3.8,372.05615234,,,10.096952787385,26.663393854690007,20.20231816702489,364.9999954172026
Suriname,SUR,2019,94.2,38.255484941774654,97.5417727368103,89.2491417475009,77.0,77.0,0.0,77.0,,,1.6,31.0,588.83825684,3.769,,15.7987241258274,26.742120164747508,20.61103988718901,363.0982848708397
Trinidad and Tobago,TTO,2019,100.0,13.45339219459005,98.6024616253734,94.251259726399,93.0,93.0,93.0,74.0,,,,19.0,1097.20556641,3.823,4.205,13.6004693726607,26.56439413769889,20.310508301524216,365.0000059857063
Bolivia (Plurinational State of),BOL,2019,86.6,120.69702794676144,91.2290518215196,63.6552770936558,75.0,75.0,75.0,65.0,,,0.3,95.0,241.34619141,1.395,1.088,28.9239915164101,16.06474400658133,10.329169958710317,300.74044433278624
Ecuador,ECU,2019,94.6,64.25374166947131,91.2046901615957,87.3866333551063,85.0,85.0,83.0,79.0,,,0.4,46.0,484.54037476,,2.32,18.880438766098,19.80683129834344,15.117252101264109,362.9077510819469
Peru,PER,2019,84.4,53.81842663402645,92.7704924879638,76.1591748496731,88.0,88.0,80.0,69.0,13.1,1.0,0.4,131.0,367.98739624,2.107,1.354,30.672466480308,16.569148681250457,11.774076544560543,337.1821712014015
Colombia,COL,2019,90.6,45.7064359696211,96.0785830726848,92.2252062631808,94.0,92.0,93.0,81.0,,,0.6,36.0,507.06231689,1.374,2.317,19.7067243599727,21.12033349668489,15.21238595877707,344.91618455278655
Costa Rica,CRI,2019,95.6,34.15533075853085,99.7975280834127,97.8949564570676,95.0,96.0,95.0,84.0,,,0.5,9.9,930.43511963,2.912,2.376,17.841294618157,22.34009815976564,16.736043736450835,359.6223688326916
El Salvador,SLV,2019,90.9,104.25258232416806,89.3527800998874,86.7364561760088,96.0,96.0,96.0,79.0,,,0.4,63.0,380.53384399,,,30.6138770514804,26.78856385908701,17.4165831557456,267.0456608998296
Guatemala,GTM,2019,43.0,108.0954122105343,92.0910526006257,68.5709973645284,88.0,88.0,88.0,59.0,,,0.2,24.0,278.59024048,,,29.3775212370689,21.43567130134516,14.224411207158962,327.0325967416757
Honduras,HND,2019,48.35,174.888992324348,93.9610018338129,83.1107110257034,88.0,88.0,88.0,64.0,18.7,1.9,0.2,38.0,183.75006104,,,29.4283957469446,24.547754524794403,16.64256462153809,310.7348590443818
Mexico,MEX,2019,85.0,26.024873519447752,98.46943436997,91.0705197769802,82.0,82.0,86.0,78.0,14.1,1.4,0.4,26.0,549.72601318,2.865,2.46,17.0845735836968,20.14448020201407,11.659948025831184,282.7286191111586
Nicaragua,NIC,2019,55.8,165.10164434807348,,,98.0,,,71.0,,,,49.0,166.49009705,,,20.2131179025699,26.4765801481302,18.30680869116512,305.3253027461717
Panama,PAN,2019,100.0,16.6261098410681,94.1389735045272,83.1771159799322,88.0,88.0,96.0,81.0,15.9,1.1,1.1,39.0,1339.45153809,3.214,1.637,15.3498636744005,25.83451256747032,20.374504384808283,362.4880774556435
Venezuela (Bolivarian Republic of),VEN,2019,94.9,81.8979482563993,93.8628955693026,96.7597095990301,64.0,64.0,0.0,76.0,,,0.5,48.0,112.72974396,,,20.6730728456596,25.516071856025125,17.91170526517386,327.1748771357572
Brazil,BRA,2019,96.3,37.2637936453194,98.773134154073,88.7943635272571,70.0,72.0,78.0,83.0,8.0,3.4,0.6,45.0,868.17248535,4.321,2.351,13.813142449647,23.74627075106651,16.0415066963782,317.91709761976045
Paraguay,PRY,2019,68.8,60.637669090829846,98.0247086553271,91.4154881056866,86.0,86.0,89.0,77.0,,,0.5,60.0,416.84432983,,,16.398596736735,23.04516106118309,15.0035495153723,299.134217483006
Algeria,DZA,2019,99.7,42.595240593899,91.9998016191508,86.1385037232471,88.0,88.0,87.0,64.0,9.8,2.7,0.1,65.0,242.07049561,0.312,0.973,16.0043837868398,18.054666784669752,9.334480925744296,281.0297678530703
Bahrain,BHR,2019,100.0,42.56892771247085,99.921837339959,100.0,99.0,99.0,97.0,76.0,,,0.1,16.0,1030.26379395,2.0,0.687,55.3164475014708,26.976846769268512,16.97443923349315,272.76147489380566
Egypt,EGY,2019,99.9,63.6398406951415,97.6403544846485,95.9974521361916,95.0,95.0,0.0,72.0,,,0.1,11.0,142.69670105,,0.697,44.6262157169763,22.9417703448735,10.459365043894946,192.2985106210524
Iran (Islamic Republic of),IRN,2019,96.5,28.1211285693919,97.2741844991019,90.0210887632991,99.0,99.0,0.0,80.0,,,,14.0,223.64257813,,,39.3567217936452,16.065860737228416,6.339245018049897,278.8350002662772
Iraq,IRQ,2019,99.3,41.63242791438585,97.7787837240263,97.864851810422,84.0,84.0,37.0,66.0,,,0.1,24.0,241.73873901,2.313,0.881,45.7010021473815,24.072904263937808,8.359827470302362,302.3287848693594
Jordan,JOR,2019,99.8,82.0988093628225,99.1420002561378,96.9442655127058,89.0,89.0,0.0,69.0,7.4,0.6,0.1,6.3,294.92785645,3.168,2.519,32.1645840142968,19.84329818357929,9.323021197318006,198.4571670852524
Kuwait,KWT,2019,100.0,42.56892771247085,100.0,100.0,92.0,92.0,93.0,83.0,4.6,1.7,0.1,23.0,1643.16491699,4.956,2.087,57.825909998705,27.009029547329867,10.178472497178351,270.8692859076624
Lebanon,LBN,2019,,42.69672448169135,92.6,99.0673793809694,83.0,85.0,82.0,69.0,,,0.1,18.0,798.13421631,,2.611,27.8802089438784,19.33052256901704,12.287479824882798,316.2232951738066
Libya,LBY,2019,,19.7731889903679,94.9898376650524,89.0336052039344,73.0,73.0,73.0,70.0,,,0.1,40.0,552.73168945,,,20.0089753588808,20.67884914953928,11.014718308671052,269.50670488777735
Morocco,MAR,2019,98.3,99.39184608428155,86.7740979476491,86.3282321764417,99.0,99.0,98.0,65.0,14.2,2.4,0.1,96.0,178.73939514,,,17.1600688643338,18.249797772957503,9.63036938543356,277.97414223417616
Palestine,PSE,2019,,161.64801253133498,99.0486719868248,98.156123198693,99.0,99.0,99.0,65.0,,,,0.62,317.45007324,,,23.0413977446489,20.888853769566257,12.37239788544325,286.7124768909894
Oman,OMN,2019,100.0,42.56892771247085,91.8882619028406,99.3200354455114,99.0,99.0,99.0,74.0,,,0.1,11.0,730.08325195,4.427,2.091,45.6314297510403,27.49859622926285,14.668001989596354,258.41123720156025
Qatar,QAT,2019,100.0,42.56892771247085,99.9705334233432,99.9365458669077,98.0,98.0,98.0,83.0,,,0.1,42.0,2007.51525879,,,99.8585340961987,28.0064075556214,15.32229071948274,222.51771381997747
Saudi Arabia,SAU,2019,100.0,42.56892771247085,99.0486721197549,97.5820275772784,96.0,96.0,96.0,80.0,13.2,4.5,0.1,11.0,1504.55249023,6.531,2.633,71.1180092701773,27.167220272377424,9.886405628358258,266.176479501598
Syrian Arab Republic,SYR,2019,93.2,183.412465783812,93.8841397011328,93.9559328365603,67.0,67.0,0.0,70.0,,,0.1,21.0,55.2208252,1.776,1.517,33.3703824963946,18.11286251498586,8.781531701157842,253.5584981751992
Tunisia,TUN,2019,99.9,62.434248409648944,94.7047945067718,94.5224940632681,98.0,98.0,0.0,75.0,,,0.1,42.0,212.60031128,2.113,1.299,16.9323513605894,19.48488386854221,11.189491859391762,272.9943780058166
Türkiye,TUR,2019,95.1,15.72982345029715,95.8081999457908,98.6993304992011,99.0,99.0,97.0,76.0,,,,17.0,388.67486572,2.977,1.884,26.3268927229167,15.053598673134742,8.721037760226908,286.34437734696513
United Arab Emirates,ARE,2019,100.0,42.56892771247085,99.9999978860586,99.0984768671773,99.0,99.0,99.0,84.0,,,0.1,1.2,1962.46728516,5.987,2.71,55.0277222030034,28.33198027399865,14.886142832538177,206.4851067245798
Yemen,YEM,2019,52.7,255.415633206205,66.54663625928,59.0129962088495,60.0,60.0,58.0,45.0,,,0.1,39.0,80.94759369,,,48.3351472602643,23.952037517735626,12.634158929463084,235.47832777478703
Afghanistan,AFG,2019,33.3,280.773841696143,69.8226976480641,47.5183902057843,65.0,65.0,61.0,42.0,,,0.1,213.0,74.0642395,,0.214,34.7952135471867,13.8050153678054,5.822306014318973,254.05617592782525
Bangladesh,BGD,2019,23.1,196.5699806410025,98.1043633059551,57.7528738554199,98.0,98.0,99.0,50.0,28.0,9.8,0.1,221.0,45.07677078,0.477,0.63,66.7938254643287,25.725985170418785,19.45781905146173,350.5734184456052
Bhutan,BTN,2019,87.0,79.1086807392183,98.9633804015347,78.8989372535781,97.0,97.0,26.0,66.0,,,0.1,226.0,115.71811676,1.825,0.336,31.729326241531,20.85850358015576,15.120085039158178,332.2460453123297
India,IND,2019,62.7,137.236838111189,92.4317828217009,69.1300220717047,91.0,91.0,15.0,65.0,,,,202.0,60.6913681,,0.889,53.5981486621548,25.882126753004503,16.422750403261972,290.7702703423476
Nepal,NPL,2019,36.6,245.6213863903665,90.9584624626018,69.2128409973963,93.0,93.0,83.0,51.0,31.5,12.0,0.2,238.0,53.61107254,3.327,0.815,54.2758746113853,22.56698432616807,15.457393181988577,309.1748055660775
Pakistan,PAK,2019,47.9,170.55719088906102,90.2267743289886,66.0398368746477,84.0,84.0,83.0,52.0,,,0.2,263.0,36.01374817,0.453,1.049,53.4624424408059,23.56155440363588,13.434191071926444,240.19159267307063
Angola,AGO,2019,49.2,114.67802190036466,64.1599110373067,49.5470237290202,64.0,64.0,64.0,45.0,,,1.7,390.0,64.4466095,,,22.1743439472758,23.6437862605948,15.398458150488157,331.4692871370074
Central African Republic,CAF,2019,0.8,353.7604783469135,38.2122663974409,14.481982156805,38.0,38.0,37.0,31.0,40.2,5.2,3.1,464.0,35.76099014,,,34.0493204346223,26.334952474872136,17.259965289383665,316.2981383031236
Congo,COG,2019,33.7,163.79740986725102,73.0980812765278,20.3642632516174,79.0,79.0,68.0,43.0,,,3.2,304.0,58.42106628,,,35.5538905208598,25.452290138488163,19.908906504680004,364.6630533374852
Democratic Republic of the Congo,COD,2019,4.4,349.339271566168,35.6878940308452,16.416662028181,73.0,73.0,72.0,39.0,,,0.9,417.0,19.20812035,1.045,0.162,37.4094009247605,24.65793144172086,17.51447538584769,338.91826687922145
Equatorial Guinea,GNQ,2019,23.3,13.73108382076505,,,62.0,62.0,0.0,48.0,,,,220.0,223.14128113,,,37.8649097138022,25.1258744502203,19.96541271448099,365.0000010026739
Gabon,GAB,2019,89.4,32.896612327875154,87.472846570073,51.4223011158649,70.0,70.0,0.0,49.0,,,3.4,427.0,205.99945068,2.345,0.603,29.3305583712676,25.758036044132968,20.26527090200462,365.00000288954806
Burundi,BDI,2019,0.15,358.296000803365,63.7579908768374,44.3577388229315,93.0,93.0,93.0,49.0,54.0,4.8,1.1,102.0,22.2435379,0.644,,39.9184588505278,21.189689869805708,13.049355797533844,284.36425684537056
Comoros,COM,2019,7.7,259.758471346316,85.582654605357,51.3942491790653,78.0,78.0,0.0,49.0,,,0.1,37.0,78.23674774,,,10.5966922774077,26.231791466132112,19.841807508829383,364.9393996327551
Djibouti,DJI,2019,9.45,180.591468385141,78.500379190124,66.6577106028334,85.0,85.0,85.0,50.0,20.9,10.6,1.3,389.0,68.4744873,,,41.1177405359462,28.58499876069473,17.874143667076275,281.9241862860408
Eritrea,ERI,2019,11.4,304.14651569503553,,,95.0,95.0,95.0,41.0,,,0.6,127.0,28.42930794,,0.077,33.2391304848551,24.753177968653368,11.66933709619834,250.02745156585453
Ethiopia,ETH,2019,5.9,294.615795346811,48.1464763368745,8.68474048756754,61.0,61.0,63.0,30.0,36.8,6.8,0.9,163.0,25.93511963,,0.089,22.7924418312934,20.17386740637125,10.782504595788335,267.13764555102694
Kenya,KEN,2019,20.6,223.19805130898152,61.4907638599362,37.298797647533,93.0,93.0,93.0,52.0,,,3.9,267.0,85.64528656,,,20.2519023152347,21.72221275903759,12.979044759508522,275.44146962119737
Madagascar,MDG,2019,1.2,305.500049573016,51.4242559942128,13.1693375483997,69.0,69.0,69.0,33.0,,,0.3,214.0,15.50084877,,,13.7738240717124,21.98593072137628,14.98635490376842,322.84804433579427
Malawi,MWI,2019,1.9,318.239728433481,69.0907681697374,42.8038384563156,95.0,95.0,95.0,55.0,34.0,3.8,8.3,146.0,36.91519165,,,19.596437811483,22.060222407015303,13.793550771567237,280.0844709350974
Mauritius,MUS,2019,98.9,20.64167594542615,99.8052010577748,95.9523952887646,96.0,97.0,97.0,77.0,,,,14.0,639.18286133,3.494,2.558,15.0236819864042,24.63584076701305,17.573018989038935,363.3105270739301
Mozambique,MOZ,2019,5.6,326.5431864204385,56.2587719909351,32.0616645064997,85.0,85.0,80.0,46.0,,,12.7,361.0,41.01906586,0.48,0.086,16.1353369294546,23.79533596922948,15.544804513960743,304.7535916689196
Rwanda,RWA,2019,3.3,289.880997354742,58.4728536131809,74.3150494792337,98.0,98.0,98.0,55.0,,,2.7,63.0,39.81322098,0.937,0.117,40.1780502490937,19.91314540783972,12.596812381123634,319.94097223783496
Seychelles,SYC,2019,100.0,13.827883457174,96.8604704263635,98.885830584073,99.0,99.0,92.0,78.0,,,,12.0,675.47839355,5.438,1.869,10.1610838521016,26.863891471163235,21.038464441770497,364.9999877747053
Somalia,SOM,2019,3.5,372.5135749577475,63.1909737588395,39.2334053088705,57.0,57.0,0.0,28.0,,,0.1,175.0,12.99074364,,,18.2207563220574,27.557738792178835,16.814123289119447,246.3544715030415
United Republic of Tanzania,TZA,2019,6.0,255.68358225312,56.8787467857379,29.6802357492442,91.0,91.0,90.0,44.0,,,4.2,237.0,39.97783661,,,22.0048939517856,23.394799698498097,14.821968974882685,287.1257657245142
Uganda,UGA,2019,1.3,266.237304394859,54.6148662999288,22.0428914452572,93.0,93.0,92.0,49.0,,,6.1,200.0,33.36559677,,,32.5735656593236,22.749772515876245,14.696485062222932,329.0029422714658
Zambia,ZMB,2019,11.5,214.89842482912,68.0788852086192,33.8947045843208,88.0,88.0,89.0,55.0,,,11.5,333.0,85.02349854,1.418,0.237,22.1205330057265,21.98266818787588,11.871837068991098,248.5044176184339
Botswana,BWA,2019,64.7,36.73462762236035,91.4749479975469,69.8150599678289,95.0,94.0,95.0,58.0,,,19.7,306.0,438.28546143,3.329,0.395,15.0050545912724,22.251465894332657,8.455802875348336,227.2957077854884
Lesotho,LSO,2019,46.2,252.487660768031,75.1376932253322,41.4091356196007,92.0,92.0,95.0,53.0,,,21.5,654.0,235.94372559,,,25.8844505340864,14.2727406946703,6.083869234841344,238.8747726907829
Namibia,NAM,2019,46.4,75.79394765311095,84.5549009012644,36.9123066913261,87.0,87.0,57.0,60.0,,,11.1,486.0,419.14828491,2.229,0.368,15.4572528817777,23.33204203736982,6.5504047294386325,316.6545602565463
South Africa,ZAF,2019,87.3,47.91487263046875,91.3923995625225,74.2781920666219,85.0,85.0,85.0,67.0,,,18.5,615.0,538.80438232,1.085,0.779,28.8697691230442,18.81300363483208,9.580371418422166,266.45913885293595
Eswatini,SWZ,2019,48.7,88.68219480747855,74.3032304184965,61.4575194811054,90.0,90.0,87.0,66.0,,,27.6,363.0,320.05084229,,,18.240858269705,20.845882054003084,12.55320852706656,286.4290863945204
Zimbabwe,ZWE,2019,30.1,262.3538843147275,67.1795926488522,35.7743353702206,90.0,90.0,90.0,55.0,23.5,2.9,12.5,199.0,55.10725403,,0.123,16.5336648957629,21.4816769778542,10.472049445053091,215.6923313810697
Benin,BEN,2019,5.5,254.04866968241905,67.9832516982572,18.8420840944928,72.0,72.0,71.0,34.0,,,0.9,51.0,33.9457283,0.54,0.06,33.2793211323522,27.443211726474203,19.763231442886703,340.97164129021513
Burkina Faso,BFA,2019,12.5,295.118979394241,50.6996167671279,26.7185691114763,91.0,91.0,91.0,40.0,23.8,8.1,0.7,63.0,41.06895828,0.899,0.091,34.0812487151047,28.87255007994974,13.505157612567698,304.37081072429453
Cameroon,CMR,2019,26.3,227.3870849043785,68.7910816912942,44.8498829146317,67.0,67.0,67.0,46.0,,,3.2,168.0,56.79493713,,,52.8612394449312,25.780301968939632,15.858692889938917,334.85882258452585
Cabo Verde,CPV,2019,79.7,123.5684652238936,87.808568861158,78.8249549430518,96.0,96.0,0.0,67.0,,,0.9,57.0,211.24963379,1.486,0.743,18.5113624137073,23.32182832894529,16.55305432952242,364.45824663678457
Chad,TCD,2019,6.6,286.1839508590585,50.4980631195055,12.2940184363217,53.0,53.0,0.0,24.0,37.8,13.9,1.2,135.0,30.23690224,0.134,0.052,41.5536418024184,28.03755706654545,12.301583696797566,312.07233958979447
Côte d'Ivoire,CIV,2019,34.7,190.20877879444905,75.6490184756229,35.8059580233634,79.0,79.0,78.0,45.0,,,2.2,126.0,68.30471039,0.645,0.149,18.8155812927616,26.475250492917667,19.8127308865494,348.398426343662
Gambia,GMB,2019,1.8,276.7306032234905,84.4361946965619,47.2014093425827,88.0,88.0,87.0,47.0,,,1.6,158.0,23.21861267,0.444,0.077,36.7144354566029,27.431390825831365,15.293668598665445,289.89005404015177
Ghana,GHA,2019,26.9,165.363979699347,84.7696150287459,25.327363008811,97.0,97.0,97.0,51.0,,,1.7,144.0,71.14958191,2.638,0.104,25.0476126459012,27.50567401045287,19.806350844062507,343.5680737985124
Guinea,GIN,2019,0.9,285.691249993923,68.1651301407792,27.6063983510435,53.0,53.0,0.0,43.0,,,1.5,178.0,42.16910172,,,26.5843726882957,26.292119996907903,17.07499363872492,312.4814579573251
Guinea-Bissau,GNB,2019,1.0,305.08630444633354,61.2378280860905,25.9048078160921,78.0,78.0,78.0,42.0,28.1,7.8,2.8,189.0,53.98390961,,,30.9440705726087,27.71704411198202,16.598992302394542,276.11048776146225
Liberia,LBR,2019,0.5,334.0901335369815,75.5183258975949,20.5305258325317,71.0,71.0,68.0,46.0,29.8,3.4,1.2,249.0,51.1932373,0.544,0.145,17.9585172295432,25.930277634499724,20.21290942134324,348.814458502888
Mali,MLI,2019,1.1,287.777024000054,79.3875776496975,41.2415636688459,77.0,77.0,74.0,42.0,26.4,13.0,1.0,57.0,31.4089489,,,35.4028018278016,28.791183342088804,12.468986521895294,314.6111939406671
Mauritania,MRT,2019,46.8,180.9623099771005,70.1831740304399,49.7339098436372,80.0,80.0,76.0,38.0,19.4,11.1,0.2,89.0,54.63365555,1.187,0.201,43.6914963916805,28.589482996684787,10.314651730847425,298.139704090551
Niger,NER,2019,3.4,330.2772900910215,50.045306277114,14.10969749241,81.0,81.0,81.0,35.0,47.1,9.8,0.2,82.0,31.89424324,,0.039,55.4593541424912,28.67164580043985,11.195727787484056,300.74221157982475
Nigeria,NGA,2019,15.7,158.0261991437725,74.5993213952744,43.2767522763627,66.0,66.0,64.0,47.0,,,1.5,219.0,67.6254425,1.072,0.356,56.1742360202495,26.88435329367293,17.26133036677359,332.8818468650831
Sao Tome and Principe,STP,2019,3.2,215.1113898131345,76.5646613120149,45.7575570286583,95.0,95.0,95.0,58.0,11.7,4.1,,108.0,106.86884308,2.165,0.492,13.8008833750052,26.270689267334514,20.538773789151985,365.0000162492009
Senegal,SEN,2019,29.7,238.9256645854835,82.3288600505419,57.204943845452,91.0,91.0,91.0,50.0,17.9,8.1,0.3,143.0,64.33670807,0.539,0.088,39.8433750730602,26.31934244176587,14.448417570969278,290.1990455033342
Sierra Leone,SLE,2019,0.7,305.643662281272,62.2435949536526,20.0997388519849,95.0,95.0,94.0,42.0,29.5,5.4,1.5,412.0,48.13619995,0.865,0.033,22.5037713493302,26.41409713684427,20.23071142766268,339.8460382786365
Togo,TGO,2019,9.7,292.0289921964365,61.5763879815796,21.6400439153227,86.0,86.0,85.0,40.0,,,2.0,49.0,48.85387421,0.444,0.074,29.5326894869218,27.51556601493628,19.049748416547448,331.55545243445124
American Samoa,ASM,2019,,66.1240799444927,99.5073049177726,62.1434004908821,,,,,,,,2.0,,,,4.39741986831472,27.245895529116464,21.27803456980861,364.9999965087332
Bermuda,BMU,2019,,42.56892771247085,100.0,99.9416526015971,,,,,,,,3.1,,,,4.61313731822298,22.45665358823253,15.570986978881717,334.62501367764526
Cook Islands,COK,2019,,15.93580926036705,,,,98.0,0.0,,,,,,,,,4.02317912360371,24.80364453804805,17.91978554490245,353.66927166802594
Greenland,GRL,2019,,42.56892771247085,100.0,62.5,,,,,,,,142.0,,,,1.84640110547822,-1.566496631939056,3.6821655099223634,306.8047102684444
Guam,GUM,2019,,14.187202811775853,99.5216993858781,90.1852545469869,,,,,,,,76.0,,,,3.27092166568972,27.3439352759186,21.32051347237116,365.0
Monaco,MCO,2019,100.0,42.56892771247085,100.0,100.0,99.0,99.0,0.0,85.0,,,,0.0,7517.25341797,,8.609,12.5583313612664,14.056119550072102,9.576733131637436,316.4375001596972
Nauru,NRU,2019,100.0,100.3202390291959,97.9888097619223,69.5699539376476,96.0,96.0,0.0,59.0,,,,147.0,1213.86804199,,,6.82048241058318,27.60473696440272,21.806751449586336,365.0000146297595
Niue,NIU,2019,,65.7161832378734,,,,99.0,99.0,,,,,,,,,3.44949077741861,25.561175576112365,18.84027109322666,358.3135743737748
Northern Mariana Islands,MNP,2019,,23.87937734561855,100.0,98.9751404617553,,,,,,,,164.0,,,,2.70919709191082,27.33574667134196,21.097388256498945,364.99999325060287
Palau,PLW,2019,100.0,37.53220334808865,99.5096367882251,98.2917742819101,97.0,93.0,74.0,75.0,,,,34.0,1928.91564941,6.685,2.191,5.50881259741769,27.304728022220708,21.554478499100195,364.9999983666325
Puerto Rico,PRI,2019,,15.98090750669855,100.0,100.0,,,,,,,,1.4,,,,7.81865371111426,25.77575508101236,19.37302215609596,364.9977139567267
Saint Kitts and Nevis,KNA,2019,100.0,13.59594751902435,,,97.0,97.0,0.0,78.0,,,0.7,4.3,1224.18933105,,,9.10209647176299,26.394072735908928,19.75656729492655,365.0000032704295
San Marino,SMR,2019,100.0,42.56892771247085,99.9999963796538,100.0,88.0,86.0,76.0,74.0,,,,0.0,3801.21044922,,,12.4853144948181,13.204613939362714,8.97513105945474,309.1249950750628
Tuvalu,TUV,2019,73.95,207.182687979137,98.8333705888805,87.5751591368596,92.0,92.0,0.0,63.0,5.7,2.8,0.4,284.0,1138.82617188,,,5.65115011483725,27.65762193778728,21.846004400400883,364.6111339506616
United States Virgin Islands,VIR,2019,,14.4740250082028,99.333642364537,99.2289751608412,,,,,,,,,,,,6.47085231526761,26.5091631649104,19.793051410507022,364.9597280782466
South Sudan,SSD,2019,0.0,303.4556811946,39.9136238003103,12.5375975656084,61.0,61.0,0.0,36.0,,,1.8,353.0,35.18021774,0.585,0.033,24.2274572216095,28.60292130433847,14.700346263607118,312.9498857069038
Sudan,SDN,2019,60.8,203.8502634925585,60.1227730186922,51.3601722607621,93.0,93.0,93.0,47.0,,,0.1,67.0,31.79406929,,,37.8890005473862,28.958546541363887,10.283502460265831,306.49219700346373
China,CHN,2020,83.8,38.17415909311105,93.9705270769772,92.8514975328901,99.0,0.0,0.0,83.0,,,,58.0,582.95092773,3.302,2.385,33.6907047751319,15.891258234537109,11.16746322327574,298.56441745779387
Democratic People's Republic of Korea,PRK,2020,12.1,296.088722817531,93.8438447876847,84.6654650844227,97.0,97.0,0.0,80.0,,,,,,,,22.4221283947159,10.423977558603251,8.545933776512834,276.1235848408613
Taiwan,TWN,2020,,42.56892771247085,,,,,,,,,,,,,,15.7148670055867,22.66271591850357,16.262277509162463,351.6847727839676
Cambodia,KHM,2020,40.6,198.23091948161,78.6484857238686,70.4910427870757,86.0,86.0,86.0,57.0,,,0.6,285.0,106.79976654,,,20.9367755079912,28.15573509182503,20.481977944342475,337.45602732510577
Indonesia,IDN,2020,84.6,60.27295488934931,89.0851606060889,82.2571090356155,77.0,68.0,4.0,66.0,,,0.4,306.0,131.8225708,3.935,0.62,18.8647326240401,26.1863590385967,20.343132804840053,364.119913067815
Lao People's Democratic Republic,LAO,2020,8.8,134.68490647396948,85.8856322944911,80.7027420895793,61.0,61.0,58.0,59.0,,,0.4,149.0,51.96581268,1.179,0.356,28.0509542341447,23.66483650171096,17.156946097691495,345.2950605434464
Malaysia,MYS,2020,87.55,14.3134908006733,97.7301935332944,95.9966449391973,98.0,98.0,0.0,80.0,,,0.3,99.0,406.52005005,3.903,2.183,13.6599055069719,26.8800949265997,21.25746456941876,364.92383216449406
Maldives,MDV,2020,99.6,29.76902888142645,99.6489940790337,97.1213636398167,98.0,98.0,0.0,68.0,,,0.1,33.0,845.82440186,5.017,,11.0615126425059,27.74166188575441,21.256689681718267,366.0000031776826
Myanmar,MMR,2020,40.1,166.44818782993502,83.6954599459105,73.6368737740023,84.0,84.0,86.0,53.0,,,0.9,316.0,66.02284241,,,36.8841217490584,25.600183565772973,17.914092521372048,305.5263328744914
Philippines,PHL,2020,54.0,104.89066283978065,94.2767858134665,82.5280655331601,83.0,83.0,76.0,69.0,,,0.2,544.0,166.61218262,4.781,0.752,21.7674946627007,26.9525567098531,20.910426572923093,363.8406680221533
Sri Lanka,LKA,2020,32.1,56.1922058152408,89.3024800646489,93.3463184770693,96.0,96.0,0.0,71.0,8.2,8.6,0.1,55.0,159.71383667,2.368,1.167,22.4205185814566,26.71534798993392,20.19555376408444,359.0333113322915
Thailand,THA,2020,84.4,32.26402579412675,99.487572734038,98.0344733663979,97.0,45.0,0.0,81.0,,,1.2,144.0,304.3817749,,0.509,25.1774583777729,27.943458267702017,20.1780517688542,330.81782896598963
Timor-Leste,TLS,2020,14.9,261.32271331136747,80.8664062920622,63.1237035257288,83.0,83.0,0.0,45.0,46.7,8.3,0.2,381.0,118.49451447,1.738,0.752,11.1527256829051,25.35172619578872,18.38648689045382,351.2809285584266
Viet Nam,VNM,2020,95.9,109.66933825029966,96.2941639364055,88.5744092568809,94.0,94.0,0.0,71.0,19.5,4.7,0.5,171.0,153.10160828,,0.856,25.2817623512854,25.570221171138623,19.43470483735618,358.3510585094889
Fiji,FJI,2020,49.5,65.45611192717871,95.4183568880338,93.6215609537076,97.0,99.0,97.0,69.0,,,0.4,81.0,256.25967407,,,6.08382127607943,25.38342653554996,19.184173353434456,364.1979004185189
Kiribati,KIR,2020,11.9,281.69422922753,76.6890512985404,44.2810965836604,92.0,92.0,91.0,52.0,,,,655.0,239.24353027,,,4.06232279848312,27.5774893534921,20.79367366013402,365.9999893566711
Marshall Islands,MHL,2020,65.2,189.7760056114485,87.6339278712455,78.6065823369048,82.0,75.0,38.0,66.0,,,,581.0,687.02435303,,,4.22143509871356,27.30751474054324,21.53348298442386,366.0000083728992
Micronesia (Federated States of),FSM,2020,13.3,229.480532452926,89.8819541513315,90.4539007167041,83.0,68.0,79.0,65.0,,,,178.0,403.03540039,,0.974,3.52255056217135,27.4980514032346,21.68758849788657,366.0000038647042
Papua New Guinea,PNG,2020,9.8,217.7558208592095,49.3273961743901,22.169086312378,40.0,40.0,41.0,28.0,,,1.3,616.0,55.92817688,,,13.2697819572662,22.341374781115995,17.61632410322297,365.99226559874353
Samoa,WSM,2020,36.6,154.6298570471535,96.3864371758172,96.0821241161349,89.0,89.0,0.0,63.0,,,,6.1,252.77748108,3.058,0.562,4.49365769010027,26.61772968188042,20.96369537356648,365.9999913924106
Solomon Islands,SLB,2020,8.6,269.97402947298804,71.4129793033283,33.2293129783629,94.0,94.0,93.0,46.0,,,0.1,97.0,100.99560547,,,9.10625881853873,26.89464382496497,21.56822248163817,366.0000005583653
Tonga,TON,2020,85.2,153.93242857522802,98.7700847369517,93.5041088737025,99.0,99.0,0.0,71.0,,,,7.6,262.55459595,4.541,0.946,4.32672957352497,24.792792026387293,17.807196025092647,360.3703830686806
Vanuatu,VUT,2020,17.2,253.046531628675,86.8609488493879,49.3338166328635,78.0,78.0,0.0,52.0,,,0.1,52.0,125.41011047,,,6.11380443342958,25.757417572758687,19.24864683546669,362.89842015047816
Armenia,ARM,2020,98.5,64.37952274832635,99.4561137881716,92.7619845664061,91.0,92.0,92.0,71.0,,,0.3,29.0,535.2723999,4.763,3.163,27.1586984360582,8.714685729768886,6.127785717719994,252.57471483902904
Azerbaijan,AZE,2020,98.4,33.28687502346305,94.1597003364215,94.4852164889199,56.0,56.0,47.0,67.0,,,0.1,69.0,245.21949768,5.777,3.125,24.5574389862394,14.411152118813966,9.177700871777226,292.28057767201153
Georgia,GEO,2020,89.6,58.30111621872225,96.7382823190877,88.1470373073336,88.0,88.0,82.0,69.0,,,0.3,71.0,389.42260742,5.842,5.121,18.9479160700645,11.122515309719612,7.615943694836338,280.6338541122231
Kazakhstan,KAZ,2020,94.2,15.08291238189635,96.9217657494766,97.9463161907176,88.0,88.0,89.0,83.0,,,0.3,62.0,329.57086182,6.76,3.663,20.087431214828,9.145981970674946,5.58950440184968,258.89214289418567
Kyrgyzstan,KGZ,2020,78.6,186.241290811799,92.5873159897583,98.017628465842,87.0,86.0,90.0,74.0,,,0.3,131.0,61.25272751,4.147,1.692,19.4331133080631,9.749668903397028,5.842600293833005,241.3525958765523
Mongolia,MNG,2020,51.8,54.84113917831655,82.994734823721,68.7755717433728,96.0,96.0,92.0,71.0,,,0.1,418.0,188.77464294,,3.778,40.2206027753218,0.5586335838585771,3.6116523042681488,245.0669118453297
Tajikistan,TJK,2020,84.8,214.505405839903,86.2958090457045,95.9796685499025,97.0,97.0,0.0,71.0,,,0.2,77.0,74.17329407,6.645,1.995,31.4350206909239,11.501838624339218,5.93764131645216,242.8911346136724
Turkmenistan,TKM,2020,99.9,24.4118606095663,99.3966548614914,99.3549516187618,98.0,99.0,23.0,79.0,,,,37.0,420.0083313,3.589,1.96,28.717031653575,15.302718400359856,6.185210801953529,276.14926499765204
Uzbekistan,UZB,2020,80.7,84.74541473904455,95.9578060001248,96.0621184881157,95.0,95.0,93.0,78.0,,,,63.0,120.29019165,11.08,2.31,32.3909036978102,14.386606749295504,6.310496792962101,261.556042376996
Albania,ALB,2020,83.4,58.3312146405144,95.0680381522002,99.298792439378,98.0,98.0,92.0,68.0,,,0.1,15.0,396.17477417,5.821,1.879,15.7141751458801,13.978810880918584,8.97924180798046,287.9348634552334
Bosnia and Herzegovina,BIH,2020,40.2,56.27846283928911,96.1287930670731,,78.0,77.0,0.0,64.0,,,,25.0,594.8225708,6.401,,26.8199216959582,11.705116714133124,8.048160380553373,297.72967588896114
Bulgaria,BGR,2020,,24.6434705948233,99.2544596990953,86.0351484540034,91.0,91.0,85.0,72.0,,,0.1,17.0,906.54833984,4.674,4.277,20.4975477456356,12.67043316530482,8.132757692250586,268.0826715748953
Croatia,HRV,2020,100.0,16.42961745456735,99.9019753269295,95.7800263365526,94.0,93.0,0.0,76.0,,,0.1,5.6,1123.37963867,7.498,3.606,15.5363694697733,13.29365647727396,8.666278706388425,282.357642853595
Czechia,CZE,2020,100.0,15.480411076937347,98.7321788477487,99.0728030542538,97.0,96.0,0.0,82.0,,,,4.1,2106.28027344,9.186,4.153,12.7679260152194,9.931803327258828,7.183389596594084,293.41250468991734
Hungary,HUN,2020,100.0,13.579343385142453,99.7437164369776,97.9837062795673,99.0,99.0,99.0,79.0,,,,5.1,1182.54138184,5.508,3.14,13.5188812207119,11.910222843941249,8.001018841495359,279.8059192233955
North Macedonia,MKD,2020,78.9,43.93647491995815,98.049753932852,98.4277706026568,84.0,84.0,30.0,67.0,,,0.1,10.0,510.81011963,5.449,3.343,22.5072186688488,11.648605608521626,7.345746412421014,256.61471140145903
Montenegro,MNE,2020,61.5,28.885137399364403,99.2839751783308,97.771772470462,84.0,84.0,0.0,69.0,,,0.1,18.0,896.24884033,5.55,2.831,19.452509792424,12.227382707801212,8.368905860177472,300.6590415001896
Poland,POL,2020,100.0,13.456154463495,92.2480567425882,98.9575085375078,94.0,94.0,88.0,79.0,,,,10.0,1025.98486328,6.25,3.303,16.4409892974788,9.99173321919326,7.418144350840164,308.1274149678197
Romania,ROU,2020,100.0,15.96444896970695,99.9999987108397,87.7922191507809,87.0,87.0,85.0,76.0,,,0.2,70.0,809.58880615,7.834,3.307,16.0420354209434,11.038615981068796,7.627688907238216,284.0978641060782
Serbia,SRB,2020,79.5,35.02466211546285,95.0575271243011,97.9188486059038,92.0,92.0,88.0,71.0,,,0.1,21.0,670.03564453,6.319,2.875,20.1427099429094,12.432591434137928,8.105188550801216,275.97237068328843
Slovakia,SVK,2020,100.0,13.3822324595537,99.7877016868458,97.5326284865492,97.0,97.0,96.0,81.0,,,0.1,3.4,1393.62438965,6.119,3.671,13.9206622254945,10.515172481668396,7.581762793047933,296.9893846393034
Slovenia,SVN,2020,100.0,14.271945182736449,99.5895466181777,98.3645255759469,95.0,95.0,70.0,84.0,,,0.1,4.2,2417.20874023,10.61,3.303,13.2080480794718,11.47429619282194,8.13744876143328,306.8755634200481
Belarus,BLR,2020,99.7,25.22929998925225,99.2623480849323,99.5940049296976,97.0,97.0,0.0,80.0,1.2,1.3,,26.0,420.43655396,10.84,4.605,12.6488078774925,9.03295083337661,7.308479596205364,314.21056060677074
Estonia,EST,2020,100.0,13.47535655504885,99.9945255363523,99.0280228246995,91.0,91.0,0.0,79.0,,,0.8,11.0,1789.03417969,6.744,3.479,6.38391649561802,8.18005842916071,7.066536041948146,328.98798469901215
Latvia,LVA,2020,100.0,14.5250536211585,98.63057400499,91.7520645595703,99.0,99.0,91.0,77.0,,,0.6,23.0,1313.35412598,4.391,3.338,14.0098212612214,8.900132591009182,7.296636035613606,331.3885419921379
Lithuania,LTU,2020,100.0,13.4761453173258,98.8922199280899,94.786284769893,91.0,91.0,83.0,77.0,,,0.2,34.0,1511.79626465,8.117,4.481,11.4345904384498,9.215089451594393,7.236616706806352,310.1371465488373
Republic of Moldova,MDA,2020,97.9,101.2849826473587,90.9779971950064,84.4032169070888,86.0,86.0,72.0,70.0,,,0.9,86.0,305.48913574,6.149,4.038,15.5839032160318,12.282986452238822,7.53099571789136,254.7360871042501
Russian Federation,RUS,2020,100.0,14.6860117784364,96.7753426009288,89.7409453652069,97.0,0.0,87.0,80.0,,,,49.0,814.94451904,8.511,3.807,12.444538795419,6.89439800953378,6.156437208321117,290.4957295786366
Ukraine,UKR,2020,95.3,76.68295364095461,93.4712072863379,97.3954990991366,81.0,85.0,0.0,79.0,,,,75.0,265.07846069,,,15.9929635073004,10.746058010866737,7.213304202354619,270.62581390104043
Brunei Darussalam,BRN,2020,100.0,42.56892771247085,100.0,97.0475546033103,99.0,99.0,0.0,84.0,,,,90.0,658.38983154,,,6.77369728885737,27.115634013139307,21.985188071535006,366.00000449645023
Japan,JPN,2020,100.0,31.340041611261302,99.0783962742638,99.9523862975872,96.0,95.0,95.0,84.0,,,,12.0,4581.60986328,12.35,2.592,11.2359883823418,15.517847486427506,11.055407426814211,313.8352404905249
Republic of Korea,KOR,2020,100.0,27.9946149776327,99.7656731282421,99.7948537857931,98.0,96.0,97.0,87.0,0.9,0.2,,48.0,2699.6640625,8.527,2.507,20.9983697877048,13.2963915879452,9.606454014009826,274.9209480896332
Singapore,SGP,2020,100.0,42.56892771247085,100.0,100.0,98.0,98.0,87.0,88.0,,,0.1,47.0,3541.36450195,6.18,2.638,12.2426173596677,27.42789691396519,21.65212299262592,365.9999983861963
Australia,AUS,2020,100.0,42.56892771247085,99.9698157102474,100.0,95.0,95.0,97.0,89.0,,,0.1,7.2,5968.00341797,13.16,3.895,6.81304835611171,17.042081572945545,10.64899353765352,314.89724132413306
New Zealand,NZL,2020,100.0,23.030986415270903,100.0,100.0,92.0,92.0,92.0,89.0,,,0.1,7.3,3887.71264648,11.2,3.442,7.05142839254853,14.056210301882471,9.505031258807886,353.612925352547
Andorra,AND,2020,100.0,42.56892771247085,99.9999952180714,99.9999952180714,99.0,98.0,96.0,74.0,,,,2.6,3282.02587891,4.845,4.587,8.50701783669627,8.894866187650873,6.986471116465659,332.9902027257164
Austria,AUT,2020,100.0,42.56892771247085,99.9999975918171,99.9726022326155,85.0,85.0,0.0,83.0,,,,5.1,5569.84130859,10.74,5.344,10.2641161409981,9.75862814272088,7.262346734457226,305.0098222783423
Belgium,BEL,2020,100.0,42.56892771247085,100.0,99.4862025266725,98.0,97.0,94.0,86.0,,,0.2,7.8,5269.40625,12.82,3.506,9.1455522668212,11.793398989359083,8.089631853637995,306.07548230179685
Cyprus,CYP,2020,100.0,13.719841270086947,99.7455373868703,99.4959339092573,96.0,92.0,81.0,75.0,,,,3.2,2443.37207031,3.85,3.197,16.8829450553339,20.62072013793661,12.369938356078611,290.4056043477766
Denmark,DNK,2020,100.0,42.56892771247085,100.0,99.5972310070963,97.0,97.0,96.0,84.0,,,0.1,4.3,6520.65771484,12.02,4.377,7.56699784427867,10.1594742421549,7.876441574963613,345.55142772475625
Finland,FIN,2020,100.0,42.56892771247085,99.9999988873824,99.4479703400958,89.0,89.0,86.0,86.0,1.3,1.1,,3.7,4736.21435547,13.76,3.61,4.95233131104412,6.961181575858271,6.530635621609484,322.81597316961927
France,FRA,2020,100.0,39.747774898884,100.0,98.6476102264443,96.0,96.0,95.0,82.0,,,0.3,8.1,4760.08251953,9.451,3.252,8.77800001489545,13.591207270567574,8.88801063313796,297.9711609179394
Germany,DEU,2020,100.0,42.56892771247085,99.9999988416059,99.2256156866511,91.0,90.0,82.0,86.0,,,0.1,5.3,5906.80615234,12.3,4.443,9.06086572629572,10.842599556662003,7.442671881315857,288.9939473699135
Greece,GRC,2020,100.0,14.9543528474419,99.9999990325072,98.9937448356397,99.0,99.0,96.0,76.0,,,0.2,4.4,1674.78417969,3.927,6.186,14.4453432380952,17.090046180808578,10.048947653899983,263.39712574631204
Iceland,ISL,2020,100.0,42.56892771247085,99.9999964455788,98.7805419679259,93.0,93.0,93.0,90.0,,,0.1,3.3,5692.89111328,16.34,4.318,4.46377481487081,3.886144537217028,5.3634426514613125,354.8814620245667
Ireland,IRL,2020,100.0,42.56892771247085,97.0298506240387,89.7865313699403,94.0,94.0,87.0,81.0,,,0.2,5.6,6073.10546875,18.29,3.458,7.81294532464159,10.168249328044512,8.003718301179758,361.9505884151066
Israel,ISR,2020,100.0,19.17074718217745,99.9999976530211,99.9360127624406,98.0,98.0,94.0,84.0,,,,2.1,3616.50219727,5.649,3.567,21.4862164788286,21.29699070249019,14.169630393573913,337.8749938584728
Italy,ITA,2020,100.0,20.944348948909106,99.9170340740928,99.8851578267552,94.0,94.0,91.0,83.0,,,0.3,4.2,3058.90014648,6.515,3.97,15.4110266691012,14.900515627829808,9.763337206136498,306.4984521524297
Luxembourg,LUX,2020,100.0,42.56892771247085,100.0,97.6101288941599,99.0,99.0,96.0,86.0,,,0.2,6.0,6785.86230469,12.77,,8.14727031655208,11.203492427453046,7.551261098209096,278.6069507653173
Malta,MLT,2020,100.0,24.232655860525,100.0,99.9952644133915,98.0,98.0,0.0,81.0,,,0.2,27.0,3140.77026367,8.462,4.164,10.4163973243993,19.9002086978508,13.454973385926037,350.6399749271656
Netherlands,NLD,2020,100.0,42.56892771247085,99.999999064231,97.6857903463505,94.0,94.0,93.0,85.0,,,0.2,4.0,5865.90527344,11.21,3.805,8.95977219371951,11.748734247950043,8.251925110667045,320.13160242125537
Norway,NOR,2020,100.0,42.56892771247085,100.0,98.0510810985992,97.0,97.0,96.0,88.0,,,0.1,3.1,7824.57714844,16.12,4.682,5.35135775741965,7.554802580210774,6.508842262817787,324.97957190750225
Portugal,PRT,2020,100.0,13.3856910587841,99.2320711795606,99.6529221881304,99.0,99.0,98.0,83.0,,,0.5,15.0,2328.35571289,7.5,5.576,8.74778129241256,15.896476497900004,10.405208557124729,332.838627886732
Spain,ESP,2020,100.0,17.2111731507338,99.9256069689441,99.9191055578582,94.0,98.0,94.0,84.0,,,0.3,7.2,2942.41943359,6.246,4.546,10.0910228471584,16.20786281750249,9.633573189850562,298.3993369594089
Sweden,SWE,2020,100.0,42.56892771247085,99.7286050632105,98.8147945547194,97.0,97.0,97.0,85.0,,,0.1,3.6,6030.53271484,11.43,4.322,5.36986329823469,8.59276934363466,6.999117608556676,317.3872403447376
Switzerland,CHE,2020,100.0,42.56892771247085,100.0,99.8998740977632,97.0,96.0,86.0,86.0,,,0.2,4.7,10294.578125,18.71,4.388,9.12641120132556,10.126130231674068,7.430827354491086,303.3746228968829
United Kingdom,GBR,2020,100.0,42.56892771247085,100.0,99.1069628063769,93.0,93.0,91.0,88.0,,,0.2,7.0,4865.97802734,8.923,3.028,9.52171570283834,10.722845703383769,8.039032077195644,347.4149377389638
Argentina,ARG,2020,99.9,23.800125779032,,,74.0,74.0,75.0,79.0,,,0.4,27.0,910.9586792,4.351,5.304,16.0292286761716,17.124904220764808,9.721337040427132,256.3187896105108
Chile,CHL,2020,100.0,17.563861559997598,98.671391193466,99.3144814902357,93.0,93.0,89.0,82.0,,,0.5,15.0,1270.97814941,4.289,2.798,20.0102686850355,13.701343185231227,7.753923917347529,250.58521657007245
Uruguay,URY,2020,100.0,19.8997348296806,99.5703038278437,98.0693333151527,92.0,92.0,94.0,85.0,,,,35.0,1432.00463867,7.35,,11.9353074773879,17.432823638342207,10.981328381490512,306.98189312555274
Canada,CAN,2020,100.0,42.56892771247085,98.4952442433058,98.6730086081464,92.0,92.0,84.0,92.0,,,0.2,5.1,5646.19433594,10.08,2.415,6.02639529210685,7.437158246137047,6.776620314071157,309.5779111377598
United States of America,USA,2020,100.0,42.56892771247085,99.8204204612721,99.6662725669219,93.0,91.0,82.0,87.0,,,,2.4,11648.49511719,12.34,3.518,7.73512626395484,15.35041912569524,9.566769804506832,280.1090349628074
Antigua and Barbuda,ATG,2020,100.0,17.3280024110059,98.9224941519798,99.6041813873018,96.0,99.0,0.0,80.0,,,1.0,2.2,873.5246582,,,8.63405896462972,26.523015438436527,19.789524051447103,365.9999978003147
Bahamas,BHS,2020,100.0,13.948034805547849,,,83.0,83.0,83.0,81.0,,,1.3,10.0,1861.0637207,,,5.25103377045855,25.597913383984164,18.75526193105064,354.53668195583936
Barbados,BRB,2020,100.0,35.4112974790858,99.0199303950083,97.3312392700884,85.0,85.0,86.0,80.0,,,1.1,2.1,1234.30041504,4.413,2.616,11.3474194945729,26.74345560202244,20.03708344140732,365.999989340648
Belize,BLZ,2020,83.2,90.0051454722045,94.3918809907388,84.1193982319828,79.0,79.0,0.0,68.0,,,1.2,34.0,279.10131836,1.881,,20.1063464402887,26.43512062237764,20.390776925028923,362.0820206453088
Cuba,CUB,2020,94.7,101.2918092473926,94.3125042863125,92.1835753798285,99.0,99.0,0.0,85.0,,,0.6,6.2,1199.35327148,7.603,9.291,9.97577813799501,26.17440297019164,19.061793780779507,360.05367983202297
Dominica,DMA,2020,87.7,71.93876989683095,96.574889313875,,96.0,97.0,0.0,76.0,,,0.5,5.2,452.65899658,,,11.470837092075,26.23171715208796,19.795806616984187,365.9999989110436
Dominican Republic,DOM,2020,92.3,35.1528569272583,96.8998955257888,88.0566185078015,82.0,80.0,69.0,77.0,,,1.0,46.0,354.25689697,1.892,1.948,12.8896641072094,25.400294741490168,18.57638458944188,359.79998277824853
Grenada,GRD,2020,87.2,46.9861521014534,,92.7121229976892,72.0,72.0,0.0,77.0,,,,0.86,475.83853149,,,11.1340867235524,26.86654257582573,20.39464276720031,365.999999125231
Guyana,GUY,2020,100.0,50.7924812390507,95.0516966520853,90.0231335168154,99.0,99.0,89.0,80.0,,,1.5,59.0,364.20135498,3.439,1.387,16.6207586497823,26.54538945850989,20.815346766068707,365.5701863041318
Haiti,HTI,2020,4.2,266.76621297919746,70.4880763209359,28.6576196940519,58.0,58.0,53.0,42.0,,,1.7,223.0,52.2158699,,,15.8597316710366,26.257117793473768,19.318756107931403,363.8113936532183
Jamaica,JAM,2020,92.4,95.0605458406768,88.8977273219084,89.5245308476169,96.0,96.0,0.0,75.0,,,1.2,2.9,364.76513672,1.64,,22.2580622432181,26.675213439208303,19.879182355373583,364.6677717314245
Saint Lucia,LCA,2020,93.5,49.9828689307922,97.2192348527324,83.3681101145383,86.0,86.0,0.0,78.0,,,0.4,4.5,589.63696289,,4.234,10.8326594343244,26.73519093141069,19.934898973412206,365.8125017330513
Saint Vincent and the Grenadines,VCT,2020,91.9,53.91735609751956,,,97.0,98.0,0.0,77.0,,,0.9,13.0,406.3571167,,,10.5184428712392,26.79115138778005,20.21024735476243,365.999987016088
Suriname,SUR,2020,94.6,40.73096613455205,97.9896319071823,89.9542117560027,51.0,51.0,0.0,77.0,,,1.6,25.0,409.86743164,,,15.5730446835819,26.73826698133305,20.932106933604285,365.5547214286644
Trinidad and Tobago,TTO,2020,100.0,13.3707467303541,98.7316957265811,94.2350621411755,96.0,96.0,95.0,75.0,,,,20.0,1059.72583008,,4.298,13.9519458128988,26.642531653990886,20.356901940159474,365.8617036355508
Bolivia (Plurinational State of),BOL,2020,87.5,119.98792932056284,91.6695086739786,65.4426819747995,68.0,68.0,68.0,65.0,,,0.4,94.0,248.69514465,1.465,0.961,31.3573420977687,16.363966107480756,10.029304748117948,283.1863229939151
Ecuador,ECU,2020,94.6,65.711028135284,91.4742997917839,88.1817507856303,70.0,70.0,76.0,78.0,,,0.4,38.0,470.20355225,,2.313,18.7426731318293,19.79268192419393,14.80064249416383,362.42622802549215
Peru,PER,2020,86.5,54.5060246009411,93.351440846039,76.6882865431078,72.0,72.0,74.0,70.0,11.4,0.4,0.4,128.0,399.13800049,2.348,1.436,29.8567440111987,16.64959406689291,11.607251331032964,332.21063723911226
Colombia,COL,2020,90.9,46.1270562340674,96.3025836876793,93.0987394041419,88.0,88.0,89.0,82.0,,,0.6,39.0,464.41998291,1.414,2.394,19.1676132940414,21.08537635968602,15.159935813664337,348.2536850011528
Costa Rica,CRI,2020,95.9,33.504447169268644,99.8105394546059,98.0823538854413,97.0,97.0,94.0,85.0,,,0.5,9.7,969.89099121,3.064,2.494,17.9677813432914,22.296270373519484,16.938307392428946,362.02519465272167
El Salvador,SLV,2020,92.0,103.87213467537752,89.9923610939187,87.0096574927862,89.0,89.0,93.0,79.0,,,0.4,42.0,357.78799438,,,31.1858574816377,26.450204566235403,18.03453871099809,298.4216363629228
Guatemala,GTM,2020,43.7,107.20174669552,92.3138179561227,68.8862996420965,90.0,90.0,87.0,61.0,,,0.2,18.0,289.21640015,2.308,1.281,31.9662189623904,21.384932665488805,14.511976028686153,331.77926663045025
Honduras,HND,2020,48.9,175.3053380570465,94.3301083793908,84.0337747326909,80.0,80.0,80.0,65.0,,,0.2,38.0,212.7419281,,0.489,36.5355643898854,24.418954036615183,17.225251099558335,323.6683873179253
Mexico,MEX,2020,85.0,26.58256580592235,98.7408072689782,91.6152077254503,72.0,72.0,77.0,78.0,13.9,1.6,0.4,26.0,535.11669922,2.937,2.425,16.7237606198387,20.2393833523872,11.466348600268322,268.5434391021736
Nicaragua,NIC,2020,56.8,165.09995138108252,,,92.0,,,71.0,,,,47.0,165.88038635,,,21.6853479304391,26.30392779208872,18.87564659344479,318.3913533416625
Panama,PAN,2020,100.0,16.77646444480135,94.4306492571863,84.3402384762944,74.0,74.0,74.0,82.0,,,1.1,34.0,1358.4498291,3.54,1.63,15.1907401233296,25.75560091174309,20.3691572466152,364.1576362932864
Venezuela (Bolivarian Republic of),VEN,2020,94.55,106.9739495491123,93.6858007093452,96.9860648116858,54.0,54.0,0.0,77.0,,,0.5,47.0,153.21711731,,,19.318955226703,25.775124303352666,17.88829144769082,321.6416835711751
Brazil,BRA,2020,96.45,38.03667443849635,99.0720677672897,89.5591441286736,77.0,77.0,79.0,84.0,,,0.7,45.0,680.76843262,,,13.6658296866126,23.12633363481189,15.364577049241634,318.71828567355936
Paraguay,PRY,2020,69.35,59.77143248711335,99.046227094695,92.4079453626308,79.0,79.0,82.0,79.0,,,0.5,50.0,411.81765747,,1.296,19.6466878417044,23.075738831570284,13.710830024863936,256.1109843736361
Algeria,DZA,2020,99.7,43.690859275713294,92.1378242692677,85.9654731245039,84.0,84.0,83.0,66.0,,,0.1,52.0,211.07240295,,,15.3457911307566,18.551300689039856,9.212528873580816,268.157781051236
Bahrain,BHR,2020,100.0,42.56892771247085,99.9198990209829,100.0,98.0,98.0,99.0,78.0,,,0.1,17.0,1101.14025879,2.648,0.741,51.222597367969,26.93883491402087,16.903104322135814,272.34365976475823
Egypt,EGY,2020,99.9,62.24157342332285,97.5705329201433,96.21249765428,94.0,94.0,0.0,71.0,,,0.1,11.0,148.35269165,,0.671,39.7460127211742,22.918404418841824,10.916172759854703,191.9517374060005
Iran (Islamic Republic of),IRN,2020,96.4,28.5469961618702,97.3960598410528,90.2667726388145,99.0,99.0,0.0,80.0,,,,13.0,184.90914917,,,38.7645483904147,15.743729581515677,6.298072744130622,289.03909169045374
Iraq,IRQ,2020,99.3,43.15541176620231,98.3599044196543,98.4932660483814,74.0,74.0,0.0,67.0,,,0.1,18.0,248.04725647,2.279,0.923,47.6300446099296,24.52449354279464,7.953986127988573,305.3930071816425
Jordan,JOR,2020,99.7,84.11644623691646,99.1712730302314,96.8379669917401,77.0,77.0,0.0,70.0,,,0.1,5.3,303.4822998,,,34.5689113833928,20.208774034965995,9.853784180804857,216.2119719203834
Kuwait,KWT,2020,100.0,42.56892771247085,100.0,100.0,93.0,93.0,94.0,83.0,3.8,1.9,0.1,20.0,1542.72143555,4.545,2.273,56.6337832700639,26.995329722729227,10.35928861441424,262.99617974270063
Lebanon,LBN,2020,,46.856345021985945,92.6,99.2,71.0,73.0,74.0,68.0,,,0.1,16.0,303.48632813,,2.68,26.0680786310559,19.533935680989423,12.588947023804014,325.7482430408804
Libya,LBY,2020,,22.412796771441897,95.2627789492743,88.9267133718033,73.0,73.0,73.0,71.0,,,0.1,43.0,472.62240601,,,18.8604995298583,20.986558257203274,11.193570211475556,281.02767889752937
Morocco,MAR,2020,98.2,99.2748138820838,87.9176789567835,87.2504334400562,99.0,99.0,94.0,65.0,,,0.1,89.0,192.04043579,,,17.6745548244128,18.866162361966424,10.07925718768201,285.5566389754773
Palestine,PSE,2020,,163.939334964647,98.9584055042094,98.6215954059263,98.0,98.0,98.0,65.0,8.7,1.3,,0.74,314.82254028,,,22.1426293555486,21.07841239222574,13.006482710502176,307.96877754297805
Oman,OMN,2020,100.0,42.56892771247085,92.1680305395851,99.320248468501,99.0,99.0,99.0,73.0,,,0.1,9.9,859.24987793,4.447,2.003,42.0392152380277,27.32186043973177,14.591333238009064,253.5954656150836
Qatar,QAT,2020,100.0,42.56892771247085,99.9766796628058,99.9365456058699,89.0,89.0,98.0,83.0,,,0.1,41.0,1967.15197754,,,99.1991402350416,27.90410519853528,15.266921838103425,218.8176437871417
Saudi Arabia,SAU,2020,100.0,42.56892771247085,99.0470900170106,97.5871417429561,95.0,95.0,95.0,81.0,10.8,3.9,0.1,8.7,1574.70068359,6.347,3.076,68.3959671214439,26.982684571963283,9.33274382048164,272.8727219839587
Syrian Arab Republic,SYR,2020,92.4,186.99919457862305,94.0143506731298,94.3003801258049,62.0,62.0,0.0,71.0,,,0.1,20.0,37.03173065,1.719,1.5,31.5710233679597,18.5704132954174,8.707527452920468,266.3241088967969
Tunisia,TUN,2020,99.9,63.67818453597045,95.120374054685,95.4060813673203,97.0,97.0,87.0,76.0,,,0.1,41.0,250.40145874,2.074,1.315,17.004974740635,19.794750393773604,11.399336987980185,274.4754365686241
Türkiye,TUR,2020,95.3,15.204101467215498,95.9525757495893,99.2307423449242,98.0,98.0,95.0,77.0,,,,16.0,386.2593689,3.326,1.989,25.1652909229836,15.209181410838053,8.511298274060504,285.1840272852942
United Arab Emirates,ARE,2020,100.0,42.56892771247085,99.9999979225426,99.0960113749665,90.0,90.0,84.0,84.0,,,0.1,0.85,2154.41113281,6.249,2.83,47.9198581382905,28.37017807188889,14.72470576732642,213.1152277121713
Yemen,YEM,2020,51.3,265.8495905468235,68.2329200343338,59.8436190728003,57.0,57.0,55.0,44.0,,,0.1,33.0,65.17704773,0.491,0.176,43.7347708780854,23.57435763393668,12.614484316503384,252.9412006860462
Afghanistan,AFG,2020,34.6,281.3736229266565,72.1820710205908,48.9056813120247,61.0,61.0,59.0,42.0,,,0.1,205.0,80.0892334,,0.253,34.1641257733592,13.257733658782987,5.6190690868312005,262.82987175135
Bangladesh,BGD,2020,24.6,189.3691209746485,98.2725719690138,59.7111659386902,97.0,98.0,99.0,52.0,,,0.1,221.0,49.0274353,0.548,0.661,72.109680405827,25.349885443980483,19.305655746205108,353.6915448123114
Bhutan,BTN,2020,88.3,76.89190984604615,99.0775205402574,80.5347803811223,95.0,96.0,90.0,69.0,,,0.1,201.0,134.13723755,2.082,0.486,32.0956306761484,20.657957310399382,15.04960422085328,337.1603481688884
India,IND,2020,66.5,133.7224645976955,93.0977309081783,72.0482326780192,85.0,85.0,21.0,66.0,35.5,18.7,,197.0,63.83099747,1.72,0.723,52.1933674059995,25.48311822897095,16.796958705597632,289.5522941086668
Nepal,NPL,2020,38.3,241.9074394390305,91.5076217588488,72.4985122908231,84.0,84.0,80.0,51.0,,,0.2,228.0,59.07941437,3.362,0.857,51.1333778512821,22.01035327942088,15.65707186588902,332.05234363124697
Pakistan,PAK,2020,49.5,168.68357395948198,90.3763302585524,67.9433820948755,80.0,80.0,82.0,54.0,,,0.2,260.0,36.9091301,,,54.8397942743298,23.493185877161995,13.53144048261021,222.49779398728973
Angola,AGO,2020,49.4,119.3123139730033,64.9440305436538,49.8016376564917,59.0,59.0,65.0,43.0,,,1.7,373.0,56.01641846,,,19.5706484135285,23.40139108602686,15.31923719927618,325.23377625496124
Central African Republic,CAF,2020,0.8,354.30942674728897,37.2024024961025,14.1186349646869,37.0,37.0,36.0,34.0,,,3.0,455.0,42.63476563,,,35.2422763767659,26.4736579626096,16.45771568887883,307.7142354311282
Congo,COG,2020,35.4,170.0261487233935,73.2936799973637,20.4597460251332,73.0,69.0,71.0,44.0,,,3.2,300.0,80.09735107,,,37.3808909422355,25.59610260024405,19.91216412151,365.4240193037176
Democratic Republic of the Congo,COD,2020,4.4,348.601911246531,35.5104494105668,16.1158651582213,70.0,70.0,69.0,41.0,,,0.9,409.0,20.5593071,,,36.2422937513799,24.76352675449572,17.22533457013206,332.29873044199775
Equatorial Guinea,GNQ,2020,23.0,14.8364322129962,,,64.0,64.0,0.0,50.0,,,,216.0,213.59317017,,,40.9192263288473,25.21360600387812,19.97070504674853,365.9702062638374
Gabon,GAB,2020,90.0,33.29791781811425,87.7393004139279,52.8720170958258,63.0,63.0,0.0,50.0,14.4,3.4,3.3,413.0,227.2480011,2.645,0.586,31.2781900678149,25.813784435617947,20.241135584176057,365.9791374079202
Burundi,BDI,2020,0.1,358.7641618086765,64.4028716190814,44.4548070620661,93.0,93.0,93.0,48.0,50.9,5.7,1.0,97.0,26.21934319,0.946,0.069,37.9559631020333,21.395189579157982,13.007558480443237,277.9356222740011
Comoros,COM,2020,8.3,258.797545142564,85.4750115485724,52.6066035113726,74.0,74.0,0.0,54.0,,,0.1,35.0,89.67817688,1.582,0.441,10.2209724654924,26.06665805152745,19.38188927040629,365.9999984398349
Djibouti,DJI,2020,9.7,173.240535722837,78.7317549952208,66.7421157146302,70.0,70.0,70.0,49.0,,,1.2,366.0,66.53086853,,,39.8289344223707,28.61576009263077,17.492060446621817,282.56841251325085
Eritrea,ERI,2020,11.7,303.90632972938454,,,95.0,95.0,95.0,41.0,,,0.5,111.0,27.66697884,,0.088,30.9060475098208,24.652005821031043,10.564515682991008,252.5199901664569
Ethiopia,ETH,2020,6.2,287.673638834647,49.6550451612317,9.01330021395482,62.0,62.0,65.0,30.0,,,0.9,156.0,28.28001595,0.758,0.102,23.9067499898344,20.030312639519263,10.87598072705026,256.8101596520869
Kenya,KEN,2020,23.05,220.3297888138325,62.318211896262,38.018340896347,93.0,93.0,92.0,49.0,,,3.7,248.0,86.5921936,0.59,0.074,22.7039455998975,21.22245145999556,13.462808829295149,311.3804139789906
Madagascar,MDG,2020,1.3,306.8377311740145,52.2020747813196,13.6947390405503,67.0,67.0,67.0,33.0,,,0.3,214.0,16.78295326,,,12.3581851539272,21.60920518812188,14.23541736823802,307.6609412753648
Malawi,MWI,2020,1.8,317.731312848647,69.8639475231257,44.9611479828173,94.0,94.0,93.0,52.0,35.5,2.6,7.9,138.0,42.37881851,0.694,0.049,16.3899819196217,22.17916370121923,13.287876463501512,266.52800224021024
Mauritius,MUS,2020,99.0,20.681981162256548,99.8294531889086,96.2430585209024,95.0,96.0,96.0,77.0,,,,12.0,541.95184326,,2.689,14.1375462211663,23.953280085220285,16.821480026882867,362.7583131121693
Mozambique,MOZ,2020,6.1,326.388254218426,58.2943448564578,33.3404532645595,71.0,71.0,68.0,48.0,37.5,3.9,12.6,361.0,34.92252731,0.492,0.084,13.0371538034339,23.84780132132685,15.07411001984119,294.15592140692104
Rwanda,RWA,2020,4.3,287.5168254314135,59.0523587439994,75.8419280137536,91.0,91.0,91.0,56.0,33.1,1.1,2.6,63.0,45.15266418,0.919,0.116,38.4056047935603,20.12363023293571,12.583470491588914,315.33952751086235
Seychelles,SYC,2020,100.0,13.6659320621102,97.0338421453993,98.8969906145227,97.0,97.0,94.0,79.0,,,,7.5,670.88684082,5.212,,8.57463821654768,26.98868546869427,20.90713077711185,365.999996891357
Somalia,SOM,2020,3.7,371.623466743966,65.5578267078208,40.2756265135548,55.0,55.0,0.0,29.0,,,0.1,171.0,12.79912567,,,18.2958569527041,27.68061610950492,16.656861843440755,233.7190554945149
United Republic of Tanzania,TZA,2020,6.9,252.96993536839352,58.4288709914851,31.1602899873696,91.0,91.0,89.0,45.0,,,4.1,222.0,31.7036171,,,22.5094861470273,23.0177003366128,14.885757425321364,293.11933912507544
Uganda,UGA,2020,1.4,265.0875434276955,56.2751724073816,22.4171466106688,89.0,89.0,89.0,52.0,25.4,3.6,5.8,199.0,44.73381805,1.684,0.158,33.4244237039788,22.51644756128969,14.865379856947676,331.8447029279516
Zambia,ZMB,2020,10.9,216.1606526328975,69.1403580014109,34.4868129715486,84.0,84.0,85.0,56.0,,,11.1,319.0,60.01779938,1.626,0.253,19.448495527814,21.663493537391545,11.834864119580851,242.348989209242
Botswana,BWA,2020,65.1,37.1048091934974,91.5461365187927,70.3974291175514,95.0,94.0,94.0,61.0,,,19.0,274.0,386.28860474,3.285,0.433,13.3194834274843,20.76110083618908,9.13285941279256,222.78636056436665
Lesotho,LSO,2020,48.1,254.731715849131,75.7168396878056,42.7284382834052,93.0,93.0,95.0,55.0,,,20.7,599.0,96.84536743,,,27.1007395853564,12.925717467555184,6.6946756851868106,227.5000639498164
Namibia,NAM,2020,46.9,77.97296998994335,84.9689182481296,37.3147816708838,93.0,93.0,78.0,61.0,,,10.6,450.0,370.81643677,2.362,0.38,14.4300441951521,21.943898943654183,7.382509613368982,317.60655825830867
South Africa,ZAF,2020,88.1,49.13787792957381,91.1598368082793,74.917857781457,84.0,84.0,82.0,68.0,,,18.4,562.0,503.46759033,1.008,,28.3262173044747,17.990658474349477,9.771490928992272,260.4823260358467
Eswatini,SWZ,2020,49.4,88.47301194347115,75.5136191882992,62.0647533053702,83.0,83.0,83.0,66.0,,,26.9,336.0,236.99609375,2.446,0.138,16.7356915533242,20.28686250859356,12.55942297763688,303.24780305290903
Zimbabwe,ZWE,2020,30.3,263.951713808512,67.1664236498224,35.1923620543494,86.0,86.0,86.0,56.0,,,12.0,189.0,51.14250565,2.029,0.128,13.698771280809,20.96249227095414,10.94738419297001,226.5143107017751
Benin,BEN,2020,5.7,250.98344058023247,68.3129505616936,19.501704357901,70.0,70.0,70.0,38.0,,,0.8,48.0,36.62052536,,,41.5093042158764,27.365910389899245,19.181709877411343,332.7730444924178
Burkina Faso,BFA,2020,13.5,292.829294122824,50.3862637931321,27.7597483878875,91.0,91.0,91.0,42.0,17.5,8.8,0.6,62.0,57.17589188,0.916,0.096,38.7317658994725,28.86889179033585,13.45694257076356,302.618125569409
Cameroon,CMR,2020,27.4,226.1991624055265,69.29764588045,45.2885112207418,68.0,68.0,69.0,47.0,,,3.1,158.0,66.17185211,0.486,0.098,53.4777342537613,25.927358345379645,15.299432339302916,326.3330057251621
Cabo Verde,CPV,2020,81.0,126.33791819251228,88.5325658069206,80.9181460926349,93.0,93.0,0.0,69.0,,,0.9,57.0,249.71989441,1.725,0.725,20.3307780284102,23.94184908272904,17.274435662927534,365.4140721721568
Chad,TCD,2020,7.4,288.391149652736,51.195378612918,12.5503209104072,55.0,55.0,0.0,26.0,30.5,9.5,1.1,131.0,37.73088074,0.194,0.058,41.4493480107205,28.010306821559013,11.5321108787286,315.17768068358345
Côte d'Ivoire,CIV,2020,36.9,185.57103115911752,75.9870680852305,36.7505613601134,72.0,72.0,71.0,43.0,,,2.1,118.0,78.97766876,0.683,0.153,22.0556108824208,26.53650819673385,19.46046255244917,344.17726670457336
Gambia,GMB,2020,1.7,276.2947753444495,85.0680326919843,47.3645750957407,85.0,85.0,83.0,48.0,17.5,5.1,1.6,153.0,28.9169693,0.703,0.078,37.4272673372918,27.98612599110941,16.071064768917054,294.2570781903159
Ghana,GHA,2020,28.3,162.529313847547,85.8052795210658,26.5532224510153,94.0,94.0,95.0,51.0,,,1.6,140.0,97.37677765,3.528,0.166,30.1543666247493,27.455783671772085,19.3369791954607,335.0423848556789
Guinea,GIN,2020,1.0,282.3575228864295,69.4483664321703,28.8045342946628,54.0,54.0,0.0,43.0,,,1.5,179.0,41.1027565,,,27.2214398926513,26.50873297592841,17.34311949508663,311.7074707428489
Guinea-Bissau,GNB,2020,1.0,304.2755363213925,61.4023709076856,27.2502045881432,74.0,74.0,74.0,44.0,,,2.7,186.0,67.88795471,0.773,0.191,32.5028674212238,28.06149561507764,17.310396048368734,275.566111753241
Liberia,LBR,2020,0.6,334.6982474903355,76.193954779971,21.0772995001903,66.0,66.0,65.0,43.0,,,1.1,240.0,76.11009979,0.639,0.151,19.1348640047007,25.95709552736358,20.040944058928293,352.6399339022405
Mali,MLI,2020,1.2,286.6457953676255,80.8342374526546,42.5396302417606,70.0,70.0,66.0,42.0,23.0,7.2,0.9,56.0,28.20211601,,,34.6459248880864,28.877212479225246,12.94321280267232,308.6751932838196
Mauritania,MRT,2020,47.5,180.2906584733135,71.7451315704303,51.8124755125379,81.0,81.0,82.0,38.0,25.8,6.4,0.2,84.0,53.89974594,1.156,0.203,45.4453206008517,29.31743899591406,11.16098941810913,310.186676461874
Niger,NER,2020,3.8,329.3658661522185,50.7254664539795,14.5380631441061,81.0,81.0,81.0,32.0,45.3,12.0,0.2,81.0,35.75537109,,0.035,65.2328825383295,28.560653544383467,11.029892198450725,314.5371399750836
Nigeria,NGA,2020,18.9,159.7884557448475,76.2190366017765,44.3511472247714,62.0,62.0,60.0,45.0,31.5,6.5,1.4,219.0,67.91384888,0.394,,63.7025276792271,26.95738060812686,16.654876551567046,320.65093088798056
Sao Tome and Principe,STP,2020,3.5,213.39960844191103,76.8423036078909,47.1080132831109,96.0,96.0,96.0,58.0,,,,69.0,159.84396362,,,15.8580599660339,26.21840228457389,20.26661713635308,366.0000063416088
Senegal,SEN,2020,30.7,236.81984941120248,83.4855735664121,58.276399086684,83.0,83.0,82.0,49.0,,,0.3,139.0,75.16521454,0.349,0.082,40.6552283701407,27.181103009777782,15.31447946986355,294.8348432007565
Sierra Leone,SLE,2020,0.8,305.6931816402565,63.4122118828476,21.0167123808123,91.0,91.0,91.0,41.0,,,1.5,403.0,47.8861618,0.212,0.073,22.6716833620106,26.49217342686829,20.42169706443137,346.97118524443243
Togo,TGO,2020,10.6,289.6390340459305,62.0075237539343,22.6992561746885,85.0,85.0,84.0,38.0,,,1.9,48.0,52.75213242,0.484,0.079,36.9850943715423,27.44247031124328,18.36403474060005,323.56826644939844
American Samoa,ASM,2020,,63.97335644697405,99.7427169210217,62.1354996547904,,,,,,,,6.0,,,,4.16338006013942,27.054361654918523,21.32571488213561,366.0000009726694
Bermuda,BMU,2020,,42.56892771247085,100.0,99.9416526015971,,,,,,,,4.7,,,,4.83550443231108,22.24062514593484,15.223209282234087,332.3749941626064
Cook Islands,COK,2020,,15.39252706400985,,,,89.0,0.0,,,,,,,,,4.20898520100361,24.912618938603387,18.21977386789931,357.2982836876433
Greenland,GRL,2020,,42.56892771247085,100.0,62.5,,,,,,,,166.0,,,,1.71134735306652,-2.910391440120994,3.512173342403992,314.5178735937246
Guam,GUM,2020,,13.9181059528712,99.5242333892321,90.2490294142436,,,,,,,,54.0,,,,3.05763813189896,27.378995773373493,21.47351541293273,366.0
Monaco,MCO,2020,100.0,42.56892771247085,100.0,100.0,99.0,99.0,0.0,85.0,,,,0.0,7582.41552734,,8.609,11.8257626601201,13.987924735887576,9.698842470054975,331.1249851920119
Nauru,NRU,2020,100.0,96.89368970727196,97.95964456816,69.9202204676336,95.0,95.0,0.0,60.0,,,,112.0,1270.52563477,,,4.28553056370211,27.72916913515031,20.96642638848505,366.00001999153216
Niue,NIU,2020,,62.47113137763395,,,,99.0,99.0,,,,,,,,,3.58493447577146,25.610083499445302,18.967864149521382,365.1019085912552
Northern Mariana Islands,MNP,2020,,25.86028293219335,100.0,99.2362866028457,,,,,,,,133.0,,,,2.42633036438328,27.359851012954675,21.2678138069436,365.9999983546122
Palau,PLW,2020,100.0,37.77506372545605,99.5159760034998,98.5405897338691,96.0,89.0,75.0,75.0,,,,56.0,1938.33837891,6.573,1.798,4.4376300199508,27.544605917099645,21.6197122666766,366.000005451847
Puerto Rico,PRI,2020,,15.7792738993079,100.0,100.0,,,,,,,,1.1,,,,8.15921183568029,25.916877797762325,19.68777321468749,366.0000067585509
Saint Kitts and Nevis,KNA,2020,100.0,13.6477131564126,,,99.0,99.0,0.0,78.0,,,0.7,4.3,1067.84997559,,,8.94710367656993,26.57043267859761,19.88255063011594,365.99999360221057
San Marino,SMR,2020,100.0,42.56892771247085,100.0,100.0,89.0,88.0,82.0,74.0,,,,0.0,3758.609375,,,12.9926523461508,13.039208967908165,8.713354287230263,304.562506913437
Tuvalu,TUV,2020,75.0,202.694840046888,98.8162535576204,88.0017857400393,95.0,93.0,0.0,63.0,,,0.4,288.0,899.59460449,3.942,1.346,5.38072738218391,27.57547705885481,21.468840828308533,365.6370514516726
United States Virgin Islands,VIR,2020,,14.31999590919755,99.3776550086142,99.2389441193662,,,,,,,,,,,,6.75895096714321,26.640600847748736,20.0517228193228,366.00000603871086
South Sudan,SSD,2020,0.0,311.065031596232,39.7909332940047,13.0864589618101,67.0,67.0,0.0,40.0,,,1.7,346.0,47.40253067,0.706,0.043,23.0611499004342,28.36468152102923,14.09605417657157,300.8273048779394
Sudan,SDN,2020,63.4,207.8095238082925,61.0926356052486,54.1197261681039,90.0,89.0,90.0,47.0,,,0.1,62.0,22.91861534,,,34.3098025601851,28.739383274762464,8.961927969297285,315.3646568703704
China,CHN,2021,85.6,34.6091259480806,94.6329735273297,94.3857583646751,99.0,0.0,0.0,84.0,,,,55.0,670.25897217,3.519,2.517,31.918522723712,16.19288611576909,11.437286599132529,297.6196134393252
Democratic People's Republic of Korea,PRK,2021,13.1,297.6719941105235,93.8651377109975,84.7140378530296,99.0,99.0,0.0,80.0,,,,,,,,22.0593942623409,10.640719226961211,8.900870322545579,288.8625190386312
Taiwan,TWN,2021,,42.56892771247085,,,,,,,,,,,,,,17.6984636944496,22.5333597205544,16.323516738390204,351.3142031219354
Cambodia,KHM,2021,46.3,193.893095010947,79.7640004029773,73.7752065517154,86.0,86.0,86.0,59.0,21.9,9.6,0.6,279.0,137.38909912,,,19.5777877942962,27.7220565852817,20.26164179068495,334.00535091028974
Indonesia,IDN,2021,86.9,58.0587316168675,89.4041137814594,84.339850898343,67.0,67.0,1.0,66.0,24.4,7.1,0.4,330.0,158.89761353,4.052,0.688,19.9850538348218,25.97601142288549,20.122427345133584,364.1849237939639
Lao People's Democratic Republic,LAO,2021,9.6,130.2895685379695,87.5242448127318,83.0975867054683,65.0,65.0,60.0,60.0,,,0.4,143.0,68.61697388,,0.325,26.0671819322606,23.271829228339683,17.103725345428913,351.6461458266642
Malaysia,MYS,2021,86.4,14.094526307381098,97.7858740262041,96.0173467621383,95.0,94.0,76.0,79.0,,,0.3,98.0,476.94366455,3.968,2.268,14.1005683018031,26.595480133325086,20.73790131740841,363.91081226481725
Maldives,MDV,2021,99.7,29.079694944222098,99.675443163466,97.8641004075029,95.0,95.0,0.0,68.0,,,0.1,27.0,901.09185791,,,10.7460916544878,27.54449030716404,20.87435009393328,364.9999915801358
Myanmar,MMR,2021,44.5,166.5796900501505,85.5310377931068,74.1054938787639,37.0,37.0,40.0,50.0,,,0.9,353.0,96.86240387,0.196,,36.8613783730995,25.66848710688143,18.28894591376572,319.79258362834486
Philippines,PHL,2021,55.6,102.7859999894433,94.6741026690457,83.6784077055498,69.0,69.0,61.0,68.0,26.7,5.4,0.2,579.0,208.192276,4.788,0.792,22.7416729471695,26.74992039085324,20.82955620144625,364.29048172906505
Sri Lanka,LKA,2021,33.2,54.9112643904794,89.5988356123165,94.2083491070029,96.0,96.0,0.0,72.0,7.4,8.2,0.1,55.0,202.75497437,2.34,1.144,21.4624506663055,26.31586782100888,20.33239647291805,361.8682051895434
Thailand,THA,2021,85.2,31.7340413089766,99.9512350608319,98.3663780543942,92.0,84.0,0.0,82.0,,,1.1,143.0,363.72845459,,0.541,23.8087317782197,27.42224496826349,20.028768277180813,341.9572944516549
Timor-Leste,TLS,2021,16.3,247.0495249972425,82.6385824192743,65.5812259785817,83.0,83.0,0.0,47.0,,,0.2,398.0,132.07870483,,,12.917068808454,25.20001586084136,18.41013023959533,355.00773531273694
Viet Nam,VNM,2021,97.2,104.2193590282815,96.9270863481492,90.4559668368841,83.0,83.0,0.0,71.0,,,0.5,171.0,168.09350586,,1.107,25.2349538086608,25.326338317942184,19.2412682813178,355.73627027048275
Fiji,FJI,2021,51.0,67.17969731551119,95.4534634943263,93.3328625255853,98.0,99.0,97.0,69.0,7.2,4.6,0.5,63.0,331.58413696,,,5.97518909759315,25.321245681243067,18.98356701851172,361.6969467527911
Kiribati,KIR,2021,13.3,279.7513657057945,77.5479842310266,44.6738091395008,90.0,90.0,90.0,53.0,,,,547.0,263.09573364,,,3.46098456213132,27.13403014518469,20.63043382911063,365.000003829848
Marshall Islands,MHL,2021,64.9,183.0317894544829,87.579321179184,78.7159193807723,86.0,72.0,61.0,66.0,,,,478.0,782.16351318,,,4.27642742263445,27.09400290819806,21.156549783991263,364.9999915953897
Micronesia (Federated States of),FSM,2021,13.3,228.5874553559025,,,72.0,56.0,70.0,64.0,,,,137.0,399.43988037,,,3.56978052028658,27.3281974932318,21.489459445144803,364.9999927550812
Papua New Guinea,PNG,2021,9.9,220.652271962659,50.3501518830702,22.5229636359759,32.0,32.0,34.0,30.0,,,1.4,622.0,61.02529907,0.508,0.063,14.6480533757505,22.24869938065929,17.24638237237525,364.9270308659657
Samoa,WSM,2021,37.8,156.2754419370555,97.3015545518519,96.3448273060741,85.0,85.0,3.0,62.0,,,,6.1,285.65393066,,0.561,3.68268675074482,26.33780263356952,20.34652182395864,364.9999906070446
Solomon Islands,SLB,2021,8.6,271.1261137983645,71.2454871530386,33.9057348441726,87.0,87.0,86.0,46.0,,,0.1,108.0,98.80261993,,,8.16366216339273,26.75992398432834,21.28933426645024,364.99865238092025
Tonga,TON,2021,87.0,152.609591807813,98.7654258730206,93.6491554246251,99.0,99.0,67.0,70.0,,,,6.6,348.79745483,4.199,1.014,4.62303505862083,24.71153209181667,17.747962035189115,353.9725450207223
Vanuatu,VUT,2021,18.1,254.47858826065152,86.9249066053473,48.9569658031251,62.0,62.0,39.0,53.0,,,0.1,48.0,142.56698608,,,6.1793223587946,25.79399699887343,19.337981439898986,357.7604798419648
Armenia,ARM,2021,98.6,61.064138063785,99.4534764633698,93.0320229848765,93.0,93.0,93.0,71.0,,,0.3,26.0,595.83544922,4.845,3.255,30.5313936417254,9.240926392557752,6.198128401705915,258.6754631393386
Azerbaijan,AZE,2021,98.6,33.2156811529515,95.0977447085139,95.8663117734363,49.0,49.0,50.0,67.0,,,0.1,67.0,250.9887085,5.573,3.123,27.2242211332911,14.714096422647875,9.5158070537487,297.8549325159663
Georgia,GEO,2021,90.9,54.493346980570806,96.877911792559,88.7819724294363,85.0,85.0,82.0,70.0,,,0.3,63.0,524.32415771,5.828,5.287,19.566218652052,11.071067612552175,7.734880107539094,294.3262784703257
Kazakhstan,KAZ,2021,94.2,14.79323938499785,97.2275162757939,97.9538478987078,95.0,95.0,93.0,84.0,,,0.3,57.0,391.81536865,6.802,3.711,20.7882543073739,9.456833905448882,5.362366496968318,261.87245240241623
Kyrgyzstan,KGZ,2021,78.9,184.847547568437,93.250254637138,98.1478549913374,89.0,88.0,90.0,73.0,8.6,0.9,0.3,132.0,72.58779144,3.998,1.651,21.825457176683,10.484980141361811,5.659503121699898,224.82334568414072
Mongolia,MNG,2021,53.1,53.696447933707,83.761628489025,70.1321116661664,95.0,95.0,95.0,71.0,,,0.1,421.0,330.03753662,,3.884,48.7495925005672,0.727408079847586,3.7227412175553662,217.84801800510093
Tajikistan,TJK,2021,85.8,208.314383016487,87.724619438918,95.98782600032,97.0,97.0,0.0,71.0,,,0.2,76.0,75.10315704,6.537,1.949,34.7938330280456,12.632506109091374,5.712226976296285,235.7138624502751
Turkmenistan,TKM,2021,99.9,23.95973790556285,99.6108510416355,99.7409287319658,97.0,97.0,97.0,80.0,,,,35.0,471.86325073,3.502,1.917,35.1310852664652,16.538706144289154,6.008298681663585,274.33233173943194
Uzbekistan,UZB,2021,79.8,80.31637240998946,96.2897455645648,96.1847033375418,98.0,98.0,98.0,79.0,6.5,2.4,,60.0,156.44789124,,2.805,34.2032324656807,15.654199186643238,6.012922387408634,258.0673462484341
Albania,ALB,2021,84.5,55.3732701869951,95.0815150513051,99.2990351357274,98.0,98.0,89.0,69.0,,,0.1,15.0,465.57043457,,,15.8337516349214,13.776711926394572,8.697904912773678,271.8219549600772
Bosnia and Herzegovina,BIH,2021,39.9,53.0374147962408,96.1188407812551,,76.0,76.0,0.0,64.0,,,,23.0,697.07427979,6.644,,25.6011826273789,11.385511695332518,7.760154236946361,278.660992150169
Bulgaria,BGR,2021,,23.059068192031,99.2363227360567,86.0455390086067,89.0,89.0,86.0,72.0,,,0.1,13.0,1109.10290527,4.665,4.296,20.3137843906143,11.91908852819743,7.985878052904806,277.61152441502884
Croatia,HRV,2021,100.0,15.51101087567705,99.9022621135501,95.7936994032533,92.0,92.0,75.0,76.0,,,0.1,4.9,1423.52905273,7.949,3.734,15.8311978587026,12.904594441646523,8.410186237392574,264.7294284285482
Czechia,CZE,2021,100.0,16.28120140731955,98.7326235754859,99.0721814938167,94.0,94.0,0.0,83.0,,,,4.0,2538.03344727,9.339,4.246,13.9271630754611,8.808611461776305,7.070443611867392,322.7641828071859
Hungary,HUN,2021,100.0,13.402643522355,99.9722511315841,97.9812382429156,99.0,99.0,99.0,80.0,,,,4.1,1392.97460938,5.522,3.299,14.3835277703063,11.349364801866544,7.580940218211147,256.30969926934387
North Macedonia,MKD,2021,79.6,42.41681079643075,98.1308494044727,98.9748195551065,81.0,81.0,53.0,68.0,,,0.1,10.0,636.65447998,,,22.1217769876626,11.329050081559432,6.932852734844867,248.0950103120756
Montenegro,MNE,2021,61.7,27.6479507003162,99.2830138723667,97.7911092113251,83.0,83.0,0.0,69.0,,,0.1,17.0,1024.2565918,5.902,2.878,18.5616072203119,11.687437652477692,7.991271571017808,277.5275263411474
Poland,POL,2021,100.0,13.372266608107,91.710929872632,98.9573598717452,94.0,94.0,88.0,82.0,,,,11.0,1183.30236816,6.386,3.415,18.6068862351858,8.713370450826883,7.262916741511677,330.30391123830896
Romania,ROU,2021,100.0,15.042469772996398,100.0,88.6956428751098,86.0,86.0,85.0,76.0,,,0.2,67.0,963.01287842,8.107,3.486,16.1003744255086,9.99402453165244,7.496827538283089,305.1553203848828
Serbia,SRB,2021,81.1,32.6847745401845,95.4256771978758,97.9231088276216,91.0,91.0,89.0,72.0,,,0.1,19.0,889.09753418,6.593,3.029,19.0942900855095,12.080412232327362,7.763289397275738,253.5235229075792
Slovakia,SVK,2021,100.0,13.44955657890355,99.7874622291047,97.5341310938748,97.0,97.0,97.0,80.0,,,0.1,3.0,1684.51550293,6.048,3.683,15.2070816251722,9.756586411066133,7.249226100180652,294.3301095153793
Slovenia,SVN,2021,100.0,14.9467914494479,99.5845624791202,98.3111577508786,86.0,86.0,58.0,83.0,,,0.1,4.4,2779.56591797,10.62,3.335,12.7146140710229,10.90935932240881,7.879353799913515,303.29062226984405
Belarus,BLR,2021,99.8,24.62616917776225,99.3932172039885,99.6591219571066,98.0,98.0,0.0,80.0,1.2,1.2,,24.0,484.03930664,10.67,4.686,13.8648907796671,7.305347959773398,6.885860083550811,326.5846058259518
Estonia,EST,2021,100.0,13.83587106605275,99.9999994683624,99.0261691561023,90.0,89.0,0.0,79.0,,,0.8,10.0,2091.15649414,6.854,3.43,7.22114742755663,6.464735751535368,6.7022896301561214,336.415422059632
Latvia,LVA,2021,100.0,14.02630525636365,98.6663184077259,92.0069797523466,94.0,93.0,92.0,76.0,0.5,1.7,0.6,19.0,1897.95275879,4.393,3.356,15.6506457326208,7.185542287067628,6.898113056345635,336.37016668138904
Lithuania,LTU,2021,100.0,13.92430825273355,99.2383026544667,95.3414364231375,90.0,90.0,82.0,77.0,0.7,4.9,0.2,31.0,1844.33154297,8.213,4.485,13.1257678749685,7.368800037057871,6.965679123323308,333.70505107625485
Republic of Moldova,MDA,2021,98.1,95.23552770619024,91.4092054171204,85.1600042772456,87.0,87.0,78.0,70.0,,,0.9,80.0,403.87823486,6.496,4.039,15.613577613811,10.356154779865784,7.7420700250897,305.29644722469385
Russian Federation,RUS,2021,100.0,14.433279545466249,96.8045794762189,90.3506542509722,97.0,0.0,89.0,80.0,,,,47.0,881.74395752,7.171,5.087,12.9278827390739,5.694339253677292,6.174287967850176,294.2754130433225
Ukraine,UKR,2021,95.1,75.33843123692535,93.4969374195088,97.4790947349818,78.0,87.0,0.0,79.0,,,,81.0,369.90487671,,,15.7278049885396,9.236872287079713,7.396443756694553,303.74471857311823
Brunei Darussalam,BRN,2021,100.0,42.56892771247085,100.0,98.2641900046024,99.0,99.0,0.0,84.0,,,,66.0,665.87030029,6.617,1.886,7.41473381939997,26.91348103320371,21.628062411714662,364.9999974654093
Japan,JPN,2021,100.0,32.2692061526525,99.1133201720243,99.9501173283763,99.0,99.0,96.0,85.0,,,,11.0,4843.94433594,,,11.541008097897,15.503106920077322,10.980536516050227,310.96284960741934
Republic of Korea,KOR,2021,100.0,32.69539288304625,99.8371059639777,99.7784787407445,98.0,98.0,97.0,87.0,,,,44.0,3125.82714844,8.912,2.517,21.5452573537044,13.717473588339736,9.971535341354372,288.73063124239314
Singapore,SGP,2021,100.0,42.56892771247085,100.0,100.0,98.0,98.0,88.0,88.0,,,0.1,50.0,4050.81054688,6.313,2.781,13.8183890637078,27.26907271578977,21.279509435207,365.0000027399147
Australia,AUS,2021,100.0,42.56892771247085,99.9697732704149,100.0,95.0,95.0,96.0,89.0,,,0.1,6.5,7092.13476563,13.57,3.976,5.4818683964456,16.688756783957007,10.454414063097303,313.9133754485748
New Zealand,NZL,2021,100.0,25.24551675875865,99.9999956407702,99.9999956407702,90.0,90.0,95.0,89.0,,,0.1,7.0,4749.04199219,11.48,3.531,6.64525633790746,14.24413595799374,9.85116139119112,358.3022757042068
Andorra,AND,2021,100.0,42.56892771247085,100.0,100.0,99.0,98.0,95.0,74.0,,,,2.6,3668.44750977,4.821,4.758,9.25302038744399,8.314157910755029,6.760920255853923,330.133416981543
Austria,AUT,2021,100.0,42.56892771247085,100.0,99.9724908948366,86.0,86.0,0.0,84.0,,,,5.1,6554.14257813,11.18,5.432,10.7703740394321,8.953433324792874,7.017035964045787,312.6352875680263
Belgium,BEL,2021,100.0,42.56892771247085,99.9999987625062,99.486206436114,98.0,97.0,94.0,85.0,,,0.2,8.2,5847.17333984,12.89,3.537,10.7283609930744,10.375056493870824,8.108646063475042,347.7289883011502
Cyprus,CYP,2021,100.0,14.13075711167655,99.737372137771,99.4893875128893,96.0,92.0,81.0,75.0,,,,4.5,2947.81494141,3.787,3.355,16.4064238159329,20.877867907587373,12.009182932992108,262.0985279440563
Denmark,DNK,2021,100.0,42.56892771247085,100.0,99.5972289739284,97.0,97.0,96.0,85.0,,,0.1,4.0,7429.99023438,12.19,4.498,7.83233153264872,9.049000743439988,7.719830493915588,355.95762327509016
Finland,FIN,2021,100.0,42.56892771247085,99.9999969157891,99.4479633785746,89.0,89.0,82.0,86.0,1.3,1.4,,3.6,5261.90966797,14.01,3.609,5.26109490666293,4.943151382290039,6.178639503649829,328.10511183444737
France,FRA,2021,100.0,41.9737054426253,100.0,98.6468028432762,96.0,96.0,95.0,82.0,,,0.3,7.4,5364.89746094,9.422,3.264,9.93627290816782,12.3806309416668,8.76164887985663,327.95048402651287
Germany,DEU,2021,100.0,42.56892771247085,99.9999988425523,99.2258902349631,92.0,97.0,82.0,86.0,,,0.1,5.0,6653.58349609,12.26,4.503,9.90412103549472,9.504452159073148,7.563479667118509,336.44973712529
Greece,GRC,2021,100.0,14.8324311321513,100.0,98.9971863349773,99.0,99.0,96.0,78.0,,,0.2,2.3,1846.37304688,4.034,6.366,15.6616318007135,17.115816989676805,9.904579802228612,260.66881098391576
Iceland,ISL,2021,100.0,42.56892771247085,100.0,98.7799498182969,92.0,92.0,92.0,90.0,,,0.1,1.9,6722.421875,15.71,4.377,5.81227571822743,4.242245597486718,5.607867001421118,350.4523322169374
Ireland,IRL,2021,100.0,42.56892771247085,97.0473662537478,89.7724871048145,94.0,93.0,85.0,82.0,,,0.2,5.0,6754.07519531,13.61,4.028,8.08642354824427,10.353980632697068,8.251026077169888,363.3662422511588
Israel,ISR,2021,100.0,21.05116724406005,100.0,99.9301799523059,98.0,98.0,95.0,85.0,,,,2.8,4294.18847656,5.885,3.636,21.2769390267208,21.70711867315916,13.837212164182514,311.06251206836924
Italy,ITA,2021,100.0,21.66128533979805,99.9170340740928,99.8850975832792,94.0,94.0,91.0,82.0,,,0.3,4.7,3414.57299805,6.434,4.064,14.908654546733,14.651689679627532,9.597500231597188,298.32694785598966
Luxembourg,LUX,2021,100.0,42.56892771247085,100.0,97.6077017276341,99.0,99.0,96.0,83.0,,,0.2,6.4,7632.57275391,13.33,,8.97511853947365,9.627010803163625,7.666007094369816,334.9984854740539
Malta,MLT,2021,100.0,29.87709584271965,99.9999977128228,99.9999977128228,99.0,99.0,64.0,82.0,,,0.3,10.0,3641.03833008,8.387,4.294,11.9224212348358,20.152158506114603,13.768739945075964,342.4839163691991
Netherlands,NLD,2021,100.0,42.56892771247085,99.9999991132456,97.6777500278997,95.0,94.0,93.0,85.0,,,0.2,4.4,6718.88964844,11.53,3.875,10.0302491904906,10.501214920790115,8.23293639457137,351.9311264031569
Norway,NOR,2021,100.0,42.56892771247085,99.999996677432,98.0500277378087,97.0,97.0,96.0,88.0,,,0.1,3.0,9163.13867188,16.33,4.768,6.32535191211004,6.064294269689018,6.239100440465784,326.3108659772366
Portugal,PRT,2021,100.0,13.371074712615547,99.2456792845516,99.6623109186367,99.0,99.0,98.0,83.0,,,0.5,16.0,2764.04296875,7.714,5.711,8.90743352046322,15.42865197694203,10.050392957845128,325.7156275002052
Spain,ESP,2021,100.0,17.50056138417315,99.9253882857533,99.9188670826466,93.0,93.0,93.0,84.0,,,0.3,8.2,3188.8515625,6.502,4.457,10.2366414392856,15.821135594135216,9.440267242193864,291.3336419600725
Sweden,SWE,2021,100.0,42.56892771247085,99.7393684296399,98.7911500544417,98.0,98.0,97.0,85.0,,,0.1,3.8,6894.20166016,11.67,4.408,5.82496147194208,7.028631547585501,6.719518049048059,328.85768417271487
Switzerland,CHE,2021,100.0,42.56892771247085,99.9999966128277,99.8998704339259,96.0,95.0,88.0,86.0,,,0.2,4.7,11197.76464844,18.73,4.435,9.5328942364051,9.017266598589218,7.210666332783812,318.28696253027647
United Kingdom,GBR,2021,100.0,42.56892771247085,100.0,99.105873619579,93.0,93.0,91.0,88.0,,,0.2,7.9,5645.40136719,9.115,3.16,9.99579607939085,10.257514646330664,8.099908591139402,357.79387890594234
Argentina,ARG,2021,99.9,24.188029775393453,,,81.0,81.0,79.0,80.0,,,0.4,34.0,1182.15930176,4.618,5.384,13.9190749120157,17.081684170224737,9.989199974816051,271.4886212662807
Chile,CHL,2021,100.0,17.2944302662695,98.7780212070676,100.0,95.0,95.0,92.0,82.0,,,0.6,17.0,1576.69287109,4.61,2.979,22.0634868594571,13.301904450643098,7.902814479262545,262.99019047901123
Uruguay,URY,2021,100.0,19.762593408079,99.5860335482368,98.3535399904896,91.0,91.0,94.0,83.0,,,,34.0,1594.98059082,7.269,4.548,11.1461992677525,17.571985469933335,11.365720181082656,327.09040165402496
Canada,CAN,2021,100.0,42.56892771247085,98.4271662446964,98.5885671606396,92.0,92.0,84.0,92.0,,,0.1,5.4,6511.46972656,10.19,2.444,7.83769210708607,7.831735364122542,7.003387658282603,303.3295977541997
United States of America,USA,2021,100.0,42.56892771247085,99.894943997231,99.6486733885848,94.0,91.0,82.0,87.0,,,,2.6,12080.07324219,13.03,3.575,8.231389869812,15.284889875871611,9.651289332878754,281.12562999113004
Antigua and Barbuda,ATG,2021,100.0,17.57504706422575,98.9226250605056,99.6050402706189,92.0,92.0,0.0,80.0,,,1.0,4.3,835.06512451,,,9.34508100191775,26.34026629650256,19.48103969767182,364.74821058812176
Bahamas,BHS,2021,100.0,13.7504320887038,,,86.0,86.0,80.0,80.0,,,1.2,14.0,1946.21960449,,,5.76047860913552,25.37140893386647,18.207451686120383,351.5765792368901
Barbados,BRB,2021,100.0,36.96709002881465,99.0674985116994,97.3330327442074,82.0,82.0,83.0,81.0,,,1.1,0.35,1391.49853516,4.165,2.871,12.1711043025916,26.595533727646792,19.789858097611543,365.0000126766472
Belize,BLZ,2021,83.2,90.74474186678086,94.6148163127858,84.1586414948366,83.0,83.0,0.0,69.0,,,1.2,35.0,308.93920898,2.067,,15.8517350969341,26.285915070402577,20.21113073235634,362.3914597923056
Cuba,CUB,2021,94.9,101.8789691378627,94.7764082535519,92.8284902817438,99.0,99.0,0.0,86.0,,,0.6,5.4,,,9.542,9.8262445208671,25.921622470861784,18.452175273732745,356.9559309804939
Dominica,DMA,2021,87.1,73.52554065947146,96.6813469673205,,92.0,92.0,0.0,75.0,,,0.5,0.0,521.41455078,,,12.3704806638306,26.090016225916603,19.42346921888839,364.99998624859103
Dominican Republic,DOM,2021,92.7,32.795643955938,97.3054739452924,88.5790077931484,84.0,83.0,76.0,78.0,,,1.0,47.0,433.89172363,2.017,2.029,13.666329634232,25.028157521610307,18.33585505923159,361.47052184141904
Grenada,GRD,2021,86.3,46.653802952020655,,92.6192396904393,77.0,77.0,0.0,76.0,,,,1.7,508.09500122,,,12.3513912939514,26.67450008012452,20.21142585633394,364.9999997051968
Guyana,GUY,2021,100.0,40.52366623476775,95.3488391542383,90.6881198033659,98.0,98.0,99.0,80.0,,,1.5,66.0,457.86633301,,,18.2191500248983,26.25560922005836,20.884492546358,364.8589399359608
Haiti,HTI,2021,4.4,268.485498417002,71.2216853162772,28.793303113228,48.0,48.0,45.0,44.0,,,1.7,209.0,59.89406204,,,16.259372740045,25.932008651895384,19.033862153480097,363.736433848658
Jamaica,JAM,2021,92.8,95.29111498571984,88.5656727695016,90.0509072917054,90.0,90.0,0.0,75.0,,,1.2,2.7,413.36227417,1.717,,22.2134550045398,26.435391589995767,19.419009448085983,363.2147725913383
Saint Lucia,LCA,2021,93.0,51.49489142381515,97.6128621047241,83.3633139252982,80.0,80.0,0.0,77.0,,,0.4,2.2,654.8918457,,,11.8233788131253,26.60677445151054,19.61124231088137,364.8750011938626
Saint Vincent and the Grenadines,VCT,2021,90.8,53.1688807477597,,,92.0,99.0,0.0,74.0,,,0.9,4.9,454.784729,,,11.8266935743069,26.62735044020801,19.96184247385716,365.0000044607511
Suriname,SUR,2021,95.1,43.6180821411551,97.9911262229976,89.9622405684379,72.0,72.0,0.0,75.0,,,1.6,23.0,270.37786865,2.931,1.466,16.9623559951022,26.370251962672327,21.02301412106998,364.824203052087
Trinidad and Tobago,TTO,2021,100.0,13.4362664176794,98.8610651706074,94.2194207686008,94.0,94.0,95.0,74.0,,,,15.0,1170.93859863,,4.157,14.7081564101409,26.326513783653663,20.304184548189024,364.9985383038112
Bolivia (Plurinational State of),BOL,2021,88.7,118.62271049756252,92.1056066930792,67.2484529429256,70.0,70.0,70.0,66.0,,,0.4,96.0,276.20880127,1.624,1.284,28.1172356323428,15.784861542792592,10.137767834603496,295.2559092962391
Ecuador,ECU,2021,94.6,66.4484653483038,91.6679688457759,88.9779601085787,72.0,68.0,62.0,78.0,,,0.4,41.0,507.65136719,,,18.605495375963,19.50599276029228,14.700587224152702,363.7332818191165
Peru,PER,2021,88.4,53.5118053999435,93.9287808522473,77.2143581209312,82.0,82.0,75.0,68.0,11.5,0.4,0.4,137.0,455.3560791,2.657,1.673,28.9466302805559,16.233101045844176,11.39397058721621,335.956498476505
Colombia,COL,2021,91.4,45.36637792698705,96.5223081416627,93.9711220297613,87.0,87.0,84.0,82.0,,,0.6,41.0,568.84130859,1.458,2.467,16.6640289062553,20.60955463057701,14.975223355276883,350.71379564407545
Costa Rica,CRI,2021,96.1,32.2829748184622,99.8118715066538,98.265064236441,93.0,92.0,87.0,84.0,,,0.6,9.8,977.14831543,3.096,2.564,18.054990422746,21.84070450874828,16.5002028751635,362.3198551213879
El Salvador,SLV,2021,92.9,101.34065586045033,90.421388926903,87.2765374387919,97.0,97.0,92.0,78.0,10.0,2.9,0.4,39.0,470.14025879,2.66,2.94,28.6065883877576,26.644797917601743,17.502874022523727,278.0346062443707
Guatemala,GTM,2021,44.8,105.13052121806436,92.5346655416111,69.4621730094076,80.0,80.0,79.0,59.0,46.0,0.8,0.2,20.0,361.51858521,,,31.1657290720303,21.22893989553919,14.319908310256857,338.3573698847691
Honduras,HND,2021,49.3,173.295244731536,94.6929450618276,84.9512648992071,77.0,77.0,77.0,64.0,,,0.2,38.0,253.63349915,,,30.2857858448489,24.36443410310761,16.91373971289259,326.2635025455393
Mexico,MEX,2021,85.05,26.735412665305752,99.0090934864526,92.1526440010022,78.0,78.0,83.0,79.0,12.8,1.7,0.4,27.0,606.13415527,2.969,2.541,16.8243083628705,19.8719480142288,11.322343134646736,281.9338878845817
Nicaragua,NIC,2021,57.7,163.1890317685305,,,87.0,,,71.0,,,,46.0,204.21273804,,,20.0656114146273,26.218309750183607,18.328718576808548,318.9642897026966
Panama,PAN,2021,100.0,16.4173481159632,94.6436730326195,85.5096832210543,87.0,87.0,87.0,83.0,,,1.1,43.0,1417.1541748,3.757,1.737,14.7545659474275,25.485719208599072,20.10071550940205,364.2654278914525
Venezuela (Bolivarian Republic of),VEN,2021,94.4,135.917053523437,93.5087058493878,97.0023571451138,56.0,56.0,0.0,77.0,,,0.5,48.0,162.43952942,,,18.171098677907,25.00761329462251,17.86865392266058,342.78380427868944
Brazil,BRA,2021,96.4,38.2287380215198,99.4272648803619,90.3198016289812,68.0,68.0,69.0,84.0,,,0.7,47.0,768.27075195,5.638,2.191,13.6869644159129,22.937481917506613,15.202097374874592,312.0328916605829
Paraguay,PRY,2021,70.2,58.70336995423785,99.3305060939918,93.3920477799252,70.0,70.0,62.0,79.0,,,0.5,57.0,480.11322021,9.057,3.252,15.7732462771943,22.463317849095763,13.950524746140465,282.1892866894991
Algeria,DZA,2021,99.7,44.4530531956584,92.273231858432,85.7843029485606,81.0,81.0,78.0,69.0,,,0.1,57.0,208.93911743,,,16.8669275134746,18.91172864275225,9.121174077400974,274.1428304384677
Bahrain,BHR,2021,100.0,42.56892771247085,99.9198990209829,100.0,98.0,98.0,99.0,78.0,,,0.1,17.0,1176.92102051,,,57.5337113311962,27.44200563919908,17.034333166608945,260.8767131913229
Egypt,EGY,2021,99.9,60.5577683360836,97.5013675608953,96.4288914179465,96.0,96.0,0.0,71.0,12.8,3.3,0.1,11.0,176.93664551,,,41.5138300696419,23.292271715534984,10.774785859115193,183.46078226962155
Iran (Islamic Republic of),IRN,2021,96.2,28.4690505215568,97.5146314590197,90.3162236149744,98.0,98.0,0.0,81.0,,,,12.0,196.66934204,,,41.088278911137,17.17659567497277,5.961588751602691,278.3006432141784
Iraq,IRQ,2021,99.4,44.65280745358216,98.3711569251332,98.4959720542325,78.0,78.0,0.0,64.0,,,0.1,20.0,251.59538269,2.464,0.983,48.7958205411035,25.364730216884475,6.9226052389046,283.6566741417833
Jordan,JOR,2021,99.6,85.4438919543889,99.200324026186,96.7318948068054,85.0,85.0,0.0,71.0,,,0.1,4.8,322.01589966,,,30.9456076388942,20.485018415945163,9.269086911194126,177.2032371141217
Kuwait,KWT,2021,100.0,42.56892771247085,100.0,100.0,94.0,94.0,96.0,83.0,4.3,3.2,0.1,22.0,1829.13134766,,,61.9693860366375,27.792456299561334,9.373649514230076,266.96831312209457
Lebanon,LBN,2021,,51.35680905006185,92.6,99.2,67.0,69.0,67.0,68.0,7.0,1.4,0.1,11.0,189.8581543,,,25.2265566483814,19.80502553821261,12.349027188324657,302.4853255600429
Libya,LBY,2021,,23.146442118030848,95.5357202334962,88.8198215396721,73.0,73.0,73.0,69.0,,,0.1,47.0,298.84338379,,,22.0481982301485,21.59744313621332,11.205895198014549,263.8846523271203
Morocco,MAR,2021,98.1,97.86289877435576,89.0414569298463,87.3836441048483,98.0,98.0,90.0,65.0,,,0.1,89.0,209.57344055,,0.74,18.8808973994063,18.37801618504804,10.064252839996918,290.22980409474866
Palestine,PSE,2021,,165.32144014523,98.8663957531696,99.0621470403227,95.0,95.0,95.0,66.0,,,,0.69,364.4173584,,,21.8706255570971,21.429125180413624,12.470311358478996,268.1836626670658
Oman,OMN,2021,100.0,42.56892771247085,92.3097194594894,99.3204402699812,99.0,99.0,99.0,73.0,,,0.1,7.4,843.01953125,4.527,2.006,45.7566725913839,28.07100158367169,14.609841791376292,266.87673195685124
Qatar,QAT,2021,100.0,42.56892771247085,99.9828259022685,99.9365453448301,98.0,98.0,98.0,84.0,5.4,1.2,0.1,46.0,1847.00231934,,,107.889879004395,28.40320890510233,15.417634510906636,229.96946145524905
Saudi Arabia,SAU,2021,100.0,42.56892771247085,99.0455148837977,97.5922328659359,97.0,97.0,97.0,82.0,,,0.1,9.0,1654.74353027,6.432,3.2,73.6731291479972,27.719833301033248,9.48991756919818,281.12525070399283
Syrian Arab Republic,SYR,2021,91.1,190.42589043541847,94.0536912960994,94.6418305675614,61.0,61.0,0.0,72.0,,,0.1,24.0,53.4726181,1.757,1.521,30.5681166315142,18.763424881678485,8.341242010319517,229.40001539960647
Tunisia,TUN,2021,99.9,64.1930389151929,95.5312981932344,96.2856817943005,97.0,97.0,96.0,75.0,,,0.1,40.0,285.25247192,2.161,1.315,20.064818139673,20.153405487956547,11.327041900600271,259.9161421449853
Türkiye,TUR,2021,95.3,14.517470294136,95.9614082696356,99.2429248259355,95.0,95.0,96.0,77.0,,,,16.0,431.33978271,3.349,2.118,25.2242202848915,14.977206930077369,8.338473866488028,278.2886709399312
United Arab Emirates,ARE,2021,100.0,42.56892771247085,100.0,99.0936250142386,96.0,96.0,95.0,84.0,,,0.1,0.82,2249.96313477,6.109,2.786,56.3065448613774,28.929998600618983,15.272831353831172,220.51239566338128
Yemen,YEM,2021,50.1,274.733950133292,69.9256117406169,60.6660832932611,56.0,56.0,55.0,45.0,45.1,10.0,0.1,34.0,49.30105209,0.611,0.174,41.7348051930135,23.69615308133877,11.538065567448957,245.31708596270508
Afghanistan,AFG,2021,35.9,285.8390004429145,74.5545259961346,50.2966403259731,55.0,55.0,53.0,42.0,,,0.1,206.0,81.52112579,,,39.7388328758413,14.783006462474818,5.280364793707803,263.220462212984
Bangladesh,BGD,2021,25.9,181.9920851040335,98.4379436580879,61.6770898454809,97.0,97.0,97.0,52.0,,,0.1,221.0,56.09640121,0.619,0.677,73.1105267513781,25.803517861955346,19.278861325428853,349.4338001381126
Bhutan,BTN,2021,89.5,75.24635059294656,99.1933487306505,82.1461906791953,98.0,98.0,95.0,68.0,,,0.2,185.0,161.46617126,2.216,0.561,32.476862028065,20.91131009778419,15.068542483242547,340.2451239338891
India,IND,2021,70.2,128.948518647914,93.760281159736,74.9328568041953,85.0,85.0,25.0,67.0,,,,196.0,75.54971313,,,55.6234726382873,25.636555682641497,16.612955301857404,292.006388199623
Nepal,NPL,2021,39.9,238.3566827797905,92.0505329995059,75.8233419830013,91.0,91.0,84.0,54.0,,,0.1,230.0,69.1880188,3.555,0.884,56.8352288944933,22.44112166104264,15.683822720333652,323.22174930230454
Pakistan,PAK,2021,51.3,166.1022607925075,90.5243087608224,69.8533376726557,83.0,83.0,83.0,55.0,,,0.2,270.0,42.79639816,0.52,1.16,58.590150324952,24.097244222870525,13.471630583240334,218.969007424416
Angola,AGO,2021,49.8,124.2519368738674,65.716257719435,50.0511353702384,55.0,55.0,48.0,38.0,,,1.7,371.0,66.94487,,,18.4908414693325,23.47396275173831,14.905638703239868,315.44942822413395
Central African Republic,CAF,2021,0.9,354.6631837859545,36.1973817854423,13.7575074575386,35.0,35.0,34.0,33.0,,,2.8,446.0,46.25038147,0.204,0.022,33.2577447153042,26.606649752683943,16.696806399277524,305.1156090513558
Congo,COG,2021,37.5,176.016476540517,73.4884211673414,20.5548099594917,77.0,75.0,75.0,45.0,,,3.2,297.0,78.60149384,,,36.7456736527741,25.528253210233228,19.754401666992635,364.6416100719448
Democratic Republic of the Congo,COD,2021,4.6,347.7975278186325,35.3236207810538,16.1461710925268,65.0,65.0,63.0,40.0,,,0.8,401.0,21.58848572,1.047,0.171,36.8463421764002,24.79747697471065,16.76675264891763,324.10476614833345
Equatorial Guinea,GNQ,2021,22.8,16.5522723963236,,,67.0,67.0,0.0,50.0,,,,211.0,243.81242371,,,41.5933457698159,25.101167417794777,19.82480937932465,365.0000080925207
Gabon,GAB,2021,90.5,33.7722436316881,87.9954718713657,54.3351602742865,75.0,75.0,0.0,48.0,,,3.2,401.0,228.46922302,,,30.4548421034181,25.68136253151253,20.14991929452289,364.995743349291
Burundi,BDI,2021,0.1,359.158293540817,65.0493033882129,44.5545225988873,94.0,94.0,94.0,45.0,,,0.9,93.0,23.11420059,0.963,0.076,36.847841947951,21.1269515991518,12.789495597866624,275.2786734069184
Comoros,COM,2021,9.0,258.051059871205,85.368182871054,53.7961210274577,72.0,72.0,0.0,54.0,,,0.1,32.0,100.50016785,,,9.93169178429907,25.830612805276523,18.93014601960942,365.0000040210152
Djibouti,DJI,2021,9.8,166.52305037436048,78.9636292425205,66.8311205695029,59.0,59.0,59.0,47.0,,,1.1,392.0,86.88237762,,,36.2143866826732,28.482081618932604,16.663282854216323,275.38235046785576
Eritrea,ERI,2021,12.0,303.772995050959,,,95.0,95.0,95.0,39.0,,,0.5,111.0,27.58759499,1.417,0.085,30.3260485663662,24.9574637188556,10.273573911708246,250.9806264332172
Ethiopia,ETH,2021,6.5,281.264790448223,51.1547750099921,9.3447728615381,63.0,63.0,63.0,29.0,,,0.8,151.0,26.06931114,0.738,0.1,23.7887266123944,19.8663620348286,9.7474089884847,250.36737035321983
Kenya,KEN,2021,25.8,216.719513520943,63.1426684243247,38.7368777065186,95.0,95.0,94.0,53.0,,,3.6,247.0,94.20249176,0.65,0.098,20.7417100078724,21.412414603218103,12.612611065247396,274.0344683800712
Madagascar,MDG,2021,1.4,307.613599071624,52.9732968597974,14.2229663442332,55.0,55.0,56.0,34.0,39.8,7.2,0.4,216.0,17.17938805,,,12.7391892591544,21.65548363605472,14.43538933873342,313.5483469499248
Malawi,MWI,2021,1.7,317.123442398888,70.6341661895421,47.1071277327455,93.0,93.0,93.0,55.0,,,7.4,132.0,46.41017532,,,15.6967269641745,21.88128369757629,13.083887128368564,254.99598595433912
Mauritius,MUS,2021,99.0,20.587964071260203,99.8537467482534,96.5249988240641,95.0,94.0,93.0,76.0,,,,11.0,593.77947998,,,14.2401161185035,24.19751859724032,17.07644088858601,363.8106770836489
Mozambique,MOZ,2021,6.5,326.41813554436646,60.34998629028,34.6331153020155,56.0,56.0,56.0,47.0,,,12.4,361.0,44.09894943,0.574,0.082,13.3097982315407,23.6358025470659,14.971821517423022,289.9242392119756
Rwanda,RWA,2021,5.7,284.102043024748,59.6381227763257,77.3571126484404,88.0,88.0,88.0,55.0,,,2.4,63.0,51.64677429,0.95,0.121,37.0965668074397,19.935064400749667,12.284526740849202,305.59408981581004
Seychelles,SYC,2021,100.0,13.54836664916425,97.2072138644351,98.8985665517452,94.0,94.0,95.0,78.0,,,,8.9,629.85974121,5.024,3.634,8.80433921966237,26.545132523882646,19.99276644232816,364.99999390513625
Somalia,SOM,2021,4.3,370.9480212919031,67.9535994970856,41.3196817201459,62.0,62.0,0.0,29.0,,,0.1,167.0,15.01879692,,,16.8921929608927,27.3453488406832,15.745049669797794,220.34487012127408
United Republic of Tanzania,TZA,2021,7.8,250.40302026366,59.9769893426504,32.6535108479798,86.0,86.0,86.0,46.0,32.7,3.6,4.0,208.0,37.53121185,,,20.59925012622,23.068281042658658,14.196376277371582,273.2367366135449
Uganda,UGA,2021,1.5,263.8216477215745,57.9452003284678,22.789614286416,91.0,91.0,91.0,53.0,,,5.6,199.0,51.03484726,,,32.2662841882816,22.80768628104071,14.292548909932425,312.1815439032191
Zambia,ZMB,2021,10.2,216.7983675424185,70.2228298527718,35.2442051458646,91.0,91.0,89.0,56.0,,,10.7,307.0,74.83802795,1.851,0.295,19.5925009286197,21.61072011700837,11.56176501677476,230.33818595237503
Botswana,BWA,2021,65.6,36.38123628347645,91.6110310251098,70.9542350453954,95.0,95.0,90.0,60.0,,,18.2,241.0,492.14276123,3.284,0.422,13.9720494964628,20.413957409214625,9.20828681681927,230.62835637434853
Lesotho,LSO,2021,49.8,256.8232063233055,76.300316439538,44.0363729437393,95.0,95.0,95.0,55.0,,,19.8,606.0,115.81448364,,,27.1127701740992,12.569183810118837,6.694044228562299,226.10994657611693
Namibia,NAM,2021,47.5,79.8877667140645,85.3713640915778,37.6969593429633,94.0,94.0,79.0,61.0,,,10.2,441.0,449.95172119,2.552,0.42,14.4518731743436,21.305986862027154,7.408169286188285,289.91487760078246
South Africa,ZAF,2021,88.7,49.7431833815705,90.9231026021655,75.5483071505453,86.0,86.0,86.0,72.0,,,18.2,513.0,592.9465332,,0.781,27.7225927797214,17.792445991809966,9.665482296537393,269.4105257194768
Eswatini,SWZ,2021,49.5,86.5900738222345,76.7260694607932,62.6692355268683,77.0,77.0,63.0,67.0,20.0,1.8,26.1,334.0,297.72213745,,,17.8762333514337,20.042864474978668,12.314037083880692,294.23550209398667
Zimbabwe,ZWE,2021,30.3,264.629820994047,67.162605340134,34.6099501611517,88.0,88.0,88.0,57.0,,,11.5,198.0,60.89874268,,0.136,15.1447088758431,20.77934755854722,10.93548283246843,232.12022583161632
Benin,BEN,2021,5.8,247.52016145885648,68.6381245479094,20.1721169387367,70.0,70.0,70.0,37.0,34.1,8.3,0.8,46.0,38.45053101,0.564,0.205,40.8353843252766,27.707575234025,19.39696507332003,337.3470322008052
Burkina Faso,BFA,2021,14.6,290.1930969617925,50.0752719507407,28.8068022658045,91.0,91.0,66.0,45.0,21.1,9.3,0.6,61.0,63.59171295,0.92,0.101,37.330661427955,29.257311783186108,13.472067794399614,296.6464313237018
Cameroon,CMR,2021,28.4,225.09853079163548,69.787122797367,45.7300133468788,71.0,71.0,70.0,43.0,,,2.9,150.0,72.59731293,0.195,0.126,53.1474397977025,26.006526591305207,15.22938710187459,328.2104732657365
Cabo Verde,CPV,2021,82.1,127.883586717951,89.2475125078835,83.0030877232497,93.0,93.0,0.0,70.0,,,0.9,49.0,262.42272949,1.796,0.732,19.0896305382384,23.61563044067968,17.006307995789033,365.0000033093413
Chad,TCD,2021,8.0,290.940343769036,51.8991024750567,12.823518442494,62.0,62.0,0.0,25.0,31.1,10.2,1.1,127.0,37.59156799,0.191,0.056,40.2491809011673,28.3944022817065,11.178148787180444,309.3951292875772
Côte d'Ivoire,CIV,2021,39.35,180.71473439434948,76.3229847618577,37.704616869195,73.0,73.0,64.0,46.0,23.4,8.1,2.0,112.0,92.39588928,0.676,0.167,21.3540188476971,26.5745463268129,19.76115071470873,346.40589949061587
Gambia,GMB,2021,1.7,275.229286282359,85.696311673001,47.5364188505618,82.0,82.0,78.0,49.0,,,1.5,149.0,29.77283478,0.692,0.104,38.4502793605721,27.894087017061324,16.29406341841456,286.04913574886353
Ghana,GHA,2021,29.9,159.655226038227,86.841252750433,27.7916388048117,98.0,98.0,98.0,54.0,,,1.6,136.0,94.40388489,3.453,0.128,29.2960702713952,27.589750760690176,19.63841348959539,340.55963977010475
Guinea,GIN,2021,1.0,279.1026721386695,70.7443560609114,30.0258495167405,56.0,56.0,0.0,41.0,,,1.5,179.0,44.10476303,,,27.0984815291413,26.520948250898115,17.26431090419504,306.8029770165767
Guinea-Bissau,GNB,2021,0.95,303.117674007883,61.5510835646003,28.6139998460415,67.0,67.0,67.0,44.0,,,2.5,183.0,70.21189117,1.054,0.22,31.7834142819936,28.014497013203464,17.52029326033143,274.3893518670989
Liberia,LBR,2021,0.7,335.0603737306185,76.8629734925215,21.631407651363,67.0,67.0,65.0,48.0,,,1.1,232.0,88.54867554,0.486,0.169,16.8624791037979,25.894807942939803,20.11850159240932,355.8306604680935
Mali,MLI,2021,1.2,285.686253627012,82.2652506105548,43.8404477380485,77.0,77.0,77.0,42.0,22.1,9.3,0.9,54.0,30.55883217,,,34.9143864868661,29.355145846079765,13.0431878686107,303.11889377909995
Mauritania,MRT,2021,48.1,180.1445945198535,73.3049522964887,53.9267671870648,77.0,77.0,77.0,39.0,17.4,10.1,0.2,79.0,73.6309433,1.565,0.219,48.987965577262,29.518904971905844,10.943662395705516,297.2563127687556
Niger,NER,2021,4.1,328.915561302748,51.4037852396431,14.973899415173,82.0,82.0,82.0,36.0,44.4,11.5,0.2,80.0,35.39406204,,,62.6985995228804,28.86363147470417,10.21879250903526,307.72723901779574
Nigeria,NGA,2021,21.85,161.237404635283,77.8385518833185,45.4491559568794,61.0,61.0,60.0,47.0,33.8,11.6,1.4,219.0,81.87322235,1.105,0.386,63.7505486555452,27.13834934476894,16.799378011873976,320.07237536344087
Sao Tome and Principe,STP,2021,3.9,212.181913100904,77.1104795429933,48.4573502739393,97.0,97.0,97.0,59.0,,,,59.0,187.06524658,,,14.8156728919369,26.312208517259965,20.269432058943103,364.9999943901068
Senegal,SEN,2021,32.1,234.1695066403545,84.636074800772,59.3441523766207,85.0,85.0,83.0,48.0,,,0.3,136.0,71.12162781,0.535,0.099,42.371884937796,26.86525657058006,15.370209710798528,289.7480702120397
Sierra Leone,SLE,2021,0.8,305.713167875194,64.5803175608776,21.9564987659226,92.0,92.0,90.0,45.0,26.3,6.3,1.5,395.0,44.90049362,,,21.3670032854365,26.42414384280022,20.45092399602281,353.0884138154152
Togo,TGO,2021,11.4,287.099281897127,62.4040009740747,23.7836212231427,87.0,87.0,86.0,38.0,,,1.9,47.0,52.72237015,0.386,0.057,34.5087889494952,27.75482900517323,18.7274971156708,327.58495354743764
American Samoa,ASM,2021,,61.7984839684875,99.9781289242709,62.1275988186987,,,,,,,,4.4,,,,3.44788729126219,26.81101385002421,20.674251062561066,365.00000522635327
Bermuda,BMU,2021,,42.56892771247085,100.0,99.9416526015971,,,,,,,,3.1,,,,5.41726938273909,22.249711343241945,15.3801018629016,339.1875145297026
Cook Islands,COK,2021,,15.0389979430196,,,,81.0,0.0,,,,,,,,,3.30167059095906,25.001527376253705,18.046140342136948,359.02325553694834
Greenland,GRL,2021,,42.56892771247085,100.0,62.5,,,,,,,,76.0,,,,1.72065428953595,-1.7874902130065191,3.646313452007934,311.25221749971126
Guam,GUM,2021,,13.7240852281572,99.526767392586,90.3128042815002,,,,,,,,55.0,,,,3.41198728904722,27.5018424992943,21.58264936363971,365.0
Monaco,MCO,2021,100.0,42.56892771247085,100.0,100.0,99.0,99.0,0.0,85.0,,,,0.0,8225.38769531,,,11.7314886869995,13.666236704117946,9.265028455607933,318.8125010245036
Nauru,NRU,2021,100.0,93.764446664222,97.9304771849756,70.2704718524126,98.0,98.0,59.0,61.0,,,,179.0,1636.45788574,,,4.02205182033666,27.450036595434728,20.69434386027007,365.0000144893126
Niue,NIU,2021,,59.069059538850496,,,,99.0,99.0,,,,,,,,,3.1895817453026,25.5488296878458,18.726666438812508,358.8671226105192
Northern Mariana Islands,MNP,2021,,27.9704243222052,100.0,99.4974327439361,,,,,,,,115.0,,,,2.78361494766136,27.50510348246491,21.474142266344703,364.99999136227206
Palau,PLW,2021,100.0,39.91476912656025,99.5219466683348,98.7826866864938,95.0,89.0,77.0,73.0,,,,45.0,1931.31152344,9.045,2.809,5.02301222684776,27.527180519300863,21.699198373510963,364.9999958245795
Puerto Rico,PRI,2021,,15.60654284433995,100.0,100.0,,,,,,,,0.69,,,,8.38041523934302,25.738194101774464,19.15145887725464,364.9261326252201
Saint Kitts and Nevis,KNA,2021,100.0,13.7263300397672,,,96.0,96.0,0.0,80.0,,,0.7,0.0,1132.58447266,,,9.73771165912598,26.35846604241849,19.5713085420491,364.8125176868925
San Marino,SMR,2021,100.0,42.56892771247085,100.0,100.0,90.0,90.0,82.0,74.0,,,,0.0,4033.1027832,,,11.7981796012366,12.780657672756789,8.43918122308023,282.1875029936685
Tuvalu,TUV,2021,76.4,198.784192601328,98.798446877674,88.424780639943,94.0,94.0,0.0,65.0,,,0.4,216.0,1122.39929199,,,4.78158567274116,27.32734449945553,21.03406399678056,364.5943782942739
United States Virgin Islands,VIR,2021,,14.4352662248801,99.4216676526914,99.2489130778912,,,,,,,,,,,,7.02606660812034,26.45963401197576,19.59278625960125,364.00000726889147
South Sudan,SSD,2021,0.0,316.24383923215896,39.6554918601002,13.6458281034803,69.0,69.0,0.0,41.0,,,1.7,339.0,34.78803635,,,24.9020366181579,28.969095038994503,13.368868327487908,292.65290723739275
Sudan,SDN,2021,65.7,211.7728523234445,62.0626646208018,56.9352476681987,84.0,84.0,85.0,46.0,,,0.2,58.0,21.69141006,,,38.7008440663385,29.4432653710478,9.062718611873818,309.9674454657393
China,CHN,2022,87.2,31.6149966254434,95.4385845932759,95.8923648413213,99.0,0.0,0.0,84.0,,,,52.0,755.43597412,3.666,3.112,31.8957749766111,16.038642857465618,11.026861731977492,283.91427500197017
Democratic People's Republic of Korea,PRK,2022,13.6,299.1671340049515,93.8875010138071,84.7650382260713,99.0,99.0,0.0,76.0,,,,,,,,20.8382520100041,9.945215544403268,8.6175614651296,270.8954811111434
Taiwan,TWN,2022,,42.56892771247085,,,,,,,,,,,,,,19.3558002540664,22.187339469793507,16.251201854120758,357.0620999536654
Cambodia,KHM,2022,52.15,189.541949323634,80.8599549237853,77.0641162411033,84.0,84.0,84.0,60.0,,,0.6,277.0,103.89541626,,,19.8334520389805,27.769004197812457,20.71452909951234,344.4418427607982
Indonesia,IDN,2022,88.8,55.5722498294538,89.7113532580834,85.6486611717997,91.0,82.0,6.0,68.0,21.6,7.5,0.4,375.0,127.44384766,4.123,0.681,19.7659265420197,25.88574390904112,20.192220997511622,364.6367362888886
Lao People's Democratic Republic,LAO,2022,10.3,126.4638369708635,89.1450177580789,85.1292056400031,70.0,70.0,64.0,62.0,,,0.4,138.0,41.34779739,,0.331,25.3425878362043,23.144774943035493,17.100953362678492,356.4351232487725
Malaysia,MYS,2022,85.3,13.7862303735609,97.8397514976645,96.0182636272288,97.0,97.0,86.0,80.0,21.2,11.0,0.3,98.0,458.21963501,4.026,2.29,15.3331668435575,26.56835087210814,20.83690118395612,364.83407802169353
Maldives,MDV,2022,99.8,27.32323590743725,99.702507903643,98.5962212934826,98.0,98.0,0.0,69.0,,,0.1,34.0,883.91467285,,,10.4145518024435,27.34108826946462,20.76908219621491,364.4883941176593
Myanmar,MMR,2022,48.9,167.1276667018435,85.5803784995837,74.1301579655436,71.0,71.0,57.0,52.0,,,0.9,434.0,57.96875763,0.205,,32.8498528834077,25.47186900964953,18.423063571382485,326.4178236083732
Philippines,PHL,2022,57.6,99.8998942844414,95.070405889347,84.8329995746262,84.0,84.0,81.0,69.0,,,0.3,627.0,182.93432617,,,24.241932485757,26.73969001543639,20.851492059894607,364.371744920186
Sri Lanka,LKA,2022,34.2,55.4494607808933,89.8964005892061,94.9480533011818,98.0,98.0,0.0,72.0,9.2,10.1,0.1,56.0,130.09327698,,,24.0274945850207,26.19221295243111,20.209916462346968,361.4979649069676
Thailand,THA,2022,86.0,31.1172448902163,99.9999987802384,98.7010762721829,92.0,83.0,0.0,82.0,12.4,7.2,1.1,148.0,369.97647095,,,23.7248825508583,27.337380130184428,20.20633476266785,350.6295530997803
Timor-Leste,TLS,2022,17.8,240.78774811660705,84.411254635514,68.0360936203576,83.0,83.0,0.0,48.0,,,0.2,422.0,174.91529846,,,12.7214619688248,25.07938697326195,18.55174571991296,361.7281043054176
Viet Nam,VNM,2022,98.1,98.2631327807744,97.5492793224641,92.3237168322338,91.0,91.0,0.0,70.0,18.9,4.4,0.5,178.0,188.22650146,,,25.5235044035632,25.14341886477185,19.194236284991547,356.41676627386886
Fiji,FJI,2022,52.8,65.92598813929145,95.4886333379859,93.0437432138971,96.0,97.0,96.0,68.0,,,0.7,105.0,217.15068054,,,7.3625428766382,25.561398872700977,19.311519274193493,363.3778637963569
Kiribati,KIR,2022,14.6,278.00438368466,78.7016541788502,45.0352022161591,91.0,91.0,91.0,52.0,,,,588.0,217.68276978,,,3.727212239088,26.91870741919797,20.26183691126456,365.0000118274116
Marshall Islands,MHL,2022,65.2,177.66051456512048,87.5255330544284,78.8167730658642,86.0,68.0,29.0,66.0,,,,427.0,859.050354,,,4.75745122798474,26.889126568721707,21.12207512799048,364.9404602305373
Micronesia (Federated States of),FSM,2022,13.3,227.891560832966,,,69.0,54.0,65.0,65.0,,,,91.0,468.53509521,,,4.02973932425934,27.17846445261269,21.40601558422145,365.0000030288885
Papua New Guinea,PNG,2022,10.2,222.92700040551,51.3531330085785,22.8753163799614,37.0,37.0,38.0,31.0,,,1.4,632.0,81.11356354,,,16.0909144747822,22.39269735209248,17.049473119190132,364.48987571119176
Samoa,WSM,2022,38.6,159.37420845914102,98.1847056726277,96.5989544610645,76.0,76.0,36.0,62.0,,,,4.2,259.95404053,,,5.32741204590433,26.16232093365462,20.16340134753395,364.79921775965727
Solomon Islands,SLB,2022,8.6,272.8127884081045,71.3673843057896,34.1549727598984,89.0,89.0,89.0,47.0,,,0.1,97.0,96.74864197,,,9.82858130237828,26.846632185237485,21.14263847473984,364.99999939628776
Tonga,TON,2022,88.6,152.1459134577855,98.8114765892813,93.7917923415777,99.0,99.0,67.0,71.0,,,,1.9,382.79116821,,,5.30581978258027,25.23644017869461,18.58273577748552,357.069828781039
Vanuatu,VUT,2022,19.3,255.948997874762,86.9895180856083,48.5782563163716,68.0,68.0,42.0,52.0,,,0.1,46.0,136.79508972,,,7.28588304103265,26.27305218588005,20.19940501164833,364.0275987425814
Armenia,ARM,2022,98.7,56.246733804231496,99.9128544293373,93.3068358390677,93.0,96.0,93.0,71.0,,,0.3,24.0,674.78619385,4.747,3.36,29.3633535061781,9.012457797019506,6.009768154779614,254.46892006756244
Azerbaijan,AZE,2022,98.8,32.6417668590556,96.0035655798849,96.9106527966691,51.0,51.0,52.0,67.0,,,0.1,67.0,261.44659424,5.578,3.185,24.1942721597719,14.62282401506542,9.221331995556085,289.2830795314643
Georgia,GEO,2022,92.2,49.75831367055875,97.016455433381,89.416046138405,85.0,85.0,79.0,71.0,,,0.4,57.0,546.22503662,5.9,5.538,19.351565028902,10.698754638721397,7.484966366131397,296.9104060061314
Kazakhstan,KAZ,2022,94.1,14.55508296135665,97.531338883182,97.9526402205332,99.0,99.0,98.0,84.0,,,0.3,53.0,421.60028076,6.712,3.719,18.9935714383546,9.63035711588398,5.821406634010581,272.1343441671279
Kyrgyzstan,KGZ,2022,79.1,182.767224161602,93.777081084542,98.278227766543,90.0,90.0,92.0,73.0,,,0.3,133.0,88.07954407,3.789,1.6,18.6929404908521,10.947777267345597,6.1681847816391855,251.90794181023065
Mongolia,MNG,2022,54.3,52.40843790418219,84.5344346158514,71.5023556683645,95.0,95.0,94.0,71.0,,,0.1,440.0,448.24212646,,4.13,40.9215812032638,-0.1089386596901916,3.4264081089663123,241.07714602032647
Tajikistan,TJK,2022,86.9,201.681495618694,89.1472350011508,95.9951184722517,97.0,97.0,0.0,72.0,,,0.2,77.0,78.61326599,6.494,1.939,34.3869193134356,12.983601593125076,6.459221875511038,245.69584338873648
Turkmenistan,TKM,2022,99.8,23.5198371701868,99.8205720859417,99.7391494278379,98.0,98.0,98.0,81.0,,,,46.0,579.15454102,3.509,1.916,33.3624453104316,16.480988205562785,6.585009542637678,275.63715164187465
Uzbekistan,UZB,2022,79.0,76.1036176318261,96.6228091774033,96.30669347504,99.0,99.0,99.0,80.0,,,,57.0,170.64073181,,,32.8550742639477,15.700337032625905,6.683233520232426,272.3217620562685
Albania,ALB,2022,85.4,52.10357065285275,95.0945651327655,99.2992678183537,97.0,97.0,87.0,70.0,,,0.1,15.0,506.86920166,,,16.4538233724819,14.15707662547609,8.960859913325338,265.4027088732165
Bosnia and Herzegovina,BIH,2022,39.3,49.65321175844775,96.1086192936171,,75.0,75.0,0.0,64.0,,,,21.0,667.29681396,6.727,,27.1094617563555,12.251194840368616,8.196208789286622,279.47600000521004
Bulgaria,BGR,2022,,21.1811199291928,99.2187440542721,86.0559026317979,91.0,91.0,87.0,73.0,,,0.1,15.0,1066.69189453,4.704,4.328,22.8155719307165,12.520642133489371,7.932498907651503,256.7267224598221
Croatia,HRV,2022,100.0,14.5956965436746,99.9025569316728,,92.0,92.0,90.0,76.0,,,0.1,6.6,1328.80371094,7.999,3.909,16.8333506097167,13.711479568872912,8.875739909824,266.44673917133093
Czechia,CZE,2022,100.0,17.184278747433048,98.7330958150591,99.0715177493914,94.0,94.0,0.0,83.0,,,,4.2,2431.08496094,9.53,4.352,12.8501106624388,10.072303024470644,7.16591445815487,285.57655221371124
Hungary,HUN,2022,100.0,13.392162069340053,99.9999990521068,97.9787350415865,99.0,99.0,99.0,80.0,,,,5.7,1228.00231934,5.665,3.456,13.9643061911554,12.34733917180706,7.655340934244978,258.63522295063086
North Macedonia,MKD,2022,80.55,40.8646853762639,98.1589591318874,98.98180306954,84.0,84.0,56.0,68.0,,,0.1,10.0,561.69281006,5.515,2.944,22.5016591432148,11.638353263493366,7.263548143656283,252.79726786244737
Montenegro,MNE,2022,61.9,26.100577532847502,99.2820569937109,97.8104504105016,80.0,80.0,0.0,69.0,,,0.1,17.0,1032.91149902,6.115,2.808,18.6822081301969,12.255377625690176,8.387170434483329,283.9098650453864
Poland,POL,2022,100.0,13.570474900906149,91.1776289012676,98.9570843478037,94.0,94.0,88.0,83.0,,,,13.0,1219.29125977,6.325,3.424,15.8902118298564,9.605836545628884,7.271891572534144,299.55187638928146
Romania,ROU,2022,100.0,14.31826101260615,100.0,89.6004899502368,85.0,85.0,85.0,77.0,,,0.2,64.0,902.2677002,8.253,3.625,16.410091955998,10.857082065220949,7.424444734388766,273.4890767888495
Serbia,SRB,2022,82.0,30.301013394936703,95.4163594509615,97.9283883905418,92.0,92.0,90.0,72.0,,,0.1,17.0,843.57733154,6.689,3.099,19.5487459666309,12.756236029248427,8.144450579546618,262.7877007804766
Slovakia,SVK,2022,100.0,13.5790627265567,99.7871105591553,97.5363631509113,97.0,97.0,96.0,80.0,,,0.1,3.2,1642.39208984,6.014,3.697,13.7526914267728,10.824598326287662,7.24965801168315,265.95918061300097
Slovenia,SVN,2022,100.0,15.989023966951,99.5795783400627,98.3111577508786,89.0,89.0,61.0,84.0,,,0.1,4.0,2737.84936523,10.56,3.367,13.6531875986125,11.988329441549626,8.276630303701232,287.44736404861635
Belarus,BLR,2022,99.7,24.44909092985105,99.8584120587223,99.6897638568081,98.0,98.0,0.0,80.0,1.2,1.3,,22.0,529.01873779,10.73,4.669,11.3970306974406,7.806587169356372,6.8329823754218735,311.6742048914297
Estonia,EST,2022,100.0,14.28922525107805,100.0,99.0241800879557,87.0,86.0,0.0,79.0,,,0.8,12.0,1998.74523926,6.962,3.469,6.63187069919039,6.890045913188364,6.680385785785172,335.47184039494
Latvia,LVA,2022,100.0,13.6647773360783,98.7019358387321,92.2626087395691,95.0,95.0,87.0,76.0,,,0.6,22.0,1642.47131348,4.374,3.398,13.9221548814057,7.597697329336246,6.914064436274908,329.3932401425189
Lithuania,LTU,2022,100.0,14.6850637674455,99.5802232857586,95.8940517663177,90.0,90.0,81.0,78.0,0.9,,0.2,35.0,1831.27734375,7.843,4.466,11.0994312721468,7.946863215651772,6.928067380392236,321.21599194027306
Republic of Moldova,MDA,2022,98.2,91.82998688177304,91.8415594867587,85.734993748898,88.0,87.0,79.0,71.0,,,0.9,75.0,394.42373657,6.403,4.145,14.5523227409262,11.524251817435037,7.337520272565704,246.23328290399536
Russian Federation,RUS,2022,100.0,14.29489174808495,96.8350937043226,90.9663797021895,97.0,88.0,92.0,80.0,,,,39.0,1082.82104492,7.039,5.111,11.7967766756222,5.895929706789838,6.092570099824743,293.67973071274173
Ukraine,UKR,2022,95.1,78.222499083461,93.5208948630112,97.5620782552435,73.0,70.0,0.0,79.0,,,,87.0,,,,14.0233703256144,9.943791841674484,7.195847802408845,280.14450226529897
Brunei Darussalam,BRN,2022,100.0,42.56892771247085,100.0,99.4808254058944,99.0,99.0,0.0,84.0,,,,63.0,648.55499268,,,7.47961376576273,26.79212110078792,21.59560366660017,365.0000002227917
Japan,JPN,2022,100.0,33.65699700858295,99.1482440697849,99.9478483591655,99.0,99.0,97.0,85.0,,,,9.9,4201.79248047,12.98,2.649,12.4368126972419,15.39953159003347,11.090134540940854,313.98781969158216
Republic of Korea,KOR,2022,100.0,39.41929242943275,99.9085387997134,99.762103695696,98.0,96.0,97.0,88.0,,,,40.0,3078.55151367,9.086,2.61,23.4407513786108,13.24804627820579,9.591950678110331,263.74030613834606
Singapore,SGP,2022,100.0,42.56892771247085,100.0,100.0,97.0,97.0,90.0,88.0,,,0.1,53.0,3902.14428711,6.559,2.834,15.0924840424926,27.310520667823084,21.39249280851959,364.999994408948
Australia,AUS,2022,100.0,42.56892771247085,99.9697269040604,100.0,94.0,94.0,96.0,89.0,,,0.1,5.6,6723.98242188,13.45,4.086,5.30273651659332,16.754261535399756,10.826331206088476,327.0631118502171
New Zealand,NZL,2022,100.0,28.0958504345135,100.0,100.0,89.0,89.0,86.0,89.0,,,0.1,6.1,5138.33789063,11.86,3.611,6.98542238085309,14.534792977324884,10.08353044908026,359.48995336443534
Andorra,AND,2022,100.0,42.56892771247085,99.9999963147646,99.9999963147646,98.0,97.0,95.0,74.0,,,,5.0,3190.11328125,4.668,5.157,11.4677282320292,10.133043677446912,7.040485594355856,290.25234329301065
Austria,AUT,2022,100.0,42.56892771247085,99.999997328228,99.9723650796655,84.0,84.0,0.0,84.0,,,,4.7,5897.97607422,11.28,5.432,10.6275168759367,10.16190073909842,7.342799741830309,295.0548674273146
Belgium,BEL,2022,100.0,42.56892771247085,100.0,99.4862152277247,98.0,97.0,94.0,85.0,,,0.2,7.8,5487.59277344,,3.574,10.074123834212,11.798597755915871,8.090776833401176,310.7113257647573
Cyprus,CYP,2022,100.0,14.9052970948113,99.7292193859115,99.4830286709908,96.0,94.0,81.0,76.0,,,,8.7,2748.6159668,3.894,3.556,21.3967671637857,20.31819358433188,11.90980549588041,265.6698468064266
Denmark,DNK,2022,100.0,42.56892771247085,100.0,99.5972313839473,97.0,97.0,96.0,85.0,,,0.1,4.2,6451.19433594,,,8.20415192314087,9.741778673006962,7.767721818055985,354.1217939403722
Finland,FIN,2022,100.0,42.56892771247085,100.0,99.447963421715,91.0,91.0,87.0,86.0,1.8,1.6,,4.0,4902.0390625,,,5.11856750896099,5.579358744019894,6.269303652800188,337.8591792918144
France,FRA,2022,100.0,42.56892771247085,100.0,98.6459966836726,96.0,96.0,96.0,82.0,,,0.3,7.0,4857.73388672,,3.281,10.3836622746905,13.912395940949914,9.003963148756405,300.1583511468023
Germany,DEU,2022,100.0,42.56892771247085,99.9999971569363,99.2262023543276,89.0,88.0,72.0,87.0,,,0.1,5.1,6226.14208984,12.25,4.534,9.64877683820048,10.95906035997336,7.464677901168921,287.56048394711746
Greece,GRC,2022,100.0,14.485224708947053,99.9999998124246,99.0005834270921,98.0,99.0,93.0,78.0,,,0.3,3.6,1768.11071777,4.114,6.576,16.3030538124793,16.972764657978814,9.930343144239956,252.54346327533204
Iceland,ISL,2022,100.0,42.56892771247085,99.9999992337629,98.7793239094093,92.0,92.0,84.0,90.0,,,0.1,4.2,6851.62939453,15.64,4.44,4.87771243846275,4.026550734906721,5.5233239069501705,361.67951698076325
Ireland,IRL,2022,100.0,42.56892771247085,97.0645722234347,89.757648052779,93.0,93.0,84.0,81.0,,,0.2,4.7,6407.92333984,14.09,3.362,8.10103504227002,10.698727322018794,8.164855209424816,363.7384405470535
Israel,ISR,2022,100.0,24.16178925896045,100.0,99.924519816082,98.0,98.0,94.0,85.0,,,,2.7,4107.72998047,5.822,3.686,23.0791533108637,21.04665243762252,13.64183540231977,321.62500380080417
Italy,ITA,2022,100.0,23.38816048158415,99.9170340740928,99.8850325902598,95.0,95.0,92.0,82.0,,,0.3,4.5,3154.57104492,6.755,4.191,16.2350417959884,15.593281533628732,10.015676341149746,286.944633641431
Luxembourg,LUX,2022,100.0,42.56892771247085,99.9999976223575,97.6053918019199,99.0,99.0,97.0,83.0,,,0.2,8.7,7022.62695313,13.71,,9.07553744912506,11.30398631108231,7.656427326652664,282.5974278714216
Malta,MLT,2022,100.0,39.67655481828975,99.9999984486759,99.9999984486759,98.0,98.0,45.0,82.0,3.3,0.4,0.3,11.0,3362.42382813,8.34,4.513,11.578291572615,20.296887063590844,13.859764318784828,349.96818336884587
Netherlands,NLD,2022,100.0,42.56892771247085,100.0,97.6702396117146,93.0,91.0,90.0,85.0,,,0.2,4.0,5967.90429688,11.67,3.876,9.71599320228502,11.73535069143716,8.195096719552058,323.5210802000481
Norway,NOR,2022,100.0,42.56892771247085,99.999999346787,98.0490073611327,97.0,97.0,95.0,89.0,,,0.1,3.2,8692.57617188,16.09,4.908,6.02028911555586,6.779125195839255,6.271213858978967,320.4255168215278
Portugal,PRT,2022,100.0,13.40399508850075,99.260406703221,99.6612544387821,99.0,99.0,98.0,84.0,,,0.5,16.0,2600.56665039,7.852,5.851,9.24389572463552,16.233829734252254,10.493611821808248,323.158503956086
Spain,ESP,2022,100.0,18.3536127188506,99.9251513451199,99.9186101900368,95.0,95.0,95.0,84.0,,,0.3,6.3,2948.61474609,6.406,4.294,11.9338447646942,16.886147041984255,9.765935052937524,290.78172264985403
Sweden,SWE,2022,100.0,42.56892771247085,99.7499137536867,98.767447686991,94.0,94.0,94.0,85.0,,,0.1,4.0,6022.39257813,,,5.68785506406734,7.714171666513349,6.773006154400786,325.91914848657746
Switzerland,CHE,2022,100.0,42.56892771247085,100.0,99.8998753786739,96.0,95.0,89.0,87.0,,,0.2,4.5,10930.13964844,18.76,4.477,10.174784111954,10.754841460330294,7.535871140263833,286.10061521226936
United Kingdom,GBR,2022,100.0,42.56892771247085,100.0,99.1047944059839,92.0,92.0,90.0,88.0,,,0.2,7.8,5111.81738281,9.061,3.143,10.016644435978,11.13462430721863,8.137563734297451,348.744245350391
Argentina,ARG,2022,99.9,24.14942311330089,,,84.0,84.0,79.0,80.0,,,0.4,35.0,1415.79577637,4.772,5.437,15.8656062718096,16.76282133082526,9.303714999489898,255.45321760285145
Chile,CHL,2022,100.0,16.9981896396358,98.8839274081625,99.9999982963226,96.0,96.0,93.0,83.0,,,0.6,18.0,1541.37927246,4.981,3.178,29.1705232939256,13.010841078913826,7.631347437827912,256.552393318371
Uruguay,URY,2022,100.0,19.3773709660525,99.6016579773198,98.6365121038307,94.0,94.0,94.0,84.0,,,,41.0,1850.80737305,7.386,4.674,11.789659192261,17.09447301731977,10.837153334215644,306.04633872330976
Canada,CAN,2022,100.0,42.56892771247085,98.35892858848,98.5883597851291,92.0,90.0,85.0,92.0,,,0.1,5.6,6252.34033203,10.21,2.814,6.38948485769886,6.96125511129715,6.711675179148626,311.7732294527209
United States of America,USA,2022,100.0,42.56892771247085,99.9641146737575,99.6316127279868,94.0,92.0,84.0,88.0,3.8,0.1,,2.6,12586.19628906,13.38,3.681,7.4282378905124,14.981570020411244,9.342268436394884,263.0986459890497
Antigua and Barbuda,ATG,2022,100.0,17.400713987432198,98.9227120997739,99.605594345624,99.0,99.0,0.0,81.0,,,1.1,1.1,891.00323486,,,7.94265413166136,26.2397888412058,19.41579011598741,364.6138396965026
Bahamas,BHS,2022,100.0,13.899926853446551,,,87.0,87.0,79.0,80.0,,,1.2,16.0,2327.20117188,,,5.17940611031709,25.49604480594602,18.58310766770719,353.3209849516089
Barbados,BRB,2022,100.0,37.01947701073965,99.1150666283904,98.0924623115578,86.0,86.0,87.0,82.0,,,1.1,1.8,1302.0592041,4.176,2.958,10.7984053903982,26.410874156451523,19.75285532634557,364.9999914082977
Belize,BLZ,2022,83.0,89.89440211457645,94.7220374936113,84.2021316466722,84.0,84.0,0.0,70.0,,,1.2,35.0,298.01553345,2.324,,16.0563950590085,25.989777339620524,20.05673742393568,361.8330414690683
Cuba,CUB,2022,94.9,102.15162177331464,94.9002231685934,93.4747105097717,99.0,99.0,0.0,86.0,,,0.6,7.7,,,,9.40611001829951,25.877698046472887,18.569946346050354,358.70312291110093
Dominica,DMA,2022,86.8,73.9851599384495,96.7869037849825,,82.0,82.0,0.0,75.0,,,0.5,0.0,542.53948975,,,11.1561568187343,25.95490617997673,19.40661870228806,364.3650375513792
Dominican Republic,DOM,2022,93.2,30.559216770765698,97.3603332914567,89.0968114947434,88.0,86.0,73.0,78.0,,,1.0,49.0,469.34915161,2.078,2.234,12.8281909827094,24.983643795401708,18.392470094448377,362.5680170366179
Grenada,GRD,2022,85.1,45.66532212374275,,92.6192396904393,77.0,77.0,0.0,75.0,,,,0.86,526.35113525,,,10.9880658520089,26.50124909207109,20.06357915688453,364.9999954896112
Guyana,GUY,2022,100.0,25.857652513522503,95.6449359016068,91.3010008247863,98.0,98.0,95.0,76.0,,,1.5,61.0,452.23754883,,,17.5047665611304,26.19722300685599,20.72957704821933,364.92244415300667
Haiti,HTI,2022,4.4,270.601280394519,71.9372349296848,28.9133013445226,48.0,48.0,48.0,44.0,,,1.7,196.0,52.28417587,0.732,0.292,14.6394225854133,25.865103233585792,18.998859029687186,364.2490867509968
Jamaica,JAM,2022,93.0,94.4679365759878,88.231486530264,90.5767034338028,98.0,98.0,0.0,75.0,,,1.2,3.9,521.12023926,1.675,,20.7985769822432,26.32074369172012,19.320352357724605,363.7456750433395
Saint Lucia,LCA,2022,92.7,50.6431824767528,97.8739462216036,83.3579905079804,81.0,81.0,0.0,74.0,,,0.4,1.1,622.07244873,,,10.5002168552844,26.40450793430324,19.60687002277563,364.2880837769636
Saint Vincent and the Grenadines,VCT,2022,90.4,51.759820199805,,,99.0,99.0,0.0,80.0,,,0.9,4.9,437.94085693,,,10.6784215604209,26.438859565046062,19.876425570976345,365.00001463923707
Suriname,SUR,2022,95.4,46.20574789325315,97.9930097991992,89.9723387364091,77.0,77.0,0.0,75.0,,,1.6,32.0,344.74603271,,,16.0523575757927,26.2914720297984,20.86972969038501,364.71786911982144
Trinidad and Tobago,TTO,2022,100.0,13.5855387778481,98.9906054804652,94.204562265161,93.0,93.0,93.0,75.0,,,,22.0,1266.28820801,,,14.4879289551393,26.238846275552905,20.14375768847013,365.00000125584194
Bolivia (Plurinational State of),BOL,2022,89.7,117.19637436583552,92.5375227246145,69.0727323107113,69.0,69.0,69.0,68.0,,,0.4,99.0,260.88070679,,,30.5651114620926,15.823563988849653,9.568929318143429,287.95171462108704
Ecuador,ECU,2022,94.7,66.70567102959114,91.7264833659447,89.7233208052462,70.0,70.0,71.0,78.0,,,0.4,50.0,495.30380249,,,19.8012550282051,19.25965579761273,14.38105990805803,362.7507979331757
Peru,PER,2022,90.1,52.50548513388794,94.5023037650654,77.7372734420618,82.0,82.0,71.0,69.0,11.7,0.5,0.4,149.0,445.10473633,2.701,1.649,32.4787651622913,15.908855947206554,10.916058943344742,330.3295575682549
Colombia,COL,2022,91.5,43.857243289178896,96.7380353192518,94.8425154559797,87.0,87.0,85.0,83.0,,,0.6,44.0,507.07064819,,,18.8527177779036,20.346043628028514,14.965315905591778,357.141264371039
Costa Rica,CRI,2022,96.3,30.9174402360816,99.8131236656386,98.4434940972081,95.0,95.0,92.0,84.0,,,0.6,9.8,978.84155273,3.071,2.687,18.2413082350632,21.74553513456873,16.402993438065955,361.7898255675097
El Salvador,SLV,2022,93.7,98.72129273090933,90.7948411041739,87.5371472547157,95.0,95.0,90.0,79.0,,,0.4,51.0,500.20321655,2.179,1.566,29.793836814941,26.239730865731072,17.638590175172737,291.13908916253786
Guatemala,GTM,2022,45.5,102.83617773646156,92.7535006676254,70.0349423501554,81.0,81.0,84.0,59.0,,,0.2,26.0,384.06158447,,,28.3120937251037,21.005421084211047,14.246782916905609,336.5382134157402
Honduras,HND,2022,50.05,171.05232344575649,95.0903952846631,85.8633965875938,78.0,78.0,78.0,64.0,,,0.2,38.0,244.90408325,,,29.6637651594529,24.036997058132265,16.92101915599345,326.7233629072592
Mexico,MEX,2022,85.0,26.627763200082548,99.2737986132837,92.6614618116548,83.0,83.0,84.0,79.0,12.5,1.0,0.4,27.0,650.97070313,3.028,2.588,16.6329908517605,19.77154304623193,11.23875275607851,274.48356564816174
Nicaragua,NIC,2022,58.6,161.100123983047,,,92.0,,,72.0,,,,45.0,208.56825256,,,20.8229199248067,25.87982112320177,18.609317481548096,326.63489689996226
Panama,PAN,2022,100.0,15.7915846780434,94.85343136421,86.6851526856535,82.0,82.0,84.0,82.0,,,1.1,49.0,1572.93017578,3.345,1.625,15.213921782961,25.307206658739467,19.81476821004892,363.9965692536253
Venezuela (Bolivarian Republic of),VEN,2022,93.9,165.25193603272402,93.3316109894304,98.3955859787771,43.0,43.0,0.0,77.0,,,0.5,48.0,208.66654968,,,18.7539898254168,25.079787117631977,18.03608633075016,342.5829232369595
Brazil,BRA,2022,96.5,38.03099791258285,99.6149419025106,91.0196550646128,77.0,77.0,72.0,83.0,,,0.7,49.0,871.27526855,,,14.946073685839,22.70661948820672,15.246940217430945,319.7271139343044
Paraguay,PRY,2022,70.7,58.05462566331305,99.5179999015782,94.2434679233291,69.0,69.0,74.0,79.0,,,0.5,67.0,480.02862549,9.409,3.893,14.3967643392135,22.18460124937494,13.528148872680491,263.4636839353407
Algeria,DZA,2022,99.7,44.86698359121135,92.3236727252335,85.8262858406741,77.0,77.0,74.0,70.0,,,0.1,55.0,180.33454895,2.508,1.66,19.1821741766237,19.20096557969816,9.20678844925248,264.8368910321759
Bahrain,BHR,2022,100.0,42.56892771247085,99.9198990209829,100.0,97.0,97.0,99.0,78.0,,,0.1,16.0,1178.80664063,,,62.6696652208807,26.979602618206872,17.05492270605093,276.364028055544
Egypt,EGY,2022,99.9,58.397096513051,97.4328917169926,96.6466119170931,97.0,97.0,0.0,71.0,,,0.1,11.0,171.67852783,,,42.2068092839445,22.587741408204515,10.549648271227694,171.31592558413564
Iran (Islamic Republic of),IRN,2022,95.9,28.0148580010933,97.6301442880843,90.3647309306855,99.0,99.0,0.0,81.0,,,,12.0,250.23272705,,,43.8957340729139,16.82723713426601,6.125775939153217,283.58901131871954
Iraq,IRQ,2022,99.4,45.45329527049155,98.3828518441967,98.4987799022337,93.0,93.0,0.0,66.0,,,0.1,23.0,283.17074585,2.648,1.022,59.5284377287451,24.80075823679704,7.10178518922251,307.91681530232864
Jordan,JOR,2022,99.5,86.08325555960849,99.229144722644,96.6260204300308,92.0,92.0,0.0,73.0,,,0.1,4.2,334.387146,3.091,2.851,33.3041989417809,19.88687128054519,9.511954980489453,187.0469501122044
Kuwait,KWT,2022,100.0,42.56892771247085,100.0,100.0,96.0,96.0,99.0,84.0,4.6,3.4,0.1,13.0,1683.39929199,,,74.5017071155815,27.26905570809298,10.156191831850238,274.7965912946447
Lebanon,LBN,2022,,55.625412417262,92.6,99.2,67.0,69.0,67.0,68.0,,,0.1,12.0,230.39093018,,,27.98267173145,19.103469546367407,12.213616880722286,318.7639224406267
Libya,LBY,2022,,24.7071026276246,95.808661517718,88.712929707541,73.0,73.0,73.0,71.0,7.9,3.5,0.1,52.0,284.0262146,,,23.18471682259,21.16152648300416,11.560142337937092,280.4880710061716
Morocco,MAR,2022,98.1,96.66198907196454,90.1462114499195,87.5163508881869,98.0,98.0,85.0,65.0,,,0.1,92.0,201.81098938,,,21.3232528983588,19.219533626737512,9.935613803427287,280.91213712971665
Palestine,PSE,2022,,166.3729320622815,98.7809438464901,99.3771389277401,98.0,98.0,99.0,65.0,,,,0.57,350.63812256,,,23.734512216626,20.724312747621923,12.457095316075748,286.92487822759364
Oman,OMN,2022,100.0,42.56892771247085,92.4399731975253,99.3206203708609,99.0,99.0,97.0,73.0,,,0.1,11.0,712.06097412,4.661,1.992,52.137724533898,27.876573819958285,14.891177031394298,263.28483386715766
Qatar,QAT,2022,100.0,42.56892771247085,99.9889721417312,99.936545083788,98.0,98.0,97.0,84.0,6.3,1.3,0.1,40.0,1781.50390625,,,111.914953972534,28.15950468139368,15.278990017313523,229.44192334051908
Saudi Arabia,SAU,2022,100.0,42.56892771247085,99.043936969943,97.5973210358859,98.0,98.0,98.0,82.0,,,0.1,8.8,1830.89074707,6.233,3.482,77.7937502863318,27.36307173978689,9.508022386436313,278.9563929962303
Syrian Arab Republic,SYR,2022,90.1,194.0106064921185,94.077936305752,94.980328483975,59.0,59.0,0.0,72.0,,,0.1,22.0,53.26486588,,,35.372994873473,18.1771482150309,8.527353675165763,246.07771812685684
Tunisia,TUN,2022,99.9,64.38261527891105,95.9372584120703,97.1606271679566,97.0,97.0,98.0,76.0,,,0.1,39.0,276.46380615,,,22.397309689228,20.54537604011428,11.451372679110692,262.0694463631096
Türkiye,TUR,2022,95.3,13.95666991093645,95.9700345956399,99.2548217497769,99.0,99.0,95.0,77.0,,,,15.0,385.87997437,3.483,2.236,27.691660845571,14.624199687054094,8.426632024281448,280.26178680598946
United Arab Emirates,ARE,2022,100.0,42.56892771247085,100.0,99.0913042673601,96.0,96.0,95.0,84.0,,,0.1,0.77,2240.9050293,6.187,2.915,67.6947186324117,28.68856848994913,15.31495959703049,219.72915038801344
Yemen,YEM,2022,48.8,282.0449504063816,71.6243517846075,61.480658139543,58.0,58.0,57.0,45.0,48.5,16.8,0.1,36.0,54.29036331,0.687,0.165,47.1146493200055,23.7904428680162,11.63088717650714,241.7373736139569
Afghanistan,AFG,2022,37.1,291.23367168218203,76.9392075646596,51.6914397704169,58.0,58.0,55.0,42.0,44.6,3.6,0.1,206.0,80.6516037,,,40.2067792804569,14.469765103443423,5.965557841991401,255.51560763195167
Bangladesh,BGD,2022,27.2,174.457854300283,98.5792972461401,63.6502711298232,97.0,97.0,97.0,54.0,23.6,10.7,0.1,221.0,56.62142181,0.622,0.717,63.2199514017555,25.77587328003078,19.45675689061596,355.76721885208065
Bhutan,BTN,2022,90.6,73.29198151989641,99.3108092905856,83.7339782184806,98.0,98.0,97.0,69.0,,,0.2,171.0,138.00679016,2.052,0.553,25.657638995936,20.86385877385424,15.379198576628609,345.17991547637126
India,IND,2022,73.4,123.6002578759595,94.4191311935781,77.8161883735175,93.0,93.0,66.0,68.0,,,,196.0,81.50888824,,,50.6577446303517,25.823679864753004,16.60838525953961,293.9012776686693
Nepal,NPL,2022,41.1,234.6165538325885,92.5870336093326,79.1866571655946,90.0,90.0,83.0,56.0,24.8,7.0,0.1,234.0,87.34230042,,,50.6322528228936,22.740668805457723,16.153762308569306,330.1727691749111
Pakistan,PAK,2022,53.0,163.2317262109135,90.6704556362056,71.7686736729802,85.0,85.0,85.0,55.0,,,0.2,275.0,38.76602173,,,57.8617671689119,24.4735331802476,13.705286665523586,263.4549338606301
Angola,AGO,2022,50.0,128.8672853953915,66.47632731978,50.2951359158799,54.0,54.0,39.0,45.0,,,1.6,379.0,103.94506073,1.873,0.244,22.5172239045117,22.99122492278822,14.60950011286162,319.03970890671866
Central African Republic,CAF,2022,1.0,354.8449831030335,36.2950440146654,13.8462941483121,33.0,33.0,32.0,36.0,37.9,5.2,2.7,437.0,47.91523361,0.499,0.029,32.636811446638,26.26022132558409,16.150051296415175,303.0994142251232
Congo,COG,2022,38.8,181.3529313600585,,,78.0,78.0,76.0,46.0,,,3.2,297.0,53.11892319,1.121,0.173,37.5746809256317,25.18868266949929,19.28800292064615,364.4213784472534
Democratic Republic of the Congo,COD,2022,4.8,346.7122934071245,35.1273466119185,16.1744730669276,65.0,65.0,64.0,42.0,,,0.8,392.0,24.3800106,1.168,0.208,36.8333103350476,24.537239191328503,16.568849770140414,324.8032805073461
Equatorial Guinea,GNQ,2022,22.7,18.49582583342345,,,70.0,70.0,0.0,49.0,,,,207.0,215.32841492,1.375,0.153,43.625828851518,24.886195482282325,19.630293591689263,365.0000052829327
Gabon,GAB,2022,91.0,34.0540414154751,88.2419436860256,55.8117052668054,60.0,60.0,0.0,48.0,,,3.0,390.0,243.09941101,2.37,0.521,32.1853662714696,25.494335243964656,19.79162945404869,364.98611055646046
Burundi,BDI,2022,0.2,359.57238449707404,65.6975597350143,44.6569603684061,91.0,91.0,91.0,48.0,55.8,5.0,0.9,89.0,25.52155113,0.74,0.078,36.3050025944922,21.09293925336152,12.602875513490506,274.8381344732404
Comoros,COM,2022,9.7,257.466319482163,85.2623417962655,54.9623663372908,78.0,78.0,0.0,53.0,18.2,5.1,0.1,29.0,124.14363861,1.644,0.424,12.0356986217286,25.600854513469464,18.66990286990936,364.9806726798242
Djibouti,DJI,2022,9.8,160.5224942626065,79.1958862115465,66.9247194918968,59.0,59.0,59.0,48.0,,,1.0,462.0,79.13184357,0.194,0.211,39.044711370559,28.58512286105014,17.00693767417782,273.28783061850345
Eritrea,ERI,2022,11.9,303.4718071130975,,,95.0,95.0,95.0,40.0,,,0.5,134.0,27.0898056,1.543,0.088,33.1651240199448,24.81819690843197,10.339806070565018,256.5847966668085
Ethiopia,ETH,2022,6.9,275.3265037488796,52.6449341831795,9.67915935964554,63.0,63.0,63.0,31.0,,,0.8,146.0,27.06845474,1.222,0.105,23.5261339843168,20.142516316144143,9.96189150468621,239.34217619294003
Kenya,KEN,2022,28.5,213.006027323494,63.96426197234,39.454252565811,94.0,94.0,93.0,57.0,17.6,4.5,3.4,238.0,91.18416595,2.024,0.236,20.77459729359,21.403179406987537,12.372273562981809,261.19784371281617
Madagascar,MDG,2022,1.5,308.075774415826,53.7386722482621,14.7542849047499,57.0,57.0,57.0,34.0,,,0.4,218.0,15.85809231,0.281,0.172,13.7055222398519,21.2629903542473,14.168264034748631,316.80300552650226
Malawi,MWI,2022,1.6,316.8365777372065,71.4013801873198,49.2412879464451,86.0,86.0,87.0,53.0,,,7.0,125.0,40.03453827,0.507,0.054,20.1661455127716,21.60564723656419,13.352997898132037,282.30894496644794
Mauritius,MUS,2022,99.1,20.0043399131949,99.8780672728138,96.8074578506506,95.0,95.0,97.0,75.0,,,,15.0,590.91522217,4.048,1.436,15.054806246095,23.7727785180073,16.488589554306184,361.0693120328276
Mozambique,MOZ,2022,6.9,326.3760021333365,62.4237541540672,35.9385123672753,55.0,55.0,55.0,49.0,36.7,3.8,12.1,361.0,47.69813538,0.934,0.175,16.045018396151,23.43402737038703,15.201669573589172,306.0499356988489
Rwanda,RWA,2022,7.3,280.2514970702945,60.2302194003015,78.8594683891809,98.0,98.0,97.0,58.0,,,2.3,62.0,57.83102036,1.106,0.09,36.1201417686153,19.762986378854368,12.225718438471624,309.4166957731907
Seychelles,SYC,2022,100.0,13.45557636424515,97.3805855834709,99.7,97.0,97.0,97.0,79.0,,,,13.0,707.34448242,7.291,6.598,9.65975870248236,26.422988058128,20.09384440001197,365.0000057719788
Somalia,SOM,2022,4.8,370.5143717662255,70.3763317867306,42.3649691614571,71.0,71.0,0.0,30.0,,,0.1,162.0,16.31684875,,,20.0547758425621,27.373720461788952,15.88976239688786,222.40092542664004
United Republic of Tanzania,TZA,2022,8.7,247.913292765517,61.5231007781577,34.1608687863697,87.0,87.0,85.0,47.0,30.0,3.1,3.9,195.0,35.93323135,0.494,0.134,21.8389520235848,23.06938683809339,13.908755063492508,272.9340020788828
Uganda,UGA,2022,1.6,262.30807963152904,59.6243670283511,23.1603896161507,89.0,89.0,90.0,52.0,24.4,3.2,5.4,198.0,44.47286224,2.265,0.191,31.8919228193081,22.74818305661282,14.316247504685704,312.0648230611934
Zambia,ZMB,2022,9.7,216.91186580161448,71.2958879569683,35.9950584575439,92.0,92.0,87.0,55.0,,,10.3,295.0,75.40128326,2.936,0.324,23.4901848842686,21.377379612183887,11.756633297007284,264.69963727522594
Botswana,BWA,2022,66.0,35.2714817624289,91.6703014636918,71.4864919930582,86.0,86.0,73.0,61.0,,,17.4,208.0,477.77633667,3.29,0.407,13.3955374058688,20.58896838524497,9.48346999262552,215.04926676902124
Lesotho,LSO,2022,51.8,258.77190116040447,76.8886585638557,45.3328485039477,92.0,92.0,93.0,55.0,,,18.9,611.0,133.32562256,1.756,0.235,30.7558120221266,12.83870925446796,7.305784703236913,245.58267428192184
Namibia,NAM,2022,47.7,81.01931435169621,85.7619951593707,38.0587226800855,84.0,84.0,85.0,65.0,,,9.8,441.0,418.53683472,5.386,0.553,16.6999376084699,21.536746952833887,7.383663428109025,298.4138241419517
South Africa,ZAF,2022,89.2,50.0900223855094,90.6825361107103,76.169562634684,85.0,85.0,88.0,75.0,,,17.9,468.0,570.48028564,6.393,0.794,28.5062817047988,18.00940177268086,10.229122222109938,273.43348736895143
Eswatini,SWZ,2022,49.9,85.26346566324675,77.9405822265556,63.2702587161203,97.0,97.0,96.0,70.0,,,25.2,335.0,284.75802612,4.365,0.561,18.4190593206,20.406839105100183,12.913246870081842,314.68856650674235
Zimbabwe,ZWE,2022,30.5,264.819867685315,67.1689083918982,34.6178594063559,90.0,90.0,90.0,59.0,,,10.9,209.0,68.90727997,3.071,0.127,17.3901790946352,20.67482642643329,11.12391190464008,260.87823971830414
Benin,BEN,2022,5.9,243.9153874717235,68.9589815769274,20.853650768615,69.0,69.0,69.0,35.0,,,0.7,44.0,37.76291275,0.578,0.19,41.496929120914,27.17390107447568,18.836700303455643,334.49443380852256
Burkina Faso,BFA,2022,15.9,288.1124635029545,49.7662606215165,29.8585926182987,91.0,91.0,91.0,48.0,,,0.6,59.0,64.38339996,1.097,0.148,41.5553296753411,28.46286380876531,13.35876801199614,298.8658949735912
Cameroon,CMR,2022,29.4,224.056112512288,70.2600597493354,46.1747220268822,71.0,71.0,70.0,47.0,,,2.8,143.0,72.12950897,0.659,0.136,56.6299237952112,25.52990089488212,15.147269762086127,323.5835797707944
Cabo Verde,CPV,2022,83.0,125.55599209488224,90.0089261333879,83.045304882988,93.0,93.0,0.0,71.0,,,0.9,39.0,297.08233643,1.828,0.718,18.2851088230149,23.78761802314125,17.028950370440946,364.648492024161
Chad,TCD,2022,8.8,293.235216086134,51.9951528405103,12.9220668166821,66.0,66.0,0.0,24.0,31.9,7.8,1.0,123.0,40.17007446,0.208,0.082,42.4135112395066,27.605858554793365,11.339204158599204,310.71820472682776
Côte d'Ivoire,CIV,2022,41.7,175.8834773286415,76.6566348508061,38.6680398290793,73.0,73.0,68.0,46.0,,,1.9,107.0,84.89915466,0.688,0.162,21.8306712275434,26.28420444019261,19.109947456545395,342.4153769197491
Gambia,GMB,2022,1.7,273.846261144252,86.3212416883552,47.7159912011406,79.0,79.0,75.0,52.0,,,1.4,145.0,29.57811737,0.688,0.104,36.1413467657693,27.490721044566094,16.37406262728655,293.98013467883226
Ghana,GHA,2022,31.5,157.079302395764,87.8775520835237,29.0423190138112,99.0,99.0,99.0,57.0,17.4,5.8,1.6,133.0,82.32108307,4.467,0.143,30.0880306483719,27.046651630623085,18.9872477773436,338.61685615793414
Guinea,GIN,2022,1.0,275.989057266896,72.0532813701912,31.2707423118105,58.0,58.0,0.0,43.0,26.1,6.4,1.4,179.0,53.2922287,0.421,0.21,27.6046011191563,26.09779584663951,16.810477229791665,303.9714250058576
Guinea-Bissau,GNB,2022,0.9,301.80964661230496,61.6363537721631,28.7228575496477,74.0,74.0,74.0,43.0,,,2.4,180.0,68.01049042,0.99,0.252,31.6464547644496,27.620241427866617,17.293066590577364,282.3711438821018
Liberia,LBR,2022,0.8,335.212438138144,77.5249138658914,22.1923063601074,79.0,79.0,74.0,50.0,,,1.0,224.0,100.49607086,1.007,0.178,18.0264041675687,25.734746897054205,19.50960759607256,346.3475895451179
Mali,MLI,2022,1.3,284.758649316596,83.6801195841677,45.1434215383033,75.0,75.0,70.0,41.0,21.8,10.6,0.8,53.0,31.0949192,0.416,0.191,37.3348886349998,28.527607503705266,12.803525364359952,306.3410984438923
Mauritania,MRT,2022,48.9,179.08658581372498,74.8619034584031,56.0758490078081,85.0,85.0,85.0,35.0,25.1,13.6,0.2,75.0,91.54125977,1.609,0.261,45.0399461631116,28.79478686363765,11.518026695558266,303.8744467071245
Niger,NER,2022,4.5,327.664388341683,52.0806785975452,15.4185833482363,84.0,84.0,84.0,37.0,47.7,10.9,0.2,81.0,26.50681686,0.213,0.028,74.5735734758223,28.070549143687167,10.456579260176472,315.8866143714669
Nigeria,NGA,2022,24.4,162.3855467948065,79.457946920672,46.5706755484283,59.0,59.0,59.0,47.0,,,1.3,219.0,89.62958527,1.647,0.386,70.6169092406565,26.69893582049002,16.513961276345743,319.3822048195081
Sao Tome and Principe,STP,2022,4.2,211.6589010133135,77.5574116741511,48.5350542796998,92.0,92.0,92.0,60.0,,,,87.0,139.02836609,2.165,0.464,14.9991986078849,25.94496835395229,19.90705190441881,364.9999970107567
Senegal,SEN,2022,33.5,231.5692941084325,85.7796288430834,60.407587055533,93.0,93.0,92.0,49.0,,,0.3,134.0,63.44842529,0.427,0.124,39.328601950874,26.671098563287284,15.846021566802284,294.717846911664
Sierra Leone,SLE,2022,0.8,305.75526754503,65.7476533121916,22.9191878036943,91.0,91.0,93.0,45.0,,,1.5,388.0,41.31875229,1.163,0.134,22.3654861743939,26.272149483721098,19.737628032102464,338.5779655642033
Togo,TGO,2022,12.3,284.4299613283685,62.7656132616006,24.8925910881783,86.0,86.0,85.0,39.0,,,1.8,47.0,55.79545593,0.494,0.08,35.8141758880983,27.074198382643363,17.973990218304596,326.1434781579222
American Samoa,ASM,2022,,59.30177257154815,100.0,62.119697982607,,,,,,,,4.2,,,,4.93764089552049,26.64037135596469,20.525317293150646,363.75933745697466
Bermuda,BMU,2022,,42.56892771247085,100.0,99.9416526015971,,,,,,,,1.5,,,,4.67916643603767,22.525597085205256,15.68672614360922,336.0
Cook Islands,COK,2022,,14.1356277384029,,,,72.0,43.0,,,,,,,,,4.41827292584475,24.864685919367027,18.05579761688447,362.284201320888
Greenland,GRL,2022,,42.56892771247085,100.0,62.5,,,,,,,,130.0,,,,1.77327801063675,-2.685083711432834,3.5963191046330443,329.9498349132931
Guam,GUM,2022,,13.60045179339735,99.5293013959399,90.3765791487569,,,,,,,,55.0,,,,3.72498157414215,27.37454711796817,21.553215918347497,365.0
Monaco,MCO,2022,100.0,42.56892771247085,100.0,100.0,99.0,99.0,0.0,85.0,,,,0.91,7674.09814453,,,12.8418535012439,14.940997656416863,9.961836962549762,311.37499504721785
Nauru,NRU,2022,100.0,91.41330744014697,97.9013076123691,70.6207080919845,99.0,97.0,97.0,61.0,,,,161.0,2264.07055664,,,4.36409314949647,27.30765517442876,20.30231437718651,365.0000021596671
Niue,NIU,2022,,55.85482866691496,,,,99.0,99.0,,,,,,,,,4.44156559190937,25.72339842714551,19.070276309943736,360.3161995741808
Northern Mariana Islands,MNP,2022,,30.35717937935235,100.0,99.7585788850266,,,,,,,,77.0,,,,2.79578101262798,27.35755412707854,21.295338707822943,365.0000073979254
Palau,PLW,2022,100.0,42.340358306766,99.5275761001394,99.0185052265638,94.0,86.0,82.0,74.0,,,,39.0,2077.734375,6.236,2.472,5.26057416498998,27.39914517927993,21.744273319064035,365.0000002751468
Puerto Rico,PRI,2022,,15.6981882357616,100.0,100.0,,,,,,,,0.86,,,,6.33587921198145,25.562399848365256,19.220864346723367,364.8241037397525
Saint Kitts and Nevis,KNA,2022,100.0,13.6754407960129,,,96.0,96.0,0.0,81.0,,,0.7,1.8,1161.22058105,,,8.26569398930937,26.25936715294212,19.48720754837887,365.0000182188384
San Marino,SMR,2022,100.0,42.56892771247085,100.0,100.0,92.0,90.0,80.0,74.0,,,,0.0,3874.98535156,8.68,4.663,16.6961546451697,13.678030549666849,9.100729243609765,294.5624935808014
Tuvalu,TUV,2022,76.75,195.595569800681,98.7800317187717,88.8444072299231,91.0,91.0,83.0,65.0,,,0.4,260.0,1300.46679688,,,5.40102031406572,27.2709366396007,20.55486245717965,364.6310493943032
United States Virgin Islands,VIR,2022,,14.7136401936751,99.4656802967685,99.2588820364163,,,,,,,,,,,,5.7133396852832,26.319043087943385,19.54729551346537,363.5611557053476
South Sudan,SSD,2022,0.0,320.3905241512935,39.5092288005932,14.2167630894524,73.0,73.0,0.0,39.0,,,1.6,333.0,48.03352737,0.691,0.041,24.2880356743608,28.666526225881487,13.207516851697504,291.785291732754
Sudan,SDN,2022,68.2,215.801620343888,63.032473791163,59.8058415120202,84.0,84.0,83.0,48.0,,,0.2,54.0,25.75139618,,,39.0125504379439,28.818723543298127,9.106285638420667,317.50857611241275
China,CHN,2023,88.7,28.837638188915548,96.0883413082236,97.2411682339468,96.0,0.0,0.0,85.0,,,,52.0,763.37762451,,,31.991575365069,16.329884037620324,11.304675869879874,287.72048130693173
Democratic People's Republic of Korea,PRK,2023,14.5,300.143147236582,93.9109177513255,84.8184516885649,99.0,99.0,0.0,77.0,,,,,,,,21.7761196310643,10.93664817511594,9.142739252357975,289.3896793300132
Taiwan,TWN,2023,,42.56892771247085,,,,,,,,,,,,,,16.3118786000351,22.4565282149636,16.294240446411848,350.678159773383
Cambodia,KHM,2023,58.0,185.0644332030495,81.8888688771299,80.3569034278216,84.0,84.0,82.0,62.0,,,0.5,276.0,114.56295776,,,19.4262068786841,28.191887024839268,21.24255128079303,341.55448999328166
Indonesia,IDN,2023,90.6,52.9154988230316,89.3578482222748,86.9363345400971,83.0,74.0,31.0,67.0,22.0,8.4,0.4,388.0,131.77729797,3.24,0.524,20.8444642120249,26.197354019838343,19.872173837917355,359.4897596831812
Lao People's Democratic Republic,LAO,2023,11.1,122.9727165634813,92.6257164263436,86.9959981840748,74.0,74.0,67.0,64.0,32.8,10.7,0.4,132.0,27.41773605,1.027,,25.9762899979383,23.74598566708677,17.349256625708982,345.033459489766
Malaysia,MYS,2023,83.8,13.5558684115173,97.8919385183286,96.0191440152349,95.0,95.0,95.0,80.0,,,0.3,97.0,450.33853149,4.054,2.341,15.8650142432827,26.840711047816807,21.14442791983481,364.3301055805637
Maldives,MDV,2023,99.8,25.54025549498405,99.7301882656937,99.3176875376915,98.0,98.0,0.0,71.0,,,0.1,36.0,1159.02819824,,,11.1624191226985,27.5509575798736,21.107500423483785,365.0000006610263
Myanmar,MMR,2023,53.5,167.7580451360255,85.6324592259364,74.156188318795,71.0,71.0,64.0,52.0,,,0.9,482.0,56.18909836,,,35.0665284656219,25.826279047736246,18.519645024757903,314.29252504759114
Philippines,PHL,2023,59.5,96.7151589241552,95.465506033898,85.991294396015,89.0,89.0,85.0,69.0,,,0.3,632.0,194.05484009,,,22.2053003753671,26.912291230359024,20.99499201992838,363.0678528039506
Sri Lanka,LKA,2023,35.4,56.6963042805446,90.1950284141998,95.3491933910345,99.0,99.0,0.0,72.0,10.3,10.0,0.1,57.0,134.23654175,2.258,1.136,22.6820308390395,26.53279637022445,20.677724500383228,359.5241206918328
Thailand,THA,2023,86.8,30.4165207355994,100.0,99.0385374392322,92.0,83.0,0.0,82.0,,,1.1,149.0,326.50482178,3.572,,23.4870743016258,28.04455212160937,20.20397304335936,324.2470024583918
Timor-Leste,TLS,2023,19.1,242.702774021663,85.9414631913499,70.4877207394957,83.0,83.0,56.0,48.0,,,0.2,455.0,144.21452332,,,11.9874398587491,24.97040998715684,17.96981868313056,349.0087237068468
Viet Nam,VNM,2023,98.7,92.643864919685,98.160662651459,94.0898634431677,65.0,65.0,0.0,71.0,18.2,4.4,0.4,185.0,197.19210815,,,24.7845479100313,25.678029076935893,19.66433717067371,355.7036379416196
Fiji,FJI,2023,54.1,63.74276081861815,95.5237842457223,92.7542060099235,97.0,97.0,96.0,69.0,,,0.8,72.0,212.88697815,,,6.44872096526468,25.176943357532675,18.782919279148704,361.431828577246
Kiribati,KIR,2023,16.4,276.2052397121315,78.8873728718607,45.1052498687683,90.0,90.0,91.0,51.0,,,,908.0,238.12675476,,,3.86704654760796,27.492795924132547,21.44488207306353,364.99889613164
Marshall Islands,MHL,2023,64.8,172.8329331739935,87.4725613488075,78.9094220356239,85.0,72.0,62.0,66.0,,,,928.0,894.21533203,,,4.10159681023633,27.38595328405713,21.66725367316008,365.0000007077073
Micronesia (Federated States of),FSM,2023,13.3,227.0232324438065,,,79.0,67.0,73.0,65.0,,,,397.0,507.7762146,,,3.51665334908193,27.493318766288933,21.753096823994703,364.9999957685682
Papua New Guinea,PNG,2023,10.5,225.091729510392,52.3359168793014,23.2257913219562,35.0,35.0,29.0,32.0,,,1.4,647.0,85.15021515,,0.061,14.1117516188413,22.21061465257848,17.149804956701743,364.9148541902736
Samoa,WSM,2023,39.7,160.9431831774785,98.9302348547362,96.8487142072358,83.0,83.0,93.0,62.0,,,,6.0,292.81085205,,,4.57949918534889,26.614006464273565,20.74407627574068,364.9999953626517
Solomon Islands,SLB,2023,8.7,274.288531432845,71.4884718815892,34.4025678319385,84.0,84.0,81.0,47.0,,,0.1,97.0,111.35532379,2.001,0.238,9.76639967800624,26.851999858144783,21.36879551818889,364.9881912108161
Tonga,TON,2023,90.1,151.307157216546,98.8577319664238,93.9318098810781,99.0,99.0,99.0,71.0,,,,7.6,357.54415894,,,4.68916248431247,24.55730379407884,17.474046500797105,348.0683142294249
Vanuatu,VUT,2023,20.6,257.472872544627,87.0544851579831,48.197355856503,72.0,72.0,63.0,52.0,,,0.1,45.0,143.43753052,,,6.9939431918878,25.62196531111544,18.81042250367065,358.65718272159154
Armenia,ARM,2023,98.8,51.0683967624294,99.9222036184019,93.5674537130871,94.0,94.0,94.0,69.0,,,0.4,21.0,766.95874023,,,28.5532304553511,9.63664618760368,6.489595281014132,254.2747161435832
Azerbaijan,AZE,2023,98.9,32.05789753634585,96.8490385896936,97.9482163589564,51.0,51.0,52.0,67.0,6.6,3.5,0.1,66.0,299.81060791,,,23.7138875571912,15.19100920393152,9.729124574462908,295.4535297759012
Georgia,GEO,2023,93.2,45.10708454354495,97.1538358776458,90.04898468576,88.0,88.0,86.0,71.0,,,0.4,51.0,554.3248291,5.967,5.642,18.5711667549529,11.3743338053645,8.154646425798719,313.06487125826493
Kazakhstan,KAZ,2023,94.2,14.27084967691965,97.8328139720823,97.948876378574,99.0,99.0,98.0,83.0,,,0.3,49.0,489.71456909,6.49,3.754,19.5961413356991,10.146849198000323,5.923130267291432,260.4071969526129
Kyrgyzstan,KGZ,2023,79.6,180.6156314256235,94.3000416733557,98.4088738227501,86.0,86.0,91.0,74.0,14.1,3.0,0.3,131.0,96.65081787,4.076,1.568,20.1239014514257,11.073625343962194,6.199676663395692,222.230009823332
Mongolia,MNG,2023,55.8,50.6482428223794,85.311512645746,72.8851663037703,96.0,96.0,96.0,70.0,8.8,2.7,0.1,448.0,359.60980225,,,42.6916874423772,0.1837313195515557,3.789723268407089,251.1178125365004
Tajikistan,TJK,2023,87.9,194.569669261803,89.1684391081177,95.9857039731115,96.0,96.0,31.0,72.0,13.7,6.4,0.2,76.0,85.14702606,6.453,1.87,33.3455362132125,13.357728915337653,6.334780812337059,223.33947511652937
Turkmenistan,TKM,2023,99.8,23.05440349013405,99.9281577562761,99.7373196526799,98.0,98.0,99.0,81.0,,,,41.0,581.38220215,3.488,1.93,31.2475628480692,17.235996548929705,6.572219937625347,248.30002491657365
Uzbekistan,UZB,2023,78.1,72.03001271485135,96.9565254047898,96.4278294703949,99.0,99.0,99.0,79.0,,,,54.0,192.11869812,,,32.7713715610547,16.472499266481062,6.5281988987548365,255.27128575879368
Albania,ALB,2023,86.1,48.87404404911755,95.107207538325,99.2994944120586,97.0,97.0,85.0,71.0,,,0.1,15.0,590.62799072,,,15.5141032036885,14.567652697516795,9.466091267520651,295.06730016872626
Bosnia and Herzegovina,BIH,2023,39.5,46.641192853932495,96.0981021077665,,73.0,73.0,0.0,64.0,,,,20.0,772.88568115,,,26.0886959562752,12.624148473973031,8.786752538928985,316.31665774937585
Bulgaria,BGR,2023,,19.57840270954535,99.2017331871692,86.0662621462475,92.0,92.0,87.0,73.0,,,0.1,17.0,1257.87597656,4.204,,19.6823426211069,13.32997963327867,8.383008478385412,267.8471381382587
Croatia,HRV,2023,100.0,13.9321842608841,99.9028641950813,,93.0,91.0,90.0,76.0,,,0.1,8.4,1548.33959961,,,15.7786705432032,14.137149875553032,9.522506560295955,314.9528152427159
Czechia,CZE,2023,100.0,18.0015925863688,98.7336065681001,99.0708089030162,90.0,90.0,0.0,83.0,,,,4.9,2671.08398438,,,12.7487592084261,10.548006641568136,7.437248626858731,306.11075254724994
Hungary,HUN,2023,100.0,13.5461649955758,100.0,97.976195278385,99.0,99.0,99.0,80.0,,,,6.5,1419.87475586,,,13.7155825810085,12.755364762465076,8.511600069651262,288.1273216870599
North Macedonia,MKD,2023,81.3,39.44760665203815,98.1866858659348,98.9894017609484,86.0,86.0,56.0,69.0,,,0.1,11.0,639.41693115,,,21.8117148685703,12.163531893807594,7.825067002908554,266.4151152785574
Montenegro,MNE,2023,61.4,24.41470369593315,99.2810967659846,97.8297883395881,81.0,81.0,0.0,70.0,,,0.1,17.0,1147.69787598,6.08,2.783,18.4546520922672,12.70162852078181,8.886535105391426,313.6471791255671
Poland,POL,2023,100.0,14.087781073779151,90.648484121514,98.9566925447355,95.0,94.0,89.0,82.0,,,,13.0,1577.98168945,,4.031,16.522574789688,10.215448700177816,7.634591538498386,317.26822319292506
Romania,ROU,2023,100.0,13.8244052173731,99.9999974664564,90.505532492932,79.0,79.0,78.0,77.0,,,0.2,62.0,1050.99755859,,,16.007729806639,11.579016980772092,7.94384212222712,293.2478559294013
Serbia,SRB,2023,83.1,28.12261167431389,95.4072534956029,97.9347704722446,93.0,93.0,82.0,73.0,,,0.1,20.0,983.69372559,,,19.3375514552379,13.210577401018693,8.894489519855656,305.9827363553788
Slovakia,SVK,2023,100.0,13.76316896164725,99.7866473599926,97.5393256080188,96.0,96.0,96.0,78.0,,,0.1,4.6,1813.46618652,,,13.7166673872216,11.149110534451887,8.003056564823144,304.90672540546103
Slovenia,SVN,2023,100.0,17.3014782239404,99.5745942010052,98.3111577508786,89.0,89.0,58.0,84.0,,,0.1,4.7,3037.7644043,,,12.5550625384956,12.06729235085778,8.80821806062227,336.4847694426695
Belarus,BLR,2023,99.7,23.94112840550305,99.8755846398108,99.7199437262096,98.0,98.0,0.0,80.0,1.2,1.3,,19.0,558.22644043,10.82,4.717,11.9843753055171,8.787326307552611,7.052062203044719,300.4368474452414
Estonia,EST,2023,100.0,14.66898454156655,100.0,99.0220443822146,84.0,84.0,0.0,79.0,,,0.7,9.1,2258.4597168,6.658,,5.91844561892566,6.979247746548758,6.708281954579406,316.2648690812573
Latvia,LVA,2023,100.0,13.47016255733605,98.7373706487975,92.5186835470802,98.0,98.0,95.0,77.0,,,0.5,22.0,1645.4152832,,,13.0121664059875,8.139934043412238,7.01805019014893,314.4430318583097
Lithuania,LTU,2023,100.0,15.56212691548635,99.9175659134354,96.3848409552758,90.0,90.0,82.0,78.0,1.0,,0.2,34.0,2044.18371582,,,10.7455249948656,8.81726889548413,7.082290991078313,308.56954371395767
Republic of Moldova,MDA,2023,98.3,88.8235508836397,92.2745583834246,86.3094330336137,87.0,87.0,85.0,71.0,,,0.9,70.0,451.73007202,6.317,4.016,14.9450916480619,12.507452246777662,7.789079674810153,238.90450321297243
Russian Federation,RUS,2023,100.0,14.08476619286775,96.8670125138165,91.5886930920727,97.0,95.0,93.0,81.0,,,,38.0,1003.33166504,,,11.5661567768194,6.46181949292992,6.32285045529255,295.2743360959332
Ukraine,UKR,2023,94.9,79.23529530951275,93.517329658926,97.6443648371652,83.0,78.0,0.0,80.0,,,,89.0,,6.079,3.531,14.854701604932,10.834396911542203,7.695807767734457,287.0898352432462
Brunei Darussalam,BRN,2023,100.0,42.56892771247085,100.0,100.0,99.0,99.0,0.0,84.0,,,,72.0,733.00543213,,,7.56922294285959,27.28893587353941,22.03943062681465,364.9999945416736
Japan,JPN,2023,100.0,36.154014508549,99.1831679675454,99.9455793899546,98.0,98.0,97.0,86.0,,,,9.8,3638.19287109,,,11.4519383176575,16.193833618405264,11.448878981697636,310.4713557120196
Republic of Korea,KOR,2023,100.0,42.56892771247085,99.979971635449,99.7457286506475,98.0,96.0,97.0,88.0,,,,38.0,3043.87329102,,,21.8940234142942,13.961726812834227,10.228878849442124,280.91791227708546
Singapore,SGP,2023,100.0,42.56892771247085,100.0,100.0,98.0,98.0,93.0,88.0,,,0.1,41.0,3921.60253906,,,15.1427300261359,27.477016849954023,21.8094104048868,365.0000023849361
Australia,AUS,2023,100.0,42.56892771247085,99.9696841388095,100.0,94.0,94.0,95.0,89.0,,,0.1,6.2,6980.38525391,,,6.41473930057816,17.17474863086872,10.593272064978436,311.67702277598534
New Zealand,NZL,2023,100.0,30.605371239125752,99.999999971682,99.999999971682,88.0,88.0,73.0,89.0,,,0.1,6.7,4997.24316406,12.3,,6.88138507182829,14.17699320222394,9.96729196387074,359.59613606917765
Andorra,AND,2023,100.0,42.56892771247085,100.0,100.0,98.0,97.0,94.0,75.0,,,,4.9,3605.19799805,4.722,5.068,8.88302187970813,9.823304970668149,6.925708813368007,286.63342897019845
Austria,AUT,2023,100.0,42.56892771247085,100.0,99.9722421586423,87.0,87.0,0.0,84.0,,,,5.3,6267.93164063,,5.515,10.0337620235066,10.456099207419472,7.598497036954241,311.41254645898016
Belgium,BEL,2023,100.0,42.56892771247085,99.9999973101139,99.4862165648512,98.0,97.0,94.0,86.0,1.9,0.8,0.2,2.5,5931.01464844,,,8.44918716609445,11.764923216591637,8.579709941547476,345.27592038160066
Cyprus,CYP,2023,100.0,15.9542695599064,99.7210789435355,99.4768823557025,95.0,95.0,74.0,76.0,,,,7.2,2899.36499023,,,16.0691610763589,20.81512830938324,12.5107588128551,286.8745352349738
Denmark,DNK,2023,100.0,42.56892771247085,99.9999977179038,99.5972246130908,97.0,97.0,97.0,85.0,,,0.1,3.5,6510.625,,,7.50264703002735,9.57626378601097,7.735352865293222,346.26463145808503
Finland,FIN,2023,100.0,42.56892771247085,99.9999988667298,99.4479540389609,91.0,91.0,87.0,86.0,2.8,1.6,,3.7,5515.40478516,,,4.56663882609005,5.277179242410407,6.224493585182877,324.925716135041
France,FRA,2023,100.0,42.56892771247085,100.0,98.6451856910254,96.0,96.0,96.0,82.0,,,0.3,8.3,5149.0546875,,,8.22738625697416,13.75743020334323,9.287370040267078,317.6175522410324
Germany,DEU,2023,100.0,42.56892771247085,99.9999970615884,99.2265552501835,89.0,88.0,74.0,87.0,,,0.2,5.6,6394.62255859,,,8.81223056430691,11.030670331166462,7.883979071351908,319.1633803159616
Greece,GRC,2023,100.0,14.1546421711061,99.9999984078161,99.0039477070011,95.0,99.0,90.0,77.0,,,0.3,5.6,1962.59594727,,,14.118664022908,17.564695022874155,10.57089813395973,282.9006985209265
Iceland,ISL,2023,100.0,42.56892771247085,100.0,98.7786759933373,92.0,92.0,92.0,90.0,,,0.1,3.6,7064.62402344,15.86,4.373,4.93296364385632,3.853191680046701,5.44555604212861,351.3153966652312
Ireland,IRL,2023,100.0,42.56892771247085,97.0814633122255,89.742009351926,93.0,93.0,83.0,82.0,,,0.2,4.8,6877.9375,14.78,3.875,7.51222073505132,11.020068591950588,8.5450413878815,363.1434649549069
Israel,ISR,2023,100.0,27.69560038425616,99.999996982634,99.9190335270473,98.0,98.0,94.0,85.0,,,,2.8,3927.69873047,5.899,3.797,21.9008483431459,21.74923910673792,14.150632833166537,322.9999982833767
Italy,ITA,2023,100.0,25.58143622063245,99.9170340740928,99.8849719036501,95.0,95.0,92.0,82.0,,,0.3,5.4,3283.47216797,,,14.291805636343,15.54980704929969,10.25837704951022,311.7748329321616
Luxembourg,LUX,2023,100.0,42.56892771247085,99.9999993622078,97.6032304799558,99.0,99.0,97.0,83.0,,,0.3,7.6,7510.99414063,13.72,,7.42989857852829,11.248436061218626,8.05312674727203,318.7589821751575
Malta,MLT,2023,100.0,42.56892771247085,100.0,100.0,98.0,98.0,71.0,82.0,,,0.3,13.0,3623.4609375,8.244,,10.8087176501156,20.273296626946458,13.792617429667336,349.7580169772468
Netherlands,NLD,2023,100.0,42.56892771247085,100.0,97.6632296431228,92.0,90.0,88.0,85.0,,,0.1,4.5,6371.85595703,,,8.58757364083248,11.810968704661738,8.639338737435393,344.7419672296106
Norway,NOR,2023,100.0,42.56892771247085,99.9999954349429,98.0480105181421,96.0,96.0,95.0,89.0,,,0.1,2.8,8296.35546875,16.51,4.975,5.52141079375347,5.939297474222093,6.173558221159577,324.15392376973136
Portugal,PRT,2023,100.0,13.528654364312551,99.2762210572337,99.6602104639564,99.0,99.0,98.0,83.0,,,0.5,16.0,2762.26293945,8.009,,8.76550462748695,16.28947158223355,10.527623826287144,321.1271645540141
Spain,ESP,2023,100.0,19.45567861072245,99.9249297229504,99.9183686152338,93.0,93.0,92.0,84.0,,,0.3,9.7,3106.62011719,,,10.0808338779581,16.781766748364372,9.69450881741392,285.2627889052536
Sweden,SWE,2023,100.0,42.56892771247085,99.7602354276088,98.7436812461122,94.0,94.0,94.0,85.0,,,,3.8,6206.23046875,,,5.25938129137927,7.103073835314109,6.650823117563808,320.7514079507814
Switzerland,CHE,2023,100.0,42.56892771247085,100.0,99.8998744202541,95.0,94.0,89.0,87.0,,,0.2,5.4,11783.66992188,,,8.32022270668715,10.627003062584311,7.786472977729869,317.5244515851721
United Kingdom,GBR,2023,100.0,42.56892771247085,100.0,99.1037240160958,92.0,92.0,89.0,88.0,,,0.2,8.6,5407.17041016,9.549,3.301,9.46282991802458,11.01203531696252,8.403918483174644,360.1820651279514
Argentina,ARG,2023,99.9,24.27510370023675,,,66.0,66.0,71.0,80.0,,,0.4,39.0,1456.98596191,4.749,5.106,14.3465949932455,17.790499242613876,10.236822341497408,264.8651034077265
Chile,CHL,2023,100.0,16.76305674222535,98.9890250912798,100.0,96.0,96.0,93.0,84.0,,,0.6,20.0,1736.52038574,5.454,3.334,23.1032480114662,13.733093973882724,8.045659664912858,263.49312135921986
Uruguay,URY,2023,100.0,19.0330638874319,99.6172068539544,98.8933870836172,95.0,95.0,94.0,85.0,,,,45.0,2076.09423828,,,10.8548023885457,18.020896971705657,11.471219577842444,312.2633962143184
Canada,CAN,2023,100.0,42.56892771247085,98.2905039744417,98.5881318805776,92.0,90.0,85.0,92.0,,,,6.2,6186.65234375,11.26,2.819,6.55039237938261,7.983292450951071,7.010239665590065,315.7471635625402
United States of America,USA,2023,100.0,42.56892771247085,99.9804979047021,99.6151178147694,94.0,92.0,84.0,88.0,,,,3.1,13473.19335938,,,6.96804491055748,15.53538099312107,9.628243385372045,275.0258443856578
Antigua and Barbuda,ATG,2023,100.0,17.02355076821545,98.9227464138028,99.6058209466968,97.0,98.0,0.0,81.0,,,1.1,1.1,841.24884033,,,8.4161129524253,26.76817469116843,20.06603575663519,365.00001003052336
Bahamas,BHS,2023,100.0,14.2017132307522,,,87.0,87.0,81.0,80.0,,,1.1,8.8,2262.33447266,4.224,,5.28191362280586,25.830805564924187,18.691646039006383,354.68572267478794
Barbados,BRB,2023,100.0,36.4775701029213,99.1626347450814,98.0924623115578,85.0,85.0,86.0,82.0,,,1.1,0.71,1286.47680664,3.666,,10.9080492042776,26.98019402229304,20.34700267109361,364.9999863562984
Belize,BLZ,2023,82.9,88.3789360018952,94.8298821080115,84.2497280854857,85.0,85.0,0.0,70.0,,,1.2,34.0,309.40835571,2.06,,16.7646615164655,26.65879328228192,20.451671479054266,361.1153328411568
Cuba,CUB,2023,94.9,102.08960635017736,95.0236345510277,94.1220801306732,99.0,99.0,0.0,86.0,,,0.6,8.1,,,,9.44801581673589,26.355012900696583,18.92473753516831,359.93778383054064
Dominica,DMA,2023,86.2,73.5470111454305,96.8915616749148,,56.0,56.0,0.0,75.0,,,0.5,6.0,492.4524231,,,11.5165760747608,26.48232927217258,20.034570591914843,364.91409580823466
Dominican Republic,DOM,2023,93.5,28.68500737920405,97.4107460357747,89.6102380882298,90.0,88.0,86.0,73.0,,,1.0,50.0,488.8727417,2.06,2.426,13.5127642846618,25.648183333662,18.915812703558377,360.399577364612
Grenada,GRD,2023,84.2,44.388620088848455,,92.6192396904393,86.0,86.0,0.0,78.0,,,,4.3,526.3918457,4.577,,11.0315429587203,27.084192372175124,20.69889170348332,364.9919578660522
Guyana,GUY,2023,100.0,16.2024952485127,95.644614726529,91.3046762515848,98.0,98.0,98.0,73.0,,,1.6,66.0,505.03240967,3.927,,16.9462260034022,26.929276836104822,21.061501863243265,364.23746672574896
Haiti,HTI,2023,4.5,273.052501905344,72.6351234532977,29.0180834702733,54.0,54.0,47.0,44.0,22.0,5.0,1.7,185.0,54.4146843,,,15.8127594459366,26.46453346902957,19.46012015742982,363.1849107874648
Jamaica,JAM,2023,93.0,93.23930694225396,87.895030779808,91.1018987715533,99.0,99.0,0.0,74.0,,,1.2,4.3,520.15704346,1.617,0.46,21.6535070203861,26.91431131862926,19.799331217109827,362.9206486393912
Saint Lucia,LCA,2023,92.1,49.4399236878373,98.0966876683617,,74.0,74.0,0.0,75.0,,,0.4,1.1,641.07495117,5.343,,10.4259042064551,26.95648705378748,20.233370982773696,364.8124985588352
Saint Vincent and the Grenadines,VCT,2023,89.5,49.6720071310415,,,94.0,94.0,0.0,80.0,,,0.8,3.9,469.20709229,4.738,,10.6030079678565,27.00154646566565,20.50030809792872,365.0000065515962
Suriname,SUR,2023,95.7,48.41977208520615,97.9952348294942,89.9842718946213,72.0,72.0,0.0,74.0,,,1.6,31.0,297.04589844,1.727,1.355,15.670163102049,27.02204825760284,20.93849667664658,361.2929095945482
Trinidad and Tobago,TTO,2023,100.0,13.737164780264049,99.1203415064723,94.1907029265778,96.0,96.0,94.0,75.0,,,,25.0,1276.33862305,4.108,,13.7770653891863,26.852575920625647,20.76922858772057,364.7760119098168
Bolivia (Plurinational State of),BOL,2023,90.6,115.95572382334194,92.9647725892341,70.4335419312464,67.0,67.0,68.0,67.0,,,0.4,105.0,255.04104614,,,28.1374394437756,16.689307101197283,10.37344960891691,291.0621683372202
Ecuador,ECU,2023,94.7,66.78565391589035,91.8598075666082,90.5556911375942,70.0,70.0,71.0,78.0,17.5,0.9,0.4,59.0,509.49414063,,,18.6084478897872,20.487467029173903,15.482988681659563,361.3768958858598
Peru,PER,2023,91.8,51.87016541296785,95.0719233240551,78.2571577701354,84.0,84.0,80.0,68.0,11.5,0.6,0.4,149.0,445.52667236,2.738,1.688,31.0938536450575,17.604627397474534,12.21735957750962,334.397847862609
Colombia,COL,2023,91.8,42.5946409245173,96.9496589659827,95.7128008202529,90.0,90.0,90.0,82.0,,,0.6,46.0,571.15496826,1.541,2.535,18.3566187713727,21.21712936573368,15.320261434610432,347.35636402300406
Costa Rica,CRI,2023,96.6,29.3842527505664,99.8143035929016,98.6179737414505,99.0,99.0,99.0,84.0,,,0.6,9.5,1163.30224609,,,17.6979830088429,22.56783801817569,16.90739964595869,362.1354369406562
El Salvador,SLV,2023,94.4,95.92654919507537,91.1548543157466,87.7919676704677,96.0,96.0,99.0,79.0,,,0.4,86.0,500.69497681,,1.616,29.5862475987305,27.0975129706324,17.811722809264097,277.8793321951486
Guatemala,GTM,2023,46.5,100.50407058005536,92.9701335518689,70.6041253212475,88.0,88.0,87.0,58.0,,,0.2,29.0,392.01223755,2.273,,29.6792763049113,21.63826788006234,14.501632979637916,327.27143827801154
Honduras,HND,2023,50.3,168.7177153870695,95.4348773364813,86.7701956081898,73.0,73.0,73.0,64.0,,,0.2,38.0,249.15301514,0.735,,30.7188969730187,24.83883992449818,17.108767221511275,315.6105506705605
Mexico,MEX,2023,85.1,26.299035617399603,99.4095196134934,92.9784568798496,85.0,85.0,78.0,79.0,,,0.4,28.0,760.98840332,,,16.6099613756465,20.341672249476822,11.353602407577783,271.30873964348524
Nicaragua,NIC,2023,59.6,158.674681523415,,,89.0,,,70.0,,,,44.0,216.55238342,,,20.4180839334698,26.70377798823943,18.95018174273969,323.57244387966887
Panama,PAN,2023,100.0,15.14436234636655,95.0598439257546,87.8666162534578,71.0,71.0,77.0,82.0,,,1.1,61.0,1557.81286621,,,15.1210531361735,26.11382515569257,20.40489117016581,363.0994173081272
Venezuela (Bolivarian Republic of),VEN,2023,93.5,191.729738945234,93.3316109894304,98.3955859787771,54.0,54.0,0.0,75.0,,,0.6,47.0,185.99124146,,,19.1983096563552,26.04147367295946,18.36130577145878,331.77330245077354
Brazil,BRA,2023,96.5,37.4699000887385,99.8980595100623,91.7128476214348,90.0,90.0,74.0,84.0,,,0.7,49.0,1009.83563232,5.502,2.357,13.3827173243912,23.48336424647812,15.800337901177937,320.5370893239861
Paraguay,PRY,2023,71.3,57.1110285572124,99.6009612348131,95.2491802778514,71.0,71.0,77.0,79.0,,,0.5,76.0,526.5098877,,,15.327993717276,23.38929561852466,15.437002005336952,308.60597656181045
Algeria,DZA,2023,99.7,44.866923629466754,92.3726404744191,85.8670433970582,92.0,92.0,89.0,70.0,,,0.1,55.0,233.37947083,,,16.5394687279881,19.06355592591226,9.16650135310076,267.7295368704184
Bahrain,BHR,2023,100.0,42.56892771247085,99.9198990209829,100.0,99.0,99.0,98.0,78.0,,,0.1,14.0,1175.81628418,,,56.5654845582004,27.308567872341523,17.275763421025516,278.26675028239214
Egypt,EGY,2023,99.9,56.19792868936365,97.3651944677444,96.8657483684403,96.0,96.0,0.0,71.0,,,0.1,10.0,141.41111755,,,43.1460553382462,23.4670266761463,11.049972733576956,196.67458913705
Iran (Islamic Republic of),IRN,2023,95.7,27.24538868245225,97.742552873025,90.4119852074826,99.0,99.0,0.0,81.0,,,,11.0,267.059021,2.876,1.811,40.2453897732326,17.045665026548782,6.4645114684964,269.1442026991476
Iraq,IRQ,2023,99.5,46.7190189550727,98.3950469684624,98.501709975411,91.0,91.0,14.0,64.0,,,0.1,23.0,333.29360962,,,49.4713662187955,24.84974091087106,7.962837388814908,290.6181926126019
Jordan,JOR,2023,99.4,85.84829671225614,99.2577307145329,96.5203168428374,96.0,96.0,0.0,74.0,8.2,2.3,0.1,3.3,342.10394287,3.333,,32.6320116469358,20.60129098054516,9.548625016302015,192.9244648695116
Kuwait,KWT,2023,100.0,42.56892771247085,100.0,100.0,99.0,99.0,99.0,84.0,3.2,3.5,0.1,11.0,1679.12353516,,,62.3484361793193,27.20586965546057,10.300735224791536,274.0866895958285
Lebanon,LBN,2023,,59.1502261791786,92.6,99.2,53.0,55.0,67.0,67.0,13.9,1.3,0.1,12.0,260.8119812,,,26.6948532836253,19.87530011908374,12.530738885610711,305.2793278970028
Libya,LBY,2023,,25.04109257845795,96.08160280194,88.6060378754098,73.0,73.0,73.0,71.0,,,0.1,57.0,470.4034729,,,20.014492731108,21.18791267515875,11.2827874392007,271.5142819184687
Morocco,MAR,2023,98.1,95.26892979020695,91.2311035579693,87.6475617548846,97.0,97.0,81.0,65.0,,,0.1,97.0,232.24751282,0.869,,18.7206508843713,19.34431837051845,9.970885207315057,281.75919333769895
Palestine,PSE,2023,,169.34553565109348,98.7763586678986,99.3925426491979,88.0,88.0,87.0,65.0,,,,0.4,345.67965698,,,22.394098975674,21.525440035892608,12.781976976711071,282.7397872994334
Oman,OMN,2023,100.0,42.56892771247085,92.559888964675,99.3207794038753,99.0,99.0,99.0,73.0,,,0.1,14.0,732.04089355,,,46.8557577090985,27.92798051500484,15.53968191178409,253.6923357990852
Qatar,QAT,2023,100.0,42.56892771247085,99.9889721417312,99.936545083788,95.0,95.0,97.0,84.0,6.2,1.6,0.1,40.0,1804.35424805,8.489,3.022,107.758571527846,28.30657262828747,15.641855224089309,232.8904561691715
Saudi Arabia,SAU,2023,100.0,42.56892771247085,99.042358768417,97.6024090977173,97.0,97.0,97.0,83.0,,,0.1,8.4,1825.2545166,6.557,3.406,73.5179752363051,27.44785104831878,9.714180082887536,271.30760622401374
Syrian Arab Republic,SYR,2023,88.8,198.2423871911925,94.1020342428863,95.3158526472943,66.0,66.0,0.0,70.0,,,0.1,23.0,33.34017944,,,32.0552019474512,18.75295561956051,8.643890619828216,239.14942949640223
Tunisia,TUN,2023,99.9,64.52001510521495,96.3377994591756,97.9849156132874,97.0,97.0,97.0,76.0,,,0.1,38.0,317.70983887,,,18.874792802061,20.432320781740668,11.236813746484584,257.121339117404
Türkiye,TUR,2023,95.3,13.578861649790849,95.9784417716969,99.2664132586442,99.0,99.0,95.0,77.0,,,,14.0,547.8145752,,,26.4041601035213,15.35626583057169,8.903105042051907,286.9794471146462
United Arab Emirates,ARE,2023,100.0,42.56892771247085,99.9999970727207,99.0890518596042,96.0,96.0,94.0,84.0,,,0.1,0.76,2401.52026367,,2.992,57.1867315267375,28.70888429224225,15.663944074070375,213.45253788021745
Yemen,YEM,2023,47.3,288.1778604856575,73.3277642149443,62.2859746985692,46.0,46.0,45.0,43.0,,,0.1,38.0,47.78109741,0.541,0.098,46.8359781444582,24.296543716165168,12.475753738722473,224.152637371396
Afghanistan,AFG,2023,38.6,296.18891716879,78.926564391722,53.0909369400519,60.0,60.0,58.0,42.0,,,0.1,204.0,59.06770706,0.549,0.317,37.9483109911724,14.376778968122444,5.977885649456475,240.31672272064247
Bangladesh,BGD,2023,28.4,167.018676780963,98.6816683567859,65.6304136319171,97.0,97.0,97.0,54.0,,,0.1,221.0,53.46432495,0.664,0.722,69.2525518340174,26.079757728791733,19.50831460379785,347.3967934581432
Bhutan,BTN,2023,91.6,71.09685593363196,99.4298614038042,85.2990010822165,99.0,99.0,99.0,69.0,17.9,5.1,0.2,179.0,162.19680786,,,30.0727424508173,21.237888988835856,15.284598418874682,344.9109820652103
India,IND,2023,76.7,117.71705925818976,95.0740565981493,80.6978943350927,91.0,91.0,83.0,69.0,,,,192.0,84.68669891,,,54.0522242217331,25.87995452993125,16.5940863988834,285.21125087823447
Nepal,NPL,2023,42.7,231.62936867600848,93.1169638221139,82.5877911140468,94.0,94.0,88.0,58.0,,,0.1,231.0,83.96018982,4.092,1.011,53.2003436952498,23.06722412795352,15.685599838890226,314.50341352392087
Pakistan,PAK,2023,54.9,161.267669587575,90.6815872292919,71.8243245387853,86.0,86.0,86.0,56.0,,,0.2,267.0,30.48608398,,,58.3745179541935,23.86334274008064,14.02840553604118,236.1005206440496
Angola,AGO,2023,50.2,133.2478581789955,67.2244252588497,,66.0,66.0,64.0,44.0,,,1.6,383.0,76.07118225,,,19.9075690536367,23.35307607819702,15.205104907313338,325.87025377806475
Central African Republic,CAF,2023,1.0,354.723812959687,36.3972597405494,13.939220081887,40.0,40.0,39.0,39.0,,,2.5,428.0,53.81136703,1.097,0.074,33.2858847106909,26.393817583326623,17.006255070325384,309.7344176076518
Congo,COG,2023,40.1,185.33366287294848,,,78.0,78.0,76.0,45.0,,,3.2,298.0,75.55332184,,,36.5403519085882,25.391927937522595,19.76650236197339,364.7619283161178
Democratic Republic of the Congo,COD,2023,5.0,345.5154762841985,35.4034461859588,16.2386817602994,60.0,60.0,59.0,41.0,44.7,7.2,0.8,385.0,23.43148804,,,35.8125021813766,24.822623688133927,17.16781765268525,330.89699175274114
Equatorial Guinea,GNQ,2023,22.1,20.77776274439575,,,74.0,74.0,0.0,49.0,,,,203.0,233.68379211,,,42.2208052713627,25.226861479643496,20.04068766007823,364.99999653258857
Gabon,GAB,2023,91.4,34.23740520205555,88.479261326667,57.3016336632799,70.0,70.0,0.0,48.0,,,2.9,380.0,252.98246765,,,31.3215918230835,25.744614111754025,20.182846811301854,364.99379392401073
Burundi,BDI,2023,0.1,359.890551452158,65.8069881708757,44.6456125902738,89.0,89.0,88.0,48.0,58.0,4.7,0.8,86.0,28.14028931,0.794,,35.6918123934643,21.40094214042041,12.93006706257566,278.56631093796074
Comoros,COM,2023,10.4,257.0004396219195,85.1575256557465,56.104836588019,75.0,75.0,0.0,52.0,,,0.1,26.0,102.23101807,,,10.1727579725379,26.279804101454445,19.459238817722568,364.9999951637689
Djibouti,DJI,2023,10.0,154.457919520048,79.4286344922977,67.0234840121481,72.0,72.0,72.0,47.0,25.5,12.1,1.0,477.0,77.57087708,,,40.2974292106183,29.192382459252748,17.991945469699285,289.5150327475012
Eritrea,ERI,2023,12.0,302.9567977180496,,,95.0,95.0,95.0,40.0,,,0.4,149.0,28.29782677,,,33.6567997168068,25.566549232266546,10.436346815747822,240.8112194188969
Ethiopia,ETH,2023,7.1,269.547136834182,54.125600929218,10.0168072289161,70.0,70.0,70.0,33.0,,,0.7,143.0,34.79846954,,0.143,23.8032820424199,20.25598451106725,10.599799643326378,262.4731257532501
Kenya,KEN,2023,31.6,209.1386101160275,64.7820788557808,40.1703366344741,93.0,93.0,91.0,57.0,,,3.2,214.0,84.958992,2.273,0.289,20.252365609383,21.59967130286217,12.696846677933893,271.44241131878204
Madagascar,MDG,2023,1.6,308.2568527005775,54.4969430342798,15.2883891812498,65.0,65.0,64.0,33.0,,,0.4,220.0,17.44003487,,,12.3865755564591,21.95900065052455,14.77037922044123,319.72069577877136
Malawi,MWI,2023,1.5,316.7744840754815,72.2285522528925,49.23687867184,91.0,91.0,91.0,52.0,,,6.6,119.0,41.26664734,,,16.7211601349048,22.377316461381863,13.748301959942795,265.3862443677651
Mauritius,MUS,2023,99.1,19.1889365690771,99.9024122575049,97.0904086099851,96.0,96.0,91.0,75.0,,,,12.0,616.20739746,,,14.0610818595338,24.55732322688976,17.645640859530307,362.89978805441774
Mozambique,MOZ,2023,7.4,326.0547157430945,64.5157588929919,37.257486002339,70.0,70.0,55.0,50.0,,,11.8,361.0,52.96166611,,,13.7216828951578,23.985757440714373,15.41985692060338,293.61098663364777
Rwanda,RWA,2023,9.3,276.0948383148125,60.8290423575481,80.3475631851087,94.0,94.0,94.0,59.0,,,2.2,62.0,52.65630722,,,36.0064247681194,20.18702375336247,12.404237698654738,295.62684895839726
Seychelles,SYC,2023,100.0,13.3916710996847,97.5539573025066,99.7,97.0,97.0,97.0,80.0,,,,18.0,766.28778076,7.32,,9.25996565809024,26.836272087165217,20.732986073501152,364.9999934508646
Somalia,SOM,2023,5.4,370.289994966835,72.8240641770805,43.4108945004739,69.0,69.0,0.0,30.0,,,0.1,157.0,22.37065506,,,18.5402586086237,27.52220495660592,17.089883381002306,250.628179098168
United Republic of Tanzania,TZA,2023,9.8,245.4215794902195,63.0660884066509,35.6824982712263,83.0,83.0,82.0,49.0,,,3.7,183.0,36.25619888,0.693,,20.1699588964355,23.44397580592388,14.505931399561506,276.21666680058763
Uganda,UGA,2023,1.8,260.6942361843775,61.3115234168033,23.5293222340079,91.0,91.0,91.0,54.0,,,5.2,198.0,45.21318436,,,31.2148242708861,23.12608237306901,14.641819389236565,315.0522437703857
Zambia,ZMB,2023,9.2,216.677392045357,72.3590047817849,36.7391328457853,90.0,90.0,87.0,62.0,,,9.8,283.0,79.55635071,,,20.2430489112714,22.158015201177,11.96465546468674,233.79346741258155
Botswana,BWA,2023,66.4,34.192257607058,91.7236550803662,71.9941392506475,95.0,94.0,86.0,60.0,,,16.6,175.0,489.59677124,3.018,0.379,13.2435593608353,21.54134406286441,8.803562392163899,230.874769617136
Lesotho,LSO,2023,53.8,260.3895245938995,77.481451488906,46.6178621737328,90.0,90.0,90.0,55.0,,,18.0,584.0,122.63982391,,,26.4379773450967,12.937489519220632,7.048456192016737,228.207411540298
Namibia,NAM,2023,48.0,81.7484529525256,86.1410432483345,38.4005446833098,83.0,83.0,83.0,66.0,,,9.4,432.0,397.09063721,,,14.2253008498779,22.20591232915491,6.950932754917314,308.3848056876674
South Africa,ZAF,2023,89.8,50.42871781222805,90.4386965804708,76.7816295496925,79.0,79.0,83.0,74.0,,,17.6,427.0,536.58843994,,,27.7247110277789,18.226270088220687,9.93018416269402,262.0649243588286
Eswatini,SWZ,2023,50.3,83.40991940920816,79.1563791861863,63.8676533294277,85.0,85.0,66.0,72.0,,,24.3,326.0,296.04562378,4.26,0.557,16.7458644287773,20.66635171786868,12.803545376700516,298.5706599130223
Zimbabwe,ZWE,2023,30.7,264.4973401981265,67.1849190325683,34.6283464803415,90.0,90.0,90.0,59.0,,,10.3,209.0,62.92946243,,0.136,15.0254734850511,21.50559827414204,10.917612963417287,227.4609395773072
Benin,BEN,2023,6.0,240.260086740743,69.2752913846942,21.5460291941212,69.0,69.0,70.0,38.0,,,0.7,42.0,46.52822113,0.611,0.216,39.6565559870988,27.72479227569923,19.56932132788351,335.1253832145856
Burkina Faso,BFA,2023,17.0,286.164869238152,49.4606606678806,30.9150753845811,91.0,91.0,91.0,47.0,,,0.5,58.0,71.73455048,0.949,,37.3246424541393,29.19587539760624,13.919787252853586,294.172284444526
Cameroon,CMR,2023,30.7,222.897645191053,70.7167101481695,46.6226225275107,75.0,75.0,75.0,48.0,,,2.7,137.0,79.09996796,,,55.603592684544,26.08373918953229,15.942810716564251,327.7417719692744
Cabo Verde,CPV,2023,83.9,122.597425176036,91.14605423466,83.0869470550891,93.0,93.0,0.0,71.0,,,0.9,53.0,290.12619019,1.798,0.73,20.1930112407691,24.587121117271096,17.834805081323665,364.649988986772
Chad,TCD,2023,9.7,294.95330250651,52.0983569633172,13.0279538007946,67.0,67.0,0.0,26.0,,,1.0,120.0,47.43893051,0.167,0.085,42.9595249298994,28.579756361365515,11.934649126067848,298.5583924086394
Côte d'Ivoire,CIV,2023,44.1,171.177057151593,76.9878854497263,39.6407426651959,79.0,79.0,79.0,46.0,,,1.8,103.0,87.68105316,0.793,0.166,20.3873194822538,26.789573069468723,19.73899151029672,341.23956603516854
Gambia,GMB,2023,1.6,272.074734525071,86.7155739795785,47.9457928819298,84.0,84.0,80.0,53.0,,,1.4,142.0,25.74407768,0.658,0.09,38.265175638788,28.070917710258463,16.984998628497934,281.63080830579185
Ghana,GHA,2023,32.8,154.88556707985651,88.8910495956232,30.3048454596217,95.0,95.0,96.0,56.0,,,1.5,129.0,70.25730896,4.11,0.266,28.143601284493,27.541736608713503,19.79573408797529,338.55726652001266
Guinea,GIN,2023,1.0,272.7852933814375,73.3743676551949,32.538855541003,60.0,60.0,0.0,43.0,,,1.4,178.0,59.33010101,,,27.2639917651602,26.41547557582137,17.616002691638666,312.6937406052245
Guinea-Bissau,GNB,2023,0.8,300.4275097068105,61.7218282479049,28.8319728978299,74.0,74.0,74.0,43.0,,,2.3,178.0,82.13543701,,,32.2919342603912,27.97535316823197,18.128192099961016,273.20602286667435
Liberia,LBR,2023,0.8,335.145681842227,78.180013925929,22.7604195167576,83.0,83.0,80.0,49.0,,,1.0,215.0,103.94123077,,,17.9178293051068,26.094352842715008,20.11393664848664,347.462952240742
Mali,MLI,2023,1.3,283.847366557738,85.0789328815907,46.4485840749361,75.0,75.0,80.0,41.0,,,0.8,52.0,33.9802475,0.268,0.188,35.5240450338273,29.102109114945502,13.240256659175428,306.1288236438307
Mauritania,MRT,2023,49.4,177.61320206415002,76.416594605687,58.2608340232933,90.0,90.0,90.0,40.0,,,0.1,70.0,92.11444092,,,46.5013986975929,29.466143883484587,11.658968238275884,291.9934564448668
Niger,NER,2023,5.1,326.774343793554,52.7552521305404,15.8722896113192,85.0,85.0,85.0,39.0,,,0.2,83.0,26.01301575,0.421,0.038,65.2302894952218,29.11005965567008,11.021681997321418,299.5980928646915
Nigeria,NGA,2023,26.2,163.256488509129,81.0772897042816,47.7155813553496,67.0,67.0,26.0,47.0,,,1.2,219.0,66.82009125,,0.38,65.740618883028,27.288940515082658,17.356969968477625,320.3787042885415
Sao Tome and Principe,STP,2023,4.6,211.768570960274,77.7627440176423,48.6086612768342,87.0,87.0,86.0,60.0,,,,73.0,171.05166626,,,15.1195335259737,26.2873197162588,20.38044381704664,365.0000002736807
Senegal,SEN,2023,34.8,228.92067439190947,86.915566820325,61.4661335345473,92.0,92.0,92.0,48.0,17.5,10.2,0.3,133.0,73.22670746,0.424,0.109,41.6483649398667,27.228683642151832,16.33685342052228,289.63588969564955
Sierra Leone,SLE,2023,0.9,305.6332325126815,66.9139758718619,23.9048711595784,91.0,91.0,93.0,48.0,,,1.4,380.0,35.76205063,,,22.461260523478,26.480922070865667,20.421431556939748,348.7564285378906
Togo,TGO,2023,13.2,281.70623723154847,63.7824051013865,25.0297462105085,90.0,90.0,89.0,42.0,,,1.7,47.0,59.60503769,,,34.3346739146749,27.600761812977066,18.87891995661767,330.0425070943746
American Samoa,ASM,2023,,57.14957301739005,100.0,62.119697982607,,,,,,,,3.9,,,,4.32593683167305,27.045847678787684,21.041248151604407,365.0000089989932
Bermuda,BMU,2023,,42.56892771247085,100.0,99.9416526015971,,,,,,,,3.1,,,,4.6349320219719,22.24895131635869,15.563237747976022,343.5625115876645
Cook Islands,COK,2023,,13.5999162664423,,,,86.0,77.0,,,,,,,,,3.98150302592056,24.54149641715713,17.39868362079288,351.3018443663883
Greenland,GRL,2023,,42.56892771247085,100.0,,,,,,,,,110.0,,,,1.63628490009227,-2.511552183993896,3.5875387721947924,322.8813100054902
Guam,GUM,2023,,13.514438562657102,99.5293013959399,90.3765791487569,,,,,,,,42.0,,,,3.47075894957671,27.476775313822667,21.875969202570875,365.0
Monaco,MCO,2023,100.0,42.56892771247085,100.0,100.0,99.0,99.0,0.0,85.0,,,,0.86,8004.16845703,,,11.3779821797819,14.736204197323543,9.760939871183448,306.8750047612707
Nauru,NRU,2023,100.0,89.74319168544599,97.8721358503405,70.9709291863493,99.0,97.0,97.0,62.0,15.7,1.3,,152.0,2292.37329102,,,4.83857913426453,27.590760207960383,21.436853246062363,364.9999900241164
Niue,NIU,2023,,53.01640198698856,,,,99.0,99.0,,,,,,,,,3.60271872041838,25.305240259707062,18.550821465511905,360.57037449196906
Northern Mariana Islands,MNP,2023,,33.122996927675004,100.0,99.7585788850266,,,,,,,,75.0,,,,2.67817942323547,27.45533899676363,21.637255977276183,364.9999940613245
Palau,PLW,2023,100.0,44.64281005404815,99.5299685485284,99.0217636084131,97.0,92.0,93.0,75.0,,,,85.0,1683.8458252,6.61,1.808,4.94109970714801,27.54485678777064,22.046497055413337,365.0000004685048
Puerto Rico,PRI,2023,,15.7836771913248,100.0,100.0,,,,,,,,0.81,,,,7.83963023115694,26.14165291650276,19.844619556558506,364.9877885363347
Saint Kitts and Nevis,KNA,2023,100.0,13.5985681691435,,,96.0,96.0,0.0,80.0,,,0.8,2.1,1294.88391113,6.581,,8.87073187526288,26.80663716230601,20.12450739712882,365.0000056521764
San Marino,SMR,2023,100.0,42.56892771247085,99.9999988818718,100.0,91.0,90.0,83.0,74.0,,,,0.0,3923.5234375,9.436,4.629,12.7360737522911,13.85169280022423,9.29506599707246,320.56249553520445
Tuvalu,TUV,2023,77.0,192.303037026277,98.7610472591254,89.2608901052421,94.0,94.0,98.0,65.0,,,0.4,163.0,1723.56542969,,,5.22404813151427,27.802855671427885,21.48716939829229,364.643597166491
United States Virgin Islands,VIR,2023,,15.05569171103665,99.4656802967685,99.2588820364163,,,,,,,,,,,,6.7926382310921,26.890984999377185,20.147878004267533,364.9999925321984
South Sudan,SSD,2023,0.0,324.475604715877,39.6266422393655,14.3201319980044,73.0,73.0,0.0,41.0,,,1.6,326.0,72.75582886,,,23.674692498997,29.649895611873195,13.563882069221048,268.2879831729052
Sudan,SDN,2023,70.55,222.959739085671,64.0016697422779,62.7305457858252,51.0,51.0,52.0,48.0,,,0.2,50.0,21.0830822,,,37.6123871383607,30.12596863243214,8.879885790085204,310.7771119833852
