location_name,iso3,domain,adverse_z_2000,adverse_z_2023,delta_adverse_z,catchup_or_lag,profile_2000,profile_2023,transition_pathway
Afghanistan,AFG,Ambient PM2.5,1.172001019179631,0.4681780111101011,-0.70382300806953,catch-up,Double-high,Structural high,Double-high -> Structural high
Afghanistan,AFG,Climate/transmission,-2.0976894085670734,-2.46154440276496,-0.3638549941978866,catch-up,Double-high,Structural high,Double-high -> Structural high
Afghanistan,AFG,HIV/TB,-0.5501824136559199,-0.2681684491497704,0.2820139645061495,lag,Double-high,Structural high,Double-high -> Structural high
Afghanistan,AFG,Health resources,,0.1273166112444057,,stable,Double-high,Structural high,Double-high -> Structural high
Afghanistan,AFG,Household energy/HAP,0.8874189244366121,-0.1477516402904008,-1.0351705647270129,catch-up,Double-high,Structural high,Double-high -> Structural high
Afghanistan,AFG,Immunisation/UHC,0.8953621070672639,0.8300166843355339,-0.06534542273173005,catch-up,Double-high,Structural high,Double-high -> Structural high
Afghanistan,AFG,WASH,1.0368072743240286,-0.4371102136424437,-1.4739174879664723,catch-up,Double-high,Structural high,Double-high -> Structural high
Albania,ALB,Ambient PM2.5,-0.3515060437273185,-0.521471671485872,-0.16996562775855356,catch-up,Neither,Neither,Neither -> Neither
Albania,ALB,Climate/transmission,-0.812759957427455,-0.8906569953015588,-0.07789703787410385,catch-up,Neither,Neither,Neither -> Neither
Albania,ALB,HIV/TB,-0.4604466663385457,-0.4931265706898211,-0.03267990435127538,catch-up,Neither,Neither,Neither -> Neither
Albania,ALB,Health resources,0.2729276233549673,0.0549676934999348,-0.21795992985503249,catch-up,Neither,Neither,Neither -> Neither
Albania,ALB,Household energy/HAP,1.066855131232786,0.1559153388918588,-0.9109397923409273,catch-up,Neither,Neither,Neither -> Neither
Albania,ALB,Immunisation/UHC,0.2412813900039202,-0.3709581434353198,-0.61223953343924,catch-up,Neither,Neither,Neither -> Neither
Albania,ALB,WASH,-0.2973410882189304,-0.3568432421081481,-0.0595021538892177,catch-up,Neither,Neither,Neither -> Neither
Algeria,DZA,Ambient PM2.5,-0.9648396795605634,-0.6398924392826713,0.3249472402778921,lag,Excess-only,Neither,Excess-only -> Neither
Algeria,DZA,Climate/transmission,-1.2743383664216472,-0.8894205778300784,0.3849177885915688,lag,Excess-only,Neither,Excess-only -> Neither
Algeria,DZA,HIV/TB,-0.5881028028947584,-0.589597280168164,-0.001494477273405681,catch-up,Excess-only,Neither,Excess-only -> Neither
Algeria,DZA,Health resources,-0.0829737627003285,0.4671665881111327,0.5501403508114612,lag,Excess-only,Neither,Excess-only -> Neither
Algeria,DZA,Household energy/HAP,-2.40429305030069,-0.6445089213838459,1.759784128916844,lag,Excess-only,Neither,Excess-only -> Neither
Algeria,DZA,Immunisation/UHC,-0.8365086228739789,-0.5727087396403455,0.26379988323363335,lag,Excess-only,Neither,Excess-only -> Neither
Algeria,DZA,Nutrition,-1.2190461550522058,,,stable,Excess-only,Neither,Excess-only -> Neither
Algeria,DZA,WASH,-1.4682836755424624,0.4490535707811133,1.9173372463235756,lag,Excess-only,Neither,Excess-only -> Neither
American Samoa,ASM,Ambient PM2.5,-1.1394881866454938,-0.7145219539755462,0.4249662326699476,lag,Neither,Excess-only,Neither -> Excess-only
American Samoa,ASM,Climate/transmission,1.2129656284145791,1.4308577970612042,0.21789216864662508,lag,Neither,Excess-only,Neither -> Excess-only
American Samoa,ASM,HIV/TB,-0.9684401661059676,-0.6773393636074687,0.2911008024984989,lag,Neither,Excess-only,Neither -> Excess-only
American Samoa,ASM,Household energy/HAP,-0.1277156895792547,1.3771501472461245,1.504865836825379,lag,Neither,Excess-only,Neither -> Excess-only
American Samoa,ASM,WASH,1.382040538188668,3.0961686500686465,1.7141281118799785,lag,Neither,Excess-only,Neither -> Excess-only
Andorra,AND,Ambient PM2.5,-0.2181489080910002,-0.4348239637105882,-0.21667505561958797,catch-up,Neither,Neither,Neither -> Neither
Andorra,AND,Climate/transmission,-0.6674115188967961,-0.8940982542453956,-0.2266867353485995,catch-up,Neither,Neither,Neither -> Neither
Andorra,AND,HIV/TB,-0.3711944174104242,-0.6378302014647079,-0.26663578405428373,catch-up,Neither,Neither,Neither -> Neither
Andorra,AND,Health resources,0.591937758724781,-0.1970337326761032,-0.7889714914008843,catch-up,Neither,Neither,Neither -> Neither
Andorra,AND,Household energy/HAP,1.0326248015993424,0.118127746636918,-0.9144970549624245,catch-up,Neither,Neither,Neither -> Neither
Andorra,AND,Immunisation/UHC,-0.0220005310217581,-0.1733653663981174,-0.1513648353763593,catch-up,Neither,Neither,Neither -> Neither
Andorra,AND,WASH,-0.5417458371942349,-0.5343260169820003,0.007419820212234529,lag,Neither,Neither,Neither -> Neither
Angola,AGO,Ambient PM2.5,-0.4570857694703818,-0.6986395793740392,-0.24155380990365738,catch-up,Double-high,Neither,Double-high -> Neither
Angola,AGO,Climate/transmission,-0.255873314574709,-0.0382493377360343,0.21762397683867474,lag,Double-high,Neither,Double-high -> Neither
Angola,AGO,HIV/TB,-0.2764611327077763,0.5601250057153728,0.8365861384231491,lag,Double-high,Neither,Double-high -> Neither
Angola,AGO,Health resources,0.5193311108812403,-0.1084075510639251,-0.6277386619451654,catch-up,Double-high,Neither,Double-high -> Neither
Angola,AGO,Household energy/HAP,-0.4887596337175534,-1.6417984595585722,-1.1530388258410187,catch-up,Double-high,Neither,Double-high -> Neither
Angola,AGO,Immunisation/UHC,0.826103616299528,0.5200467166793813,-0.3060568996201467,catch-up,Double-high,Neither,Double-high -> Neither
Angola,AGO,WASH,0.6384863611250376,0.2880847704072976,-0.3504015907177401,catch-up,Double-high,Neither,Double-high -> Neither
Antigua and Barbuda,ATG,Ambient PM2.5,-0.7655389238326843,-0.4634812056143979,0.3020577182182864,lag,Neither,Excess-only,Neither -> Excess-only
Antigua and Barbuda,ATG,Climate/transmission,1.041424261272897,1.3565919155187636,0.31516765424586657,lag,Neither,Excess-only,Neither -> Excess-only
Antigua and Barbuda,ATG,HIV/TB,0.502472988976411,1.0474887314678951,0.5450157424914841,lag,Neither,Excess-only,Neither -> Excess-only
Antigua and Barbuda,ATG,Health resources,-1.0918162910062816,0.7913333857410966,1.883149676747378,lag,Neither,Excess-only,Neither -> Excess-only
Antigua and Barbuda,ATG,Household energy/HAP,-0.9208910749526124,-0.6214822749137594,0.29940880003885295,lag,Neither,Excess-only,Neither -> Excess-only
Antigua and Barbuda,ATG,Immunisation/UHC,-0.2532951028382573,0.2382044029290794,0.4914995057673367,lag,Neither,Excess-only,Neither -> Excess-only
Antigua and Barbuda,ATG,WASH,-0.0599639367937357,-0.2571493519970945,-0.1971854152033588,catch-up,Neither,Excess-only,Neither -> Excess-only
Argentina,ARG,Ambient PM2.5,-0.2774165400474885,-0.0994888967951774,0.17792764325231109,lag,Neither,Neither,Neither -> Neither
Argentina,ARG,Climate/transmission,-0.3750751718143725,-0.5177521201944013,-0.1426769483800288,catch-up,Neither,Neither,Neither -> Neither
Argentina,ARG,HIV/TB,0.1182857653874592,0.5501698412961558,0.43188407590869654,lag,Neither,Neither,Neither -> Neither
Argentina,ARG,Health resources,-1.9021396515985087,0.048958882825009,1.9510985344235177,lag,Neither,Neither,Neither -> Neither
Argentina,ARG,Household energy/HAP,-0.6184937560495996,-0.4062049748841977,0.21228878116540184,lag,Neither,Neither,Neither -> Neither
Argentina,ARG,Immunisation/UHC,-0.0879895020100459,1.2624517537755588,1.3504412557856047,lag,Neither,Neither,Neither -> Neither
Argentina,ARG,WASH,-0.0001333118631731,,,stable,Neither,Neither,Neither -> Neither
Armenia,ARM,Ambient PM2.5,0.3445914303718822,1.0631292809940875,0.7185378506222053,lag,Neither,Neither,Neither -> Neither
Armenia,ARM,Climate/transmission,-1.594985167527377,-1.7037098489987077,-0.10872468147133074,catch-up,Neither,Neither,Neither -> Neither
Armenia,ARM,HIV/TB,-0.239778111380358,-0.4318791995962517,-0.1921010882158937,catch-up,Neither,Neither,Neither -> Neither
Armenia,ARM,Health resources,-0.1771213955011286,-0.5077070925020785,-0.33058569700094986,catch-up,Neither,Neither,Neither -> Neither
Armenia,ARM,Household energy/HAP,0.5258507411702578,-0.2085349485328547,-0.7343856897031125,catch-up,Neither,Neither,Neither -> Neither
Armenia,ARM,Immunisation/UHC,0.3479754206029821,-0.2358796401994824,-0.5838550608024645,catch-up,Neither,Neither,Neither -> Neither
Armenia,ARM,Nutrition,-0.5468540192869727,,,stable,Neither,Neither,Neither -> Neither
Armenia,ARM,WASH,-0.8308354341880232,-0.7002220800606016,0.1306133541274216,lag,Neither,Neither,Neither -> Neither
Australia,AUS,Ambient PM2.5,-0.7503781117225612,-0.5863185418261173,0.16405956989644388,lag,Neither,Neither,Neither -> Neither
Australia,AUS,Climate/transmission,-0.1585833713072095,-0.1232853040117352,0.035298067295474314,lag,Neither,Neither,Neither -> Neither
Australia,AUS,HIV/TB,-0.4220476216634197,-0.6317879233210002,-0.2097403016575805,catch-up,Neither,Neither,Neither -> Neither
Australia,AUS,Health resources,-0.1884540614161947,-1.4334544213491656,-1.2450003599329709,catch-up,Neither,Neither,Neither -> Neither
Australia,AUS,Household energy/HAP,-0.7549382750150143,0.118127746636918,0.8730660216519324,lag,Neither,Neither,Neither -> Neither
Australia,AUS,Immunisation/UHC,-0.48536072168752,-0.6319940547034666,-0.1466333330159466,catch-up,Neither,Neither,Neither -> Neither
Australia,AUS,WASH,-0.3958331924720639,-0.5275889232634683,-0.1317557307914044,catch-up,Neither,Neither,Neither -> Neither
Austria,AUT,Ambient PM2.5,0.1097199236207692,-0.3641955461706478,-0.473915469791417,catch-up,Neither,Neither,Neither -> Neither
Austria,AUT,Climate/transmission,-0.5130308908887081,-0.6122338249824442,-0.09920293409373604,catch-up,Neither,Neither,Neither -> Neither
Austria,AUT,HIV/TB,-0.3067180907763092,-0.6220265366076037,-0.31530844583129447,catch-up,Neither,Neither,Neither -> Neither
Austria,AUT,Health resources,-0.5548257804608668,-1.3599511695639772,-0.8051253891031104,catch-up,Neither,Neither,Neither -> Neither
Austria,AUT,Household energy/HAP,-0.6544823529124089,0.118127746636918,0.7726100995493268,lag,Neither,Neither,Neither -> Neither
Austria,AUT,Immunisation/UHC,1.137212908273267,0.5963163332373216,-0.5408965750359453,catch-up,Neither,Neither,Neither -> Neither
Austria,AUT,WASH,-0.5417449126643905,-0.5316656713762107,0.01007924128817983,lag,Neither,Neither,Neither -> Neither
Azerbaijan,AZE,Ambient PM2.5,-0.2366847058830038,0.4750203364461681,0.7117050423291719,lag,Double-high,Excess-only,Double-high -> Excess-only
Azerbaijan,AZE,Climate/transmission,-0.7500814797311306,-0.8299837607610012,-0.07990228102987063,catch-up,Double-high,Excess-only,Double-high -> Excess-only
Azerbaijan,AZE,HIV/TB,-0.0801455397084776,-0.2171073535681635,-0.1369618138596859,catch-up,Double-high,Excess-only,Double-high -> Excess-only
Azerbaijan,AZE,Health resources,-0.739599566035956,0.9829715107184528,1.722571076754409,lag,Double-high,Excess-only,Double-high -> Excess-only
Azerbaijan,AZE,Household energy/HAP,0.6113946416518896,-0.6446565040113452,-1.2560511456632348,catch-up,Double-high,Excess-only,Double-high -> Excess-only
Azerbaijan,AZE,Immunisation/UHC,1.0991058417007775,1.7843057029578795,0.685199861257102,lag,Double-high,Excess-only,Double-high -> Excess-only
Azerbaijan,AZE,Nutrition,0.6727051174463419,0.0924284199809926,-0.5802766974653493,catch-up,Double-high,Excess-only,Double-high -> Excess-only
Azerbaijan,AZE,WASH,1.1354808810432957,-0.5288682081878238,-1.6643490892311195,catch-up,Double-high,Excess-only,Double-high -> Excess-only
Bahamas,BHS,Ambient PM2.5,-0.5795830076800107,-0.6558474319068652,-0.07626442422685453,catch-up,Neither,Excess-only,Neither -> Excess-only
Bahamas,BHS,Climate/transmission,1.0086939054696982,1.1399507251006142,0.13125681963091607,lag,Neither,Excess-only,Neither -> Excess-only
Bahamas,BHS,HIV/TB,2.516389626253392,1.199599005717524,-1.316790620535868,catch-up,Neither,Excess-only,Neither -> Excess-only
Bahamas,BHS,Health resources,0.6020280507413319,0.5918496412385967,-0.010178409502735186,catch-up,Neither,Excess-only,Neither -> Excess-only
Bahamas,BHS,Household energy/HAP,-0.9087561001062991,-0.7031823542059947,0.20557374590030442,lag,Neither,Excess-only,Neither -> Excess-only
Bahamas,BHS,Immunisation/UHC,-0.749149677709844,0.1984075531145273,0.9475572308243713,lag,Neither,Excess-only,Neither -> Excess-only
Bahamas,BHS,WASH,1.1636061706106844,,,stable,Neither,Excess-only,Neither -> Excess-only
Bahrain,BHR,Ambient PM2.5,2.561310597566834,2.491759332734287,-0.06955126483254714,catch-up,Neither,Excess-only,Neither -> Excess-only
Bahrain,BHR,Climate/transmission,0.2852080396483582,0.4637904541277182,0.17858241447935996,lag,Neither,Excess-only,Neither -> Excess-only
Bahrain,BHR,HIV/TB,-0.5016342381733858,-0.4777021909642334,0.02393204720915243,lag,Neither,Excess-only,Neither -> Excess-only
Bahrain,BHR,Health resources,0.3168606555139121,0.6700880639918804,0.35322740847796824,lag,Neither,Excess-only,Neither -> Excess-only
Bahrain,BHR,Household energy/HAP,-0.9989530665214896,0.118127746636918,1.1170808131584076,lag,Neither,Excess-only,Neither -> Excess-only
Bahrain,BHR,Immunisation/UHC,-1.0568589818942458,-0.4009527967881847,0.655906185106061,lag,Neither,Excess-only,Neither -> Excess-only
Bahrain,BHR,WASH,-1.1767449382043922,-0.5165251767158012,0.660219761488591,lag,Neither,Excess-only,Neither -> Excess-only
Bangladesh,BGD,Ambient PM2.5,2.1919503905814155,2.4928363648880376,0.3008859743066221,lag,Double-high,Structural high,Double-high -> Structural high
Bangladesh,BGD,Climate/transmission,0.6429346536111118,0.8037153477936921,0.16078069418258034,lag,Double-high,Structural high,Double-high -> Structural high
Bangladesh,BGD,HIV/TB,-0.4579094665080798,-0.2097559121205706,0.2481535543875092,lag,Double-high,Structural high,Double-high -> Structural high
Bangladesh,BGD,Health resources,0.5797389925844874,-0.3975668615298195,-0.9773058541143069,catch-up,Double-high,Structural high,Double-high -> Structural high
Bangladesh,BGD,Household energy/HAP,0.5477701741174652,-0.8677400867896903,-1.4155102609071555,catch-up,Double-high,Structural high,Double-high -> Structural high
Bangladesh,BGD,Immunisation/UHC,0.1092895269817776,-1.0900954226949184,-1.199384949676696,catch-up,Double-high,Structural high,Double-high -> Structural high
Bangladesh,BGD,Nutrition,0.8807609209515646,,,stable,Double-high,Structural high,Double-high -> Structural high
Bangladesh,BGD,WASH,-0.4683965811162259,-1.358381803767983,-0.8899852226517571,catch-up,Double-high,Structural high,Double-high -> Structural high
Barbados,BRB,Ambient PM2.5,-1.703630605360986,-0.3105348475445593,1.3930957578164267,lag,Neither,Excess-only,Neither -> Excess-only
Barbados,BRB,Climate/transmission,1.9984913285954504,1.383809130297787,-0.6146821982976634,catch-up,Neither,Excess-only,Neither -> Excess-only
Barbados,BRB,HIV/TB,0.1701402338122385,1.0397844448500568,0.8696442110378183,lag,Neither,Excess-only,Neither -> Excess-only
Barbados,BRB,Health resources,0.2858095887283959,0.843991692498588,0.5581821037701921,lag,Neither,Excess-only,Neither -> Excess-only
Barbados,BRB,Household energy/HAP,-0.5247874989832134,-0.0582340718910703,0.4665534270921431,lag,Neither,Excess-only,Neither -> Excess-only
Barbados,BRB,Immunisation/UHC,0.1678534627469539,0.1685729581642668,0.0007194954173128931,lag,Neither,Excess-only,Neither -> Excess-only
Barbados,BRB,WASH,-0.0449438732045017,-0.1654175847727717,-0.12047371156826998,catch-up,Neither,Excess-only,Neither -> Excess-only
Belarus,BLR,Ambient PM2.5,0.39239870534306,-0.2444737044644646,-0.6368724098075246,catch-up,Neither,Neither,Neither -> Neither
Belarus,BLR,Climate/transmission,-0.7528072798407762,-0.8141019952495737,-0.061294715408797495,catch-up,Neither,Neither,Neither -> Neither
Belarus,BLR,HIV/TB,0.9821330328771494,-0.0807510152517822,-1.0628840481289317,catch-up,Neither,Neither,Neither -> Neither
Belarus,BLR,Health resources,-0.7373592612472342,-0.2753861587915618,0.46197310245567236,lag,Neither,Neither,Neither -> Neither
Belarus,BLR,Household energy/HAP,0.1707865525225579,-0.4052253205985561,-0.576011873121114,catch-up,Neither,Neither,Neither -> Neither
Belarus,BLR,Immunisation/UHC,-0.1236747395048076,0.2539256360795223,0.3776003755843299,lag,Neither,Neither,Neither -> Neither
Belarus,BLR,Nutrition,,-0.7109196667304408,,stable,Neither,Neither,Neither -> Neither
Belarus,BLR,WASH,-0.4563903788070437,-0.4798362547304514,-0.02344587592340769,catch-up,Neither,Neither,Neither -> Neither
Belgium,BEL,Ambient PM2.5,0.0258751492321361,-0.461451225705016,-0.4873263749371521,catch-up,Neither,Neither,Neither -> Neither
Belgium,BEL,Climate/transmission,-0.0557899329470402,-0.2035284744699389,-0.14773854152289873,catch-up,Neither,Neither,Neither -> Neither
Belgium,BEL,HIV/TB,-0.339840305204923,-0.526877371459814,-0.18703706625489097,catch-up,Neither,Neither,Neither -> Neither
Belgium,BEL,Health resources,-0.2206512061110372,-1.0531685356984903,-0.8325173295874532,catch-up,Neither,Neither,Neither -> Neither
Belgium,BEL,Household energy/HAP,-0.8263742730088233,0.118127746636918,0.9445020196457412,lag,Neither,Neither,Neither -> Neither
Belgium,BEL,Immunisation/UHC,-0.5797109912127729,-0.6621499125343141,-0.08243892132154118,catch-up,Neither,Neither,Neither -> Neither
Belgium,BEL,Nutrition,,-0.7166949419335515,,stable,Neither,Neither,Neither -> Neither
Belgium,BEL,WASH,-0.4879567554697028,-0.4850837837942526,0.0028729716754501977,lag,Neither,Neither,Neither -> Neither
Belize,BLZ,Ambient PM2.5,-0.7240087446122315,-0.3438306734740892,0.38017807113814234,lag,Neither,Neither,Neither -> Neither
Belize,BLZ,Climate/transmission,0.811157556126273,0.8105921824684139,-0.0005653736578591362,catch-up,Neither,Neither,Neither -> Neither
Belize,BLZ,HIV/TB,-0.502490792349795,-0.4979012280106897,0.00458956433910529,lag,Neither,Neither,Neither -> Neither
Belize,BLZ,Health resources,-0.5843392447024697,0.3859653943254612,0.9703046390279308,lag,Neither,Neither,Neither -> Neither
Belize,BLZ,Household energy/HAP,-2.0090441719321874,-1.003063461480331,1.0059807104518563,lag,Neither,Neither,Neither -> Neither
Belize,BLZ,Immunisation/UHC,-0.8343587403543018,0.2622842565234434,1.0966429968777451,lag,Neither,Neither,Neither -> Neither
Belize,BLZ,WASH,-1.4690229369697696,-0.5362126287435391,0.9328103082262305,lag,Neither,Neither,Neither -> Neither
Benin,BEN,Ambient PM2.5,1.0375227078183158,0.5786618435935282,-0.45886086422478756,catch-up,Structural high,Structural high,Structural high -> Structural high
Benin,BEN,Climate/transmission,0.7137788711233694,0.8697143975408318,0.15593552641746244,lag,Structural high,Structural high,Structural high -> Structural high
Benin,BEN,HIV/TB,-0.5188065071169276,-0.7395080466167174,-0.22070153949978988,catch-up,Structural high,Structural high,Structural high -> Structural high
Benin,BEN,Health resources,0.5037010589620294,0.3272323769567403,-0.17646868200528915,catch-up,Structural high,Structural high,Structural high -> Structural high
Benin,BEN,Household energy/HAP,0.5981863455331576,0.2153193525991134,-0.38286699293404425,catch-up,Structural high,Structural high,Structural high -> Structural high
Benin,BEN,Immunisation/UHC,0.1517335981464872,0.5250652254750341,0.37333162732854686,lag,Structural high,Structural high,Structural high -> Structural high
Benin,BEN,WASH,0.5772967324296664,0.5855744062262207,0.008277673796554308,lag,Structural high,Structural high,Structural high -> Structural high
Bermuda,BMU,Ambient PM2.5,-0.7244293633767199,-0.6955569066224381,0.02887245675428185,lag,Neither,Excess-only,Neither -> Excess-only
Bermuda,BMU,Climate/transmission,0.6970502544664251,0.6882642633496081,-0.008785991116816994,catch-up,Neither,Excess-only,Neither -> Excess-only
Bermuda,BMU,HIV/TB,-0.6613378872639418,-0.7089466933216771,-0.04760880605773532,catch-up,Neither,Excess-only,Neither -> Excess-only
Bermuda,BMU,Household energy/HAP,1.0326248015993424,0.532849324304527,-0.4997754772948154,catch-up,Neither,Excess-only,Neither -> Excess-only
Bermuda,BMU,WASH,-0.5395701415201914,-0.5287339306612326,0.010836210858958806,lag,Neither,Excess-only,Neither -> Excess-only
Bhutan,BTN,Ambient PM2.5,0.0420370258600599,-0.0411886180322624,-0.08322564389232229,catch-up,Structural high,Neither,Structural high -> Neither
Bhutan,BTN,Climate/transmission,-0.2552508908291098,-0.0820316849449303,0.1732192058841795,lag,Structural high,Neither,Structural high -> Neither
Bhutan,BTN,HIV/TB,0.1058403201759848,-0.339852985547689,-0.4456933057236738,catch-up,Structural high,Neither,Structural high -> Neither
Bhutan,BTN,Health resources,0.3037392708420818,-2.019376942436549,-2.323116213278631,catch-up,Structural high,Neither,Structural high -> Neither
Bhutan,BTN,Household energy/HAP,-0.3323253482697634,-3.096999988026408,-2.764674639756645,catch-up,Structural high,Neither,Structural high -> Neither
Bhutan,BTN,Immunisation/UHC,-0.4886467604395662,-1.5747944606854212,-1.086147700245855,catch-up,Structural high,Neither,Structural high -> Neither
Bhutan,BTN,Nutrition,,-0.8821370109737847,,stable,Structural high,Neither,Structural high -> Neither
Bhutan,BTN,WASH,-0.5991673890840091,-1.8256433431231909,-1.2264759540391816,catch-up,Structural high,Neither,Structural high -> Neither
Bolivia (Plurinational State of),BOL,Ambient PM2.5,2.67755494097081,0.2519706313842383,-2.4255843095865717,catch-up,Double-high,Double-high,Double-high -> Double-high
Bolivia (Plurinational State of),BOL,Climate/transmission,-1.2684786345810892,-0.7905816408501933,0.4778969937308959,lag,Double-high,Double-high,Double-high -> Double-high
Bolivia (Plurinational State of),BOL,HIV/TB,-0.2107367030168006,-0.2643966026982884,-0.05365989968148782,catch-up,Double-high,Double-high,Double-high -> Double-high
Bolivia (Plurinational State of),BOL,Health resources,0.1516209171049661,0.3745908483081872,0.22296993120322106,lag,Double-high,Double-high,Double-high -> Double-high
Bolivia (Plurinational State of),BOL,Household energy/HAP,-1.0690332561277938,0.4158300591371481,1.484863315264942,lag,Double-high,Double-high,Double-high -> Double-high
Bolivia (Plurinational State of),BOL,Immunisation/UHC,-1.5616423118900922,0.6641354822792441,2.2257777941693364,lag,Double-high,Double-high,Double-high -> Double-high
Bolivia (Plurinational State of),BOL,WASH,-0.3721579338291363,1.0287876390205288,1.4009455728496651,lag,Double-high,Double-high,Double-high -> Double-high
Bosnia and Herzegovina,BIH,Ambient PM2.5,0.9363428025655776,0.7636227542702663,-0.1727200482953113,catch-up,Neither,Neither,Neither -> Neither
Bosnia and Herzegovina,BIH,Climate/transmission,-1.1000899671176236,-0.9071247674552878,0.19296519966233583,lag,Neither,Neither,Neither -> Neither
Bosnia and Herzegovina,BIH,HIV/TB,0.0214564956629556,-0.4989994474238592,-0.5204559430868148,catch-up,Neither,Neither,Neither -> Neither
Bosnia and Herzegovina,BIH,Health resources,0.1518723297477864,-0.5266200740613071,-0.6784924038090935,catch-up,Neither,Neither,Neither -> Neither
Bosnia and Herzegovina,BIH,Household energy/HAP,0.6453850294337424,1.6256820009865682,0.9802969715528258,lag,Neither,Neither,Neither -> Neither
Bosnia and Herzegovina,BIH,Immunisation/UHC,0.7666605790781974,1.338361424049185,0.5717008449709876,lag,Neither,Neither,Neither -> Neither
Bosnia and Herzegovina,BIH,Nutrition,-0.1793422613896074,,,stable,Neither,Neither,Neither -> Neither
Bosnia and Herzegovina,BIH,WASH,-1.1901795519586695,0.0032209924071712,1.1934005443658406,lag,Neither,Neither,Neither -> Neither
Botswana,BWA,Ambient PM2.5,-0.7624285602986732,-0.7974031710863474,-0.034974610787674165,catch-up,Neither,Excess-only,Neither -> Excess-only
Botswana,BWA,Climate/transmission,-0.5733666510205112,-0.9452629914513788,-0.3718963404308676,catch-up,Neither,Excess-only,Neither -> Excess-only
Botswana,BWA,HIV/TB,4.294474512697114,1.9554147823843036,-2.339059730312811,catch-up,Neither,Excess-only,Neither -> Excess-only
Botswana,BWA,Health resources,0.2916401697373107,0.7140276269875105,0.4223874572501998,lag,Neither,Excess-only,Neither -> Excess-only
Botswana,BWA,Household energy/HAP,0.0253257687063376,0.4644511610659167,0.4391253923595791,lag,Neither,Excess-only,Neither -> Excess-only
Botswana,BWA,Immunisation/UHC,0.8571726818351949,0.1133778189183132,-0.7437948629168817,catch-up,Neither,Excess-only,Neither -> Excess-only
Botswana,BWA,Nutrition,0.5256262178511657,,,stable,Neither,Excess-only,Neither -> Excess-only
Botswana,BWA,WASH,1.6599313027457436,1.958341437001115,0.29841013425537133,lag,Neither,Excess-only,Neither -> Excess-only
Brazil,BRA,Ambient PM2.5,0.0431929837660037,-0.7804917753050283,-0.823684759071032,catch-up,Double-high,Excess-only,Double-high -> Excess-only
Brazil,BRA,Climate/transmission,0.4646187289234103,0.289603664662133,-0.17501506426127728,catch-up,Double-high,Excess-only,Double-high -> Excess-only
Brazil,BRA,HIV/TB,-0.3752348123592239,-0.2515647152345163,0.12367009712470761,lag,Double-high,Excess-only,Double-high -> Excess-only
Brazil,BRA,Health resources,-0.8290318642420231,-1.2383666617000784,-0.40933479745805523,catch-up,Double-high,Excess-only,Double-high -> Excess-only
Brazil,BRA,Household energy/HAP,-0.8720239159906535,-0.4431136825785825,0.428910233412071,lag,Double-high,Excess-only,Double-high -> Excess-only
Brazil,BRA,Immunisation/UHC,-1.2860000353508063,-0.4915731191337109,0.7944269162170954,lag,Double-high,Excess-only,Double-high -> Excess-only
Brazil,BRA,WASH,-0.1768638752833781,-0.5738452798222428,-0.39698140453886466,catch-up,Double-high,Excess-only,Double-high -> Excess-only
Brunei Darussalam,BRN,Ambient PM2.5,-0.5898501749558366,-0.515460361402402,0.07438981355343455,lag,Neither,Neither,Neither -> Neither
Brunei Darussalam,BRN,Climate/transmission,1.5652883009351666,1.5050595964350897,-0.06022870450007689,catch-up,Neither,Neither,Neither -> Neither
Brunei Darussalam,BRN,HIV/TB,3.062169975856201,2.0132345783145347,-1.0489353975416664,catch-up,Neither,Neither,Neither -> Neither
Brunei Darussalam,BRN,Health resources,1.4262109924379658,0.8305601757222663,-0.5956508167156995,catch-up,Neither,Neither,Neither -> Neither
Brunei Darussalam,BRN,Household energy/HAP,1.0326248015993424,0.118127746636918,-0.9144970549624245,catch-up,Neither,Neither,Neither -> Neither
Brunei Darussalam,BRN,Immunisation/UHC,0.5575533843388145,0.0289012072921402,-0.5286521770466743,catch-up,Neither,Neither,Neither -> Neither
Brunei Darussalam,BRN,WASH,2.5271759513992165,-0.5343260169820003,-3.061501968381217,catch-up,Neither,Neither,Neither -> Neither
Bulgaria,BGR,Ambient PM2.5,0.4279662015736998,0.2280006875208629,-0.1999655140528369,catch-up,Excess-only,Excess-only,Excess-only -> Excess-only
Bulgaria,BGR,Climate/transmission,-0.9643716803191754,-0.8069063106400267,0.1574653696791487,lag,Excess-only,Excess-only,Excess-only -> Excess-only
Bulgaria,BGR,HIV/TB,-0.3299521014991778,-0.4184384477500923,-0.0884863462509145,catch-up,Excess-only,Excess-only,Excess-only -> Excess-only
Bulgaria,BGR,Health resources,-0.0900624003911396,0.7765542602912583,0.8666166606823978,lag,Excess-only,Excess-only,Excess-only -> Excess-only
Bulgaria,BGR,Household energy/HAP,0.1583408462159422,-0.7984305178352815,-0.9567713640512236,catch-up,Excess-only,Excess-only,Excess-only -> Excess-only
Bulgaria,BGR,Immunisation/UHC,0.6167328733728451,0.2303886569941028,-0.3863442163787423,catch-up,Excess-only,Excess-only,Excess-only -> Excess-only
Bulgaria,BGR,WASH,-0.4864475254529367,0.9784993620958848,1.4649468875488214,lag,Excess-only,Excess-only,Excess-only -> Excess-only
Burkina Faso,BFA,Ambient PM2.5,0.760175171656171,0.4278411212991752,-0.3323340503569958,catch-up,Structural high,Neither,Structural high -> Neither
Burkina Faso,BFA,Climate/transmission,0.1501581361981151,0.1497203822067264,-0.0004377539913887063,catch-up,Structural high,Neither,Structural high -> Neither
Burkina Faso,BFA,HIV/TB,-0.4542253915078715,-0.7129640478792798,-0.2587386563714083,catch-up,Structural high,Neither,Structural high -> Neither
Burkina Faso,BFA,Health resources,0.5583027845358679,-0.0248101907203096,-0.5831129752561774,catch-up,Structural high,Neither,Structural high -> Neither
Burkina Faso,BFA,Household energy/HAP,0.8259492190441836,0.2946038201606396,-0.531345398883544,catch-up,Structural high,Neither,Structural high -> Neither
Burkina Faso,BFA,Immunisation/UHC,0.7879593101741724,-0.6470874147695383,-1.4350467249437107,catch-up,Structural high,Neither,Structural high -> Neither
Burkina Faso,BFA,WASH,0.6950399492956549,1.0152444733396724,0.32020452404401745,lag,Structural high,Neither,Structural high -> Neither
Burundi,BDI,Ambient PM2.5,0.5197638736425619,0.3222348860532251,-0.19752898758933685,catch-up,Double-high,Structural high,Double-high -> Structural high
Burundi,BDI,Climate/transmission,-1.1057938704289585,-0.8208058096437449,0.28498806078521355,lag,Double-high,Structural high,Double-high -> Structural high
Burundi,BDI,HIV/TB,-0.164645721425363,-0.574106403307884,-0.409460681882521,catch-up,Double-high,Structural high,Double-high -> Structural high
Burundi,BDI,Health resources,0.6559050739978408,0.5461549054890994,-0.10975016850874142,catch-up,Double-high,Structural high,Double-high -> Structural high
Burundi,BDI,Household energy/HAP,1.03155854762601,1.2495884165182911,0.21802986889228104,lag,Double-high,Structural high,Double-high -> Structural high
Burundi,BDI,Immunisation/UHC,0.140548830105144,-0.5793601843895001,-0.7199090144946441,catch-up,Double-high,Structural high,Double-high -> Structural high
Burundi,BDI,Nutrition,0.8596111666235321,0.3731736344614925,-0.4864375321620396,catch-up,Double-high,Structural high,Double-high -> Structural high
Burundi,BDI,WASH,0.1392285030846744,0.1773680413415285,0.038139538256854094,lag,Double-high,Structural high,Double-high -> Structural high
Cabo Verde,CPV,Ambient PM2.5,-0.2734770808535897,-0.0795569741688092,0.1939201066847805,lag,Neither,Neither,Neither -> Neither
Cabo Verde,CPV,Climate/transmission,0.4945227477289043,0.5429336157193764,0.04841086799047206,lag,Neither,Neither,Neither -> Neither
Cabo Verde,CPV,HIV/TB,-0.4596308051154755,-0.485583748935226,-0.025952943819750496,catch-up,Neither,Neither,Neither -> Neither
Cabo Verde,CPV,Health resources,-0.0543074778001037,0.4450712819484446,0.4993787597485483,lag,Neither,Neither,Neither -> Neither
Cabo Verde,CPV,Household energy/HAP,-0.8606980746290247,-0.7370203937098471,0.12367768091917763,lag,Neither,Neither,Neither -> Neither
Cabo Verde,CPV,Immunisation/UHC,-0.5176110625622696,-0.0674985537004108,0.45011250886185883,lag,Neither,Neither,Neither -> Neither
Cabo Verde,CPV,WASH,-0.3652467299393679,-0.3145450982537547,0.0507016316856132,lag,Neither,Neither,Neither -> Neither
Cambodia,KHM,Ambient PM2.5,-0.240249189447082,-0.7297725480220637,-0.4895233585749817,catch-up,Double-high,Structural high,Double-high -> Structural high
Cambodia,KHM,Climate/transmission,0.937471581731943,1.1243134847917935,0.1868419030598505,lag,Double-high,Structural high,Double-high -> Structural high
Cambodia,KHM,HIV/TB,0.4420720164166966,0.0360908387304589,-0.40598117768623765,catch-up,Double-high,Structural high,Double-high -> Structural high
Cambodia,KHM,Health resources,0.5002509198090973,-0.9624693276631512,-1.4627202474722485,catch-up,Double-high,Structural high,Double-high -> Structural high
Cambodia,KHM,Household energy/HAP,0.725023418460341,-1.4417649105609869,-2.166788329021328,catch-up,Double-high,Structural high,Double-high -> Structural high
Cambodia,KHM,Immunisation/UHC,0.4286224427364448,-0.7291544829352224,-1.1577769256716672,catch-up,Double-high,Structural high,Double-high -> Structural high
Cambodia,KHM,Nutrition,1.3277735296394224,,,stable,Double-high,Structural high,Double-high -> Structural high
Cambodia,KHM,WASH,0.7412849113251365,-1.147110762032908,-1.8883956733580445,catch-up,Double-high,Structural high,Double-high -> Structural high
Cameroon,CMR,Ambient PM2.5,1.6544105361563055,1.6100652636469308,-0.0443452725093747,catch-up,Structural high,Structural high,Structural high -> Structural high
Cameroon,CMR,Climate/transmission,0.2245079119402963,0.3098095621752806,0.08530165023498432,lag,Structural high,Structural high,Structural high -> Structural high
Cameroon,CMR,HIV/TB,-0.1346460367743517,-0.1287599785530974,0.005886058221254292,lag,Structural high,Structural high,Structural high -> Structural high
Cameroon,CMR,Health resources,0.3056320046521336,-0.1756107410999085,-0.48124274575204207,catch-up,Structural high,Structural high,Structural high -> Structural high
Cameroon,CMR,Household energy/HAP,0.2576368317689173,-0.5056923395967174,-0.7633291713656347,catch-up,Structural high,Structural high,Structural high -> Structural high
Cameroon,CMR,Immunisation/UHC,0.2612862775592556,0.0109843146391806,-0.250301962920075,catch-up,Structural high,Structural high,Structural high -> Structural high
Cameroon,CMR,WASH,0.1583953712166341,-0.0259276397605802,-0.18432301097721432,catch-up,Structural high,Structural high,Structural high -> Structural high
Canada,CAN,Ambient PM2.5,-0.6004454429206432,-0.5779926288543551,0.022452814066288074,lag,Neither,Neither,Neither -> Neither
Canada,CAN,Climate/transmission,-0.6978449336163436,-0.7217328906313227,-0.023887957014979144,catch-up,Neither,Neither,Neither -> Neither
Canada,CAN,HIV/TB,-0.2856837577539154,-0.5864682906791191,-0.3007845329252037,catch-up,Neither,Neither,Neither -> Neither
Canada,CAN,Health resources,-0.58063203724712,-0.4415852298886139,0.1390468073585061,lag,Neither,Neither,Neither -> Neither
Canada,CAN,Household energy/HAP,-0.629364998327513,0.118127746636918,0.7474927449644311,lag,Neither,Neither,Neither -> Neither
Canada,CAN,Immunisation/UHC,-0.2683463805563772,-0.5625202765288274,-0.2941738959724502,catch-up,Neither,Neither,Neither -> Neither
Canada,CAN,WASH,-0.3034723444975822,-0.0191095471267776,0.2843627973708046,lag,Neither,Neither,Neither -> Neither
Central African Republic,CAF,Ambient PM2.5,0.1267373310916415,0.1666271648512545,0.039889833759613,lag,Double-high,Structural high,Double-high -> Structural high
Central African Republic,CAF,Climate/transmission,0.3237507620049654,0.29566596801314,-0.028084793991825396,catch-up,Double-high,Structural high,Double-high -> Structural high
Central African Republic,CAF,HIV/TB,0.8038338599147392,0.8426927074213959,0.03885884750665669,lag,Double-high,Structural high,Double-high -> Structural high
Central African Republic,CAF,Health resources,0.559498691341034,0.2742439072434731,-0.28525478409756094,catch-up,Double-high,Structural high,Double-high -> Structural high
Central African Republic,CAF,Household energy/HAP,0.9368127304417624,1.1894711866584342,0.2526584562166718,lag,Double-high,Structural high,Double-high -> Structural high
Central African Republic,CAF,Immunisation/UHC,0.8326983823395452,1.756938759074213,0.9242403767346677,lag,Double-high,Structural high,Double-high -> Structural high
Central African Republic,CAF,Nutrition,0.3908927088059454,,,stable,Double-high,Structural high,Double-high -> Structural high
Central African Republic,CAF,WASH,0.4002443757250653,1.82007082615672,1.4198264504316547,lag,Double-high,Structural high,Double-high -> Structural high
Chad,TCD,Ambient PM2.5,0.9753309917833904,0.7922873295423054,-0.18304366224108504,catch-up,Structural high,Structural high,Structural high -> Structural high
Chad,TCD,Climate/transmission,-0.0327370186533297,-0.0619420921061276,-0.029205073452797894,catch-up,Structural high,Structural high,Structural high -> Structural high
Chad,TCD,HIV/TB,-0.3703389645599814,-0.4288488225476751,-0.0585098579876937,catch-up,Structural high,Structural high,Structural high -> Structural high
Chad,TCD,Health resources,0.8149618640619747,0.6564735246748412,-0.15848833938713347,catch-up,Structural high,Structural high,Structural high -> Structural high
Chad,TCD,Household energy/HAP,0.8463022480598357,0.5349948148023183,-0.3113074332575174,catch-up,Structural high,Structural high,Structural high -> Structural high
Chad,TCD,Immunisation/UHC,0.9174414061879782,1.5249360843762916,0.6074946781883134,lag,Structural high,Structural high,Structural high -> Structural high
Chad,TCD,Nutrition,0.5853947495683965,,,stable,Structural high,Structural high,Structural high -> Structural high
Chad,TCD,WASH,1.0673506716999903,1.3328897671955209,0.26553909549553056,lag,Structural high,Structural high,Structural high -> Structural high
Chile,CHL,Ambient PM2.5,0.3506189846534602,0.437963932113504,0.08734494746004379,lag,Neither,Neither,Neither -> Neither
Chile,CHL,Climate/transmission,-0.8791741237423111,-0.8476943675176454,0.0314797562246657,lag,Neither,Neither,Neither -> Neither
Chile,CHL,HIV/TB,-0.3237374184500463,0.530837804590516,0.8545752230405623,lag,Neither,Neither,Neither -> Neither
Chile,CHL,Health resources,-0.3493013274419406,0.4683179250677162,0.8176192525096568,lag,Neither,Neither,Neither -> Neither
Chile,CHL,Household energy/HAP,-0.6597222757893687,-0.6290243046358804,0.030697971153488268,lag,Neither,Neither,Neither -> Neither
Chile,CHL,Immunisation/UHC,-0.1074359717279733,-0.4901749026113328,-0.3827389308833595,catch-up,Neither,Neither,Neither -> Neither
Chile,CHL,WASH,-0.2577666383701936,-0.3096570668132279,-0.05189042844303432,catch-up,Neither,Neither,Neither -> Neither
China,CHN,Ambient PM2.5,1.782177460535799,0.9834984725960628,-0.7986789879397361,catch-up,Double-high,Excess-only,Double-high -> Excess-only
China,CHN,Climate/transmission,-0.4818306171656005,-0.3194556095391923,0.16237500762640822,lag,Double-high,Excess-only,Double-high -> Excess-only
China,CHN,HIV/TB,-0.2179923618448649,1.2230513354593209,1.4410436973041858,lag,Double-high,Excess-only,Double-high -> Excess-only
China,CHN,Health resources,0.7263607077391084,0.819553467493377,0.09319275975426855,lag,Double-high,Excess-only,Double-high -> Excess-only
China,CHN,Household energy/HAP,1.2356784504695653,0.3222467757627022,-0.913431674706863,catch-up,Double-high,Excess-only,Double-high -> Excess-only
China,CHN,Immunisation/UHC,0.3560663845240142,1.9091233810359407,1.5530569965119265,lag,Double-high,Excess-only,Double-high -> Excess-only
China,CHN,Nutrition,-0.5203267796503779,,,stable,Double-high,Excess-only,Double-high -> Excess-only
China,CHN,WASH,1.2267376307407518,0.5993717040492773,-0.6273659266914745,catch-up,Double-high,Excess-only,Double-high -> Excess-only
Colombia,COL,Ambient PM2.5,0.3315314749139548,-0.1760303862635682,-0.507561861177523,catch-up,Neither,Neither,Neither -> Neither
Colombia,COL,Climate/transmission,0.3744399331267045,0.305554125804311,-0.06888580732239347,catch-up,Neither,Neither,Neither -> Neither
Colombia,COL,HIV/TB,-0.316196120638634,-0.2773926471112287,0.03880347352740532,lag,Neither,Neither,Neither -> Neither
Colombia,COL,Health resources,0.4966768836178944,0.1619189055042059,-0.3347579781136885,catch-up,Neither,Neither,Neither -> Neither
Colombia,COL,Household energy/HAP,-0.4847466947231217,-0.1730602099798041,0.3116864847433176,lag,Neither,Neither,Neither -> Neither
Colombia,COL,Immunisation/UHC,-0.1359707805899806,-0.5170746069748446,-0.38110382638486406,catch-up,Neither,Neither,Neither -> Neither
Colombia,COL,Nutrition,-0.6960626563445567,,,stable,Neither,Neither,Neither -> Neither
Colombia,COL,WASH,-0.0839500789765356,-0.3960145963501034,-0.3120645173735678,catch-up,Neither,Neither,Neither -> Neither
Comoros,COM,Ambient PM2.5,-1.212405474094769,-1.328256080114118,-0.11585060601934916,catch-up,Double-high,Structural high,Double-high -> Structural high
Comoros,COM,Climate/transmission,0.8794000577728229,0.959589831830414,0.08018977405759109,lag,Double-high,Structural high,Double-high -> Structural high
Comoros,COM,HIV/TB,-0.6727916721948309,-0.879782072161392,-0.2069903999665611,catch-up,Double-high,Structural high,Double-high -> Structural high
Comoros,COM,Health resources,0.0934345141871025,-0.6888462437443623,-0.7822807579314648,catch-up,Double-high,Structural high,Double-high -> Structural high
Comoros,COM,Household energy/HAP,0.486374385832662,0.2349287296863868,-0.25144565614627523,catch-up,Double-high,Structural high,Double-high -> Structural high
Comoros,COM,Immunisation/UHC,0.2767708106399528,0.5607979762535318,0.284027165613579,lag,Double-high,Structural high,Double-high -> Structural high
Comoros,COM,Nutrition,0.8154008167490412,,,stable,Double-high,Structural high,Double-high -> Structural high
Comoros,COM,WASH,-0.3172252089194904,-0.7064870226564972,-0.3892618137370068,catch-up,Double-high,Structural high,Double-high -> Structural high
Congo,COG,Ambient PM2.5,0.4292791641033553,1.1805747333587129,0.7512955692553576,lag,Double-high,Neither,Double-high -> Neither
Congo,COG,Climate/transmission,0.7576893612648047,0.71406610573758,-0.04362325552722468,catch-up,Double-high,Neither,Double-high -> Neither
Congo,COG,HIV/TB,0.3864681805020997,0.1877040474275086,-0.1987641330745911,catch-up,Double-high,Neither,Double-high -> Neither
Congo,COG,Health resources,0.4674971367320263,0.5807399954662882,0.11324285873426188,lag,Double-high,Neither,Double-high -> Neither
Congo,COG,Household energy/HAP,-0.1267561721488579,0.5830273364148683,0.7097835085637262,lag,Double-high,Neither,Double-high -> Neither
Congo,COG,Immunisation/UHC,0.8550679184222313,0.6920200943938515,-0.1630478240283798,catch-up,Double-high,Neither,Double-high -> Neither
Congo,COG,WASH,0.5749955197300565,,,stable,Double-high,Neither,Double-high -> Neither
Cook Islands,COK,Ambient PM2.5,-1.1550739964065064,-0.7356620999751959,0.4194118964313105,lag,Excess-only,Excess-only,Excess-only -> Excess-only
Cook Islands,COK,Climate/transmission,0.9084504931548516,0.9720341642868764,0.06358367113202479,lag,Excess-only,Excess-only,Excess-only -> Excess-only
Cook Islands,COK,Household energy/HAP,0.2136479274252719,-1.1446182837604373,-1.3582662111857091,catch-up,Excess-only,Excess-only,Excess-only -> Excess-only
Cook Islands,COK,Immunisation/UHC,0.6315247735116284,0.1208041711255041,-0.5107206023861243,catch-up,Excess-only,Excess-only,Excess-only -> Excess-only
Costa Rica,CRI,Ambient PM2.5,-0.4575910321936687,-0.2560721587302802,0.20151887346338848,lag,Neither,Neither,Neither -> Neither
Costa Rica,CRI,Climate/transmission,0.6089105331642369,0.6046920845691532,-0.00421844859508369,catch-up,Neither,Neither,Neither -> Neither
Costa Rica,CRI,HIV/TB,-0.4510565150637292,-0.4749358123061405,-0.023879297242411335,catch-up,Neither,Neither,Neither -> Neither
Costa Rica,CRI,Health resources,0.0371491385419386,-1.7724467817666316,-1.8095959203085703,catch-up,Neither,Neither,Neither -> Neither
Costa Rica,CRI,Household energy/HAP,-0.7852599347524853,-0.6304824624570895,0.15477747229539585,lag,Neither,Neither,Neither -> Neither
Costa Rica,CRI,Immunisation/UHC,-1.1413457690696938,-0.9974982616028694,0.1438475074668244,lag,Neither,Neither,Neither -> Neither
Costa Rica,CRI,WASH,-0.9669470722639748,-1.0183089424061469,-0.051361870142172084,catch-up,Neither,Neither,Neither -> Neither
Croatia,HRV,Ambient PM2.5,0.5798746865245175,-0.011593093006424,-0.5914677795309414,catch-up,Neither,Excess-only,Neither -> Excess-only
Croatia,HRV,Climate/transmission,-0.5141397855510247,-0.2973972509205108,0.2167425346305139,lag,Neither,Excess-only,Neither -> Excess-only
Croatia,HRV,HIV/TB,-0.4390789229128347,-0.5883278449639633,-0.1492489220511286,catch-up,Neither,Excess-only,Neither -> Excess-only
Croatia,HRV,Health resources,0.4940636956863444,0.5350877521903378,0.04102405650399338,lag,Neither,Excess-only,Neither -> Excess-only
Croatia,HRV,Household energy/HAP,0.3389163780190522,-0.7109859707917936,-1.0499023488108459,catch-up,Neither,Excess-only,Neither -> Excess-only
Croatia,HRV,Immunisation/UHC,0.6335750911874728,0.0656206043483932,-0.5679544868390796,catch-up,Neither,Excess-only,Neither -> Excess-only
Croatia,HRV,WASH,-0.8967319798538763,-0.5150202727638719,0.38171170709000446,lag,Neither,Excess-only,Neither -> Excess-only
Cuba,CUB,Ambient PM2.5,-1.2660358274271433,-1.258662716995925,0.007373110431218244,lag,Neither,Neither,Neither -> Neither
Cuba,CUB,Climate/transmission,0.7955822295591068,0.9674627324389974,0.17188050287989054,lag,Neither,Neither,Neither -> Neither
Cuba,CUB,HIV/TB,-0.4557515907011374,-0.4825128104232057,-0.026761219722068297,catch-up,Neither,Neither,Neither -> Neither
Cuba,CUB,Health resources,-2.013906755220383,,,stable,Neither,Neither,Neither -> Neither
Cuba,CUB,Household energy/HAP,0.8426681354744515,1.0804506341680291,0.2377824986935776,lag,Neither,Neither,Neither -> Neither
Cuba,CUB,Immunisation/UHC,-1.3858083832771844,-0.4701545120681548,0.9156538712090296,lag,Neither,Neither,Neither -> Neither
Cuba,CUB,Nutrition,-1.1064456670277254,,,stable,Neither,Neither,Neither -> Neither
Cuba,CUB,WASH,-0.3459532013533152,-0.0016158225680319,0.3443373787852833,lag,Neither,Neither,Neither -> Neither
Cyprus,CYP,Ambient PM2.5,0.4693450517757029,0.0062362030146537,-0.4631088487610492,catch-up,Neither,Neither,Neither -> Neither
Cyprus,CYP,Climate/transmission,-0.2605884471341541,-0.0522023694651215,0.20838607766903258,lag,Neither,Neither,Neither -> Neither
Cyprus,CYP,HIV/TB,-0.529161417664006,-0.5469591285363584,-0.01779771087235238,catch-up,Neither,Neither,Neither -> Neither
Cyprus,CYP,Health resources,1.0713197154960783,0.0454839034353379,-1.0258358120607405,catch-up,Neither,Neither,Neither -> Neither
Cyprus,CYP,Household energy/HAP,-0.7330418487767435,-0.6524409528478126,0.08060089592893094,lag,Neither,Neither,Neither -> Neither
Cyprus,CYP,Immunisation/UHC,0.786234064392354,0.0476180486228985,-0.7386160157694555,catch-up,Neither,Neither,Neither -> Neither
Cyprus,CYP,WASH,-0.4420285821327966,-0.4222051541684716,0.019823427964325013,lag,Neither,Neither,Neither -> Neither
Czechia,CZE,Ambient PM2.5,0.0961928354217354,-0.1975584858146137,-0.29375132123634906,catch-up,Neither,Excess-only,Neither -> Excess-only
Czechia,CZE,Climate/transmission,-0.5256280623412178,-0.6636204354803233,-0.1379923731391055,catch-up,Neither,Excess-only,Neither -> Excess-only
Czechia,CZE,HIV/TB,-0.3711944174104242,-0.6378302014647079,-0.26663578405428373,catch-up,Neither,Excess-only,Neither -> Excess-only
Czechia,CZE,Health resources,0.0411329715092285,0.1282116299738684,0.0870786584646399,lag,Neither,Excess-only,Neither -> Excess-only
Czechia,CZE,Household energy/HAP,-0.3212366760468582,-0.593165232194821,-0.2719285561479628,catch-up,Neither,Excess-only,Neither -> Excess-only
Czechia,CZE,Immunisation/UHC,0.2930362103684084,0.4988975104906804,0.205861300122272,lag,Neither,Excess-only,Neither -> Excess-only
Czechia,CZE,WASH,0.5824509884957647,-0.1638405934693685,-0.7462915819651332,catch-up,Neither,Excess-only,Neither -> Excess-only
Côte d'Ivoire,CIV,Ambient PM2.5,-0.2911482028155502,-0.6676108533332296,-0.37646265051767935,catch-up,Structural high,Neither,Structural high -> Neither
Côte d'Ivoire,CIV,Climate/transmission,0.7672477092697526,0.8445693988466895,0.07732168957693686,lag,Structural high,Neither,Structural high -> Neither
Côte d'Ivoire,CIV,HIV/TB,0.0793215176468637,-0.3735313327696382,-0.45285285041650186,catch-up,Structural high,Neither,Structural high -> Neither
Côte d'Ivoire,CIV,Health resources,0.306959888418274,0.0190889999839778,-0.2878708884342962,catch-up,Structural high,Neither,Structural high -> Neither
Côte d'Ivoire,CIV,Household energy/HAP,-0.1024996524729832,-1.2126136020357183,-1.1101139495627352,catch-up,Structural high,Neither,Structural high -> Neither
Côte d'Ivoire,CIV,Immunisation/UHC,0.3348445333663456,-0.1069703036187694,-0.44181483698511503,catch-up,Structural high,Neither,Structural high -> Neither
Côte d'Ivoire,CIV,WASH,0.1872105724424939,-0.0714330382908285,-0.2586436107333224,catch-up,Structural high,Neither,Structural high -> Neither
Democratic People's Republic of Korea,PRK,Ambient PM2.5,-0.3067325925499593,0.0424766409372239,0.34920923348718325,lag,Double-high,Structural high,Double-high -> Structural high
Democratic People's Republic of Korea,PRK,Climate/transmission,-1.9094101430249004,-1.4148186949988422,0.49459144802605826,lag,Double-high,Structural high,Double-high -> Structural high
Democratic People's Republic of Korea,PRK,Household energy/HAP,0.6264492094752672,2.003750642448145,1.3773014329728779,lag,Double-high,Structural high,Double-high -> Structural high
Democratic People's Republic of Korea,PRK,Immunisation/UHC,-0.4077681461875292,-0.4582033856961724,-0.050435239508643204,catch-up,Double-high,Structural high,Double-high -> Structural high
Democratic People's Republic of Korea,PRK,Nutrition,0.8427654895897458,,,stable,Double-high,Structural high,Double-high -> Structural high
Democratic People's Republic of Korea,PRK,WASH,-1.6267754634354583,-0.50165750239844,1.1251179610370183,lag,Double-high,Structural high,Double-high -> Structural high
Democratic Republic of the Congo,COD,Ambient PM2.5,0.4349081308796934,0.3300407162133956,-0.10486741466629779,catch-up,Double-high,Structural high,Double-high -> Structural high
Democratic Republic of the Congo,COD,Climate/transmission,0.4133420421741278,0.3291264433259042,-0.0842155988482236,catch-up,Double-high,Structural high,Double-high -> Structural high
Democratic Republic of the Congo,COD,HIV/TB,0.220183757407654,0.4532670420880419,0.23308328468038791,lag,Double-high,Structural high,Double-high -> Structural high
Democratic Republic of the Congo,COD,Health resources,0.4653966888048887,1.0595705471392305,0.5941738583343418,lag,Double-high,Structural high,Double-high -> Structural high
Democratic Republic of the Congo,COD,Household energy/HAP,1.0620655248833808,1.024959617107991,-0.03710590777538969,catch-up,Double-high,Structural high,Double-high -> Structural high
Democratic Republic of the Congo,COD,Immunisation/UHC,0.901956873107281,0.8478743711383163,-0.05408250196896469,catch-up,Double-high,Structural high,Double-high -> Structural high
Democratic Republic of the Congo,COD,Nutrition,,0.3383962423739495,,stable,Double-high,Structural high,Double-high -> Structural high
Democratic Republic of the Congo,COD,WASH,0.8315185222322559,1.800407419751658,0.9688888975194021,lag,Double-high,Structural high,Double-high -> Structural high
Denmark,DNK,Ambient PM2.5,-0.2495127856778563,-0.5195465587901952,-0.2700337731123389,catch-up,Neither,Neither,Neither -> Neither
Denmark,DNK,Climate/transmission,-0.1492343494926169,-0.3453020569480732,-0.1960677074554563,catch-up,Neither,Neither,Neither -> Neither
Denmark,DNK,HIV/TB,-0.3478998460341874,-0.685125292213727,-0.3372254461795396,catch-up,Neither,Neither,Neither -> Neither
Denmark,DNK,Health resources,-0.6860622985448838,-1.2632160010327909,-0.5771537024879071,catch-up,Neither,Neither,Neither -> Neither
Denmark,DNK,Household energy/HAP,-0.2327446100339877,0.118127746636918,0.35087235667090566,lag,Neither,Neither,Neither -> Neither
Denmark,DNK,Immunisation/UHC,-0.3334024519777953,-0.6103215472825378,-0.27691909530474257,catch-up,Neither,Neither,Neither -> Neither
Denmark,DNK,WASH,-0.4997101936007682,-0.4957230220923186,0.003987171508449572,lag,Neither,Neither,Neither -> Neither
Djibouti,DJI,Ambient PM2.5,0.688730571469159,0.6201114775976034,-0.06861909387155551,catch-up,Structural high,Structural high,Structural high -> Structural high
Djibouti,DJI,Climate/transmission,0.2947354908507607,0.4964756144930058,0.20174012364224514,lag,Structural high,Structural high,Structural high -> Structural high
Djibouti,DJI,HIV/TB,2.997340961557964,0.7978144550655205,-2.199526506492443,catch-up,Structural high,Structural high,Structural high -> Structural high
Djibouti,DJI,Health resources,0.2431546610685791,-0.1416830239122408,-0.38483768498081994,catch-up,Structural high,Structural high,Structural high -> Structural high
Djibouti,DJI,Household energy/HAP,0.2876541863746338,-0.520939828045348,-0.8085940144199818,catch-up,Structural high,Structural high,Structural high -> Structural high
Djibouti,DJI,Immunisation/UHC,0.5314352376282102,0.1659692984672569,-0.3654659391609533,catch-up,Structural high,Structural high,Structural high -> Structural high
Djibouti,DJI,Nutrition,,0.4962743039148182,,stable,Structural high,Structural high,Structural high -> Structural high
Djibouti,DJI,WASH,-0.3790762159730368,-0.7671991804719596,-0.38812296449892275,catch-up,Structural high,Structural high,Structural high -> Structural high
Dominica,DMA,Ambient PM2.5,-0.6091233148011928,-0.2731855900910992,0.33593772471009353,lag,Neither,Excess-only,Neither -> Excess-only
Dominica,DMA,Climate/transmission,1.0891582449854669,1.3412555177155252,0.25209727273005833,lag,Neither,Excess-only,Neither -> Excess-only
Dominica,DMA,HIV/TB,0.1601575075920033,0.0762711677658977,-0.08388633982610562,catch-up,Neither,Excess-only,Neither -> Excess-only
Dominica,DMA,Health resources,0.0699811670422507,0.9177352057908243,0.8477540387485737,lag,Neither,Excess-only,Neither -> Excess-only
Dominica,DMA,Household energy/HAP,0.5586918347816099,1.7498226650196629,1.191130830238053,lag,Neither,Excess-only,Neither -> Excess-only
Dominica,DMA,Immunisation/UHC,-0.0702554161975032,2.462053370585928,2.5323087867834313,lag,Neither,Excess-only,Neither -> Excess-only
Dominica,DMA,WASH,1.428046173858263,0.8233832227350074,-0.6046629511232556,catch-up,Neither,Excess-only,Neither -> Excess-only
Dominican Republic,DOM,Ambient PM2.5,-0.9794437050764588,-0.8726405626377045,0.10680314243875433,lag,Neither,Neither,Neither -> Neither
Dominican Republic,DOM,Climate/transmission,0.4925678338473382,0.6330768460326266,0.14050901218528838,lag,Neither,Neither,Neither -> Neither
Dominican Republic,DOM,HIV/TB,-0.4344627545362697,-0.0274417904120801,0.4070209641241896,lag,Neither,Neither,Neither -> Neither
Dominican Republic,DOM,Health resources,-1.161502556870768,-0.3390742125538568,0.8224283443169111,lag,Neither,Neither,Neither -> Neither
Dominican Republic,DOM,Household energy/HAP,-1.9745681865383449,-0.6890556339191821,1.2855125526191626,lag,Neither,Neither,Neither -> Neither
Dominican Republic,DOM,Immunisation/UHC,-0.7114714103805132,-0.5191603152475445,0.19231109513296873,lag,Neither,Neither,Neither -> Neither
Dominican Republic,DOM,Nutrition,-1.99512172672936,,,stable,Neither,Neither,Neither -> Neither
Dominican Republic,DOM,WASH,-1.3683627724191083,-0.2761227970968752,1.0922399753222332,lag,Neither,Neither,Neither -> Neither
Ecuador,ECU,Ambient PM2.5,1.100586965998858,-0.1454264468127183,-1.2460134128115763,catch-up,Excess-only,Neither,Excess-only -> Neither
Ecuador,ECU,Climate/transmission,0.3085737656512964,0.37054114816562,0.0619673825143236,lag,Excess-only,Neither,Excess-only -> Neither
Ecuador,ECU,HIV/TB,-0.1991694759564145,-0.2262178221330559,-0.027048346176641425,catch-up,Excess-only,Neither,Excess-only -> Neither
Ecuador,ECU,Health resources,0.7565954351287069,0.3138673571364304,-0.4427280779922765,catch-up,Excess-only,Neither,Excess-only -> Neither
Ecuador,ECU,Household energy/HAP,-0.4666123486464982,0.2831255678282042,0.7497379164747024,lag,Excess-only,Neither,Excess-only -> Neither
Ecuador,ECU,Immunisation/UHC,0.2000708205859376,0.5286562911974612,0.32858547061152354,lag,Excess-only,Neither,Excess-only -> Neither
Ecuador,ECU,Nutrition,,0.2755774999169745,,stable,Excess-only,Neither,Excess-only -> Neither
Ecuador,ECU,WASH,0.3896624209976114,0.7093528106924054,0.319690389694794,lag,Excess-only,Neither,Excess-only -> Neither
Egypt,EGY,Ambient PM2.5,1.19047508588894,1.4061061768277026,0.21563109093876265,lag,Double-high,Double-high,Double-high -> Double-high
Egypt,EGY,Climate/transmission,-1.3280624057902757,-1.0115890283028248,0.31647337748745086,lag,Double-high,Double-high,Double-high -> Double-high
Egypt,EGY,HIV/TB,-0.7107120614336693,-0.7096301473901603,0.0010819140435089913,lag,Double-high,Double-high,Double-high -> Double-high
Egypt,EGY,Health resources,-0.1759071289477308,0.8602145646091384,1.0361216935568691,lag,Double-high,Double-high,Double-high -> Double-high
Egypt,EGY,Household energy/HAP,-1.8055175101543928,-0.5147718476239758,1.290745662530417,lag,Double-high,Double-high,Double-high -> Double-high
Egypt,EGY,Immunisation/UHC,-1.1244371170242935,-0.2557195551039746,0.8687175619203189,lag,Double-high,Double-high,Double-high -> Double-high
Egypt,EGY,Nutrition,-1.0150142065117638,,,stable,Double-high,Double-high,Double-high -> Double-high
Egypt,EGY,WASH,-1.835389008713237,-0.5749292001460464,1.2604598085671905,lag,Double-high,Double-high,Double-high -> Double-high
El Salvador,SLV,Ambient PM2.5,0.5945538265056989,0.6445188991791361,0.049965072673437194,lag,Neither,Neither,Neither -> Neither
El Salvador,SLV,Climate/transmission,-0.0444112021060477,0.0679590761840534,0.1123702782901011,lag,Neither,Neither,Neither -> Neither
El Salvador,SLV,HIV/TB,-0.627170751205194,-0.4624344062123838,0.16473634499281026,lag,Neither,Neither,Neither -> Neither
El Salvador,SLV,Health resources,-1.2414801669258293,-0.5655035542211576,0.6759766127046717,lag,Neither,Neither,Neither -> Neither
El Salvador,SLV,Household energy/HAP,-1.1032586271812284,-1.1501016647391484,-0.046843037557920075,catch-up,Neither,Neither,Neither -> Neither
El Salvador,SLV,Immunisation/UHC,-1.0597686282578838,-1.0736766859016558,-0.01390805764377201,catch-up,Neither,Neither,Neither -> Neither
El Salvador,SLV,WASH,-1.322239507198953,-0.4286451733691236,0.8935943338298293,lag,Neither,Neither,Neither -> Neither
Equatorial Guinea,GNQ,Ambient PM2.5,0.7147573957566228,1.334956112216641,0.6201987164600181,lag,Double-high,Neither,Double-high -> Neither
Equatorial Guinea,GNQ,Climate/transmission,0.7578255704616129,0.7071619228599485,-0.05066364760166442,catch-up,Double-high,Neither,Double-high -> Neither
Equatorial Guinea,GNQ,HIV/TB,-0.0685875287170957,0.2863302543781988,0.35491778309529454,lag,Double-high,Neither,Double-high -> Neither
Equatorial Guinea,GNQ,Health resources,0.4329819026025611,0.465866000908651,0.032884098306089904,lag,Double-high,Neither,Double-high -> Neither
Equatorial Guinea,GNQ,Household energy/HAP,-0.7129552149544617,0.9160433438474832,1.6289985588019449,lag,Double-high,Neither,Double-high -> Neither
Equatorial Guinea,GNQ,Immunisation/UHC,0.8438831503808882,1.286841625177736,0.4429584747968477,lag,Double-high,Neither,Double-high -> Neither
Equatorial Guinea,GNQ,Nutrition,0.1903992749592118,,,stable,Double-high,Neither,Double-high -> Neither
Equatorial Guinea,GNQ,WASH,-0.0531195112444708,,,stable,Double-high,Neither,Double-high -> Neither
Eritrea,ERI,Ambient PM2.5,0.60939546492764,0.1906167632396722,-0.41877870168796777,catch-up,Double-high,Structural high,Double-high -> Structural high
Eritrea,ERI,Climate/transmission,-0.9623084712382508,-0.957292484473896,0.005015986764354774,lag,Double-high,Structural high,Double-high -> Structural high
Eritrea,ERI,HIV/TB,1.2851729154832157,-0.4145014265444677,-1.6996743420276834,catch-up,Double-high,Structural high,Double-high -> Structural high
Eritrea,ERI,Health resources,0.6101973946062482,0.9515954317747112,0.34139803716846295,lag,Double-high,Structural high,Double-high -> Structural high
Eritrea,ERI,Household energy/HAP,0.6120629600584361,0.5396679897037115,-0.07239497035472453,catch-up,Double-high,Structural high,Double-high -> Structural high
Eritrea,ERI,Immunisation/UHC,0.1249191785434608,-0.6320039927582609,-0.7569231713017217,catch-up,Double-high,Structural high,Double-high -> Structural high
Eritrea,ERI,WASH,0.9067359741129012,,,stable,Double-high,Structural high,Double-high -> Structural high
Estonia,EST,Ambient PM2.5,-0.1713082056795003,-0.616779317492188,-0.4454711118126876,catch-up,Neither,Excess-only,Neither -> Excess-only
Estonia,EST,Climate/transmission,-0.5255002204956299,-0.7807939806018576,-0.2552937601062276,catch-up,Neither,Excess-only,Neither -> Excess-only
Estonia,EST,HIV/TB,0.3693992877703422,0.4935153727377637,0.12411608496742149,lag,Neither,Excess-only,Neither -> Excess-only
Estonia,EST,Health resources,0.4704049537731136,0.2640077893549982,-0.2063971644181154,catch-up,Neither,Excess-only,Neither -> Excess-only
Estonia,EST,Household energy/HAP,1.291348390715497,-0.6896535444720231,-1.98100193518752,catch-up,Neither,Excess-only,Neither -> Excess-only
Estonia,EST,Immunisation/UHC,1.3504495100967588,0.960344908421888,-0.3901046016748708,catch-up,Neither,Excess-only,Neither -> Excess-only
Estonia,EST,WASH,0.7602013252782314,-0.4405975495227945,-1.2007988748010259,catch-up,Neither,Excess-only,Neither -> Excess-only
Eswatini,SWZ,Ambient PM2.5,-0.6941044431064717,-0.3452796434739442,0.3488247996325275,lag,Double-high,Structural high,Double-high -> Structural high
Eswatini,SWZ,Climate/transmission,-0.300542272228195,-0.5002489524546213,-0.1997066802264263,catch-up,Double-high,Structural high,Double-high -> Structural high
Eswatini,SWZ,HIV/TB,2.718303411785446,2.002505520321004,-0.7157978914644421,catch-up,Double-high,Structural high,Double-high -> Structural high
Eswatini,SWZ,Health resources,-0.7629348628033071,0.0492370350165058,0.8121718978198129,lag,Double-high,Structural high,Double-high -> Structural high
Eswatini,SWZ,Household energy/HAP,-0.8233915112947189,-0.4497707664978668,0.3736207447968521,lag,Double-high,Structural high,Double-high -> Structural high
Eswatini,SWZ,Immunisation/UHC,-0.4639822233562169,-0.2418553703225146,0.2221268530337023,lag,Double-high,Structural high,Double-high -> Structural high
Eswatini,SWZ,Nutrition,-0.8975582945308677,,,stable,Double-high,Structural high,Double-high -> Structural high
Eswatini,SWZ,WASH,0.0017012709864778,0.7796995741828133,0.7779983031963356,lag,Double-high,Structural high,Double-high -> Structural high
Ethiopia,ETH,Ambient PM2.5,-0.5493823164704482,-0.4466773009639587,0.10270501550648953,lag,Double-high,Structural high,Double-high -> Structural high
Ethiopia,ETH,Climate/transmission,-1.193950550702464,-1.2803465985404896,-0.08639604783802568,catch-up,Double-high,Structural high,Double-high -> Structural high
Ethiopia,ETH,HIV/TB,0.1198694067792783,-0.3924688560314715,-0.5123382628107498,catch-up,Double-high,Structural high,Double-high -> Structural high
Ethiopia,ETH,Health resources,0.6846030787047217,0.5907074662114145,-0.09389561249330725,catch-up,Double-high,Structural high,Double-high -> Structural high
Ethiopia,ETH,Household energy/HAP,1.0862511344782464,0.4075995396107988,-0.6786515948674476,catch-up,Double-high,Structural high,Double-high -> Structural high
Ethiopia,ETH,Immunisation/UHC,1.1428512940915605,0.6240607284039144,-0.5187905656876461,catch-up,Double-high,Structural high,Double-high -> Structural high
Ethiopia,ETH,Nutrition,1.1044348693667856,,,stable,Double-high,Structural high,Double-high -> Structural high
Ethiopia,ETH,WASH,1.645564211914274,1.3351681879102473,-0.31039602400402666,catch-up,Double-high,Structural high,Double-high -> Structural high
Fiji,FJI,Ambient PM2.5,-1.7189894840700752,-1.623156857338294,0.09583262673178128,lag,Neither,Double-high,Neither -> Double-high
Fiji,FJI,Climate/transmission,1.0081933700644026,0.8920894197735203,-0.11610395029088227,catch-up,Neither,Double-high,Neither -> Double-high
Fiji,FJI,HIV/TB,-0.3947156074148302,-0.1174939531140165,0.2772216543008137,lag,Neither,Double-high,Neither -> Double-high
Fiji,FJI,Health resources,0.5795895706128372,1.2603464717484487,0.6807569011356115,lag,Neither,Double-high,Neither -> Double-high
Fiji,FJI,Household energy/HAP,0.637407011920723,1.5386616630084706,0.9012546510877476,lag,Neither,Double-high,Neither -> Double-high
Fiji,FJI,Immunisation/UHC,-0.6165685675442296,-0.3662281697286476,0.25034039781558204,lag,Neither,Double-high,Neither -> Double-high
Fiji,FJI,WASH,-0.7614900839705228,0.0138443400151114,0.7753344239856341,lag,Neither,Double-high,Neither -> Double-high
Finland,FIN,Ambient PM2.5,-0.5662061074284037,-0.699748504855866,-0.13354239742746232,catch-up,Neither,Neither,Neither -> Neither
Finland,FIN,Climate/transmission,-0.6546988204277246,-0.8127972527095603,-0.15809843228183562,catch-up,Neither,Neither,Neither -> Neither
Finland,FIN,HIV/TB,-0.4356707440445392,-0.6852411960360208,-0.24957045199148165,catch-up,Neither,Neither,Neither -> Neither
Finland,FIN,Health resources,-0.0185744500357057,-0.9025539062065556,-0.8839794561708499,catch-up,Neither,Neither,Neither -> Neither
Finland,FIN,Household energy/HAP,-0.9453906783672792,0.118127746636918,1.0635184250041971,lag,Neither,Neither,Neither -> Neither
Finland,FIN,Immunisation/UHC,-0.6731891980048026,-0.299981212792637,0.3732079852121656,lag,Neither,Neither,Neither -> Neither
Finland,FIN,Nutrition,,-0.4854556278131209,,stable,Neither,Neither,Neither -> Neither
Finland,FIN,WASH,-0.4841557084006149,-0.4814170022485494,0.0027387061520655065,lag,Neither,Neither,Neither -> Neither
France,FRA,Ambient PM2.5,-0.0812085029029945,-0.4750645921148957,-0.3938560892119012,catch-up,Neither,Neither,Neither -> Neither
France,FRA,Climate/transmission,-0.1203395631863244,-0.3063841442447031,-0.18604458105837873,catch-up,Neither,Neither,Neither -> Neither
France,FRA,HIV/TB,-0.2534455944368578,-0.2342982994205144,0.019147295016343435,lag,Neither,Neither,Neither -> Neither
France,FRA,Health resources,-0.3888695136289009,-0.7697907331000955,-0.3809212194711946,catch-up,Neither,Neither,Neither -> Neither
France,FRA,Household energy/HAP,-0.8854231610318282,0.118127746636918,1.003550907668746,lag,Neither,Neither,Neither -> Neither
France,FRA,Immunisation/UHC,-0.513454259579257,-0.4226253042091136,0.09082895537014346,lag,Neither,Neither,Neither -> Neither
France,FRA,WASH,-0.4022080198323783,-0.4044789497300616,-0.0022709298976832937,catch-up,Neither,Neither,Neither -> Neither
Gabon,GAB,Ambient PM2.5,-0.068761054058007,0.496826217595991,0.565587271653998,lag,Double-high,Neither,Double-high -> Neither
Gabon,GAB,Climate/transmission,0.8336915871171832,0.7425910071663381,-0.09110057995084508,catch-up,Double-high,Neither,Double-high -> Neither
Gabon,GAB,HIV/TB,0.1052835205988968,2.067727794222167,1.96244427362327,lag,Double-high,Neither,Double-high -> Neither
Gabon,GAB,Health resources,-0.8416316790063708,0.3833886584363454,1.2250203374427162,lag,Double-high,Neither,Double-high -> Neither
Gabon,GAB,Household energy/HAP,-2.128692083864916,-0.5731808391363231,1.5555112447285928,lag,Double-high,Neither,Double-high -> Neither
Gabon,GAB,Immunisation/UHC,0.4065431436157305,1.480504061311383,1.0739609176956524,lag,Double-high,Neither,Double-high -> Neither
Gabon,GAB,Nutrition,-1.0075839557724957,,,stable,Double-high,Neither,Double-high -> Neither
Gabon,GAB,WASH,-0.1956062511935136,2.0849323883930486,2.2805386395865623,lag,Double-high,Neither,Double-high -> Neither
Gambia,GMB,Ambient PM2.5,0.695002971012696,0.4886718048753783,-0.20633116613731772,catch-up,Structural high,Structural high,Structural high -> Structural high
Gambia,GMB,Climate/transmission,0.2122351322471662,0.2299871087766079,0.017751976529441715,lag,Structural high,Structural high,Structural high -> Structural high
Gambia,GMB,HIV/TB,-0.3629877945182753,-0.2963911141650923,0.066596680353183,lag,Structural high,Structural high,Structural high -> Structural high
Gambia,GMB,Health resources,-0.2434997583037201,0.6260521934117743,0.8695519517154944,lag,Structural high,Structural high,Structural high -> Structural high
Gambia,GMB,Household energy/HAP,0.4461809934690017,0.5581569955859398,0.11197600211693809,lag,Structural high,Structural high,Structural high -> Structural high
Gambia,GMB,Immunisation/UHC,-1.728672254254931,-0.4721861679484869,1.2564860863064442,lag,Structural high,Structural high,Structural high -> Structural high
Gambia,GMB,Nutrition,-0.5151125759690566,,,stable,Structural high,Structural high,Structural high -> Structural high
Gambia,GMB,WASH,-0.4553338630214536,-0.5730716935308389,-0.11773783050938524,catch-up,Structural high,Structural high,Structural high -> Structural high
Georgia,GEO,Ambient PM2.5,-0.1152795867835679,0.1598005873870709,0.2750801741706388,lag,Neither,Excess-only,Neither -> Excess-only
Georgia,GEO,Climate/transmission,-0.802390220629853,-0.5222959727278139,0.2800942479020391,lag,Neither,Excess-only,Neither -> Excess-only
Georgia,GEO,HIV/TB,0.6341091275175283,0.7872248141527199,0.1531156866351916,lag,Neither,Excess-only,Neither -> Excess-only
Georgia,GEO,Health resources,-0.1954043653086397,-0.1078589000598263,0.08754546524881339,lag,Neither,Excess-only,Neither -> Excess-only
Georgia,GEO,Household energy/HAP,2.525550394361782,0.5536863251097597,-1.9718640692520222,catch-up,Neither,Excess-only,Neither -> Excess-only
Georgia,GEO,Immunisation/UHC,1.3573369744730048,0.5155037228141681,-0.8418332516588367,catch-up,Neither,Excess-only,Neither -> Excess-only
Georgia,GEO,WASH,0.9065216709877232,1.051894554038043,0.14537288305031992,lag,Neither,Excess-only,Neither -> Excess-only
Germany,DEU,Ambient PM2.5,-0.0353234969435502,-0.4391688878094859,-0.4038453908659357,catch-up,Neither,Neither,Neither -> Neither
Germany,DEU,Climate/transmission,-0.2980176850627029,-0.5026892329098401,-0.20467154784713726,catch-up,Neither,Neither,Neither -> Neither
Germany,DEU,HIV/TB,-0.4679089073615967,-0.4656381701385348,0.0022707372230618694,lag,Neither,Neither,Neither -> Neither
Germany,DEU,Health resources,-0.6295949785491887,-1.221177381941222,-0.5915824033920333,catch-up,Neither,Neither,Neither -> Neither
Germany,DEU,Household energy/HAP,-0.7576113883991762,0.118127746636918,0.8757391350360941,lag,Neither,Neither,Neither -> Neither
Germany,DEU,Immunisation/UHC,-0.1923130790565276,-0.1388880663011538,0.05342501275537381,lag,Neither,Neither,Neither -> Neither
Germany,DEU,WASH,-0.4601432271045338,-0.4601974692704167,-5.424216588290065e-05,catch-up,Neither,Neither,Neither -> Neither
Ghana,GHA,Ambient PM2.5,0.5213061179291324,0.533312777017805,0.0120066590886726,lag,Neither,Neither,Neither -> Neither
Ghana,GHA,Climate/transmission,0.7121292190385086,0.6618544529849492,-0.050274766053559405,catch-up,Neither,Neither,Neither -> Neither
Ghana,GHA,HIV/TB,-0.2343993428359616,-0.2861906725367327,-0.051791329700771105,catch-up,Neither,Neither,Neither -> Neither
Ghana,GHA,Health resources,0.5527206433139815,0.3597297328740618,-0.19299091043991973,catch-up,Neither,Neither,Neither -> Neither
Ghana,GHA,Household energy/HAP,0.2311785644314175,0.4632105001092756,0.23203193567785813,lag,Neither,Neither,Neither -> Neither
Ghana,GHA,Immunisation/UHC,-0.0647865227164146,-0.3873472990367773,-0.3225607763203627,catch-up,Neither,Neither,Neither -> Neither
Ghana,GHA,WASH,0.527425500281314,1.0787699096509278,0.5513444093696138,lag,Neither,Neither,Neither -> Neither
Greece,GRC,Ambient PM2.5,0.3951829329988265,-0.1134785049878156,-0.5086614379866421,catch-up,Neither,Neither,Neither -> Neither
Greece,GRC,Climate/transmission,-0.6716195838168458,-0.3527559799972451,0.3188636038196007,lag,Neither,Neither,Neither -> Neither
Greece,GRC,HIV/TB,-0.398674953258553,-0.2876356683132414,0.11103928494531162,lag,Neither,Neither,Neither -> Neither
Greece,GRC,Health resources,-0.0231946738332424,0.3849636289919956,0.408158302825238,lag,Neither,Neither,Neither -> Neither
Greece,GRC,Household energy/HAP,-0.6322321807257467,-0.7045451928720764,-0.07231301214632968,catch-up,Neither,Neither,Neither -> Neither
Greece,GRC,Immunisation/UHC,0.9971412416748388,-0.1848087514861136,-1.1819499931609523,catch-up,Neither,Neither,Neither -> Neither
Greece,GRC,WASH,-0.1980043012431434,-0.4388627881143501,-0.2408584868712067,catch-up,Neither,Neither,Neither -> Neither
Greenland,GRL,Ambient PM2.5,-1.018244298544083,-0.8796034110573662,0.13864088748671677,lag,Neither,Neither,Neither -> Neither
Greenland,GRL,Climate/transmission,-1.2586734712818353,-1.341337968021227,-0.08266449673939169,catch-up,Neither,Neither,Neither -> Neither
Greenland,GRL,HIV/TB,2.43352579117358,3.5145827397394407,1.0810569485658608,lag,Neither,Neither,Neither -> Neither
Greenland,GRL,Household energy/HAP,1.0326248015993424,0.532849324304527,-0.4997754772948154,catch-up,Neither,Neither,Neither -> Neither
Greenland,GRL,WASH,-0.6196129109018569,-0.5581932518885623,0.0614196590132946,lag,Neither,Neither,Neither -> Neither
Grenada,GRD,Ambient PM2.5,-1.2393797841395553,-1.0662220291311435,0.1731577550084118,lag,Neither,Neither,Neither -> Neither
Grenada,GRD,Climate/transmission,1.1345001614949723,1.1672762391285474,0.03277607763357504,lag,Neither,Neither,Neither -> Neither
Grenada,GRD,HIV/TB,-0.7203654550475476,-0.6689406909066054,0.051424764140942214,lag,Neither,Neither,Neither -> Neither
Grenada,GRD,Health resources,-0.0386275760442364,-0.2894827341666183,-0.2508551581223819,catch-up,Neither,Neither,Neither -> Neither
Grenada,GRD,Household energy/HAP,-0.6588870808045085,0.1157837562317636,0.7746708370362722,lag,Neither,Neither,Neither -> Neither
Grenada,GRD,Immunisation/UHC,-0.7773610567751295,0.3272446723227465,1.104605729097876,lag,Neither,Neither,Neither -> Neither
Grenada,GRD,WASH,-0.70101049518529,-0.1300857731593198,0.5709247220259702,lag,Neither,Neither,Neither -> Neither
Guam,GUM,Ambient PM2.5,-0.8614946565509743,-0.7670097904807095,0.09448486607026485,lag,Excess-only,Double-high,Excess-only -> Double-high
Guam,GUM,Climate/transmission,1.6043975116916167,1.5029454662333543,-0.10145204545826236,catch-up,Excess-only,Double-high,Excess-only -> Double-high
Guam,GUM,HIV/TB,0.6443077270768877,0.8279597140317138,0.1836519869548261,lag,Excess-only,Double-high,Excess-only -> Double-high
Guam,GUM,Household energy/HAP,-0.91236859502442,-1.1495679203601736,-0.2371993253357536,catch-up,Excess-only,Double-high,Excess-only -> Double-high
Guam,GUM,WASH,0.8743716571873722,0.4925978051669938,-0.3817738520203784,catch-up,Excess-only,Double-high,Excess-only -> Double-high
Guatemala,GTM,Ambient PM2.5,0.3648186613590036,0.651689999650509,0.2868713382915054,lag,Neither,Neither,Neither -> Neither
Guatemala,GTM,Climate/transmission,-0.2816897555094732,-0.1238795913321093,0.15781016417736393,lag,Neither,Neither,Neither -> Neither
Guatemala,GTM,HIV/TB,-0.6742843479858427,-0.591128774608943,0.08315557337689972,lag,Neither,Neither,Neither -> Neither
Guatemala,GTM,Health resources,-0.3521236624013037,0.2479480196299797,0.6000716820312835,lag,Neither,Neither,Neither -> Neither
Guatemala,GTM,Household energy/HAP,-0.9983375602701738,-0.2384491602467309,0.7598884000234429,lag,Neither,Neither,Neither -> Neither
Guatemala,GTM,Immunisation/UHC,-0.5174659440812835,-0.1159995979859803,0.40146634609530324,lag,Neither,Neither,Neither -> Neither
Guatemala,GTM,Nutrition,-0.1280410858168051,,,stable,Neither,Neither,Neither -> Neither
Guatemala,GTM,WASH,-1.0003671666327407,-0.1089093189365732,0.8914578476961675,lag,Neither,Neither,Neither -> Neither
Guinea,GIN,Ambient PM2.5,-0.0230565881155085,-0.2228496449820645,-0.199793056866556,catch-up,Structural high,Structural high,Structural high -> Structural high
Guinea,GIN,Climate/transmission,0.2666980926414022,0.3790607531762538,0.11236266053485161,lag,Structural high,Structural high,Structural high -> Structural high
Guinea,GIN,HIV/TB,-0.4568698713601581,-0.1726939769267869,0.2841758944333712,lag,Structural high,Structural high,Structural high -> Structural high
Guinea,GIN,Health resources,0.6419299147295279,0.2630462828157783,-0.3788836319137496,catch-up,Structural high,Structural high,Structural high -> Structural high
Guinea,GIN,Household energy/HAP,0.6368264300618427,0.5778272397246882,-0.058999190337154506,catch-up,Structural high,Structural high,Structural high -> Structural high
Guinea,GIN,Immunisation/UHC,0.7723296586124894,1.3109045088433486,0.5385748502308593,lag,Structural high,Structural high,Structural high -> Structural high
Guinea,GIN,WASH,0.8234090599583856,0.2053952232830724,-0.6180138366753133,catch-up,Structural high,Structural high,Structural high -> Structural high
Guinea-Bissau,GNB,Ambient PM2.5,0.3884540270651518,0.1023416230761505,-0.2861124039890013,catch-up,Structural high,Structural high,Structural high -> Structural high
Guinea-Bissau,GNB,Climate/transmission,0.1150748849927105,0.2611149329677532,0.14604004797504266,lag,Structural high,Structural high,Structural high -> Structural high
Guinea-Bissau,GNB,HIV/TB,-0.1417770339790292,-0.0447476967686456,0.09702933721038359,lag,Structural high,Structural high,Structural high -> Structural high
Guinea-Bissau,GNB,Health resources,0.517864668541161,-0.242962222171013,-0.760826890712174,catch-up,Structural high,Structural high,Structural high -> Structural high
Guinea-Bissau,GNB,Household energy/HAP,0.7255849279870198,0.7889559608435168,0.06337103285649703,lag,Structural high,Structural high,Structural high -> Structural high
Guinea-Bissau,GNB,Immunisation/UHC,0.6049934934353001,0.1868148134998183,-0.41817867993548175,catch-up,Structural high,Structural high,Structural high -> Structural high
Guinea-Bissau,GNB,Nutrition,0.1552332554528812,,,stable,Structural high,Structural high,Structural high -> Structural high
Guinea-Bissau,GNB,WASH,0.7853673293078285,0.6656941660237632,-0.1196731632840653,catch-up,Structural high,Structural high,Structural high -> Structural high
Guyana,GUY,Ambient PM2.5,-0.2498341172455457,-0.3474306403113941,-0.0975965230658484,catch-up,Neither,Neither,Neither -> Neither
Guyana,GUY,Climate/transmission,1.0163137475397717,1.175218776254939,0.15890502871516743,lag,Neither,Neither,Neither -> Neither
Guyana,GUY,HIV/TB,-0.4766367533214374,-0.0732347434659975,0.4034020098554399,lag,Neither,Neither,Neither -> Neither
Guyana,GUY,Health resources,-0.2132736615039424,-0.0085225709497152,0.2047510905542272,lag,Neither,Neither,Neither -> Neither
Guyana,GUY,Household energy/HAP,-2.1081314672976275,-1.0415693253040426,1.066562141993585,lag,Neither,Neither,Neither -> Neither
Guyana,GUY,Immunisation/UHC,-0.7272461804231823,-0.560217780874809,0.16702839954837334,lag,Neither,Neither,Neither -> Neither
Guyana,GUY,Nutrition,-0.5531052885615972,,,stable,Neither,Neither,Neither -> Neither
Guyana,GUY,WASH,-1.344000667165255,0.0916480813311336,1.4356487484963885,lag,Neither,Neither,Neither -> Neither
Haiti,HTI,Ambient PM2.5,-0.9333719477763252,-0.9634787914469648,-0.03010684367063965,catch-up,Double-high,Structural high,Double-high -> Structural high
Haiti,HTI,Climate/transmission,0.7303647673434295,0.962931536719496,0.23256676937606657,lag,Double-high,Structural high,Double-high -> Structural high
Haiti,HTI,HIV/TB,0.2114521204882891,-0.1059929957444026,-0.31744511623269167,catch-up,Double-high,Structural high,Double-high -> Structural high
Haiti,HTI,Health resources,0.3066157507256143,0.3721103483842135,0.06549459765859916,lag,Double-high,Structural high,Double-high -> Structural high
Haiti,HTI,Household energy/HAP,0.4625967130565998,0.4960192787356793,0.03342256567907953,lag,Double-high,Structural high,Double-high -> Structural high
Haiti,HTI,Immunisation/UHC,0.5426200056695533,1.0773058260316202,0.5346858203620669,lag,Double-high,Structural high,Double-high -> Structural high
Haiti,HTI,Nutrition,-0.7508892295748719,-0.7633147906374299,-0.012425561062557988,catch-up,Double-high,Structural high,Double-high -> Structural high
Haiti,HTI,WASH,0.527041908319603,0.3086106585078556,-0.21843124981174739,catch-up,Double-high,Structural high,Double-high -> Structural high
Honduras,HND,Ambient PM2.5,0.5043540378210398,0.0006025935091434,-0.5037514443118964,catch-up,Neither,Neither,Neither -> Neither
Honduras,HND,Climate/transmission,0.0071162033796082,0.2024892457607582,0.19537304238115,lag,Neither,Neither,Neither -> Neither
Honduras,HND,HIV/TB,-0.3189802482123587,-0.824333439731052,-0.5053531915186933,catch-up,Neither,Neither,Neither -> Neither
Honduras,HND,Health resources,-0.0306584363039015,-1.8725377209675176,-1.841879284663616,catch-up,Neither,Neither,Neither -> Neither
Honduras,HND,Household energy/HAP,-0.336733901028873,-1.3794220669444393,-1.0426881659155662,catch-up,Neither,Neither,Neither -> Neither
Honduras,HND,Immunisation/UHC,-2.361768260701973,-0.3291524970395265,2.0326157636624465,lag,Neither,Neither,Neither -> Neither
Honduras,HND,WASH,-1.0229034242479689,-1.7296031339558648,-0.706699709707896,catch-up,Neither,Neither,Neither -> Neither
Hungary,HUN,Ambient PM2.5,0.1297664921528103,-0.1382182383972246,-0.2679847305500349,catch-up,Neither,Excess-only,Neither -> Excess-only
Hungary,HUN,Climate/transmission,-0.6910507413532146,-0.651229029303246,0.03982171204996865,lag,Neither,Excess-only,Neither -> Excess-only
Hungary,HUN,HIV/TB,-0.433589309056417,-0.5746155420362908,-0.14102623297987382,catch-up,Neither,Excess-only,Neither -> Excess-only
Hungary,HUN,Health resources,0.2817743565557892,0.5816426743749206,0.29986831781913137,lag,Neither,Excess-only,Neither -> Excess-only
Hungary,HUN,Household energy/HAP,-0.192539582835498,-0.7221623068371246,-0.5296227240016266,catch-up,Neither,Excess-only,Neither -> Excess-only
Hungary,HUN,Immunisation/UHC,-1.253555753543021,-0.4969294872931897,0.7566262662498313,lag,Neither,Excess-only,Neither -> Excess-only
Hungary,HUN,WASH,-0.2107260279113029,-0.3403620869795009,-0.12963605906819797,catch-up,Neither,Excess-only,Neither -> Excess-only
Iceland,ISL,Ambient PM2.5,-0.755478948048387,-0.677264764870021,0.07821418317836604,lag,Neither,Neither,Neither -> Neither
Iceland,ISL,Climate/transmission,-0.6038153784209035,-0.700220701452649,-0.09640532303174554,catch-up,Neither,Neither,Neither -> Neither
Iceland,ISL,HIV/TB,-0.4397786114878013,-0.6831498341065889,-0.24337122261878763,catch-up,Neither,Neither,Neither -> Neither
Iceland,ISL,Health resources,-1.4181522544071432,-1.414601264794005,0.0035509896131382668,lag,Neither,Neither,Neither -> Neither
Iceland,ISL,Household energy/HAP,-0.8276786251781574,0.118127746636918,0.9458063718150753,lag,Neither,Neither,Neither -> Neither
Iceland,ISL,Immunisation/UHC,-0.8242380946816622,-0.5605395067085013,0.2636985879731609,lag,Neither,Neither,Neither -> Neither
Iceland,ISL,WASH,-0.4162957950911772,-0.4172728242462626,-0.000977029155085407,catch-up,Neither,Neither,Neither -> Neither
India,IND,Ambient PM2.5,1.3012918985132973,2.5304741456471094,1.229182247133812,lag,Double-high,Double-high,Double-high -> Double-high
India,IND,Climate/transmission,-0.1243941034833535,-0.0312409755421497,0.0931531279412038,lag,Double-high,Double-high,Double-high -> Double-high
India,IND,HIV/TB,-0.0711155546663516,-0.1128328331904612,-0.0417172785241096,catch-up,Double-high,Double-high,Double-high -> Double-high
India,IND,Health resources,0.5621525209724236,0.5639095952002975,0.001757074227873856,lag,Double-high,Double-high,Double-high -> Double-high
India,IND,Household energy/HAP,0.0699279681515426,-0.646248607228788,-0.7161765753803305,catch-up,Double-high,Double-high,Double-high -> Double-high
India,IND,Immunisation/UHC,0.3438794188880116,-0.5025732782723855,-0.8464526971603972,catch-up,Double-high,Double-high,Double-high -> Double-high
India,IND,WASH,0.0427898675861979,-0.4632585111200957,-0.5060483787062936,catch-up,Double-high,Double-high,Double-high -> Double-high
Indonesia,IDN,Ambient PM2.5,0.081318997209895,-0.3088460359343818,-0.3901650331442768,catch-up,Excess-only,Excess-only,Excess-only -> Excess-only
Indonesia,IDN,Climate/transmission,1.0673014721998657,0.7121288476265398,-0.3551726245733259,catch-up,Excess-only,Excess-only,Excess-only -> Excess-only
Indonesia,IDN,HIV/TB,0.3588440323891936,0.4904767622755989,0.1316327298864053,lag,Excess-only,Excess-only,Excess-only -> Excess-only
Indonesia,IDN,Health resources,1.133649619766087,0.5458383455602132,-0.5878112742058739,catch-up,Excess-only,Excess-only,Excess-only -> Excess-only
Indonesia,IDN,Household energy/HAP,1.3371731543997931,-0.3324408534586824,-1.6696140078584756,catch-up,Excess-only,Excess-only,Excess-only -> Excess-only
Indonesia,IDN,Immunisation/UHC,1.5466383987685812,0.401002762008922,-1.1456356367596592,catch-up,Excess-only,Excess-only,Excess-only -> Excess-only
Indonesia,IDN,Nutrition,1.1734232993496838,0.9694250928137216,-0.20399820653596223,catch-up,Excess-only,Excess-only,Excess-only -> Excess-only
Indonesia,IDN,WASH,2.0708202884426123,0.7443693528233775,-1.3264509356192349,catch-up,Excess-only,Excess-only,Excess-only -> Excess-only
Iran (Islamic Republic of),IRN,Ambient PM2.5,0.991732780300016,2.4840377846134585,1.4923050043134425,lag,Neither,Neither,Neither -> Neither
Iran (Islamic Republic of),IRN,Climate/transmission,-0.9120512882955194,-1.1125293772470666,-0.20047808895154717,catch-up,Neither,Neither,Neither -> Neither
Iran (Islamic Republic of),IRN,HIV/TB,-0.5184772026389929,-0.5964179946432678,-0.07794079200427495,catch-up,Neither,Neither,Neither -> Neither
Iran (Islamic Republic of),IRN,Health resources,0.5268574927094474,0.4292003441287464,-0.09765714858070096,catch-up,Neither,Neither,Neither -> Neither
Iran (Islamic Republic of),IRN,Household energy/HAP,-0.9122724128131005,-0.6498152478765518,0.2624571649365487,lag,Neither,Neither,Neither -> Neither
Iran (Islamic Republic of),IRN,Immunisation/UHC,-0.3253083684883396,-0.2920565392885405,0.03325182919979913,lag,Neither,Neither,Neither -> Neither
Iran (Islamic Republic of),IRN,WASH,-0.3909272680154594,-0.1641844455169754,0.22674282249848401,lag,Neither,Neither,Neither -> Neither
Iraq,IRQ,Ambient PM2.5,1.13843323543746,1.8925111974206927,0.7540779619832327,lag,Double-high,Excess-only,Double-high -> Excess-only
Iraq,IRQ,Climate/transmission,-0.7047950899055494,-0.5079072210994343,0.19688786880611509,lag,Double-high,Excess-only,Double-high -> Excess-only
Iraq,IRQ,HIV/TB,-0.6614155554231793,-0.6749539857482503,-0.01353843032507096,catch-up,Double-high,Excess-only,Double-high -> Excess-only
Iraq,IRQ,Health resources,,0.0401604640002805,,stable,Double-high,Excess-only,Double-high -> Excess-only
Iraq,IRQ,Household energy/HAP,-1.563019037672244,-0.617766056243528,0.9452529814287159,lag,Double-high,Excess-only,Double-high -> Excess-only
Iraq,IRQ,Immunisation/UHC,-0.6022089679297168,0.0724041321003504,0.6746131000300672,lag,Double-high,Excess-only,Double-high -> Excess-only
Iraq,IRQ,Nutrition,-0.6513771266016064,,,stable,Double-high,Excess-only,Double-high -> Excess-only
Iraq,IRQ,WASH,-1.0232801892688932,-0.759643885621083,0.2636363036478102,lag,Double-high,Excess-only,Double-high -> Excess-only
Ireland,IRL,Ambient PM2.5,-0.401968455058467,-0.5189589581581314,-0.11699050309966441,catch-up,Neither,Neither,Neither -> Neither
Ireland,IRL,Climate/transmission,-0.0762337709457874,-0.0863016643210138,-0.0100678933752264,catch-up,Neither,Neither,Neither -> Neither
Ireland,IRL,HIV/TB,-0.3640189276927161,-0.4814418349956391,-0.11742290730292299,catch-up,Neither,Neither,Neither -> Neither
Ireland,IRL,Health resources,-0.4752755465337103,-1.1496882579350225,-0.6744127114013122,catch-up,Neither,Neither,Neither -> Neither
Ireland,IRL,Household energy/HAP,-0.8916638939802602,0.118127746636918,1.0097916406171783,lag,Neither,Neither,Neither -> Neither
Ireland,IRL,Immunisation/UHC,0.61901014682127,-0.1883834733887646,-0.8073936202100346,catch-up,Neither,Neither,Neither -> Neither
Ireland,IRL,WASH,2.1932071291644584,1.097398801978037,-1.0958083271864214,catch-up,Neither,Neither,Neither -> Neither
Israel,ISR,Ambient PM2.5,0.4801882915986928,0.3641648330886901,-0.11602345851000273,catch-up,Neither,Neither,Neither -> Neither
Israel,ISR,Climate/transmission,0.2804359310296079,0.4011505648724845,0.12071463384287662,lag,Neither,Neither,Neither -> Neither
Israel,ISR,HIV/TB,-0.4517898257030679,-0.7207994419645054,-0.2690096162614375,catch-up,Neither,Neither,Neither -> Neither
Israel,ISR,Health resources,-0.2204674746486237,0.0286112107501023,0.24907868539872602,lag,Neither,Neither,Neither -> Neither
Israel,ISR,Household energy/HAP,-0.9175945587393022,-0.3124966269926483,0.6050979317466538,lag,Neither,Neither,Neither -> Neither
Israel,ISR,Immunisation/UHC,-0.1827176642749768,-0.6362858220342136,-0.45356815775923676,catch-up,Neither,Neither,Neither -> Neither
Israel,ISR,WASH,-0.5417460242013662,-0.5265654202281201,0.015180603973246054,lag,Neither,Neither,Neither -> Neither
Italy,ITA,Ambient PM2.5,0.5148430686693267,-0.102851676478244,-0.6176947451475707,catch-up,Neither,Neither,Neither -> Neither
Italy,ITA,Climate/transmission,-0.294103542083558,-0.2153952586702277,0.07870828341333028,lag,Neither,Neither,Neither -> Neither
Italy,ITA,HIV/TB,-0.2768182628417245,-0.2915865845275174,-0.014768321685792896,catch-up,Neither,Neither,Neither -> Neither
Italy,ITA,Health resources,-0.1076785639652232,-0.0937143335938136,0.013964230371409592,lag,Neither,Neither,Neither -> Neither
Italy,ITA,Household energy/HAP,-0.8086044789802547,-0.3737075852819537,0.434896893698301,lag,Neither,Neither,Neither -> Neither
Italy,ITA,Immunisation/UHC,0.7020581863981671,-0.3469136182775627,-1.0489718046757297,catch-up,Neither,Neither,Neither -> Neither
Italy,ITA,WASH,-0.3066170924712421,-0.5048640655562446,-0.19824697308500255,catch-up,Neither,Neither,Neither -> Neither
Jamaica,JAM,Ambient PM2.5,-0.58986816097357,0.2246292713021241,0.814497432275694,lag,Neither,Neither,Neither -> Neither
Jamaica,JAM,Climate/transmission,1.011150091068434,1.08261065988157,0.071460568813136,lag,Neither,Neither,Neither -> Neither
Jamaica,JAM,HIV/TB,-0.3257281462620319,-0.4455299041286589,-0.119801757866627,catch-up,Neither,Neither,Neither -> Neither
Jamaica,JAM,Health resources,-0.6637725556974471,1.0047364260072,1.668508981704647,lag,Neither,Neither,Neither -> Neither
Jamaica,JAM,Household energy/HAP,-0.2512793169197076,0.94093327549081,1.1922125924105176,lag,Neither,Neither,Neither -> Neither
Jamaica,JAM,Immunisation/UHC,0.1837377427813088,-0.0427193773970803,-0.2264571201783891,catch-up,Neither,Neither,Neither -> Neither
Jamaica,JAM,Nutrition,-1.0170517038117055,,,stable,Neither,Neither,Neither -> Neither
Jamaica,JAM,WASH,-0.3944262860373696,1.2683463248442035,1.6627726108815732,lag,Neither,Neither,Neither -> Neither
Japan,JPN,Ambient PM2.5,-0.3803796663884584,-0.2771528302383558,0.10322683615010259,lag,Neither,Neither,Neither -> Neither
Japan,JPN,Climate/transmission,-0.2329150136570394,-0.1223929825901995,0.1105220310668399,lag,Neither,Neither,Neither -> Neither
Japan,JPN,HIV/TB,0.0962589506869098,-0.4442353069651805,-0.5404942576520902,catch-up,Neither,Neither,Neither -> Neither
Japan,JPN,Health resources,-0.1740003973466915,-0.2222630808537977,-0.04826268350710619,catch-up,Neither,Neither,Neither -> Neither
Japan,JPN,Household energy/HAP,-0.7461946090381706,-0.06760191017542,0.6785926988627506,lag,Neither,Neither,Neither -> Neither
Japan,JPN,Immunisation/UHC,1.2176447596504942,-0.7020410998509571,-1.9196858595014512,catch-up,Neither,Neither,Neither -> Neither
Japan,JPN,Nutrition,0.4253627843439257,,,stable,Neither,Neither,Neither -> Neither
Japan,JPN,WASH,0.2045442986431578,-0.3475856993747419,-0.5521299980178996,catch-up,Neither,Neither,Neither -> Neither
Jordan,JOR,Ambient PM2.5,-0.4983887316936916,1.0228062184561368,1.5211949501498285,lag,Excess-only,Excess-only,Excess-only -> Excess-only
Jordan,JOR,Climate/transmission,-0.986747382738282,-1.0506923371702523,-0.06394495443197035,catch-up,Excess-only,Excess-only,Excess-only -> Excess-only
Jordan,JOR,HIV/TB,-0.4874433512536431,-0.6890762084280031,-0.20163285717436003,catch-up,Excess-only,Excess-only,Excess-only -> Excess-only
Jordan,JOR,Health resources,0.0179616620707549,1.0600580451306665,1.0420963830599115,lag,Excess-only,Excess-only,Excess-only -> Excess-only
Jordan,JOR,Household energy/HAP,-0.5758193140504981,1.4031338927225487,1.9789532067730469,lag,Excess-only,Excess-only,Excess-only -> Excess-only
Jordan,JOR,Immunisation/UHC,-0.3172174045673074,0.6151045761749779,0.9323219807422853,lag,Excess-only,Excess-only,Excess-only -> Excess-only
Jordan,JOR,Nutrition,,0.2237945172806366,,stable,Excess-only,Excess-only,Excess-only -> Excess-only
Jordan,JOR,WASH,-1.3904247398931957,-0.0358744091953359,1.35455033069786,lag,Excess-only,Excess-only,Excess-only -> Excess-only
Kazakhstan,KAZ,Ambient PM2.5,-0.319966941897359,0.2227099531955921,0.5426768950929511,lag,Neither,Neither,Neither -> Neither
Kazakhstan,KAZ,Climate/transmission,-1.2753723752639383,-1.167104648540523,0.10826772672341534,lag,Neither,Neither,Neither -> Neither
Kazakhstan,KAZ,HIV/TB,0.2313164222434252,0.5697131501846656,0.3383967279412404,lag,Neither,Neither,Neither -> Neither
Kazakhstan,KAZ,Health resources,-0.1598991390632511,0.4032657888131932,0.5631649278764443,lag,Neither,Neither,Neither -> Neither
Kazakhstan,KAZ,Household energy/HAP,0.2723472196203547,-0.3923546729020884,-0.664701892522443,catch-up,Neither,Neither,Neither -> Neither
Kazakhstan,KAZ,Immunisation/UHC,-0.3754525527470979,-0.6231275904864559,-0.24767503773935806,catch-up,Neither,Neither,Neither -> Neither
Kazakhstan,KAZ,WASH,0.6095109678722452,0.1438699327759445,-0.4656410350963007,catch-up,Neither,Neither,Neither -> Neither
Kenya,KEN,Ambient PM2.5,-0.7453468333227313,-0.0749816537304281,0.6703651795923032,lag,Double-high,Double-high,Double-high -> Double-high
Kenya,KEN,Climate/transmission,-0.8620103837120089,-0.6453721344560405,0.21663824925596842,lag,Double-high,Double-high,Double-high -> Double-high
Kenya,KEN,HIV/TB,0.6326225737938455,0.022630758812146,-0.6099918149816994,catch-up,Double-high,Double-high,Double-high -> Double-high
Kenya,KEN,Health resources,0.4157595178962892,0.6953690366670514,0.27960951877076223,lag,Double-high,Double-high,Double-high -> Double-high
Kenya,KEN,Household energy/HAP,0.4342274632347192,0.93582198460522,0.5015945213705009,lag,Double-high,Double-high,Double-high -> Double-high
Kenya,KEN,Immunisation/UHC,0.0089168515716613,-0.304981969628351,-0.3138988212000123,catch-up,Double-high,Double-high,Double-high -> Double-high
Kenya,KEN,Nutrition,-0.086085021611159,,,stable,Double-high,Double-high,Double-high -> Double-high
Kenya,KEN,WASH,0.6551440528965026,2.107410361475031,1.4522663085785283,lag,Double-high,Double-high,Double-high -> Double-high
Kiribati,KIR,Ambient PM2.5,-1.6420549156212825,-1.3380409186752282,0.30401399694605424,lag,Neither,Structural high,Neither -> Structural high
Kiribati,KIR,Climate/transmission,1.096107439262139,0.9534156372801998,-0.1426918019819392,catch-up,Neither,Structural high,Neither -> Structural high
Kiribati,KIR,HIV/TB,2.350733304720796,2.7012737060619108,0.35054040134111464,lag,Neither,Structural high,Neither -> Structural high
Kiribati,KIR,Health resources,-0.129399846595186,0.2811601218128522,0.4105599684080382,lag,Neither,Structural high,Neither -> Structural high
Kiribati,KIR,Household energy/HAP,0.5881211659630217,1.7702253532579924,1.1821041872949707,lag,Neither,Structural high,Neither -> Structural high
Kiribati,KIR,Immunisation/UHC,-0.0759712907577577,-0.0277051397288297,0.048266151028928,lag,Neither,Structural high,Neither -> Structural high
Kiribati,KIR,WASH,0.3013099970418721,1.2469931903917335,0.9456831933498614,lag,Neither,Structural high,Neither -> Structural high
Kuwait,KWT,Ambient PM2.5,2.4390902849596725,2.846696738812293,0.4076064538526203,lag,Excess-only,Double-high,Excess-only -> Double-high
Kuwait,KWT,Climate/transmission,-0.0204348794818323,-0.0199707392457168,0.00046414023611550045,lag,Excess-only,Double-high,Excess-only -> Double-high
Kuwait,KWT,HIV/TB,-0.1867090294488998,-0.5369659341783745,-0.3502569047294747,catch-up,Excess-only,Double-high,Excess-only -> Double-high
Kuwait,KWT,Health resources,1.1080992406568808,0.4876924044454513,-0.6204068362114294,catch-up,Excess-only,Double-high,Excess-only -> Double-high
Kuwait,KWT,Household energy/HAP,1.0326248015993424,0.118127746636918,-0.9144970549624245,catch-up,Excess-only,Double-high,Excess-only -> Double-high
Kuwait,KWT,Immunisation/UHC,-0.7581270066377628,-0.6746693222518066,0.08345768438595613,lag,Excess-only,Double-high,Excess-only -> Double-high
Kuwait,KWT,Nutrition,,-0.12721425837096,,stable,Excess-only,Double-high,Excess-only -> Double-high
Kuwait,KWT,WASH,-0.5417472150306917,-0.5343260169820003,0.0074211980486913465,lag,Excess-only,Double-high,Excess-only -> Double-high
Kyrgyzstan,KGZ,Ambient PM2.5,-0.3347094043203144,-0.0848842893952915,0.24982511492502288,lag,Neither,Neither,Neither -> Neither
Kyrgyzstan,KGZ,Climate/transmission,-1.5064481950258255,-2.0779150610641595,-0.571466866038334,catch-up,Neither,Neither,Neither -> Neither
Kyrgyzstan,KGZ,HIV/TB,0.1733885447115677,-0.3823424628722212,-0.5557310075837889,catch-up,Neither,Neither,Neither -> Neither
Kyrgyzstan,KGZ,Health resources,-0.1351806155676438,-0.288537013264126,-0.1533563976964822,catch-up,Neither,Neither,Neither -> Neither
Kyrgyzstan,KGZ,Household energy/HAP,1.2742711165457965,-0.1765892665836934,-1.45086038312949,catch-up,Neither,Neither,Neither -> Neither
Kyrgyzstan,KGZ,Immunisation/UHC,-0.4074272073991762,-0.5045549768464199,-0.09712776944724372,catch-up,Neither,Neither,Neither -> Neither
Kyrgyzstan,KGZ,Nutrition,,-0.2980911816226098,,stable,Neither,Neither,Neither -> Neither
Kyrgyzstan,KGZ,WASH,-0.0714456686475252,-0.8503473807529229,-0.7789017121053977,catch-up,Neither,Neither,Neither -> Neither
Lao People's Democratic Republic,LAO,Ambient PM2.5,0.4603018685344545,-0.306134084086306,-0.7664359526207605,catch-up,Structural high,Structural high,Structural high -> Structural high
Lao People's Democratic Republic,LAO,Climate/transmission,0.3478945794324333,0.35580536905126,0.007910789618826686,lag,Structural high,Structural high,Structural high -> Structural high
Lao People's Democratic Republic,LAO,HIV/TB,-0.3201320522736334,-0.4729139635736675,-0.1527819113000341,catch-up,Structural high,Structural high,Structural high -> Structural high
Lao People's Democratic Republic,LAO,Health resources,0.427795738154086,0.4228990452479064,-0.004896692906179612,catch-up,Structural high,Structural high,Structural high -> Structural high
Lao People's Democratic Republic,LAO,Household energy/HAP,0.5581703885757409,-0.7823044092194531,-1.3404747977951939,catch-up,Structural high,Structural high,Structural high -> Structural high
Lao People's Democratic Republic,LAO,Immunisation/UHC,0.4131379096557475,-0.310695506873495,-0.7238334165292425,catch-up,Structural high,Structural high,Structural high -> Structural high
Lao People's Democratic Republic,LAO,Nutrition,1.317483496799449,0.5108786214971208,-0.8066048753023283,catch-up,Structural high,Structural high,Structural high -> Structural high
Lao People's Democratic Republic,LAO,WASH,0.4956863566560615,-1.6438530144656616,-2.139539371121723,catch-up,Structural high,Structural high,Structural high -> Structural high
Latvia,LVA,Ambient PM2.5,0.5890907522160909,-0.1813914704961229,-0.7704822227122138,catch-up,Neither,Excess-only,Neither -> Excess-only
Latvia,LVA,Climate/transmission,-0.543927168678426,-0.7254439617593262,-0.18151679308090019,catch-up,Neither,Excess-only,Neither -> Excess-only
Latvia,LVA,HIV/TB,1.356202333062175,0.3923444649079833,-0.9638578681541918,catch-up,Neither,Excess-only,Neither -> Excess-only
Latvia,LVA,Health resources,0.6561398507185214,0.4999080815222868,-0.15623176919623466,catch-up,Neither,Excess-only,Neither -> Excess-only
Latvia,LVA,Household energy/HAP,3.1505382921962566,-0.7243627897310381,-3.8749010819272947,catch-up,Neither,Excess-only,Neither -> Excess-only
Latvia,LVA,Immunisation/UHC,0.2793335328887126,-0.2879129251426761,-0.5672464580313887,catch-up,Neither,Excess-only,Neither -> Excess-only
Latvia,LVA,WASH,1.6166586825388345,0.4632866558259407,-1.1533720267128937,catch-up,Neither,Excess-only,Neither -> Excess-only
Lebanon,LBN,Ambient PM2.5,-0.1175677579048067,0.65840414024196,0.7759718981467667,lag,Double-high,Excess-only,Double-high -> Excess-only
Lebanon,LBN,Climate/transmission,-0.1845652782424258,0.0644822054709481,0.2490474837133739,lag,Double-high,Excess-only,Double-high -> Excess-only
Lebanon,LBN,HIV/TB,-0.4440139016076168,-0.5172113531069941,-0.07319745149937729,catch-up,Double-high,Excess-only,Double-high -> Excess-only
Lebanon,LBN,Health resources,-2.7264256334221297,1.0016803726758845,3.728106006098014,lag,Double-high,Excess-only,Double-high -> Excess-only
Lebanon,LBN,Household energy/HAP,-0.5418803135203347,1.492999142650251,2.034879456170586,lag,Double-high,Excess-only,Double-high -> Excess-only
Lebanon,LBN,Immunisation/UHC,0.4299431095512544,2.4460912927886884,2.016148183237434,lag,Double-high,Excess-only,Double-high -> Excess-only
Lebanon,LBN,Nutrition,,0.6848158269340443,,stable,Double-high,Excess-only,Double-high -> Excess-only
Lebanon,LBN,WASH,0.2792365531622979,1.1868489377307905,0.9076123845684926,lag,Double-high,Excess-only,Double-high -> Excess-only
Lesotho,LSO,Ambient PM2.5,-0.1295029955628439,-0.2762736204848867,-0.1467706249220428,catch-up,Double-high,Double-high,Double-high -> Double-high
Lesotho,LSO,Climate/transmission,-1.833380959084716,-2.596445163049067,-0.7630642039643507,catch-up,Double-high,Double-high,Double-high -> Double-high
Lesotho,LSO,HIV/TB,2.321394847772915,3.582232904844264,1.2608380570713487,lag,Double-high,Double-high,Double-high -> Double-high
Lesotho,LSO,Health resources,0.3888312841832925,-1.1416801476896536,-1.530511431872946,catch-up,Double-high,Double-high,Double-high -> Double-high
Lesotho,LSO,Household energy/HAP,0.3918586997038608,-0.7789249165234687,-1.1707836162273295,catch-up,Double-high,Double-high,Double-high -> Double-high
Lesotho,LSO,Immunisation/UHC,-0.0624915217157516,-0.8171558206088919,-0.7546642988931404,catch-up,Double-high,Double-high,Double-high -> Double-high
Lesotho,LSO,WASH,0.4010094141350179,-0.2445642995495124,-0.6455737136845303,catch-up,Double-high,Double-high,Double-high -> Double-high
Liberia,LBR,Ambient PM2.5,-0.7408321418818554,-0.8273295937375675,-0.08649745185571212,catch-up,Structural high,Structural high,Structural high -> Structural high
Liberia,LBR,Climate/transmission,0.7515842990012517,0.8628306496400358,0.11124635063878408,lag,Structural high,Structural high,Structural high -> Structural high
Liberia,LBR,HIV/TB,-0.3528714457315741,-0.1024258215021469,0.2504456242294272,lag,Structural high,Structural high,Structural high -> Structural high
Liberia,LBR,Health resources,0.5839603177337419,-0.7267927213378704,-1.3107530390716122,catch-up,Structural high,Structural high,Structural high -> Structural high
Liberia,LBR,Household energy/HAP,1.0293918621100546,1.0481156325648524,0.018723770454797783,lag,Structural high,Structural high,Structural high -> Structural high
Liberia,LBR,Immunisation/UHC,0.6005486099149601,-0.3317131983927577,-0.9322618083077178,catch-up,Structural high,Structural high,Structural high -> Structural high
Liberia,LBR,Nutrition,0.0818401228485078,,,stable,Structural high,Structural high,Structural high -> Structural high
Liberia,LBR,WASH,0.5103041740950959,0.2702761393630062,-0.24002803473208967,catch-up,Structural high,Structural high,Structural high -> Structural high
Libya,LBY,Ambient PM2.5,0.3250284932689843,0.2483869031069971,-0.07664159016198721,catch-up,Excess-only,Double-high,Excess-only -> Double-high
Libya,LBY,Climate/transmission,0.0560316972656888,-0.244769477794953,-0.3008011750606418,catch-up,Excess-only,Double-high,Excess-only -> Double-high
Libya,LBY,HIV/TB,-0.4105063160557397,0.3717447951051215,0.7822511111608612,lag,Excess-only,Double-high,Excess-only -> Double-high
Libya,LBY,Health resources,0.4910535322970943,0.9257256188162772,0.43467208651918293,lag,Excess-only,Double-high,Excess-only -> Double-high
Libya,LBY,Household energy/HAP,-1.2440328368388467,-0.4821102552306085,0.7619225816082382,lag,Excess-only,Double-high,Excess-only -> Double-high
Libya,LBY,Immunisation/UHC,0.6609786670862053,1.3171606795796984,0.6561820124934931,lag,Excess-only,Double-high,Excess-only -> Double-high
Libya,LBY,WASH,0.2315021902028197,1.4284707008474165,1.1969685106445969,lag,Excess-only,Double-high,Excess-only -> Double-high
Lithuania,LTU,Ambient PM2.5,0.896105203844658,-0.320510016816754,-1.216615220661412,catch-up,Neither,Excess-only,Neither -> Excess-only
Lithuania,LTU,Climate/transmission,-0.2995641932662043,-0.7415499619192522,-0.44198576865304784,catch-up,Neither,Excess-only,Neither -> Excess-only
Lithuania,LTU,HIV/TB,0.7514463627994581,0.095391932288667,-0.656054430510791,catch-up,Neither,Excess-only,Neither -> Excess-only
Lithuania,LTU,Health resources,-0.5214121589867543,0.3553966898576536,0.8768088488444079,lag,Neither,Excess-only,Neither -> Excess-only
Lithuania,LTU,Household energy/HAP,1.3625658809018086,-0.6637945778236097,-2.0263604587254185,catch-up,Neither,Excess-only,Neither -> Excess-only
Lithuania,LTU,Immunisation/UHC,0.7036217934309376,0.138316916081844,-0.5653048773490936,catch-up,Neither,Excess-only,Neither -> Excess-only
Lithuania,LTU,Nutrition,,-0.9695660384685926,,stable,Neither,Excess-only,Neither -> Excess-only
Lithuania,LTU,WASH,1.5800649469442076,-0.169525407524741,-1.7495903544689486,catch-up,Neither,Excess-only,Neither -> Excess-only
Luxembourg,LUX,Ambient PM2.5,-0.1457636268537555,-0.5240116050784905,-0.37824797822473505,catch-up,Neither,Neither,Neither -> Neither
Luxembourg,LUX,Climate/transmission,-0.161063845033678,-0.4857765252271873,-0.3247126801935093,catch-up,Neither,Neither,Neither -> Neither
Luxembourg,LUX,HIV/TB,-0.3640189276927161,-0.2481265061704807,0.11589242152223539,lag,Neither,Neither,Neither -> Neither
Luxembourg,LUX,Health resources,-0.2058977817281113,-1.6409727581123752,-1.4350749763842638,catch-up,Neither,Neither,Neither -> Neither
Luxembourg,LUX,Household energy/HAP,1.0326248015993424,0.118127746636918,-0.9144970549624245,catch-up,Neither,Neither,Neither -> Neither
Luxembourg,LUX,Immunisation/UHC,-0.5789472617695243,-0.6160208174607595,-0.03707355569123527,catch-up,Neither,Neither,Neither -> Neither
Luxembourg,LUX,WASH,-0.3006753562350323,-0.3046165409145104,-0.003941184679478127,catch-up,Neither,Neither,Neither -> Neither
Madagascar,MDG,Ambient PM2.5,-1.2492731648698774,-1.185073426762822,0.06419973810705537,lag,Double-high,Structural high,Double-high -> Structural high
Madagascar,MDG,Climate/transmission,-0.2258158975576326,-0.2630950874527981,-0.03727918989516549,catch-up,Double-high,Structural high,Double-high -> Structural high
Madagascar,MDG,HIV/TB,-0.4756056481528711,-0.1705431836578097,0.30506246449506136,lag,Double-high,Structural high,Double-high -> Structural high
Madagascar,MDG,Health resources,0.5437177313257116,1.1925098847245248,0.6487921533988132,lag,Double-high,Structural high,Double-high -> Structural high
Madagascar,MDG,Household energy/HAP,0.7492274274236341,0.8282445402865224,0.07901711286288826,lag,Double-high,Structural high,Double-high -> Structural high
Madagascar,MDG,Immunisation/UHC,0.6807016317620671,0.8467729426120287,0.16607131084996163,lag,Double-high,Structural high,Double-high -> Structural high
Madagascar,MDG,WASH,1.226104196851121,1.2044092513506302,-0.021694945500490892,catch-up,Double-high,Structural high,Double-high -> Structural high
Malawi,MWI,Ambient PM2.5,-0.7655033207782788,-0.9047263351030992,-0.13922301432482043,catch-up,Double-high,Structural high,Double-high -> Structural high
Malawi,MWI,Climate/transmission,-0.461969943120855,-0.7551048276371536,-0.2931348845162986,catch-up,Double-high,Structural high,Double-high -> Structural high
Malawi,MWI,HIV/TB,1.1480202206606993,0.3638253335130288,-0.7841948871476705,catch-up,Double-high,Structural high,Double-high -> Structural high
Malawi,MWI,Health resources,0.5726422137411009,0.6638411312869813,0.09119891754588039,lag,Double-high,Structural high,Double-high -> Structural high
Malawi,MWI,Household energy/HAP,0.8660819246311602,0.894220200785851,0.028138276154690778,lag,Double-high,Structural high,Double-high -> Structural high
Malawi,MWI,Immunisation/UHC,0.1986225528315368,-0.7801254550387658,-0.9787480078703026,catch-up,Double-high,Structural high,Double-high -> Structural high
Malawi,MWI,Nutrition,0.3640895683054933,,,stable,Double-high,Structural high,Double-high -> Structural high
Malawi,MWI,WASH,0.7200123343614176,-0.1337049136794212,-0.8537172480408388,catch-up,Double-high,Structural high,Double-high -> Structural high
Malaysia,MYS,Ambient PM2.5,0.0342302979802743,-0.0062936177651863,-0.0405239157454606,catch-up,Excess-only,Excess-only,Excess-only -> Excess-only
Malaysia,MYS,Climate/transmission,1.188426060928827,1.4226663201037075,0.23424025917488045,lag,Excess-only,Excess-only,Excess-only -> Excess-only
Malaysia,MYS,HIV/TB,1.1347837911732763,1.5179330416109225,0.38314925043764614,lag,Excess-only,Excess-only,Excess-only -> Excess-only
Malaysia,MYS,Health resources,1.053391141311688,1.0391445335378122,-0.014246607773875875,catch-up,Excess-only,Excess-only,Excess-only -> Excess-only
Malaysia,MYS,Household energy/HAP,-0.6647048421917583,0.1407015663279773,0.8054064085197357,lag,Excess-only,Excess-only,Excess-only -> Excess-only
Malaysia,MYS,Immunisation/UHC,-0.1694346611649961,-0.2793640198753435,-0.1099293587103474,catch-up,Excess-only,Excess-only,Excess-only -> Excess-only
Malaysia,MYS,WASH,-0.2218610164849628,0.3156786047384651,0.5375396212234279,lag,Excess-only,Excess-only,Excess-only -> Excess-only
Maldives,MDV,Ambient PM2.5,-0.6092030113570807,-1.053377874762688,-0.4441748634056074,catch-up,Neither,Neither,Neither -> Neither
Maldives,MDV,Climate/transmission,1.1279382284035748,0.8915833502037579,-0.23635487819981693,catch-up,Neither,Neither,Neither -> Neither
Maldives,MDV,HIV/TB,-0.5615585304275715,-0.6402778241063403,-0.07871929367876873,catch-up,Neither,Neither,Neither -> Neither
Maldives,MDV,Health resources,-2.037159214613013,-3.488806812312619,-1.4516475976996057,catch-up,Neither,Neither,Neither -> Neither
Maldives,MDV,Household energy/HAP,-1.1032959959974604,-0.8762908858422638,0.22700511015519664,lag,Neither,Neither,Neither -> Neither
Maldives,MDV,Immunisation/UHC,-0.7028718803018049,-0.3380835676693841,0.36478831263242084,lag,Neither,Neither,Neither -> Neither
Maldives,MDV,WASH,-1.426982085976611,-0.9444488787316364,0.4825332072449745,lag,Neither,Neither,Neither -> Neither
Mali,MLI,Ambient PM2.5,0.3615218049437441,0.3113842288567908,-0.050137576086953295,catch-up,Neither,Structural high,Neither -> Structural high
Mali,MLI,Climate/transmission,0.0896166749675831,0.1724355583092293,0.0828188833416462,lag,Neither,Structural high,Neither -> Structural high
Mali,MLI,HIV/TB,-0.4941000271601672,-0.6909314773662837,-0.19683145020611648,catch-up,Neither,Structural high,Neither -> Structural high
Mali,MLI,Health resources,0.611203845767587,0.5850355842125768,-0.026168261555010175,catch-up,Neither,Structural high,Neither -> Structural high
Mali,MLI,Household energy/HAP,0.8182829262914793,0.6532188784814206,-0.16506404781005868,catch-up,Neither,Structural high,Neither -> Structural high
Mali,MLI,Immunisation/UHC,0.7188459378874227,0.1534879647607834,-0.5653579731266393,catch-up,Neither,Structural high,Neither -> Structural high
Mali,MLI,WASH,0.6798247584514969,-0.486422306225835,-1.166247064677332,catch-up,Neither,Structural high,Neither -> Structural high
Malta,MLT,Ambient PM2.5,-0.178562705497702,-0.3166314719823642,-0.13806876648466218,catch-up,Neither,Neither,Neither -> Neither
Malta,MLT,Climate/transmission,0.4904460355138664,0.5413459993568256,0.050899963842959195,lag,Neither,Neither,Neither -> Neither
Malta,MLT,HIV/TB,-0.44461433598536,-0.1414517683850268,0.3031625676003332,lag,Neither,Neither,Neither -> Neither
Malta,MLT,Health resources,0.5328969339529955,-0.1974065067847229,-0.7303034407377185,catch-up,Neither,Neither,Neither -> Neither
Malta,MLT,Household energy/HAP,-0.394577060330654,0.118127746636918,0.5127048069675719,lag,Neither,Neither,Neither -> Neither
Malta,MLT,Immunisation/UHC,-0.1826448424801685,-0.3395251662242329,-0.1568803237440644,catch-up,Neither,Neither,Neither -> Neither
Malta,MLT,WASH,-0.5364454332995544,-0.5343260169820003,0.0021194163175540792,lag,Neither,Neither,Neither -> Neither
Marshall Islands,MHL,Ambient PM2.5,-1.65062162932907,-1.3199606554108334,0.3306609739182367,lag,Neither,Double-high,Neither -> Double-high
Marshall Islands,MHL,Climate/transmission,1.1667998712810566,0.9602716777958672,-0.20652819348518936,catch-up,Neither,Double-high,Neither -> Double-high
Marshall Islands,MHL,HIV/TB,-0.4048149799681298,2.7798800339739884,3.184695013942118,lag,Neither,Double-high,Neither -> Double-high
Marshall Islands,MHL,Health resources,-1.3994555954515333,-0.9278377418216628,0.4716178536298705,lag,Neither,Double-high,Neither -> Double-high
Marshall Islands,MHL,Household energy/HAP,0.1304725778947431,0.0286828744061443,-0.1017897034885988,catch-up,Neither,Double-high,Neither -> Double-high
Marshall Islands,MHL,Immunisation/UHC,-0.8357801908346731,0.1871360288296546,1.0229162196643278,lag,Neither,Double-high,Neither -> Double-high
Marshall Islands,MHL,WASH,-1.2825693285380142,-0.0206073034245834,1.2619620251134307,lag,Neither,Double-high,Neither -> Double-high
Mauritania,MRT,Ambient PM2.5,1.4257579395938844,1.0213644168222105,-0.40439352277167395,catch-up,Structural high,Structural high,Structural high -> Structural high
Mauritania,MRT,Climate/transmission,-0.0228026700317992,-0.0551317496026588,-0.0323290795708596,catch-up,Structural high,Structural high,Structural high -> Structural high
Mauritania,MRT,HIV/TB,-0.3926381174601943,-0.728596682203463,-0.3359585647432687,catch-up,Structural high,Structural high,Structural high -> Structural high
Mauritania,MRT,Health resources,0.3975919810894137,-0.4643779842433826,-0.8619699653327964,catch-up,Structural high,Structural high,Structural high -> Structural high
Mauritania,MRT,Household energy/HAP,-0.3664965874566087,-1.291470965195078,-0.9249743777384694,catch-up,Structural high,Structural high,Structural high -> Structural high
Mauritania,MRT,Immunisation/UHC,0.6138832604759803,-0.4180416998012096,-1.0319249602771898,catch-up,Structural high,Structural high,Structural high -> Structural high
Mauritania,MRT,Nutrition,0.7340972935341253,,,stable,Structural high,Structural high,Structural high -> Structural high
Mauritania,MRT,WASH,0.8470584424448012,-0.4724087587173664,-1.3194672011621675,catch-up,Structural high,Structural high,Structural high -> Structural high
Mauritius,MUS,Ambient PM2.5,-1.011906183271468,-0.1170126973939495,0.8948934858775185,lag,Excess-only,Double-high,Excess-only -> Double-high
Mauritius,MUS,Climate/transmission,0.7509353076744807,1.0872795766262202,0.3363442689517395,lag,Excess-only,Double-high,Excess-only -> Double-high
Mauritius,MUS,HIV/TB,-0.5701230346504835,-0.357315150251107,0.21280788439937653,lag,Excess-only,Double-high,Excess-only -> Double-high
Mauritius,MUS,Health resources,0.3951899954369755,0.8728871132457787,0.4776971178088032,lag,Excess-only,Double-high,Excess-only -> Double-high
Mauritius,MUS,Household energy/HAP,-1.0776275717310302,-0.5108670331334483,0.5667605385975819,lag,Excess-only,Double-high,Excess-only -> Double-high
Mauritius,MUS,Immunisation/UHC,0.1220730386168992,-0.0760467279030517,-0.1981197665199509,catch-up,Excess-only,Double-high,Excess-only -> Double-high
Mauritius,MUS,WASH,-1.1518545596493848,-0.2337802811760375,0.9180742784733473,lag,Excess-only,Double-high,Excess-only -> Double-high
Mexico,MEX,Ambient PM2.5,-0.4552325517491764,-0.3882957411070826,0.06693681064209378,lag,Neither,Neither,Neither -> Neither
Mexico,MEX,Climate/transmission,-0.4534966152177422,-0.5634473516704651,-0.10995073645272291,catch-up,Neither,Neither,Neither -> Neither
Mexico,MEX,HIV/TB,-0.4131456637114765,-0.3939942090109262,0.019151454700550297,lag,Neither,Neither,Neither -> Neither
Mexico,MEX,Health resources,-0.4974166402756628,-0.4886556335107829,0.008761006764879897,lag,Neither,Neither,Neither -> Neither
Mexico,MEX,Household energy/HAP,-0.9967283427420746,-0.3254739333432761,0.6712544093987984,lag,Neither,Neither,Neither -> Neither
Mexico,MEX,Immunisation/UHC,-1.1938963299939185,-0.1405670740756036,1.053329255918315,lag,Neither,Neither,Neither -> Neither
Mexico,MEX,WASH,-0.2588840250483426,-0.5842794681165103,-0.3253954430681677,catch-up,Neither,Neither,Neither -> Neither
Micronesia (Federated States of),FSM,Ambient PM2.5,-1.6600153704004432,-1.365050913055161,0.2949644573452823,lag,Neither,Neither,Neither -> Neither
Micronesia (Federated States of),FSM,Climate/transmission,1.206184102552448,0.9724194192868212,-0.23376468326562683,catch-up,Neither,Neither,Neither -> Neither
Micronesia (Federated States of),FSM,HIV/TB,-0.1747646185858433,0.6928820279083325,0.8676466464941759,lag,Neither,Neither,Neither -> Neither
Micronesia (Federated States of),FSM,Health resources,-1.0911641408108068,-0.2157325725139992,0.8754315682968077,lag,Neither,Neither,Neither -> Neither
Micronesia (Federated States of),FSM,Household energy/HAP,0.1230474737136711,1.41816866112979,1.2951211874161188,lag,Neither,Neither,Neither -> Neither
Micronesia (Federated States of),FSM,Immunisation/UHC,-1.622422386856149,0.34807971005027,1.9705020969064189,lag,Neither,Neither,Neither -> Neither
Micronesia (Federated States of),FSM,WASH,-0.430404760271781,,,stable,Neither,Neither,Neither -> Neither
Monaco,MCO,Ambient PM2.5,0.0203854587681179,-0.2816920001053923,-0.30207745887351023,catch-up,Neither,Neither,Neither -> Neither
Monaco,MCO,Climate/transmission,-0.1368606632758461,-0.3246619912249098,-0.1878013279490637,catch-up,Neither,Neither,Neither -> Neither
Monaco,MCO,HIV/TB,-0.6613378872639418,-0.7974472165214612,-0.1361093292575194,catch-up,Neither,Neither,Neither -> Neither
Monaco,MCO,Health resources,-1.35678296282606,-1.8044675792204965,-0.4476846163944366,catch-up,Neither,Neither,Neither -> Neither
Monaco,MCO,Household energy/HAP,1.0326248015993424,0.118127746636918,-0.9144970549624245,catch-up,Neither,Neither,Neither -> Neither
Monaco,MCO,Immunisation/UHC,-0.7013200461961814,-0.0155337514475139,0.6857862947486675,lag,Neither,Neither,Neither -> Neither
Monaco,MCO,WASH,-0.5417472150306917,-0.5343260169820003,0.0074211980486913465,lag,Neither,Neither,Neither -> Neither
Mongolia,MNG,Ambient PM2.5,0.1553308252284033,1.3711661035379357,1.2158352783095323,lag,Neither,Neither,Neither -> Neither
Mongolia,MNG,Climate/transmission,-2.286367495126511,-2.302518247720844,-0.01615075259433274,catch-up,Neither,Neither,Neither -> Neither
Mongolia,MNG,HIV/TB,0.4950012258740327,0.4586897602372697,-0.03631146563676302,catch-up,Neither,Neither,Neither -> Neither
Mongolia,MNG,Health resources,0.076135131646168,-0.0723078568237544,-0.1484429884699224,catch-up,Neither,Neither,Neither -> Neither
Mongolia,MNG,Household energy/HAP,1.5630192108161023,0.4687099502262546,-1.0943092605898477,catch-up,Neither,Neither,Neither -> Neither
Mongolia,MNG,Immunisation/UHC,0.1057399608122705,-0.7776003753856605,-0.8833403361979311,catch-up,Neither,Neither,Neither -> Neither
Mongolia,MNG,Nutrition,0.7203304880651624,-0.9757839125251696,-1.6961144005903321,catch-up,Neither,Neither,Neither -> Neither
Mongolia,MNG,WASH,2.851370369753438,1.7894783384718205,-1.0618920312816174,catch-up,Neither,Neither,Neither -> Neither
Montenegro,MNE,Ambient PM2.5,0.1796513507506254,0.1526493236634235,-0.027002027087201924,catch-up,Neither,Excess-only,Neither -> Excess-only
Montenegro,MNE,Climate/transmission,-0.7597038582770042,-0.4122645494988011,0.34743930877820306,lag,Neither,Excess-only,Neither -> Excess-only
Montenegro,MNE,HIV/TB,-0.7175949614759235,-0.4184384477500923,0.2991565137258312,lag,Neither,Excess-only,Neither -> Excess-only
Montenegro,MNE,Health resources,0.3225791431810703,0.6437400877726994,0.32116094459162914,lag,Neither,Excess-only,Neither -> Excess-only
Montenegro,MNE,Household energy/HAP,0.8713296419010523,1.647802445351823,0.7764728034507706,lag,Neither,Excess-only,Neither -> Excess-only
Montenegro,MNE,Immunisation/UHC,0.4967997067579301,1.5021133185650712,1.005313611807141,lag,Neither,Excess-only,Neither -> Excess-only
Montenegro,MNE,WASH,,-0.1665684031635205,,stable,Neither,Excess-only,Neither -> Excess-only
Morocco,MAR,Ambient PM2.5,-0.7638536923618433,-0.1930535977300845,0.5708000946317588,lag,Double-high,Neither,Double-high -> Neither
Morocco,MAR,Climate/transmission,-1.0446492505731308,-0.8819271499260095,0.16272210064712134,lag,Double-high,Neither,Double-high -> Neither
Morocco,MAR,HIV/TB,-0.5931588547932702,-0.4658381927193357,0.12732066207393455,lag,Double-high,Neither,Double-high -> Neither
Morocco,MAR,Health resources,0.0063019962568717,0.8032250919487304,0.7969230956918587,lag,Double-high,Neither,Double-high -> Neither
Morocco,MAR,Household energy/HAP,-1.7371358389144134,-1.2230474356790908,0.5140884032353226,lag,Double-high,Neither,Double-high -> Neither
Morocco,MAR,Immunisation/UHC,-0.7162065308628254,-0.6065748108714202,0.1096317199914052,lag,Double-high,Neither,Double-high -> Neither
Morocco,MAR,WASH,-0.5540856765171104,-0.4291642855816181,0.12492139093549226,lag,Double-high,Neither,Double-high -> Neither
Mozambique,MOZ,Ambient PM2.5,-0.9099028067850676,-1.0987229466455444,-0.18882013986047674,catch-up,Structural high,Neither,Structural high -> Neither
Mozambique,MOZ,Climate/transmission,0.0204085106142977,-0.2157273049889983,-0.236135815603296,catch-up,Structural high,Neither,Structural high -> Neither
Mozambique,MOZ,HIV/TB,0.4872610817116315,1.9345901525286764,1.447329070817045,lag,Structural high,Neither,Structural high -> Neither
Mozambique,MOZ,Health resources,0.788901897828643,0.4043501523511671,-0.38455174547747584,catch-up,Structural high,Neither,Structural high -> Neither
Mozambique,MOZ,Household energy/HAP,0.9914080481611328,0.822226847254006,-0.16918120090712685,catch-up,Structural high,Neither,Structural high -> Neither
Mozambique,MOZ,Immunisation/UHC,0.3169198808039994,0.3029802102544876,-0.013939670549511785,catch-up,Structural high,Neither,Structural high -> Neither
Mozambique,MOZ,WASH,1.394665041964086,0.3855510755934354,-1.0091139663706508,catch-up,Structural high,Neither,Structural high -> Neither
Myanmar,MMR,Ambient PM2.5,0.6910146511947283,1.0669653280420872,0.37595067684735894,lag,Structural high,Structural high,Structural high -> Structural high
Myanmar,MMR,Climate/transmission,0.2653721569363115,0.2963130566150414,0.030940899678729927,lag,Structural high,Structural high,Structural high -> Structural high
Myanmar,MMR,HIV/TB,0.0102369047267063,0.3574691179218044,0.3472322131950981,lag,Structural high,Structural high,Structural high -> Structural high
Myanmar,MMR,Health resources,0.451362685934228,0.6164231419640924,0.1650604560298644,lag,Structural high,Structural high,Structural high -> Structural high
Myanmar,MMR,Household energy/HAP,0.8539192242693778,0.1926163731674039,-0.661302851101974,catch-up,Structural high,Structural high,Structural high -> Structural high
Myanmar,MMR,Immunisation/UHC,-0.0513067536744084,0.8472599851954686,0.898566738869877,lag,Structural high,Structural high,Structural high -> Structural high
Myanmar,MMR,Nutrition,0.2908163547231489,,,stable,Structural high,Structural high,Structural high -> Structural high
Myanmar,MMR,WASH,-0.1206370202613796,0.1908913615620958,0.3115283818234754,lag,Structural high,Structural high,Structural high -> Structural high
Namibia,NAM,Ambient PM2.5,-0.8777800519769441,-0.5395768170113404,0.33820323496560367,lag,Double-high,Double-high,Double-high -> Double-high
Namibia,NAM,Climate/transmission,-1.0400393226746176,-0.6901385340663988,0.3499007886082188,lag,Double-high,Double-high,Double-high -> Double-high
Namibia,NAM,HIV/TB,1.730493049168444,0.9681261307102784,-0.7623669184581656,catch-up,Double-high,Double-high,Double-high -> Double-high
Namibia,NAM,Health resources,-2.008608711755102,-0.0117683042188777,1.9968404075362245,lag,Double-high,Double-high,Double-high -> Double-high
Namibia,NAM,Household energy/HAP,-0.9851315366574024,-0.4216254499545193,0.5635060867028832,lag,Double-high,Double-high,Double-high -> Double-high
Namibia,NAM,Immunisation/UHC,-0.3456848953837543,-0.1181741921141042,0.22751070326965012,lag,Double-high,Double-high,Double-high -> Double-high
Namibia,NAM,Nutrition,-0.2182744579164081,,,stable,Double-high,Double-high,Double-high -> Double-high
Namibia,NAM,WASH,-0.1143580806316529,1.027750819624486,1.1421089002561389,lag,Double-high,Double-high,Double-high -> Double-high
Nauru,NRU,Ambient PM2.5,-1.5879006609225794,-1.2631505103684988,0.32475015055408063,lag,Double-high,Double-high,Double-high -> Double-high
Nauru,NRU,Climate/transmission,1.140647476153582,0.959194875728018,-0.1814526004255641,catch-up,Double-high,Double-high,Double-high -> Double-high
Nauru,NRU,HIV/TB,-0.7865468983057701,-0.270045489014616,0.5165014092911541,lag,Double-high,Double-high,Double-high -> Double-high
Nauru,NRU,Health resources,-5.053993666177366,-3.504273369578167,1.5497202965991987,lag,Double-high,Double-high,Double-high -> Double-high
Nauru,NRU,Household energy/HAP,-2.225094726781763,-1.3036074667526305,0.9214872600291326,lag,Double-high,Double-high,Double-high -> Double-high
Nauru,NRU,Immunisation/UHC,0.4020982600953904,-0.6726446179230278,-1.074742878018418,catch-up,Double-high,Double-high,Double-high -> Double-high
Nauru,NRU,Nutrition,,0.1305109290418554,,stable,Double-high,Double-high,Double-high -> Double-high
Nauru,NRU,WASH,-1.3137855893356876,-0.3753666113792648,0.9384189779564227,lag,Double-high,Double-high,Double-high -> Double-high
Nepal,NPL,Ambient PM2.5,0.7527334428080713,1.4546307917870258,0.7018973489789545,lag,Double-high,Structural high,Double-high -> Structural high
Nepal,NPL,Climate/transmission,-0.259996720252099,-0.1116428134285365,0.14835390682356253,lag,Double-high,Structural high,Double-high -> Structural high
Nepal,NPL,HIV/TB,-0.2009697159391917,-0.1753955962210412,0.02557411971815049,lag,Double-high,Structural high,Double-high -> Structural high
Nepal,NPL,Health resources,0.5789147770964599,-2.2839670383698145,-2.8628818154662743,catch-up,Double-high,Structural high,Double-high -> Structural high
Nepal,NPL,Household energy/HAP,0.6529951757824063,-0.7278360578200619,-1.3808312336024682,catch-up,Double-high,Structural high,Double-high -> Structural high
Nepal,NPL,Immunisation/UHC,0.354773949967383,-1.015648951629691,-1.370422901597074,catch-up,Double-high,Structural high,Double-high -> Structural high
Nepal,NPL,WASH,0.038587571823037,-1.560435645588324,-1.599023217411361,catch-up,Double-high,Structural high,Double-high -> Structural high
Netherlands,NLD,Ambient PM2.5,-0.0221177608019453,-0.4529575464218592,-0.43083978561991393,catch-up,Neither,Neither,Neither -> Neither
Netherlands,NLD,Climate/transmission,-0.0622803522137875,-0.2022564507454129,-0.1399760985316254,catch-up,Neither,Neither,Neither -> Neither
Netherlands,NLD,HIV/TB,-0.4051225859219645,-0.6653707111423467,-0.2602481252203822,catch-up,Neither,Neither,Neither -> Neither
Netherlands,NLD,Health resources,-0.3267155481331134,-1.2129268961811193,-0.8862113480480058,catch-up,Neither,Neither,Neither -> Neither
Netherlands,NLD,Household energy/HAP,-0.3099308932318271,0.118127746636918,0.4280586398687451,lag,Neither,Neither,Neither -> Neither
Netherlands,NLD,Immunisation/UHC,-0.54111266550662,-0.2727958844283369,0.26831678107828305,lag,Neither,Neither,Neither -> Neither
Netherlands,NLD,WASH,-0.3389064222552557,-0.3103670761353994,0.028539346119856313,lag,Neither,Neither,Neither -> Neither
New Zealand,NZL,Ambient PM2.5,-0.631215991300266,-0.5576774515220028,0.07353853977826319,lag,Neither,Neither,Neither -> Neither
New Zealand,NZL,Climate/transmission,0.1230612313973063,0.1131116223485892,-0.009949609048717112,catch-up,Neither,Neither,Neither -> Neither
New Zealand,NZL,HIV/TB,-0.3801380093512448,-0.6219106327853099,-0.24177262343406508,catch-up,Neither,Neither,Neither -> Neither
New Zealand,NZL,Health resources,0.1449961635503351,-0.9938151613669904,-1.1388113249173255,catch-up,Neither,Neither,Neither -> Neither
New Zealand,NZL,Household energy/HAP,-0.91115393695917,-0.2282506325266479,0.6829033044325221,lag,Neither,Neither,Neither -> Neither
New Zealand,NZL,Immunisation/UHC,-0.2870274575558216,-0.1919374851655544,0.0950899723902672,lag,Neither,Neither,Neither -> Neither
New Zealand,NZL,WASH,-0.5417468146267751,-0.53432600797486,0.007420806651915135,lag,Neither,Neither,Neither -> Neither
Nicaragua,NIC,Ambient PM2.5,-0.2846225849138865,-0.0622072876152599,0.22241529729862658,lag,Neither,Neither,Neither -> Neither
Nicaragua,NIC,Climate/transmission,0.1152930979120492,0.4467364322888347,0.3314433343767855,lag,Neither,Neither,Neither -> Neither
Nicaragua,NIC,HIV/TB,-0.569136666669763,-0.6945196597398342,-0.12538299307007117,catch-up,Neither,Neither,Neither -> Neither
Nicaragua,NIC,Health resources,0.0229292643304887,0.3209159867417178,0.2979867224112291,lag,Neither,Neither,Neither -> Neither
Nicaragua,NIC,Household energy/HAP,-0.377370977345663,0.0058985598899055,0.3832695372355685,lag,Neither,Neither,Neither -> Neither
Nicaragua,NIC,Immunisation/UHC,-1.0376017736185623,-0.4450732860709439,0.5925284875476184,lag,Neither,Neither,Neither -> Neither
Niger,NER,Ambient PM2.5,1.794263582888351,2.232689278548768,0.4384256956604171,lag,Structural high,Structural high,Structural high -> Structural high
Niger,NER,Climate/transmission,-0.1143968043385984,-0.088641975909855,0.02575482842874341,lag,Structural high,Structural high,Structural high -> Structural high
Niger,NER,HIV/TB,-0.5771840117558746,-0.6697120181831703,-0.09252800642729564,catch-up,Structural high,Structural high,Structural high -> Structural high
Niger,NER,Health resources,0.5702300297084123,0.7802477535186338,0.21001772381022155,lag,Structural high,Structural high,Structural high -> Structural high
Niger,NER,Household energy/HAP,0.9295455268736088,0.8826689022715941,-0.046876624602014694,catch-up,Structural high,Structural high,Structural high -> Structural high
Niger,NER,Immunisation/UHC,0.9598854773526878,-0.1774717987903128,-1.1373572761430006,catch-up,Structural high,Structural high,Structural high -> Structural high
Niger,NER,Nutrition,1.3929073896442776,,,stable,Structural high,Structural high,Structural high -> Structural high
Niger,NER,WASH,1.1742752647607857,1.2475750267660444,0.07329976200525867,lag,Structural high,Structural high,Structural high -> Structural high
Nigeria,NGA,Ambient PM2.5,2.438104660618321,2.2656957540415728,-0.17240890657674823,catch-up,Double-high,Double-high,Double-high -> Double-high
Nigeria,NGA,Climate/transmission,0.4221439865538571,0.5005077599435419,0.07836377338968481,lag,Double-high,Double-high,Double-high -> Double-high
Nigeria,NGA,HIV/TB,-0.267380134079319,-0.060249188440526,0.20713094563879297,lag,Double-high,Double-high,Double-high -> Double-high
Nigeria,NGA,Health resources,0.4008916815754565,-0.2237370764249095,-0.624628758000366,catch-up,Double-high,Double-high,Double-high -> Double-high
Nigeria,NGA,Household energy/HAP,0.5350428168123342,-0.8431476677767363,-1.3781904845890707,catch-up,Double-high,Double-high,Double-high -> Double-high
Nigeria,NGA,Immunisation/UHC,0.8172138492588479,0.7386783627178959,-0.078535486540952,catch-up,Double-high,Double-high,Double-high -> Double-high
Nigeria,NGA,WASH,0.5946312390295032,-0.3855668820104532,-0.9801981210399564,catch-up,Double-high,Double-high,Double-high -> Double-high
Niue,NIU,Ambient PM2.5,-1.2034753392759532,-0.7589105598736017,0.4445647794023515,lag,Excess-only,Double-high,Excess-only -> Double-high
Niue,NIU,Climate/transmission,0.9968955664508392,1.1579727423192565,0.1610771758684173,lag,Excess-only,Double-high,Excess-only -> Double-high
Niue,NIU,Household energy/HAP,0.8915354443863804,1.1378164532052293,0.24628100881884885,lag,Excess-only,Double-high,Excess-only -> Double-high
Niue,NIU,Immunisation/UHC,-1.7819678811403488,-0.6747364162335361,1.1072314649068127,lag,Excess-only,Double-high,Excess-only -> Double-high
North Macedonia,MKD,Ambient PM2.5,0.6256629792299767,0.3586941312164751,-0.2669688480135016,catch-up,Neither,Neither,Neither -> Neither
North Macedonia,MKD,Climate/transmission,-1.188757885170264,-0.9060244737448964,0.2827334114253677,lag,Neither,Neither,Neither -> Neither
North Macedonia,MKD,HIV/TB,-0.4884279199676775,-0.5369659341783745,-0.04853801421069698,catch-up,Neither,Neither,Neither -> Neither
North Macedonia,MKD,Health resources,0.3217916921016371,0.8644761114235125,0.5426844193218754,lag,Neither,Neither,Neither -> Neither
North Macedonia,MKD,Household energy/HAP,1.21656081991989,1.0234543649646617,-0.19310645495522838,catch-up,Neither,Neither,Neither -> Neither
North Macedonia,MKD,Immunisation/UHC,0.7616720400005267,0.9121460187218998,0.15047397872137314,lag,Neither,Neither,Neither -> Neither
North Macedonia,MKD,WASH,-0.1246576519696354,-0.034496247406978,0.0901614045626574,lag,Neither,Neither,Neither -> Neither
Northern Mariana Islands,MNP,Ambient PM2.5,-0.8834088316267567,-0.8156555581822323,0.06775327344452431,lag,Excess-only,Excess-only,Excess-only -> Excess-only
Northern Mariana Islands,MNP,Climate/transmission,1.5939576182226922,1.4868181994063052,-0.107139418816387,catch-up,Excess-only,Excess-only,Excess-only -> Excess-only
Northern Mariana Islands,MNP,HIV/TB,3.5940996705876507,2.1317620647428166,-1.462337605844834,catch-up,Excess-only,Excess-only,Excess-only -> Excess-only
Northern Mariana Islands,MNP,Household energy/HAP,-0.2823338026772549,-0.0141228410743151,0.2682109616029398,lag,Excess-only,Excess-only,Excess-only -> Excess-only
Northern Mariana Islands,MNP,WASH,1.8547828097428525,-0.5111879208279113,-2.365970730570764,catch-up,Excess-only,Excess-only,Excess-only -> Excess-only
Norway,NOR,Ambient PM2.5,-0.4655090153713115,-0.6411479306506679,-0.17563891527935638,catch-up,Neither,Neither,Neither -> Neither
Norway,NOR,Climate/transmission,-0.561238056080814,-0.7934211211303017,-0.2321830650494877,catch-up,Neither,Neither,Neither -> Neither
Norway,NOR,HIV/TB,-0.4204357134975668,-0.6989534989636933,-0.2785177854661265,catch-up,Neither,Neither,Neither -> Neither
Norway,NOR,Health resources,-1.106046330242808,-1.7973768471536695,-0.6913305169108614,catch-up,Neither,Neither,Neither -> Neither
Norway,NOR,Household energy/HAP,1.0326248015993424,0.118127746636918,-0.9144970549624245,catch-up,Neither,Neither,Neither -> Neither
Norway,NOR,Immunisation/UHC,0.2137303986039953,-0.7265632423609968,-0.940293640964992,catch-up,Neither,Neither,Neither -> Neither
Norway,NOR,WASH,-0.340519710661048,-0.3472439332632112,-0.006724222602163155,catch-up,Neither,Neither,Neither -> Neither
Oman,OMN,Ambient PM2.5,1.8540872551319336,1.8958101553349096,0.04172290020297598,lag,Excess-only,Excess-only,Excess-only -> Excess-only
Oman,OMN,Climate/transmission,0.1331648153492557,0.1712557651649305,0.03809094981567479,lag,Excess-only,Excess-only,Excess-only -> Excess-only
Oman,OMN,HIV/TB,-0.4510565150637292,-0.4777021909642334,-0.026645675900504207,catch-up,Excess-only,Excess-only,Excess-only -> Excess-only
Oman,OMN,Health resources,-0.2960200702785305,0.8309097189686918,1.1269297892472223,lag,Excess-only,Excess-only,Excess-only -> Excess-only
Oman,OMN,Household energy/HAP,-1.5445768350658122,0.118127746636918,1.6627045817027302,lag,Excess-only,Excess-only,Excess-only -> Excess-only
Oman,OMN,Immunisation/UHC,-0.5306054657654311,-0.18588477611561,0.3447206896498211,lag,Excess-only,Excess-only,Excess-only -> Excess-only
Oman,OMN,WASH,-0.2376449990644085,1.1841871665609711,1.4218321656253796,lag,Excess-only,Excess-only,Excess-only -> Excess-only
Pakistan,PAK,Ambient PM2.5,1.7188977632108546,1.7892798634532228,0.07038210024236813,lag,Double-high,Double-high,Double-high -> Double-high
Pakistan,PAK,Climate/transmission,-1.0039622714907108,-0.8202460505737661,0.18371622091694473,lag,Double-high,Double-high,Double-high -> Double-high
Pakistan,PAK,HIV/TB,-0.3896527658781706,-0.0374822056318312,0.3521705602463394,lag,Double-high,Double-high,Double-high -> Double-high
Pakistan,PAK,Health resources,0.4047566667420978,0.903042024828255,0.4982853580861572,lag,Double-high,Double-high,Double-high -> Double-high
Pakistan,PAK,Household energy/HAP,-0.1937290601346,-1.5451747339702564,-1.3514456738356564,catch-up,Double-high,Double-high,Double-high -> Double-high
Pakistan,PAK,Immunisation/UHC,0.2278770919162122,-0.6725935942970963,-0.9004706862133085,catch-up,Double-high,Double-high,Double-high -> Double-high
Pakistan,PAK,WASH,-0.5390053330086169,-1.2392203784031282,-0.7002150453945113,catch-up,Double-high,Double-high,Double-high -> Double-high
Palau,PLW,Ambient PM2.5,-0.7580975399481746,-0.6767654016746083,0.08133213827356633,lag,Excess-only,Excess-only,Excess-only -> Excess-only
Palau,PLW,Climate/transmission,1.6065433510482816,1.5167927230516822,-0.08975062799659939,catch-up,Excess-only,Excess-only,Excess-only -> Excess-only
Palau,PLW,HIV/TB,0.2413306856136686,2.526853686170424,2.2855230005567555,lag,Excess-only,Excess-only,Excess-only -> Excess-only
Palau,PLW,Health resources,0.8661783932009877,0.8155097882923545,-0.05066860490863312,catch-up,Excess-only,Excess-only,Excess-only -> Excess-only
Palau,PLW,Household energy/HAP,1.7114961972356706,0.1781724336538573,-1.5333237635818133,catch-up,Excess-only,Excess-only,Excess-only -> Excess-only
Palau,PLW,Immunisation/UHC,0.053814305093667,-0.0446905265854409,-0.0985048316791079,catch-up,Excess-only,Excess-only,Excess-only -> Excess-only
Palau,PLW,WASH,0.5933819660512177,-0.3361155521212247,-0.9294975181724424,catch-up,Excess-only,Excess-only,Excess-only -> Excess-only
Palestine,PSE,Ambient PM2.5,-0.5077354578599607,-0.1896819120899427,0.318053545770018,lag,Neither,Double-high,Neither -> Double-high
Palestine,PSE,Climate/transmission,-0.5811974030374497,-0.450021069054223,0.1311763339832267,lag,Neither,Double-high,Neither -> Double-high
Palestine,PSE,HIV/TB,-0.8709829650109169,-0.7944990300296427,0.07648393498127415,lag,Neither,Double-high,Neither -> Double-high
Palestine,PSE,Health resources,-0.9201459391265892,-0.012774167076942,0.9073717720496471,lag,Neither,Double-high,Neither -> Double-high
Palestine,PSE,Household energy/HAP,-0.7255126972653787,2.419357570842258,3.1448702681076366,lag,Neither,Double-high,Neither -> Double-high
Palestine,PSE,Immunisation/UHC,-0.9057671136417148,-0.2518333421769614,0.6539337714647534,lag,Neither,Double-high,Neither -> Double-high
Palestine,PSE,Nutrition,-1.826065361281353,,,stable,Neither,Double-high,Neither -> Double-high
Palestine,PSE,WASH,-1.6534431156323852,-0.8399795488038087,0.8134635668285766,lag,Neither,Double-high,Neither -> Double-high
Panama,PAN,Ambient PM2.5,-0.5843096270929776,-0.569237714360955,0.015071912732022574,lag,Neither,Neither,Neither -> Neither
Panama,PAN,Climate/transmission,1.0161704783674737,1.0709260210770946,0.05475554270962091,lag,Neither,Neither,Neither -> Neither
Panama,PAN,HIV/TB,-0.2846273902365204,-0.1482529877276663,0.1363744025088541,lag,Neither,Neither,Neither -> Neither
Panama,PAN,Health resources,-1.5500806406741452,-3.031337697664166,-1.481257056990021,catch-up,Neither,Neither,Neither -> Neither
Panama,PAN,Household energy/HAP,-1.022858208360254,-1.0656624204840122,-0.04280421212375818,catch-up,Neither,Neither,Neither -> Neither
Panama,PAN,Immunisation/UHC,-0.3704888448855561,0.310481510813055,0.6809703556986111,lag,Neither,Neither,Neither -> Neither
Panama,PAN,WASH,0.4535669874791287,0.4069851603725357,-0.04658182710659303,catch-up,Neither,Neither,Neither -> Neither
Papua New Guinea,PNG,Ambient PM2.5,-0.9754532794922208,-1.073494546956248,-0.09804126746402719,catch-up,Neither,Structural high,Neither -> Structural high
Papua New Guinea,PNG,Climate/transmission,0.4360376105351973,0.3483604681498712,-0.08767714238532609,catch-up,Neither,Structural high,Neither -> Structural high
Papua New Guinea,PNG,HIV/TB,0.6577566644556302,1.438804838761137,0.7810481743055068,lag,Neither,Structural high,Neither -> Structural high
Papua New Guinea,PNG,Health resources,0.6650167855250889,0.1909783770485206,-0.4740384084765683,catch-up,Neither,Structural high,Neither -> Structural high
Papua New Guinea,PNG,Household energy/HAP,0.170676751835565,-0.0056535968248106,-0.17633034866037559,catch-up,Neither,Structural high,Neither -> Structural high
Papua New Guinea,PNG,Immunisation/UHC,0.4687715129004914,2.200903914663498,1.7321324017630066,lag,Neither,Structural high,Neither -> Structural high
Papua New Guinea,PNG,WASH,1.148603569650417,1.095484593256465,-0.05311897639395213,catch-up,Neither,Structural high,Neither -> Structural high
Paraguay,PRY,Ambient PM2.5,-0.0807967527751789,-0.7330526868438376,-0.6522559340686587,catch-up,Neither,Neither,Neither -> Neither
Paraguay,PRY,Climate/transmission,0.2056290763756232,-0.027594178261008,-0.23322325463663118,catch-up,Neither,Neither,Neither -> Neither
Paraguay,PRY,HIV/TB,-0.2699458567705249,-0.2778075087965781,-0.007861652026053212,catch-up,Neither,Neither,Neither -> Neither
Paraguay,PRY,Health resources,0.3315156814655429,-0.7855938788507736,-1.1171095603163166,catch-up,Neither,Neither,Neither -> Neither
Paraguay,PRY,Household energy/HAP,0.2586560583341347,0.1766005618571838,-0.08205549647695087,catch-up,Neither,Neither,Neither -> Neither
Paraguay,PRY,Immunisation/UHC,0.4012468609212309,0.1005555971815715,-0.3006912637396594,catch-up,Neither,Neither,Neither -> Neither
Paraguay,PRY,WASH,0.9976663664668476,-0.759433832755511,-1.7571001992223585,catch-up,Neither,Neither,Neither -> Neither
Peru,PER,Ambient PM2.5,3.106917697784182,1.371882608467604,-1.7350350893165782,catch-up,Double-high,Neither,Double-high -> Neither
Peru,PER,Climate/transmission,-0.1694807019378647,-0.2267501842577386,-0.057269482319873916,catch-up,Double-high,Neither,Double-high -> Neither
Peru,PER,HIV/TB,0.3810226115164907,0.2608749139639868,-0.12014769755250387,catch-up,Double-high,Neither,Double-high -> Neither
Peru,PER,Health resources,0.491601738616883,0.3221972951111322,-0.1694044435057508,catch-up,Double-high,Neither,Double-high -> Neither
Peru,PER,Household energy/HAP,0.6334802171413613,0.0381383019378511,-0.5953419152035102,catch-up,Double-high,Neither,Double-high -> Neither
Peru,PER,Immunisation/UHC,-0.4598071131691294,0.2785745297237731,0.7383816428929025,lag,Double-high,Neither,Double-high -> Neither
Peru,PER,Nutrition,0.0120815333611277,-0.3680059198979676,-0.3800874532590953,catch-up,Double-high,Neither,Double-high -> Neither
Peru,PER,WASH,0.9595498820389032,1.041202269475848,0.0816523874369448,lag,Double-high,Neither,Double-high -> Neither
Philippines,PHL,Ambient PM2.5,0.8150147336901594,-0.2042001845992984,-1.0192149182894579,catch-up,Double-high,Double-high,Double-high -> Double-high
Philippines,PHL,Climate/transmission,1.1794058025648948,0.8389224171345265,-0.34048338543036827,catch-up,Double-high,Double-high,Double-high -> Double-high
Philippines,PHL,HIV/TB,0.8753023525041008,1.077378033990093,0.2020756814859921,lag,Double-high,Double-high,Double-high -> Double-high
Philippines,PHL,Health resources,0.394583174080263,0.6352294704792737,0.2406462963990107,lag,Double-high,Double-high,Double-high -> Double-high
Philippines,PHL,Household energy/HAP,1.0711440604683615,0.9274710126128384,-0.14367304785552315,catch-up,Double-high,Double-high,Double-high -> Double-high
Philippines,PHL,Immunisation/UHC,0.9431102777627012,-0.3972776751525488,-1.34038795291525,catch-up,Double-high,Double-high,Double-high -> Double-high
Philippines,PHL,WASH,0.5780689079415645,0.0949306013086424,-0.4831383066329221,catch-up,Double-high,Double-high,Double-high -> Double-high
Poland,POL,Ambient PM2.5,0.900559410093861,0.0340651557421003,-0.8664942543517606,catch-up,Neither,Excess-only,Neither -> Excess-only
Poland,POL,Climate/transmission,-0.174470259542866,-0.5706447434122154,-0.3961744838693494,catch-up,Neither,Excess-only,Neither -> Excess-only
Poland,POL,HIV/TB,-0.4145409044850204,-0.3178059881083463,0.09673491637667408,lag,Neither,Excess-only,Neither -> Excess-only
Poland,POL,Health resources,0.6080625699317403,0.1387702037813562,-0.46929236615038417,catch-up,Neither,Excess-only,Neither -> Excess-only
Poland,POL,Household energy/HAP,0.5948097576206699,-0.7064810084109427,-1.3012907660316126,catch-up,Neither,Excess-only,Neither -> Excess-only
Poland,POL,Immunisation/UHC,0.0137953244652921,-0.3070224309609197,-0.32081775542621177,catch-up,Neither,Excess-only,Neither -> Excess-only
Poland,POL,WASH,0.8437935191612663,1.643853189403217,0.8000596702419506,lag,Neither,Excess-only,Neither -> Excess-only
Portugal,PRT,Ambient PM2.5,-1.3972292042104253,-0.4420367628840197,0.9551924413264056,lag,Neither,Neither,Neither -> Neither
Portugal,PRT,Climate/transmission,0.2924932738313076,-0.0859557390033474,-0.378449012834655,catch-up,Neither,Neither,Neither -> Neither
Portugal,PRT,HIV/TB,0.0926482893708879,0.2738169784797012,0.1811686891088133,lag,Neither,Neither,Neither -> Neither
Portugal,PRT,Health resources,-1.178695428188936,-0.0096393469250106,1.1690560812639252,lag,Neither,Neither,Neither -> Neither
Portugal,PRT,Household energy/HAP,-1.341895782232712,-0.7226692885267759,0.6192264937059361,lag,Neither,Neither,Neither -> Neither
Portugal,PRT,Immunisation/UHC,-1.1763327758169924,-0.6231275904864559,0.5532051853305364,lag,Neither,Neither,Neither -> Neither
Portugal,PRT,WASH,-0.9065670921975596,-0.3409147788107048,0.5656523133868547,lag,Neither,Neither,Neither -> Neither
Puerto Rico,PRI,Ambient PM2.5,-0.647375957242879,-0.4988637049229762,0.14851225231990278,lag,Neither,Excess-only,Neither -> Excess-only
Puerto Rico,PRI,Climate/transmission,1.2283362599986087,1.3147821734797,0.08644591348109132,lag,Neither,Excess-only,Neither -> Excess-only
Puerto Rico,PRI,HIV/TB,-0.50337088701036,-0.7994226746285993,-0.29605178761823925,catch-up,Neither,Excess-only,Neither -> Excess-only
Puerto Rico,PRI,Household energy/HAP,-0.874076998088832,-1.0181663258787137,-0.1440893277898817,catch-up,Neither,Excess-only,Neither -> Excess-only
Puerto Rico,PRI,WASH,1.1104653772707975,-0.5343260169820003,-1.6447913942527979,catch-up,Neither,Excess-only,Neither -> Excess-only
Qatar,QAT,Ambient PM2.5,5.163455618816586,5.633812507063997,0.4703568882474105,lag,Excess-only,Excess-only,Excess-only -> Excess-only
Qatar,QAT,Climate/transmission,-0.0143172464638672,0.0171662807093362,0.0314835271732034,lag,Excess-only,Excess-only,Excess-only -> Excess-only
Qatar,QAT,HIV/TB,0.321042042794756,0.0359169168916555,-0.2851251259031005,catch-up,Excess-only,Excess-only,Excess-only -> Excess-only
Qatar,QAT,Health resources,0.9845210190367236,0.2779651793342937,-0.7065558397024299,catch-up,Excess-only,Excess-only,Excess-only -> Excess-only
Qatar,QAT,Household energy/HAP,1.0326248015993424,0.118127746636918,-0.9144970549624245,catch-up,Excess-only,Excess-only,Excess-only -> Excess-only
Qatar,QAT,Immunisation/UHC,0.4671246989063536,-0.4713174008853533,-0.9384420997917069,catch-up,Excess-only,Excess-only,Excess-only -> Excess-only
Qatar,QAT,Nutrition,,-0.1117941570682981,,stable,Excess-only,Excess-only,Excess-only -> Excess-only
Qatar,QAT,WASH,-0.4862027753938892,-0.5257936989800768,-0.0395909235861876,catch-up,Excess-only,Excess-only,Excess-only -> Excess-only
Republic of Korea,KOR,Ambient PM2.5,0.118036038449198,0.3637459427534428,0.2457099043042448,lag,Neither,Neither,Neither -> Neither
Republic of Korea,KOR,Climate/transmission,-0.7996246995867273,-0.5502624823511401,0.24936221723558727,lag,Neither,Neither,Neither -> Neither
Republic of Korea,KOR,HIV/TB,0.1446161956624961,0.6699230654606709,0.5253068697981749,lag,Neither,Neither,Neither -> Neither
Republic of Korea,KOR,Health resources,1.4257676947760636,-0.0068850755157982,-1.4326527702918619,catch-up,Neither,Neither,Neither -> Neither
Republic of Korea,KOR,Household energy/HAP,-0.3824543049776708,0.118127746636918,0.5005820516145888,lag,Neither,Neither,Neither -> Neither
Republic of Korea,KOR,Immunisation/UHC,0.4912966527052986,-0.753769280851158,-1.2450659335564567,catch-up,Neither,Neither,Neither -> Neither
Republic of Korea,KOR,WASH,-0.4638815191595266,-0.5055054352043754,-0.04162391604484883,catch-up,Neither,Neither,Neither -> Neither
Republic of Moldova,MDA,Ambient PM2.5,0.2134951710388598,-0.0627552590052427,-0.2762504300441025,catch-up,Neither,Neither,Neither -> Neither
Republic of Moldova,MDA,Climate/transmission,-1.090261192080722,-1.1276034789319318,-0.03734228685120988,catch-up,Neither,Neither,Neither -> Neither
Republic of Moldova,MDA,HIV/TB,-0.316196120638634,2.052574363635414,2.368770484274048,lag,Neither,Neither,Neither -> Neither
Republic of Moldova,MDA,Health resources,-0.082514349930833,0.3470447182131073,0.4295590681439403,lag,Neither,Neither,Neither -> Neither
Republic of Moldova,MDA,Household energy/HAP,0.7320933160158223,1.5478462581355548,0.8157529421197325,lag,Neither,Neither,Neither -> Neither
Republic of Moldova,MDA,Immunisation/UHC,-0.136495498978441,0.5698950896686297,0.7063905886470707,lag,Neither,Neither,Neither -> Neither
Republic of Moldova,MDA,WASH,0.5634114265087444,2.4946195962319897,1.9312081697232453,lag,Neither,Neither,Neither -> Neither
Romania,ROU,Ambient PM2.5,0.1092987928827436,0.0024657658823713,-0.10683302700037231,catch-up,Neither,Excess-only,Neither -> Excess-only
Romania,ROU,Climate/transmission,-0.8491981636075211,-0.6955651280824323,0.15363303552508878,lag,Neither,Excess-only,Neither -> Excess-only
Romania,ROU,HIV/TB,0.3699827634033625,0.6485202022873168,0.27853743888395427,lag,Neither,Excess-only,Neither -> Excess-only
Romania,ROU,Health resources,0.2433069832412867,0.7153216538783839,0.4720146706370972,lag,Neither,Excess-only,Neither -> Excess-only
Romania,ROU,Household energy/HAP,-0.2495223109845355,-0.7141064751737737,-0.4645841641892382,catch-up,Neither,Excess-only,Neither -> Excess-only
Romania,ROU,Immunisation/UHC,0.1968412003390187,0.7313094990407001,0.5344682987016813,lag,Neither,Excess-only,Neither -> Excess-only
Romania,ROU,Nutrition,-0.4408259752747194,,,stable,Neither,Excess-only,Neither -> Excess-only
Romania,ROU,WASH,-1.225147130672457,0.3756359723071061,1.6007831029795632,lag,Neither,Excess-only,Neither -> Excess-only
Russian Federation,RUS,Ambient PM2.5,0.2695255236865811,-0.2701424994804258,-0.5396680231670069,catch-up,Neither,Neither,Neither -> Neither
Russian Federation,RUS,Climate/transmission,-0.6677913199791342,-1.0070086177583868,-0.3392172977792526,catch-up,Neither,Neither,Neither -> Neither
Russian Federation,RUS,HIV/TB,0.5188309195134171,0.6699230654606709,0.15109214594725384,lag,Neither,Neither,Neither -> Neither
Russian Federation,RUS,Health resources,-0.5261856105552546,0.7325955001720618,1.2587811107273164,lag,Neither,Neither,Neither -> Neither
Russian Federation,RUS,Household energy/HAP,1.0069636843487404,-0.706568297635162,-1.7135319819839023,catch-up,Neither,Neither,Neither -> Neither
Russian Federation,RUS,Immunisation/UHC,0.2500641904431515,-0.3670128837420276,-0.6170770741851791,catch-up,Neither,Neither,Neither -> Neither
Russian Federation,RUS,WASH,-0.1174876569180266,0.9680677644911532,1.0855554214091798,lag,Neither,Neither,Neither -> Neither
Rwanda,RWA,Ambient PM2.5,0.4831483770372778,0.3425830099941687,-0.14056536704310912,catch-up,Double-high,Structural high,Double-high -> Structural high
Rwanda,RWA,Climate/transmission,-1.0792798518091435,-0.8506854405388617,0.2285944112702818,lag,Double-high,Structural high,Double-high -> Structural high
Rwanda,RWA,HIV/TB,0.0048527160674903,-0.45754361455409,-0.4623963306215803,catch-up,Double-high,Structural high,Double-high -> Structural high
Rwanda,RWA,Health resources,0.570733237889554,0.4111255050762191,-0.1596077328133349,catch-up,Double-high,Structural high,Double-high -> Structural high
Rwanda,RWA,Household energy/HAP,0.9966951408479168,0.4038000553742331,-0.5928950854736836,catch-up,Double-high,Structural high,Double-high -> Structural high
Rwanda,RWA,Immunisation/UHC,0.1046995249804517,-1.0947560871899151,-1.1994556121703668,catch-up,Double-high,Structural high,Double-high -> Structural high
Rwanda,RWA,Nutrition,0.327339839415487,,,stable,Double-high,Structural high,Double-high -> Structural high
Rwanda,RWA,WASH,0.2294927694438785,-0.4659122390726059,-0.6954050085164845,catch-up,Double-high,Structural high,Double-high -> Structural high
Saint Kitts and Nevis,KNA,Ambient PM2.5,-0.75163654318802,-0.4355782813297351,0.3160582618582849,lag,Neither,Excess-only,Neither -> Excess-only
Saint Kitts and Nevis,KNA,Climate/transmission,1.0458906419146954,1.362006480269909,0.3161158383552136,lag,Neither,Excess-only,Neither -> Excess-only
Saint Kitts and Nevis,KNA,HIV/TB,0.131103607539445,0.5332358070633951,0.40213219952395013,lag,Neither,Excess-only,Neither -> Excess-only
Saint Kitts and Nevis,KNA,Health resources,-0.7649675605827709,0.4489985037122576,1.2139660642950285,lag,Neither,Excess-only,Neither -> Excess-only
Saint Kitts and Nevis,KNA,Household energy/HAP,-0.8249492235837046,-0.720645088578169,0.10430413500553559,lag,Neither,Excess-only,Neither -> Excess-only
Saint Kitts and Nevis,KNA,Immunisation/UHC,-0.5417055340820474,0.3484948237370525,0.8902003578190998,lag,Neither,Excess-only,Neither -> Excess-only
Saint Kitts and Nevis,KNA,WASH,-0.3022244808391518,,,stable,Neither,Excess-only,Neither -> Excess-only
Saint Lucia,LCA,Ambient PM2.5,-1.2669439187135203,-1.139823254518053,0.1271206641954672,lag,Neither,Neither,Neither -> Neither
Saint Lucia,LCA,Climate/transmission,1.0970456350711004,1.1273603345816428,0.03031469951054233,lag,Neither,Neither,Neither -> Neither
Saint Lucia,LCA,HIV/TB,-0.4866235974369156,-0.5395808156888201,-0.052957218251904525,catch-up,Neither,Neither,Neither -> Neither
Saint Lucia,LCA,Health resources,-1.4106797432660594,-0.7634004616397778,0.6472792816262816,lag,Neither,Neither,Neither -> Neither
Saint Lucia,LCA,Household energy/HAP,-0.7498350003289573,-0.0269862630356778,0.7228487372932796,lag,Neither,Neither,Neither -> Neither
Saint Lucia,LCA,Immunisation/UHC,0.7869635638620601,0.9071272356306858,0.12016367176862564,lag,Neither,Neither,Neither -> Neither
Saint Lucia,LCA,WASH,-0.4043455831480973,-0.5967875418094568,-0.1924419586613595,catch-up,Neither,Neither,Neither -> Neither
Saint Vincent and the Grenadines,VCT,Ambient PM2.5,-1.2254213735022284,-1.0963955855802854,0.12902578792194297,lag,Neither,Neither,Neither -> Neither
Saint Vincent and the Grenadines,VCT,Climate/transmission,1.1193857861341796,0.8271139054123594,-0.2922718807218202,catch-up,Neither,Neither,Neither -> Neither
Saint Vincent and the Grenadines,VCT,HIV/TB,-0.398956250847049,-0.278296011055719,0.12066023979133,lag,Neither,Neither,Neither -> Neither
Saint Vincent and the Grenadines,VCT,Health resources,0.1733598809585468,-0.929744978686914,-1.1031048596454607,catch-up,Neither,Neither,Neither -> Neither
Saint Vincent and the Grenadines,VCT,Household energy/HAP,-0.7281544537817777,-0.3447658573724115,0.3833885964093662,lag,Neither,Neither,Neither -> Neither
Saint Vincent and the Grenadines,VCT,Immunisation/UHC,-0.2473105865193012,-0.4337652415640126,-0.18645465504471137,catch-up,Neither,Neither,Neither -> Neither
Saint Vincent and the Grenadines,VCT,WASH,-0.0620231368990736,,,stable,Neither,Neither,Neither -> Neither
Samoa,WSM,Ambient PM2.5,-1.6465662651550037,-1.2831216399269534,0.3634446252280503,lag,Neither,Structural high,Neither -> Structural high
Samoa,WSM,Climate/transmission,1.023761154938179,0.8541059157051286,-0.16965523923305048,catch-up,Neither,Structural high,Neither -> Structural high
Samoa,WSM,HIV/TB,-0.8244672875446085,-0.8438716827727814,-0.019404395228172833,catch-up,Neither,Structural high,Neither -> Structural high
Samoa,WSM,Health resources,-0.0656928971953706,0.1803917818525842,0.24608467904795478,lag,Neither,Structural high,Neither -> Structural high
Samoa,WSM,Household energy/HAP,-0.1869373788011463,0.387690657538997,0.5746280363401433,lag,Neither,Structural high,Neither -> Structural high
Samoa,WSM,Immunisation/UHC,-0.8233190907939445,-0.0770512388682094,0.7462678519257351,lag,Neither,Structural high,Neither -> Structural high
Samoa,WSM,WASH,-1.5669240598269152,-1.0559803905836478,0.5109436692432674,lag,Neither,Structural high,Neither -> Structural high
San Marino,SMR,Ambient PM2.5,-0.0230750371684566,-0.198337074879587,-0.1752620377111304,catch-up,Neither,Neither,Neither -> Neither
San Marino,SMR,Climate/transmission,-0.497699516802584,-0.2766409062518942,0.22105861055068982,lag,Neither,Neither,Neither -> Neither
San Marino,SMR,HIV/TB,-0.6016972851273854,-0.8314250959642353,-0.2297278108368499,catch-up,Neither,Neither,Neither -> Neither
San Marino,SMR,Health resources,-0.5840451581698115,-0.5317115978038968,0.052333560365914744,lag,Neither,Neither,Neither -> Neither
San Marino,SMR,Household energy/HAP,1.0326248015993424,0.118127746636918,-0.9144970549624245,catch-up,Neither,Neither,Neither -> Neither
San Marino,SMR,Immunisation/UHC,-0.1349963660512888,0.2802362524255531,0.4152326184768419,lag,Neither,Neither,Neither -> Neither
San Marino,SMR,WASH,-0.5417472150306917,-0.5343257685003755,0.007421446530316178,lag,Neither,Neither,Neither -> Neither
Sao Tome and Principe,STP,Ambient PM2.5,-0.9345326114474408,-1.0083144307124057,-0.07378181926496485,catch-up,Structural high,Neither,Structural high -> Neither
Sao Tome and Principe,STP,Climate/transmission,0.958263072371478,1.0472857364705686,0.08902266409909054,lag,Structural high,Neither,Structural high -> Neither
Sao Tome and Principe,STP,HIV/TB,-0.2430213192157525,-0.8760506141743988,-0.6330292949586462,catch-up,Structural high,Neither,Structural high -> Neither
Sao Tome and Principe,STP,Health resources,0.0681900263663441,-2.2158499810646024,-2.2840400074309466,catch-up,Structural high,Neither,Structural high -> Neither
Sao Tome and Principe,STP,Household energy/HAP,0.5007700935801026,0.0361606447544635,-0.4646094488256391,catch-up,Structural high,Neither,Structural high -> Neither
Sao Tome and Principe,STP,Immunisation/UHC,-0.2319775694126178,-0.8130665638528254,-0.5810889944402076,catch-up,Structural high,Neither,Structural high -> Neither
Sao Tome and Principe,STP,WASH,0.1643368524972284,-0.298506244695602,-0.4628430971928304,catch-up,Structural high,Neither,Structural high -> Neither
Saudi Arabia,SAU,Ambient PM2.5,2.6777136552059537,3.5322440993496893,0.8545304441437356,lag,Excess-only,Excess-only,Excess-only -> Excess-only
Saudi Arabia,SAU,Climate/transmission,-0.1586839032380287,-0.0702905877729321,0.0883933154650966,lag,Excess-only,Excess-only,Excess-only -> Excess-only
Saudi Arabia,SAU,HIV/TB,-0.726141647670427,-0.5883278449639633,0.1378138027064637,lag,Excess-only,Excess-only,Excess-only -> Excess-only
Saudi Arabia,SAU,Health resources,0.3849606154891855,0.337353731471028,-0.04760688401815749,catch-up,Excess-only,Excess-only,Excess-only -> Excess-only
Saudi Arabia,SAU,Household energy/HAP,-0.8947211860595794,0.118127746636918,1.0128489326964973,lag,Excess-only,Excess-only,Excess-only -> Excess-only
Saudi Arabia,SAU,Immunisation/UHC,-0.1464564562236484,-0.5214516298032293,-0.37499517357958095,catch-up,Excess-only,Excess-only,Excess-only -> Excess-only
Saudi Arabia,SAU,WASH,-0.9202392676252296,-0.0917213530697363,0.8285179145554933,lag,Excess-only,Excess-only,Excess-only -> Excess-only
Senegal,SEN,Ambient PM2.5,1.0775408850916364,0.7074856874808958,-0.37005519761074057,catch-up,Structural high,Neither,Structural high -> Neither
Senegal,SEN,Climate/transmission,0.0803701815010821,0.1517701465593281,0.071399965058246,lag,Structural high,Neither,Structural high -> Neither
Senegal,SEN,HIV/TB,-0.4634228440393593,-0.4836941853346191,-0.020271341295259815,catch-up,Structural high,Neither,Structural high -> Neither
Senegal,SEN,Health resources,0.4172227165527211,0.3382162870006743,-0.07900642955204679,catch-up,Structural high,Neither,Structural high -> Neither
Senegal,SEN,Household energy/HAP,-0.1545647890841704,-0.5589011603069026,-0.40433637122273225,catch-up,Structural high,Neither,Structural high -> Neither
Senegal,SEN,Immunisation/UHC,0.5781790738322737,-0.716487481414794,-1.2946665552470678,catch-up,Structural high,Neither,Structural high -> Neither
Senegal,SEN,Nutrition,-0.3414195638534971,-0.0732710006361661,0.268148563217331,lag,Structural high,Neither,Structural high -> Neither
Senegal,SEN,WASH,0.0847824251638321,-0.884107081192687,-0.968889506356519,catch-up,Structural high,Neither,Structural high -> Neither
Serbia,SRB,Ambient PM2.5,0.2928088026979306,0.2068386080033316,-0.08597019469459899,catch-up,Neither,Neither,Neither -> Neither
Serbia,SRB,Climate/transmission,-1.1530157490174595,-0.4546376087408642,0.6983781402765954,lag,Neither,Neither,Neither -> Neither
Serbia,SRB,HIV/TB,-0.7175949614759235,-0.3591747045359513,0.3584202569399722,lag,Neither,Neither,Neither -> Neither
Serbia,SRB,Health resources,0.971025401703734,0.7397121767372041,-0.23131322496652984,catch-up,Neither,Neither,Neither -> Neither
Serbia,SRB,Household energy/HAP,1.2504600411222997,0.5997215768523113,-0.6507384642699884,catch-up,Neither,Neither,Neither -> Neither
Serbia,SRB,Immunisation/UHC,0.8150913633078307,0.2186379282938199,-0.5964534350140108,catch-up,Neither,Neither,Neither -> Neither
Serbia,SRB,WASH,0.7728618124411322,0.6842541557426169,-0.08860765669851522,catch-up,Neither,Neither,Neither -> Neither
Seychelles,SYC,Ambient PM2.5,-0.7480113974582011,-0.4116884689491255,0.33632292850907564,lag,Excess-only,Double-high,Excess-only -> Double-high
Seychelles,SYC,Climate/transmission,1.1671444782903009,1.4020120302546193,0.2348675519643184,lag,Excess-only,Double-high,Excess-only -> Double-high
Seychelles,SYC,HIV/TB,-0.7214820156592223,-0.1202601773945429,0.6012218382646795,lag,Excess-only,Double-high,Excess-only -> Double-high
Seychelles,SYC,Health resources,-0.2913971493286187,0.44502758841689,0.7364247377455087,lag,Excess-only,Double-high,Excess-only -> Double-high
Seychelles,SYC,Household energy/HAP,-0.8460847281485238,-0.7266353366897986,0.11944939145872513,lag,Excess-only,Double-high,Excess-only -> Double-high
Seychelles,SYC,Immunisation/UHC,0.3113392486007435,-0.3881467535842666,-0.6994860021850101,catch-up,Excess-only,Double-high,Excess-only -> Double-high
Seychelles,SYC,WASH,0.0870145291227257,0.0380104109344574,-0.049004118188268296,catch-up,Excess-only,Double-high,Excess-only -> Double-high
Sierra Leone,SLE,Ambient PM2.5,-0.4537291600650897,-0.5334749681847089,-0.07974580811961918,catch-up,Structural high,Structural high,Structural high -> Structural high
Sierra Leone,SLE,Climate/transmission,0.8563982332831276,0.9395257346889898,0.08312750140586223,lag,Structural high,Structural high,Structural high -> Structural high
Sierra Leone,SLE,HIV/TB,0.1641056159015789,0.5213844042437049,0.357278788342126,lag,Structural high,Structural high,Structural high -> Structural high
Sierra Leone,SLE,Health resources,0.4635707631776567,0.7859780185392591,0.32240725536160236,lag,Structural high,Structural high,Structural high -> Structural high
Sierra Leone,SLE,Household energy/HAP,0.919307984392169,0.8254206002117379,-0.09388738418043108,catch-up,Structural high,Structural high,Structural high -> Structural high
Sierra Leone,SLE,Immunisation/UHC,0.8236634968178791,-0.6911948653255101,-1.5148583621433893,catch-up,Structural high,Structural high,Structural high -> Structural high
Sierra Leone,SLE,Nutrition,0.1958291357032417,,,stable,Structural high,Structural high,Structural high -> Structural high
Sierra Leone,SLE,WASH,1.0530317569250351,0.6087927442526074,-0.4442390126724277,catch-up,Structural high,Structural high,Structural high -> Structural high
Singapore,SGP,Ambient PM2.5,0.1048551095650884,-0.0506249044992721,-0.1554800140643605,catch-up,Neither,Excess-only,Neither -> Excess-only
Singapore,SGP,Climate/transmission,1.577694519739552,1.4987230189084808,-0.07897150083107118,catch-up,Neither,Excess-only,Neither -> Excess-only
Singapore,SGP,HIV/TB,0.1437321445509397,0.0556714979630358,-0.08806064658790388,catch-up,Neither,Excess-only,Neither -> Excess-only
Singapore,SGP,Health resources,1.2191695392188686,-0.3249691181909722,-1.5441386574098408,catch-up,Neither,Excess-only,Neither -> Excess-only
Singapore,SGP,Household energy/HAP,1.0326248015993424,0.118127746636918,-0.9144970549624245,catch-up,Neither,Excess-only,Neither -> Excess-only
Singapore,SGP,Immunisation/UHC,-0.2358524939827873,-0.7624839252274798,-0.5266314312446925,catch-up,Neither,Excess-only,Neither -> Excess-only
Singapore,SGP,Nutrition,0.5331229689719579,,,stable,Neither,Excess-only,Neither -> Excess-only
Singapore,SGP,WASH,-0.5417472150306917,-0.5343260169820003,0.0074211980486913465,lag,Neither,Excess-only,Neither -> Excess-only
Slovakia,SVK,Ambient PM2.5,0.1454793492935467,-0.1381516567744475,-0.2836310060679942,catch-up,Neither,Excess-only,Neither -> Excess-only
Slovakia,SVK,Climate/transmission,-0.7759944530813115,-0.6113934204612131,0.1646010326200984,lag,Neither,Excess-only,Neither -> Excess-only
Slovakia,SVK,HIV/TB,-0.2189471927659573,-0.6633952530352087,-0.44444806026925143,catch-up,Neither,Excess-only,Neither -> Excess-only
Slovakia,SVK,Health resources,0.2136358692833651,0.4390073985125707,0.2253715292292056,lag,Neither,Excess-only,Neither -> Excess-only
Slovakia,SVK,Household energy/HAP,0.8412183424881722,-0.7158794358357328,-1.557097778323905,catch-up,Neither,Excess-only,Neither -> Excess-only
Slovakia,SVK,Immunisation/UHC,-0.1940198942233324,-0.2448854692504966,-0.050865575027164184,catch-up,Neither,Excess-only,Neither -> Excess-only
Slovakia,SVK,WASH,0.4940752347404845,-0.2510786048538014,-0.7451538395942858,catch-up,Neither,Excess-only,Neither -> Excess-only
Slovenia,SVN,Ambient PM2.5,0.1254643237414545,-0.2094469120189777,-0.3349112357604322,catch-up,Neither,Excess-only,Neither -> Excess-only
Slovenia,SVN,Climate/transmission,-0.431398855775831,-0.2505847245046658,0.1808141312711652,lag,Neither,Excess-only,Neither -> Excess-only
Slovenia,SVN,HIV/TB,-0.2592448969122792,-0.6614197949280707,-0.4021748980157915,catch-up,Neither,Excess-only,Neither -> Excess-only
Slovenia,SVN,Health resources,0.5492882613355179,-0.0046712500240746,-0.5539595113595925,catch-up,Neither,Excess-only,Neither -> Excess-only
Slovenia,SVN,Household energy/HAP,-0.4925902519656348,-0.6134354987018907,-0.12084524673625596,catch-up,Neither,Excess-only,Neither -> Excess-only
Slovenia,SVN,Immunisation/UHC,0.7553040741120473,0.0895543100893981,-0.6657497640226492,catch-up,Neither,Excess-only,Neither -> Excess-only
Slovenia,SVN,WASH,-0.2924180060674165,-0.2779273726054455,0.014490633461971048,lag,Neither,Excess-only,Neither -> Excess-only
Solomon Islands,SLB,Ambient PM2.5,-1.371551526460199,-1.3545380372387392,0.017013489221459732,lag,Neither,Structural high,Neither -> Structural high
Solomon Islands,SLB,Climate/transmission,1.1162812494465957,1.194970116715483,0.07868886726888724,lag,Neither,Structural high,Neither -> Structural high
Solomon Islands,SLB,HIV/TB,-0.380804675055775,-0.6358238292747338,-0.2550191542189588,catch-up,Neither,Structural high,Neither -> Structural high
Solomon Islands,SLB,Health resources,0.1128276699215645,-0.7027323683916183,-0.8155600383131828,catch-up,Neither,Structural high,Neither -> Structural high
Solomon Islands,SLB,Household energy/HAP,0.3230259338598227,0.4046827292466332,0.08165679538681048,lag,Neither,Structural high,Neither -> Structural high
Solomon Islands,SLB,Immunisation/UHC,-0.2342725704132808,-0.321290440876477,-0.0870178704631962,catch-up,Neither,Structural high,Neither -> Structural high
Solomon Islands,SLB,WASH,-0.0272232672951153,0.2243940732716867,0.251617340566802,lag,Neither,Structural high,Neither -> Structural high
Somalia,SOM,Ambient PM2.5,-0.6074869136851287,-0.7870728535940125,-0.17958593990888372,catch-up,Structural high,Structural high,Structural high -> Structural high
Somalia,SOM,Climate/transmission,-0.2631915932013216,-0.0617397230928746,0.20145187010844703,lag,Structural high,Structural high,Structural high -> Structural high
Somalia,SOM,HIV/TB,-0.273937351748198,-0.429661933877558,-0.15572458212936002,catch-up,Structural high,Structural high,Structural high -> Structural high
Somalia,SOM,Health resources,,1.0831084818686498,,stable,Structural high,Structural high,Structural high -> Structural high
Somalia,SOM,Household energy/HAP,1.265627832582764,1.2003157665360191,-0.06531206604674478,catch-up,Structural high,Structural high,Structural high -> Structural high
Somalia,SOM,Immunisation/UHC,1.0758878043244873,1.3504205774802156,0.2745327731557283,lag,Structural high,Structural high,Structural high -> Structural high
Somalia,SOM,WASH,1.148484065708212,-0.0217212137233565,-1.1702052794315685,catch-up,Structural high,Structural high,Structural high -> Structural high
South Africa,ZAF,Ambient PM2.5,-0.198256823893031,0.9624421223568668,1.1606989462498978,lag,Double-high,Double-high,Double-high -> Double-high
South Africa,ZAF,Climate/transmission,-0.3810506214157487,-0.8616311931127356,-0.4805805716969869,catch-up,Double-high,Double-high,Double-high -> Double-high
South Africa,ZAF,HIV/TB,2.613513318630247,3.415189516857467,0.80167619822722,lag,Double-high,Double-high,Double-high -> Double-high
South Africa,ZAF,Health resources,0.0908355204811893,0.2274089310905289,0.13657341060933958,lag,Double-high,Double-high,Double-high -> Double-high
South Africa,ZAF,Household energy/HAP,-0.1564720352025827,0.0705794669110119,0.2270515021135946,lag,Double-high,Double-high,Double-high -> Double-high
South Africa,ZAF,Immunisation/UHC,0.5006433816447744,0.24381132697629,-0.2568320546684844,catch-up,Double-high,Double-high,Double-high -> Double-high
South Africa,ZAF,WASH,0.7579693311725273,1.834350210855309,1.0763808796827816,lag,Double-high,Double-high,Double-high -> Double-high
South Sudan,SSD,Ambient PM2.5,-0.2169762798636965,-0.4549940620892863,-0.23801778222558978,catch-up,Structural high,Structural high,Structural high -> Structural high
South Sudan,SSD,Climate/transmission,0.2357462538368695,-0.0477274946551685,-0.283473748492038,catch-up,Structural high,Structural high,Structural high -> Structural high
South Sudan,SSD,HIV/TB,-0.1664852105516881,0.3642712050880559,0.530756415639744,lag,Structural high,Structural high,Structural high -> Structural high
South Sudan,SSD,Health resources,,-0.034845950727197,,stable,Structural high,Structural high,Structural high -> Structural high
South Sudan,SSD,Household energy/HAP,0.2449814561044087,0.9876219124140848,0.7426404563096761,lag,Structural high,Structural high,Structural high -> Structural high
South Sudan,SSD,Immunisation/UHC,0.9435031488550932,0.9215667395265266,-0.021936409328566664,catch-up,Structural high,Structural high,Structural high -> Structural high
South Sudan,SSD,WASH,,1.7070652042281838,,stable,Structural high,Structural high,Structural high -> Structural high
Spain,ESP,Ambient PM2.5,-0.1518196448420782,-0.3613064398780616,-0.20948679503598341,catch-up,Neither,Neither,Neither -> Neither
Spain,ESP,Climate/transmission,-0.3648027584087508,-0.4228832069772381,-0.058080448568487264,catch-up,Neither,Neither,Neither -> Neither
Spain,ESP,HIV/TB,0.2717033852330619,-0.2066418859205819,-0.47834527115364384,catch-up,Neither,Neither,Neither -> Neither
Spain,ESP,Health resources,0.414367165413173,-0.0296241652496297,-0.44399133066280266,catch-up,Neither,Neither,Neither -> Neither
Spain,ESP,Household energy/HAP,-0.8950759963003212,-0.5510653799140901,0.3440106163862311,lag,Neither,Neither,Neither -> Neither
Spain,ESP,Immunisation/UHC,-0.1731950712882341,-0.341214348099341,-0.16801927681110687,catch-up,Neither,Neither,Neither -> Neither
Spain,ESP,WASH,-0.5222689617195533,-0.5098194974257029,0.01244946429385041,lag,Neither,Neither,Neither -> Neither
Sri Lanka,LKA,Ambient PM2.5,0.6796656216532824,0.4121110908013509,-0.2675545308519315,catch-up,Excess-only,Excess-only,Excess-only -> Excess-only
Sri Lanka,LKA,Climate/transmission,1.052237799070911,1.3384499954855114,0.2862121964146003,lag,Excess-only,Excess-only,Excess-only -> Excess-only
Sri Lanka,LKA,HIV/TB,-0.1623093633631219,0.3717447951051215,0.5340541584682434,lag,Excess-only,Excess-only,Excess-only -> Excess-only
Sri Lanka,LKA,Health resources,0.9436652460111188,1.5902238690111046,0.6465586229999858,lag,Excess-only,Excess-only,Excess-only -> Excess-only
Sri Lanka,LKA,Household energy/HAP,1.283520622301708,3.966837318674613,2.6833166963729047,lag,Excess-only,Excess-only,Excess-only -> Excess-only
Sri Lanka,LKA,Immunisation/UHC,-0.0378924323004114,0.5621207121679912,0.6000131444684026,lag,Excess-only,Excess-only,Excess-only -> Excess-only
Sri Lanka,LKA,Nutrition,1.265688964390414,1.7282513269359867,0.4625623625455728,lag,Excess-only,Excess-only,Excess-only -> Excess-only
Sri Lanka,LKA,WASH,0.3238896737692732,2.09037179888355,1.766482125114277,lag,Excess-only,Excess-only,Excess-only -> Excess-only
Sudan,SDN,Ambient PM2.5,0.4472061620997162,1.263212369171994,0.8160062070722779,lag,Structural high,Structural high,Structural high -> Structural high
Sudan,SDN,Climate/transmission,-0.136014791004187,-0.047462111339324,0.08855267966486301,lag,Structural high,Structural high,Structural high -> Structural high
Sudan,SDN,HIV/TB,-0.5501824136559199,-0.5498604524551023,0.00032196120081762203,lag,Structural high,Structural high,Structural high -> Structural high
Sudan,SDN,Health resources,0.5145923611266284,0.6811142522936847,0.1665218911670563,lag,Structural high,Structural high,Structural high -> Structural high
Sudan,SDN,Household energy/HAP,0.232292153765393,0.3402568241761681,0.1079646704107751,lag,Structural high,Structural high,Structural high -> Structural high
Sudan,SDN,Immunisation/UHC,0.3616589529693719,1.7944107360534756,1.4327517830841037,lag,Structural high,Structural high,Structural high -> Structural high
Sudan,SDN,WASH,0.7630006005819605,1.6035368714811964,0.8405362708992359,lag,Structural high,Structural high,Structural high -> Structural high
Suriname,SUR,Ambient PM2.5,0.1762563441741376,-0.7067404770900699,-0.8829968212642075,catch-up,Neither,Neither,Neither -> Neither
Suriname,SUR,Climate/transmission,1.1432716293091734,0.8297700305064192,-0.3135015988027542,catch-up,Neither,Neither,Neither -> Neither
Suriname,SUR,HIV/TB,-0.2949640943180942,0.3055393156517253,0.6005034099698195,lag,Neither,Neither,Neither -> Neither
Suriname,SUR,Health resources,0.5232317604483687,0.390072626877225,-0.13315913357114373,catch-up,Neither,Neither,Neither -> Neither
Suriname,SUR,Household energy/HAP,-0.4821323275741417,-0.5071579414641629,-0.025025613890021225,catch-up,Neither,Neither,Neither -> Neither
Suriname,SUR,Immunisation/UHC,1.0785005569917867,0.645845362672458,-0.43265519431932875,catch-up,Neither,Neither,Neither -> Neither
Suriname,SUR,Nutrition,-0.1257553477508158,,,stable,Neither,Neither,Neither -> Neither
Suriname,SUR,WASH,-0.0592706996151787,-0.3577300848924007,-0.298459385277222,catch-up,Neither,Neither,Neither -> Neither
Sweden,SWE,Ambient PM2.5,-0.482789260409651,-0.6572303878424185,-0.17444112743276752,catch-up,Neither,Neither,Neither -> Neither
Sweden,SWE,Climate/transmission,-0.5139978815720859,-0.7407531529840168,-0.22675527141193086,catch-up,Neither,Neither,Neither -> Neither
Sweden,SWE,HIV/TB,-0.4228535757463461,-0.6812902798217447,-0.25843670407539865,catch-up,Neither,Neither,Neither -> Neither
Sweden,SWE,Health resources,-0.633016836033389,-1.152905169663751,-0.5198883336303619,catch-up,Neither,Neither,Neither -> Neither
Sweden,SWE,Household energy/HAP,-0.8196716065151393,0.118127746636918,0.9377993531520572,lag,Neither,Neither,Neither -> Neither
Sweden,SWE,Immunisation/UHC,-0.2291654804917587,-0.4471474467191532,-0.2179819662273945,catch-up,Neither,Neither,Neither -> Neither
Sweden,SWE,WASH,-0.202022905338984,-0.3606360046721228,-0.1586130993331388,catch-up,Neither,Neither,Neither -> Neither
Switzerland,CHE,Ambient PM2.5,0.0769944201455553,-0.4693666145405572,-0.5463610346861125,catch-up,Neither,Neither,Neither -> Neither
Switzerland,CHE,Climate/transmission,-0.4691986412956593,-0.5406558853131843,-0.07145724401752501,catch-up,Neither,Neither,Neither -> Neither
Switzerland,CHE,HIV/TB,-0.2615051352661222,-0.4695890863528109,-0.2080839510866887,catch-up,Neither,Neither,Neither -> Neither
Switzerland,CHE,Health resources,-1.4476916466826582,-3.174137221562692,-1.726445574880034,catch-up,Neither,Neither,Neither -> Neither
Switzerland,CHE,Household energy/HAP,1.0326248015993424,0.118127746636918,-0.9144970549624245,catch-up,Neither,Neither,Neither -> Neither
Switzerland,CHE,Immunisation/UHC,-0.4945192057002217,-0.529197224659191,-0.03467801895896927,catch-up,Neither,Neither,Neither -> Neither
Switzerland,CHE,WASH,-0.5293247636592525,-0.5247298584525366,0.004594905206715905,lag,Neither,Neither,Neither -> Neither
Syrian Arab Republic,SYR,Ambient PM2.5,-0.171157423317686,0.8348377848304,1.005995208148086,lag,Neither,Structural high,Neither -> Structural high
Syrian Arab Republic,SYR,Climate/transmission,-1.5438665223239347,-1.3127721421296208,0.23109438019431394,lag,Neither,Structural high,Neither -> Structural high
Syrian Arab Republic,SYR,HIV/TB,-0.6373993089052483,-0.611259899356679,0.026139409548569303,lag,Neither,Structural high,Neither -> Structural high
Syrian Arab Republic,SYR,Health resources,-0.5787511895192772,0.6585276612587029,1.23727885077798,lag,Neither,Structural high,Neither -> Structural high
Syrian Arab Republic,SYR,Household energy/HAP,-1.9282863078995427,-0.1979431154138362,1.7303431924857064,lag,Neither,Structural high,Neither -> Structural high
Syrian Arab Republic,SYR,Immunisation/UHC,-0.7963595527099323,0.9806616031329654,1.7770211558428977,lag,Neither,Structural high,Neither -> Structural high
Syrian Arab Republic,SYR,Nutrition,-0.987341897004413,,,stable,Neither,Structural high,Neither -> Structural high
Syrian Arab Republic,SYR,WASH,-1.6014426406901012,-0.7652382293589213,0.83620441133118,lag,Neither,Structural high,Neither -> Structural high
Taiwan,TWN,Ambient PM2.5,0.3993544271919185,0.0211333582923664,-0.3782210688995521,catch-up,Excess-only,Excess-only,Excess-only -> Excess-only
Taiwan,TWN,Climate/transmission,0.9958681368931172,0.8045496542193694,-0.19131848267374774,catch-up,Excess-only,Excess-only,Excess-only -> Excess-only
Taiwan,TWN,Household energy/HAP,-0.9107836720717064,0.532849324304527,1.4436329963762335,lag,Excess-only,Excess-only,Excess-only -> Excess-only
Tajikistan,TJK,Ambient PM2.5,-0.436874577507598,0.934302961132496,1.371177538640094,lag,Neither,Neither,Neither -> Neither
Tajikistan,TJK,Climate/transmission,-2.559530493709809,-1.915417844145073,0.644112649564736,lag,Neither,Neither,Neither -> Neither
Tajikistan,TJK,HIV/TB,-0.5602945174529436,-0.4987663393122519,0.06152817814069167,lag,Neither,Neither,Neither -> Neither
Tajikistan,TJK,Health resources,-1.4070090995213544,-0.8901906555873728,0.5168184439339817,lag,Neither,Neither,Neither -> Neither
Tajikistan,TJK,Household energy/HAP,0.0659115473868227,-0.2120408160812005,-0.2779523634680232,catch-up,Neither,Neither,Neither -> Neither
Tajikistan,TJK,Immunisation/UHC,-0.7494705980248826,-0.4193744494950383,0.33009614852984426,lag,Neither,Neither,Neither -> Neither
Tajikistan,TJK,Nutrition,0.1908517633545477,0.1675802525807536,-0.023271510773794107,catch-up,Neither,Neither,Neither -> Neither
Tajikistan,TJK,WASH,-0.8347577196063253,-0.5221584788054942,0.3125992408008311,lag,Neither,Neither,Neither -> Neither
Thailand,THA,Ambient PM2.5,0.7441390636411507,0.4474564900424002,-0.2966825735987505,catch-up,Excess-only,Double-high,Excess-only -> Double-high
Thailand,THA,Climate/transmission,0.8471111132170043,0.9011234335176538,0.05401232030064951,lag,Excess-only,Double-high,Excess-only -> Double-high
Thailand,THA,HIV/TB,0.2800407969158347,0.3280154653449977,0.04797466842916298,lag,Excess-only,Double-high,Excess-only -> Double-high
Thailand,THA,Health resources,0.6931902687479082,0.4111548950126152,-0.282035373735293,catch-up,Excess-only,Double-high,Excess-only -> Double-high
Thailand,THA,Household energy/HAP,-0.1956575411332531,-0.2871939004365706,-0.09153635930331752,catch-up,Excess-only,Double-high,Excess-only -> Double-high
Thailand,THA,Immunisation/UHC,-0.2514316434610995,0.125819165751096,0.37725080921219545,lag,Excess-only,Double-high,Excess-only -> Double-high
Thailand,THA,WASH,-0.8582929074543686,-1.074019760768698,-0.2157268533143295,catch-up,Excess-only,Double-high,Excess-only -> Double-high
Timor-Leste,TLS,Ambient PM2.5,-0.9726571669136344,-1.2108882493843467,-0.23823108247071234,catch-up,Double-high,Double-high,Double-high -> Double-high
Timor-Leste,TLS,Climate/transmission,0.6416724177391323,0.5643894317005115,-0.07728298603862083,catch-up,Double-high,Double-high,Double-high -> Double-high
Timor-Leste,TLS,HIV/TB,-0.5893727574749625,0.6084917332793194,1.197864490754282,lag,Double-high,Double-high,Double-high -> Double-high
Timor-Leste,TLS,Health resources,,-1.6203830878258354,,stable,Double-high,Double-high,Double-high -> Double-high
Timor-Leste,TLS,Household energy/HAP,0.5529579506164742,-0.0801078957927497,-0.6330658464092239,catch-up,Double-high,Double-high,Double-high -> Double-high
Timor-Leste,TLS,Immunisation/UHC,0.4014907016404651,-0.0951074803133976,-0.4965981819538627,catch-up,Double-high,Double-high,Double-high -> Double-high
Timor-Leste,TLS,WASH,,-1.0558350234214025,,stable,Double-high,Double-high,Double-high -> Double-high
Togo,TGO,Ambient PM2.5,0.9491837616296502,0.234459502132919,-0.7147242594967312,catch-up,Structural high,Structural high,Structural high -> Structural high
Togo,TGO,Climate/transmission,0.6302917432034393,0.7517953240157084,0.12150358081226909,lag,Structural high,Structural high,Structural high -> Structural high
Togo,TGO,HIV/TB,-0.3418362006896597,-0.5801653551579069,-0.2383291544682472,catch-up,Structural high,Structural high,Structural high -> Structural high
Togo,TGO,Health resources,0.5206397211605186,0.256945943035087,-0.2636937781254316,catch-up,Structural high,Structural high,Structural high -> Structural high
Togo,TGO,Household energy/HAP,0.7169751847448893,0.3523072698419492,-0.3646679149029401,catch-up,Structural high,Structural high,Structural high -> Structural high
Togo,TGO,Immunisation/UHC,0.4508468603381451,-0.4625069946578375,-0.9133538549959825,catch-up,Structural high,Structural high,Structural high -> Structural high
Togo,TGO,WASH,0.9336310946181388,0.6847151501614936,-0.2489159444566451,catch-up,Structural high,Structural high,Structural high -> Structural high
Tonga,TON,Ambient PM2.5,-1.90273716953046,-1.5511596578178213,0.35157751171263874,lag,Neither,Double-high,Neither -> Double-high
Tonga,TON,Climate/transmission,0.8187925862180805,0.4107482349528943,-0.4080443512651862,catch-up,Neither,Double-high,Neither -> Double-high
Tonga,TON,HIV/TB,-0.6123787153871578,-0.756088512518604,-0.14370979713144616,catch-up,Neither,Double-high,Neither -> Double-high
Tonga,TON,Health resources,0.8510497573510316,-0.0634798535573449,-0.9145296109083765,catch-up,Neither,Double-high,Neither -> Double-high
Tonga,TON,Household energy/HAP,1.1597538926421729,0.8473397383427982,-0.3124141542993747,catch-up,Neither,Double-high,Neither -> Double-high
Tonga,TON,Immunisation/UHC,-0.0954360795230227,-0.9472937812142432,-0.8518577016912205,catch-up,Neither,Double-high,Neither -> Double-high
Tonga,TON,WASH,-1.0532628723127435,-0.620400510221756,0.4328623620909875,lag,Neither,Double-high,Neither -> Double-high
Trinidad and Tobago,TTO,Ambient PM2.5,-0.5080596453633893,-0.1344446380141044,0.37361500734928493,lag,Neither,Neither,Neither -> Neither
Trinidad and Tobago,TTO,Climate/transmission,1.1495782075921788,1.403127045506495,0.25354883791431626,lag,Neither,Neither,Neither -> Neither
Trinidad and Tobago,TTO,HIV/TB,-0.5894188336021392,0.1563039576047819,0.7457227912069211,lag,Neither,Neither,Neither -> Neither
Trinidad and Tobago,TTO,Health resources,0.6740821371441146,0.7861670653143924,0.11208492817027782,lag,Neither,Neither,Neither -> Neither
Trinidad and Tobago,TTO,Household energy/HAP,-0.7524947864970506,-0.7166323295274252,0.03586245696962542,lag,Neither,Neither,Neither -> Neither
Trinidad and Tobago,TTO,Immunisation/UHC,-0.2287271424117106,-0.097367046980141,0.13136009543156962,lag,Neither,Neither,Neither -> Neither
Trinidad and Tobago,TTO,Nutrition,-0.6450548425436036,,,stable,Neither,Neither,Neither -> Neither
Trinidad and Tobago,TTO,WASH,,0.2179306527849019,,stable,Neither,Neither,Neither -> Neither
Tunisia,TUN,Ambient PM2.5,-0.4597147124497412,-0.1130584521201719,0.3466562603295693,lag,Excess-only,Excess-only,Excess-only -> Excess-only
Tunisia,TUN,Climate/transmission,-0.5222568686225119,-0.6684513088242964,-0.14619444020178451,catch-up,Excess-only,Excess-only,Excess-only -> Excess-only
Tunisia,TUN,HIV/TB,-0.3759353048651972,-0.3686473159094657,0.007287988955731517,lag,Excess-only,Excess-only,Excess-only -> Excess-only
Tunisia,TUN,Health resources,0.4705911254677219,0.9258547232153892,0.4552635977476673,lag,Excess-only,Excess-only,Excess-only -> Excess-only
Tunisia,TUN,Household energy/HAP,-0.5752694408559756,0.0618567210022913,0.637126161858267,lag,Excess-only,Excess-only,Excess-only -> Excess-only
Tunisia,TUN,Immunisation/UHC,0.0359842927268286,-0.6216116239296688,-0.6575959166564974,catch-up,Excess-only,Excess-only,Excess-only -> Excess-only
Tunisia,TUN,Nutrition,-0.5208592140159797,,,stable,Excess-only,Excess-only,Excess-only -> Excess-only
Tunisia,TUN,WASH,0.0492362609989126,-0.4545560232352269,-0.5037922842341396,catch-up,Excess-only,Excess-only,Excess-only -> Excess-only
Turkmenistan,TKM,Ambient PM2.5,0.4949056663195665,1.3905623670738574,0.8956567007542908,lag,Excess-only,Excess-only,Excess-only -> Excess-only
Turkmenistan,TKM,Climate/transmission,-1.034541133743513,-1.2449108607749453,-0.2103697270314322,catch-up,Excess-only,Excess-only,Excess-only -> Excess-only
Turkmenistan,TKM,HIV/TB,0.1857841429722443,-0.271689503911906,-0.45747364688415026,catch-up,Excess-only,Excess-only,Excess-only -> Excess-only
Turkmenistan,TKM,Health resources,-0.6860158588641475,-0.1064298241777924,0.5795860346863551,lag,Excess-only,Excess-only,Excess-only -> Excess-only
Turkmenistan,TKM,Household energy/HAP,-0.2843701385117333,-0.8790289894829694,-0.594658850971236,catch-up,Excess-only,Excess-only,Excess-only -> Excess-only
Turkmenistan,TKM,Immunisation/UHC,-0.5799069991044461,-0.8512208296317532,-0.27131383052730706,catch-up,Excess-only,Excess-only,Excess-only -> Excess-only
Turkmenistan,TKM,Nutrition,0.7005634429969416,,,stable,Excess-only,Excess-only,Excess-only -> Excess-only
Turkmenistan,TKM,WASH,-0.6658470934056718,-1.1094866041662943,-0.44363951076062247,catch-up,Excess-only,Excess-only,Excess-only -> Excess-only
Tuvalu,TUV,Ambient PM2.5,-1.5551241965060876,-1.2334367045835952,0.32168749192249235,lag,Neither,Structural high,Neither -> Structural high
Tuvalu,TUV,Climate/transmission,1.1555137130290227,0.9732503666631884,-0.1822633463658343,catch-up,Neither,Structural high,Neither -> Structural high
Tuvalu,TUV,HIV/TB,-0.5157089466215506,-0.3111172249816348,0.20459172163991585,lag,Neither,Structural high,Neither -> Structural high
Tuvalu,TUV,Health resources,-3.670613647005389,-2.456110799780089,1.2145028472253,lag,Neither,Structural high,Neither -> Structural high
Tuvalu,TUV,Household energy/HAP,0.1643306111568748,-0.032072184789673,-0.1964027959465478,catch-up,Neither,Structural high,Neither -> Structural high
Tuvalu,TUV,Immunisation/UHC,-0.5531701307249901,-0.6089331264342106,-0.0557629957092205,catch-up,Neither,Structural high,Neither -> Structural high
Tuvalu,TUV,WASH,-1.5926749015234345,-0.8638253402573759,0.7288495612660586,lag,Neither,Structural high,Neither -> Structural high
Türkiye,TUR,Ambient PM2.5,0.0086056458903686,0.6405624064577999,0.6319567605674313,lag,Double-high,Excess-only,Double-high -> Excess-only
Türkiye,TUR,Climate/transmission,-0.8890970391236716,-0.5214372318363311,0.3676598072873405,lag,Double-high,Excess-only,Double-high -> Excess-only
Türkiye,TUR,HIV/TB,-0.4668313706275021,-0.2782968259655856,0.1885345446619165,lag,Double-high,Excess-only,Double-high -> Excess-only
Türkiye,TUR,Health resources,0.1613521416509406,0.8976722795633013,0.7363201379123607,lag,Double-high,Excess-only,Double-high -> Excess-only
Türkiye,TUR,Household energy/HAP,-1.0302047767952032,-0.4709601053133496,0.5592446714818535,lag,Double-high,Excess-only,Double-high -> Excess-only
Türkiye,TUR,Immunisation/UHC,0.3560663845240142,-0.3351975189714413,-0.6912639034954555,catch-up,Double-high,Excess-only,Double-high -> Excess-only
Türkiye,TUR,WASH,-0.5790617329055786,0.4296927072201567,1.0087544401257353,lag,Double-high,Excess-only,Double-high -> Excess-only
Uganda,UGA,Ambient PM2.5,0.0762486984848508,0.0326775878057468,-0.043571110679104005,catch-up,Structural high,Structural high,Structural high -> Structural high
Uganda,UGA,Climate/transmission,-0.1271330331690478,-0.2001059473107057,-0.07297291414165788,catch-up,Structural high,Structural high,Structural high -> Structural high
Uganda,UGA,HIV/TB,0.3838406806085235,0.436244282206646,0.05240360159812252,lag,Structural high,Structural high,Structural high -> Structural high
Uganda,UGA,Health resources,0.4789361299670444,0.5762747258911026,0.09733859592405825,lag,Structural high,Structural high,Structural high -> Structural high
Uganda,UGA,Household energy/HAP,0.808704249472433,0.4684166205498625,-0.34028762892257053,catch-up,Structural high,Structural high,Structural high -> Structural high
Uganda,UGA,Immunisation/UHC,0.5781790738322737,-0.8333406711464568,-1.4115197449787305,catch-up,Structural high,Structural high,Structural high -> Structural high
Uganda,UGA,Nutrition,-0.2071966485385149,,,stable,Structural high,Structural high,Structural high -> Structural high
Uganda,UGA,WASH,1.257206642396329,0.7984128718408663,-0.4587937705554628,catch-up,Structural high,Structural high,Structural high -> Structural high
Ukraine,UKR,Ambient PM2.5,0.5503072565789895,-0.0683030846738238,-0.6186103412528133,catch-up,Neither,Neither,Neither -> Neither
Ukraine,UKR,Climate/transmission,-0.7972420585135634,-0.7966511466603592,0.0005909118532042568,lag,Neither,Neither,Neither -> Neither
Ukraine,UKR,HIV/TB,1.5103857611054816,2.6848903347414663,1.1745045736359847,lag,Neither,Neither,Neither -> Neither
Ukraine,UKR,Health resources,-0.1701007654629586,0.2985245072995199,0.4686252727624785,lag,Neither,Neither,Neither -> Neither
Ukraine,UKR,Household energy/HAP,0.6658748931602787,1.4512753992570495,0.7854005060967708,lag,Neither,Neither,Neither -> Neither
Ukraine,UKR,Immunisation/UHC,-0.177094062812112,1.0560488847087677,1.2331429475208797,lag,Neither,Neither,Neither -> Neither
Ukraine,UKR,Nutrition,1.0858808178183232,,,stable,Neither,Neither,Neither -> Neither
Ukraine,UKR,WASH,-0.6295937567608937,1.1320847555909406,1.7616785123518341,lag,Neither,Neither,Neither -> Neither
United Arab Emirates,ARE,Ambient PM2.5,2.1107994334741647,2.5298893054529104,0.4190898719787457,lag,Excess-only,Excess-only,Excess-only -> Excess-only
United Arab Emirates,ARE,Climate/transmission,-0.3086699537814389,-0.129346650658123,0.1793233031233159,lag,Excess-only,Excess-only,Excess-only -> Excess-only
United Arab Emirates,ARE,HIV/TB,-0.411570218585376,-0.7392528443493092,-0.32768262576393314,catch-up,Excess-only,Excess-only,Excess-only -> Excess-only
United Arab Emirates,ARE,Health resources,1.2114178630333374,0.4438759611435801,-0.7675419018897573,catch-up,Excess-only,Excess-only,Excess-only -> Excess-only
United Arab Emirates,ARE,Household energy/HAP,1.0326248015993424,0.118127746636918,-0.9144970549624245,catch-up,Excess-only,Excess-only,Excess-only -> Excess-only
United Arab Emirates,ARE,Immunisation/UHC,-0.0410457169952434,-0.4972816756370292,-0.4562359586417858,catch-up,Excess-only,Excess-only,Excess-only -> Excess-only
United Arab Emirates,ARE,WASH,-0.2605621449476359,-0.4470189779200295,-0.18645683297239357,catch-up,Excess-only,Excess-only,Excess-only -> Excess-only
United Kingdom,GBR,Ambient PM2.5,-0.0812747630755603,-0.3992373680365611,-0.3179626049610008,catch-up,Neither,Neither,Neither -> Neither
United Kingdom,GBR,Climate/transmission,-0.0588800626028563,-0.1208691740836559,-0.061989111480799594,catch-up,Neither,Neither,Neither -> Neither
United Kingdom,GBR,HIV/TB,-0.4679089073615967,-0.4063744269243938,0.06153448043720289,lag,Neither,Neither,Neither -> Neither
United Kingdom,GBR,Health resources,0.0454696828443262,-0.3339678755139171,-0.3794375583582433,catch-up,Neither,Neither,Neither -> Neither
United Kingdom,GBR,Household energy/HAP,-0.9303272908584038,0.118127746636918,1.0484550374953219,lag,Neither,Neither,Neither -> Neither
United Kingdom,GBR,Immunisation/UHC,-0.0979983210264412,-0.4503492701521035,-0.35235094912566234,catch-up,Neither,Neither,Neither -> Neither
United Kingdom,GBR,WASH,-0.4509457898769665,-0.4484258259466775,0.002519963930288971,lag,Neither,Neither,Neither -> Neither
United Republic of Tanzania,TZA,Ambient PM2.5,-0.657227332133151,-0.6816690420645394,-0.02444170993138839,catch-up,Double-high,Structural high,Double-high -> Structural high
United Republic of Tanzania,TZA,Climate/transmission,-0.5408689805906696,-0.4938067399697257,0.047062240620943885,lag,Double-high,Structural high,Double-high -> Structural high
United Republic of Tanzania,TZA,HIV/TB,0.4501346448456201,0.1714600080937832,-0.2786746367518369,catch-up,Double-high,Structural high,Double-high -> Structural high
United Republic of Tanzania,TZA,Health resources,0.5295925978505288,0.5130196253396794,-0.016572972510849437,catch-up,Double-high,Structural high,Double-high -> Structural high
United Republic of Tanzania,TZA,Household energy/HAP,0.8356643571351938,0.1628625258874204,-0.6728018312477735,catch-up,Double-high,Structural high,Double-high -> Structural high
United Republic of Tanzania,TZA,Immunisation/UHC,0.2364766219949203,-0.3492130408948839,-0.5856896628898043,catch-up,Double-high,Structural high,Double-high -> Structural high
United Republic of Tanzania,TZA,WASH,1.4118205500942862,0.4679067040424703,-0.9439138460518159,catch-up,Double-high,Structural high,Double-high -> Structural high
United States Virgin Islands,VIR,Ambient PM2.5,-0.6535674551310093,-0.5631244231572984,0.09044303197371095,lag,Neither,Excess-only,Neither -> Excess-only
United States Virgin Islands,VIR,Climate/transmission,1.2813437126543097,1.3672116604528142,0.08586794779850448,lag,Neither,Excess-only,Neither -> Excess-only
United States Virgin Islands,VIR,Household energy/HAP,-0.8626713273575303,-1.060320752328512,-0.1976494249709818,catch-up,Neither,Excess-only,Neither -> Excess-only
United States Virgin Islands,VIR,WASH,0.3157436307429032,-0.3445544955246492,-0.6602981262675524,catch-up,Neither,Excess-only,Neither -> Excess-only
United States of America,USA,Ambient PM2.5,-0.2758147486995906,-0.5523585727927828,-0.27654382409319217,catch-up,Neither,Neither,Neither -> Neither
United States of America,USA,Climate/transmission,-0.5686991789223185,-0.5692936596178226,-0.0005944806955041626,catch-up,Neither,Neither,Neither -> Neither
United States of America,USA,HIV/TB,-0.5372209584932703,-0.7089466933216771,-0.1717257348284068,catch-up,Neither,Neither,Neither -> Neither
United States of America,USA,Health resources,-1.2001079308754463,-3.78641082004937,-2.5863028891739237,catch-up,Neither,Neither,Neither -> Neither
United States of America,USA,Household energy/HAP,1.0326248015993424,0.118127746636918,-0.9144970549624245,catch-up,Neither,Neither,Neither -> Neither
United States of America,USA,Immunisation/UHC,-0.4470891946557664,-0.4722428562020441,-0.025153661546277684,catch-up,Neither,Neither,Neither -> Neither
United States of America,USA,Nutrition,-0.9584857533158836,,,stable,Neither,Neither,Neither -> Neither
United States of America,USA,WASH,-0.4373158694704084,-0.4931044851016726,-0.05578861563126419,catch-up,Neither,Neither,Neither -> Neither
Uruguay,URY,Ambient PM2.5,-0.6088972087636905,-0.3138029514292218,0.29509425733446865,lag,Neither,Neither,Neither -> Neither
Uruguay,URY,Climate/transmission,-0.12934915321873,-0.0251438728851599,0.1042052803335701,lag,Neither,Neither,Neither -> Neither
Uruguay,URY,HIV/TB,-0.6026251518078476,0.9464872004599958,1.5491123522678434,lag,Neither,Neither,Neither -> Neither
Uruguay,URY,Health resources,-1.8886656119547327,0.3438324996354188,2.2324981115901514,lag,Neither,Neither,Neither -> Neither
Uruguay,URY,Household energy/HAP,-0.668968410835773,-0.5633012566945597,0.1056671541412133,lag,Neither,Neither,Neither -> Neither
Uruguay,URY,Immunisation/UHC,-0.5027524428559392,-0.4944320405479183,0.008320402308020947,lag,Neither,Neither,Neither -> Neither
Uruguay,URY,WASH,-0.3975188577758085,-0.3431987566097573,0.05432010116605118,lag,Neither,Neither,Neither -> Neither
Uzbekistan,UZB,Ambient PM2.5,1.020187794156087,0.6083116697137123,-0.41187612444237476,catch-up,Excess-only,Neither,Excess-only -> Neither
Uzbekistan,UZB,Climate/transmission,-1.1474787211580075,-1.2614832502735076,-0.11400452911550008,catch-up,Excess-only,Neither,Excess-only -> Neither
Uzbekistan,UZB,HIV/TB,0.0120663443881391,-0.5085540663363539,-0.520620410724493,catch-up,Excess-only,Neither,Excess-only -> Neither
Uzbekistan,UZB,Health resources,-0.9011091813115112,0.6435040198909011,1.5446132012024123,lag,Excess-only,Neither,Excess-only -> Neither
Uzbekistan,UZB,Household energy/HAP,0.315015856666468,0.191879661883778,-0.12313619478268997,catch-up,Excess-only,Neither,Excess-only -> Neither
Uzbekistan,UZB,Immunisation/UHC,-0.7359025630425228,-1.1787690692368633,-0.44286650619434054,catch-up,Excess-only,Neither,Excess-only -> Neither
Uzbekistan,UZB,WASH,-0.4929160750021165,-0.5104805513643496,-0.017564476362233072,catch-up,Excess-only,Neither,Excess-only -> Neither
Vanuatu,VUT,Ambient PM2.5,-1.371053905475189,-1.5338516712375818,-0.1627977657623929,catch-up,Neither,Structural high,Neither -> Structural high
Vanuatu,VUT,Climate/transmission,0.8925743724382057,0.7839987052577234,-0.10857566718048228,catch-up,Neither,Structural high,Neither -> Structural high
Vanuatu,VUT,HIV/TB,-0.3188680392990055,-0.8144974719522862,-0.4956294326532807,catch-up,Neither,Structural high,Neither -> Structural high
Vanuatu,VUT,Health resources,0.0848654189752884,-1.6031430451834685,-1.688008464158757,catch-up,Neither,Structural high,Neither -> Structural high
Vanuatu,VUT,Household energy/HAP,0.1715751064086931,-0.0057693888737732,-0.17734449528246632,catch-up,Neither,Structural high,Neither -> Structural high
Vanuatu,VUT,Immunisation/UHC,-0.1604240776442189,0.1116805494575975,0.2721046271018164,lag,Neither,Structural high,Neither -> Structural high
Vanuatu,VUT,WASH,-0.8328536948664234,-0.5896975659062025,0.24315612896022087,lag,Neither,Structural high,Neither -> Structural high
Venezuela (Bolivarian Republic of),VEN,Ambient PM2.5,-0.1216121087605075,-0.156233360347959,-0.03462125158745151,catch-up,Neither,Neither,Neither -> Neither
Venezuela (Bolivarian Republic of),VEN,Climate/transmission,0.7405360581134298,0.4280803769968839,-0.3124556811165459,catch-up,Neither,Neither,Neither -> Neither
Venezuela (Bolivarian Republic of),VEN,HIV/TB,-0.3447168207160702,-0.5223952248048107,-0.17767840408874053,catch-up,Neither,Neither,Neither -> Neither
Venezuela (Bolivarian Republic of),VEN,Health resources,,0.3772320949928539,,stable,Neither,Neither,Neither -> Neither
Venezuela (Bolivarian Republic of),VEN,Household energy/HAP,-1.0969645678479347,-0.3377699779865549,0.7591945898613799,lag,Neither,Neither,Neither -> Neither
Venezuela (Bolivarian Republic of),VEN,Immunisation/UHC,0.6732004425103968,1.297832921681859,0.6246324791714621,lag,Neither,Neither,Neither -> Neither
Venezuela (Bolivarian Republic of),VEN,Nutrition,-0.3577214141830959,,,stable,Neither,Neither,Neither -> Neither
Venezuela (Bolivarian Republic of),VEN,WASH,-0.8713997547644994,-0.7991358354029273,0.07226391936157206,lag,Neither,Neither,Neither -> Neither
Viet Nam,VNM,Ambient PM2.5,0.4516573046143904,-0.0058606920582122,-0.4575179966726026,catch-up,Double-high,Neither,Double-high -> Neither
Viet Nam,VNM,Climate/transmission,0.77584988189504,0.648018651496705,-0.127831230398335,catch-up,Double-high,Neither,Double-high -> Neither
Viet Nam,VNM,HIV/TB,-0.3539152858691733,-0.0510048387480729,0.30291044712110043,lag,Double-high,Neither,Double-high -> Neither
Viet Nam,VNM,Health resources,0.4214747092677034,0.6218216316006039,0.20034692233290047,lag,Double-high,Neither,Double-high -> Neither
Viet Nam,VNM,Household energy/HAP,0.1725870110922636,-0.0536142768842357,-0.2262012879764993,catch-up,Double-high,Neither,Double-high -> Neither
Viet Nam,VNM,Immunisation/UHC,-0.6716125771784386,1.020922639659874,1.6925352168383125,lag,Double-high,Neither,Double-high -> Neither
Viet Nam,VNM,Nutrition,-0.1561962539647086,0.0063588197114479,0.1625550736761565,lag,Double-high,Neither,Double-high -> Neither
Viet Nam,VNM,WASH,-0.6228687455625679,-0.5483826011650732,0.07448614439749468,lag,Double-high,Neither,Double-high -> Neither
Yemen,YEM,Ambient PM2.5,1.0031623166436183,1.0430039472455483,0.03984163060193002,lag,Double-high,Structural high,Double-high -> Structural high
Yemen,YEM,Climate/transmission,-0.6328199359852618,-1.020890223408748,-0.38807028742348626,catch-up,Double-high,Structural high,Double-high -> Structural high
Yemen,YEM,HIV/TB,-0.6184391142858292,-0.8385496930819567,-0.2201105787961275,catch-up,Double-high,Structural high,Double-high -> Structural high
Yemen,YEM,Health resources,0.3987107118222954,0.4966768273322585,0.09796611550996309,lag,Double-high,Structural high,Double-high -> Structural high
Yemen,YEM,Household energy/HAP,-0.6195699041616125,-0.4158608095414984,0.2037090946201141,lag,Double-high,Structural high,Double-high -> Structural high
Yemen,YEM,Immunisation/UHC,-0.1069403569191522,1.3937535753103696,1.5006939322295219,lag,Double-high,Structural high,Double-high -> Structural high
Yemen,YEM,WASH,0.4086928201209695,-0.4632017682001916,-0.8718945883211611,catch-up,Double-high,Structural high,Double-high -> Structural high
Zambia,ZMB,Ambient PM2.5,-0.4926015027105451,-0.6769418132568462,-0.18434031054630112,catch-up,Structural high,Neither,Structural high -> Neither
Zambia,ZMB,Climate/transmission,-0.7840330158326885,-1.198086956644442,-0.4140539408117536,catch-up,Structural high,Neither,Structural high -> Neither
Zambia,ZMB,HIV/TB,1.4540193244443378,1.3822546214942562,-0.07176470295008164,catch-up,Structural high,Neither,Structural high -> Neither
Zambia,ZMB,Health resources,0.4989291795506975,-0.1857370357981871,-0.6846662153488846,catch-up,Structural high,Neither,Structural high -> Neither
Zambia,ZMB,Household energy/HAP,0.4188626469773888,-0.0373371687565443,-0.4561998157339331,catch-up,Structural high,Neither,Structural high -> Neither
Zambia,ZMB,Immunisation/UHC,-0.098195708359458,-0.9771593132326212,-0.8789636048731632,catch-up,Structural high,Neither,Structural high -> Neither
Zambia,ZMB,WASH,0.6835791106566168,0.1436095600920002,-0.5399695505646166,catch-up,Structural high,Neither,Structural high -> Neither
Zimbabwe,ZWE,Ambient PM2.5,-0.9089461128734444,-1.0143979338571294,-0.105451820983685,catch-up,Neither,Structural high,Neither -> Structural high
Zimbabwe,ZWE,Climate/transmission,-0.8507788861498117,-1.4106691004470735,-0.5598902142972618,catch-up,Neither,Structural high,Neither -> Structural high
Zimbabwe,ZWE,HIV/TB,2.3901258539943027,1.1990695505922624,-1.1910563034020403,catch-up,Neither,Structural high,Neither -> Structural high
Zimbabwe,ZWE,Health resources,0.5744477311286409,0.2921826369670506,-0.2822650941615903,catch-up,Neither,Structural high,Neither -> Structural high
Zimbabwe,ZWE,Household energy/HAP,-0.4141662394255538,-0.1951643757485567,0.21900186367699712,lag,Neither,Structural high,Neither -> Structural high
Zimbabwe,ZWE,Immunisation/UHC,-0.0289372175917222,-0.923586252824274,-0.8946490352325518,catch-up,Neither,Structural high,Neither -> Structural high
Zimbabwe,ZWE,WASH,-0.2465862057244451,0.3584672169260486,0.6050534226504937,lag,Neither,Structural high,Neither -> Structural high
