location_name,iso3,year,domain,adverse_z,peer_reference,indicator_group,profile_2023,marked_adverse_z_gt_0_5
China,CHN,2023,Household energy/HAP,0.3222467757627022,same-year SDI-quintile peers,Household energy/HAP,Excess-only,False
China,CHN,2023,Ambient PM2.5,0.9834984725960628,same-year SDI-quintile peers,Ambient PM2.5,Excess-only,True
China,CHN,2023,Climate/transmission,-0.3194556095391923,same-year SDI-quintile peers,Climate/transmission,Excess-only,False
China,CHN,2023,WASH,0.5993717040492773,same-year SDI-quintile peers,WASH,Excess-only,True
China,CHN,2023,Immunisation/UHC,1.9091233810359407,same-year SDI-quintile peers,Immunisation/UHC,Excess-only,True
China,CHN,2023,HIV/TB,1.2230513354593209,same-year SDI-quintile peers,HIV/TB,Excess-only,True
China,CHN,2023,Nutrition,,same-year SDI-quintile peers,Nutrition,Excess-only,False
China,CHN,2023,Health resources,0.819553467493377,same-year SDI-quintile peers,Health resources,Excess-only,True
Democratic People's Republic of Korea,PRK,2023,Household energy/HAP,2.003750642448145,same-year SDI-quintile peers,Household energy/HAP,Structural high,True
Democratic People's Republic of Korea,PRK,2023,Ambient PM2.5,0.0424766409372239,same-year SDI-quintile peers,Ambient PM2.5,Structural high,False
Democratic People's Republic of Korea,PRK,2023,Climate/transmission,-1.4148186949988422,same-year SDI-quintile peers,Climate/transmission,Structural high,False
Democratic People's Republic of Korea,PRK,2023,WASH,-0.50165750239844,same-year SDI-quintile peers,WASH,Structural high,False
Democratic People's Republic of Korea,PRK,2023,Immunisation/UHC,-0.4582033856961724,same-year SDI-quintile peers,Immunisation/UHC,Structural high,False
Democratic People's Republic of Korea,PRK,2023,HIV/TB,,same-year SDI-quintile peers,HIV/TB,Structural high,False
Democratic People's Republic of Korea,PRK,2023,Nutrition,,same-year SDI-quintile peers,Nutrition,Structural high,False
Democratic People's Republic of Korea,PRK,2023,Health resources,,same-year SDI-quintile peers,Health resources,Structural high,False
Taiwan,TWN,2023,Household energy/HAP,0.532849324304527,same-year SDI-quintile peers,Household energy/HAP,Excess-only,True
Taiwan,TWN,2023,Ambient PM2.5,0.0211333582923664,same-year SDI-quintile peers,Ambient PM2.5,Excess-only,False
Taiwan,TWN,2023,Climate/transmission,0.8045496542193694,same-year SDI-quintile peers,Climate/transmission,Excess-only,True
Taiwan,TWN,2023,WASH,,same-year SDI-quintile peers,WASH,Excess-only,False
Taiwan,TWN,2023,Immunisation/UHC,,same-year SDI-quintile peers,Immunisation/UHC,Excess-only,False
Taiwan,TWN,2023,HIV/TB,,same-year SDI-quintile peers,HIV/TB,Excess-only,False
Taiwan,TWN,2023,Nutrition,,same-year SDI-quintile peers,Nutrition,Excess-only,False
Taiwan,TWN,2023,Health resources,,same-year SDI-quintile peers,Health resources,Excess-only,False
Cambodia,KHM,2023,Household energy/HAP,-1.4417649105609869,same-year SDI-quintile peers,Household energy/HAP,Structural high,False
Cambodia,KHM,2023,Ambient PM2.5,-0.7297725480220637,same-year SDI-quintile peers,Ambient PM2.5,Structural high,False
Cambodia,KHM,2023,Climate/transmission,1.1243134847917935,same-year SDI-quintile peers,Climate/transmission,Structural high,True
Cambodia,KHM,2023,WASH,-1.147110762032908,same-year SDI-quintile peers,WASH,Structural high,False
Cambodia,KHM,2023,Immunisation/UHC,-0.7291544829352224,same-year SDI-quintile peers,Immunisation/UHC,Structural high,False
Cambodia,KHM,2023,HIV/TB,0.0360908387304589,same-year SDI-quintile peers,HIV/TB,Structural high,False
Cambodia,KHM,2023,Nutrition,,same-year SDI-quintile peers,Nutrition,Structural high,False
Cambodia,KHM,2023,Health resources,-0.9624693276631512,same-year SDI-quintile peers,Health resources,Structural high,False
Indonesia,IDN,2023,Household energy/HAP,-0.3324408534586824,same-year SDI-quintile peers,Household energy/HAP,Excess-only,False
Indonesia,IDN,2023,Ambient PM2.5,-0.3088460359343818,same-year SDI-quintile peers,Ambient PM2.5,Excess-only,False
Indonesia,IDN,2023,Climate/transmission,0.7121288476265398,same-year SDI-quintile peers,Climate/transmission,Excess-only,True
Indonesia,IDN,2023,WASH,0.7443693528233775,same-year SDI-quintile peers,WASH,Excess-only,True
Indonesia,IDN,2023,Immunisation/UHC,0.401002762008922,same-year SDI-quintile peers,Immunisation/UHC,Excess-only,False
Indonesia,IDN,2023,HIV/TB,0.4904767622755989,same-year SDI-quintile peers,HIV/TB,Excess-only,False
Indonesia,IDN,2023,Nutrition,0.9694250928137216,same-year SDI-quintile peers,Nutrition,Excess-only,True
Indonesia,IDN,2023,Health resources,0.5458383455602132,same-year SDI-quintile peers,Health resources,Excess-only,True
Lao People's Democratic Republic,LAO,2023,Household energy/HAP,-0.7823044092194531,same-year SDI-quintile peers,Household energy/HAP,Structural high,False
Lao People's Democratic Republic,LAO,2023,Ambient PM2.5,-0.306134084086306,same-year SDI-quintile peers,Ambient PM2.5,Structural high,False
Lao People's Democratic Republic,LAO,2023,Climate/transmission,0.35580536905126,same-year SDI-quintile peers,Climate/transmission,Structural high,False
Lao People's Democratic Republic,LAO,2023,WASH,-1.6438530144656616,same-year SDI-quintile peers,WASH,Structural high,False
Lao People's Democratic Republic,LAO,2023,Immunisation/UHC,-0.310695506873495,same-year SDI-quintile peers,Immunisation/UHC,Structural high,False
Lao People's Democratic Republic,LAO,2023,HIV/TB,-0.4729139635736675,same-year SDI-quintile peers,HIV/TB,Structural high,False
Lao People's Democratic Republic,LAO,2023,Nutrition,0.5108786214971208,same-year SDI-quintile peers,Nutrition,Structural high,True
Lao People's Democratic Republic,LAO,2023,Health resources,0.4228990452479064,same-year SDI-quintile peers,Health resources,Structural high,False
Malaysia,MYS,2023,Household energy/HAP,0.1407015663279773,same-year SDI-quintile peers,Household energy/HAP,Excess-only,False
Malaysia,MYS,2023,Ambient PM2.5,-0.0062936177651863,same-year SDI-quintile peers,Ambient PM2.5,Excess-only,False
Malaysia,MYS,2023,Climate/transmission,1.4226663201037075,same-year SDI-quintile peers,Climate/transmission,Excess-only,True
Malaysia,MYS,2023,WASH,0.3156786047384651,same-year SDI-quintile peers,WASH,Excess-only,False
Malaysia,MYS,2023,Immunisation/UHC,-0.2793640198753435,same-year SDI-quintile peers,Immunisation/UHC,Excess-only,False
Malaysia,MYS,2023,HIV/TB,1.5179330416109225,same-year SDI-quintile peers,HIV/TB,Excess-only,True
Malaysia,MYS,2023,Nutrition,,same-year SDI-quintile peers,Nutrition,Excess-only,False
Malaysia,MYS,2023,Health resources,1.0391445335378122,same-year SDI-quintile peers,Health resources,Excess-only,True
Maldives,MDV,2023,Household energy/HAP,-0.8762908858422638,same-year SDI-quintile peers,Household energy/HAP,Neither,False
Maldives,MDV,2023,Ambient PM2.5,-1.053377874762688,same-year SDI-quintile peers,Ambient PM2.5,Neither,False
Maldives,MDV,2023,Climate/transmission,0.8915833502037579,same-year SDI-quintile peers,Climate/transmission,Neither,True
Maldives,MDV,2023,WASH,-0.9444488787316364,same-year SDI-quintile peers,WASH,Neither,False
Maldives,MDV,2023,Immunisation/UHC,-0.3380835676693841,same-year SDI-quintile peers,Immunisation/UHC,Neither,False
Maldives,MDV,2023,HIV/TB,-0.6402778241063403,same-year SDI-quintile peers,HIV/TB,Neither,False
Maldives,MDV,2023,Nutrition,,same-year SDI-quintile peers,Nutrition,Neither,False
Maldives,MDV,2023,Health resources,-3.488806812312619,same-year SDI-quintile peers,Health resources,Neither,False
Myanmar,MMR,2023,Household energy/HAP,0.1926163731674039,same-year SDI-quintile peers,Household energy/HAP,Structural high,False
Myanmar,MMR,2023,Ambient PM2.5,1.0669653280420872,same-year SDI-quintile peers,Ambient PM2.5,Structural high,True
Myanmar,MMR,2023,Climate/transmission,0.2963130566150414,same-year SDI-quintile peers,Climate/transmission,Structural high,False
Myanmar,MMR,2023,WASH,0.1908913615620958,same-year SDI-quintile peers,WASH,Structural high,False
Myanmar,MMR,2023,Immunisation/UHC,0.8472599851954686,same-year SDI-quintile peers,Immunisation/UHC,Structural high,True
Myanmar,MMR,2023,HIV/TB,0.3574691179218044,same-year SDI-quintile peers,HIV/TB,Structural high,False
Myanmar,MMR,2023,Nutrition,,same-year SDI-quintile peers,Nutrition,Structural high,False
Myanmar,MMR,2023,Health resources,0.6164231419640924,same-year SDI-quintile peers,Health resources,Structural high,True
Philippines,PHL,2023,Household energy/HAP,0.9274710126128384,same-year SDI-quintile peers,Household energy/HAP,Double-high,True
Philippines,PHL,2023,Ambient PM2.5,-0.2042001845992984,same-year SDI-quintile peers,Ambient PM2.5,Double-high,False
Philippines,PHL,2023,Climate/transmission,0.8389224171345265,same-year SDI-quintile peers,Climate/transmission,Double-high,True
Philippines,PHL,2023,WASH,0.0949306013086424,same-year SDI-quintile peers,WASH,Double-high,False
Philippines,PHL,2023,Immunisation/UHC,-0.3972776751525488,same-year SDI-quintile peers,Immunisation/UHC,Double-high,False
Philippines,PHL,2023,HIV/TB,1.077378033990093,same-year SDI-quintile peers,HIV/TB,Double-high,True
Philippines,PHL,2023,Nutrition,,same-year SDI-quintile peers,Nutrition,Double-high,False
Philippines,PHL,2023,Health resources,0.6352294704792737,same-year SDI-quintile peers,Health resources,Double-high,True
Sri Lanka,LKA,2023,Household energy/HAP,3.966837318674613,same-year SDI-quintile peers,Household energy/HAP,Excess-only,True
Sri Lanka,LKA,2023,Ambient PM2.5,0.4121110908013509,same-year SDI-quintile peers,Ambient PM2.5,Excess-only,False
Sri Lanka,LKA,2023,Climate/transmission,1.3384499954855114,same-year SDI-quintile peers,Climate/transmission,Excess-only,True
Sri Lanka,LKA,2023,WASH,2.09037179888355,same-year SDI-quintile peers,WASH,Excess-only,True
Sri Lanka,LKA,2023,Immunisation/UHC,0.5621207121679912,same-year SDI-quintile peers,Immunisation/UHC,Excess-only,True
Sri Lanka,LKA,2023,HIV/TB,0.3717447951051215,same-year SDI-quintile peers,HIV/TB,Excess-only,False
Sri Lanka,LKA,2023,Nutrition,1.7282513269359867,same-year SDI-quintile peers,Nutrition,Excess-only,True
Sri Lanka,LKA,2023,Health resources,1.5902238690111046,same-year SDI-quintile peers,Health resources,Excess-only,True
Thailand,THA,2023,Household energy/HAP,-0.2871939004365706,same-year SDI-quintile peers,Household energy/HAP,Double-high,False
Thailand,THA,2023,Ambient PM2.5,0.4474564900424002,same-year SDI-quintile peers,Ambient PM2.5,Double-high,False
Thailand,THA,2023,Climate/transmission,0.9011234335176538,same-year SDI-quintile peers,Climate/transmission,Double-high,True
Thailand,THA,2023,WASH,-1.074019760768698,same-year SDI-quintile peers,WASH,Double-high,False
Thailand,THA,2023,Immunisation/UHC,0.125819165751096,same-year SDI-quintile peers,Immunisation/UHC,Double-high,False
Thailand,THA,2023,HIV/TB,0.3280154653449977,same-year SDI-quintile peers,HIV/TB,Double-high,False
Thailand,THA,2023,Nutrition,,same-year SDI-quintile peers,Nutrition,Double-high,False
Thailand,THA,2023,Health resources,0.4111548950126152,same-year SDI-quintile peers,Health resources,Double-high,False
Timor-Leste,TLS,2023,Household energy/HAP,-0.0801078957927497,same-year SDI-quintile peers,Household energy/HAP,Double-high,False
Timor-Leste,TLS,2023,Ambient PM2.5,-1.2108882493843467,same-year SDI-quintile peers,Ambient PM2.5,Double-high,False
Timor-Leste,TLS,2023,Climate/transmission,0.5643894317005115,same-year SDI-quintile peers,Climate/transmission,Double-high,True
Timor-Leste,TLS,2023,WASH,-1.0558350234214025,same-year SDI-quintile peers,WASH,Double-high,False
Timor-Leste,TLS,2023,Immunisation/UHC,-0.0951074803133976,same-year SDI-quintile peers,Immunisation/UHC,Double-high,False
Timor-Leste,TLS,2023,HIV/TB,0.6084917332793194,same-year SDI-quintile peers,HIV/TB,Double-high,True
Timor-Leste,TLS,2023,Nutrition,,same-year SDI-quintile peers,Nutrition,Double-high,False
Timor-Leste,TLS,2023,Health resources,-1.6203830878258354,same-year SDI-quintile peers,Health resources,Double-high,False
Viet Nam,VNM,2023,Household energy/HAP,-0.0536142768842357,same-year SDI-quintile peers,Household energy/HAP,Neither,False
Viet Nam,VNM,2023,Ambient PM2.5,-0.0058606920582122,same-year SDI-quintile peers,Ambient PM2.5,Neither,False
Viet Nam,VNM,2023,Climate/transmission,0.648018651496705,same-year SDI-quintile peers,Climate/transmission,Neither,True
Viet Nam,VNM,2023,WASH,-0.5483826011650732,same-year SDI-quintile peers,WASH,Neither,False
Viet Nam,VNM,2023,Immunisation/UHC,1.020922639659874,same-year SDI-quintile peers,Immunisation/UHC,Neither,True
Viet Nam,VNM,2023,HIV/TB,-0.0510048387480729,same-year SDI-quintile peers,HIV/TB,Neither,False
Viet Nam,VNM,2023,Nutrition,0.0063588197114479,same-year SDI-quintile peers,Nutrition,Neither,False
Viet Nam,VNM,2023,Health resources,0.6218216316006039,same-year SDI-quintile peers,Health resources,Neither,True
Fiji,FJI,2023,Household energy/HAP,1.5386616630084706,same-year SDI-quintile peers,Household energy/HAP,Double-high,True
Fiji,FJI,2023,Ambient PM2.5,-1.623156857338294,same-year SDI-quintile peers,Ambient PM2.5,Double-high,False
Fiji,FJI,2023,Climate/transmission,0.8920894197735203,same-year SDI-quintile peers,Climate/transmission,Double-high,True
Fiji,FJI,2023,WASH,0.0138443400151114,same-year SDI-quintile peers,WASH,Double-high,False
Fiji,FJI,2023,Immunisation/UHC,-0.3662281697286476,same-year SDI-quintile peers,Immunisation/UHC,Double-high,False
Fiji,FJI,2023,HIV/TB,-0.1174939531140165,same-year SDI-quintile peers,HIV/TB,Double-high,False
Fiji,FJI,2023,Nutrition,,same-year SDI-quintile peers,Nutrition,Double-high,False
Fiji,FJI,2023,Health resources,1.2603464717484487,same-year SDI-quintile peers,Health resources,Double-high,True
Kiribati,KIR,2023,Household energy/HAP,1.7702253532579924,same-year SDI-quintile peers,Household energy/HAP,Structural high,True
Kiribati,KIR,2023,Ambient PM2.5,-1.3380409186752282,same-year SDI-quintile peers,Ambient PM2.5,Structural high,False
Kiribati,KIR,2023,Climate/transmission,0.9534156372801998,same-year SDI-quintile peers,Climate/transmission,Structural high,True
Kiribati,KIR,2023,WASH,1.2469931903917335,same-year SDI-quintile peers,WASH,Structural high,True
Kiribati,KIR,2023,Immunisation/UHC,-0.0277051397288297,same-year SDI-quintile peers,Immunisation/UHC,Structural high,False
Kiribati,KIR,2023,HIV/TB,2.7012737060619108,same-year SDI-quintile peers,HIV/TB,Structural high,True
Kiribati,KIR,2023,Nutrition,,same-year SDI-quintile peers,Nutrition,Structural high,False
Kiribati,KIR,2023,Health resources,0.2811601218128522,same-year SDI-quintile peers,Health resources,Structural high,False
Marshall Islands,MHL,2023,Household energy/HAP,0.0286828744061443,same-year SDI-quintile peers,Household energy/HAP,Double-high,False
Marshall Islands,MHL,2023,Ambient PM2.5,-1.3199606554108334,same-year SDI-quintile peers,Ambient PM2.5,Double-high,False
Marshall Islands,MHL,2023,Climate/transmission,0.9602716777958672,same-year SDI-quintile peers,Climate/transmission,Double-high,True
Marshall Islands,MHL,2023,WASH,-0.0206073034245834,same-year SDI-quintile peers,WASH,Double-high,False
Marshall Islands,MHL,2023,Immunisation/UHC,0.1871360288296546,same-year SDI-quintile peers,Immunisation/UHC,Double-high,False
Marshall Islands,MHL,2023,HIV/TB,2.7798800339739884,same-year SDI-quintile peers,HIV/TB,Double-high,True
Marshall Islands,MHL,2023,Nutrition,,same-year SDI-quintile peers,Nutrition,Double-high,False
Marshall Islands,MHL,2023,Health resources,-0.9278377418216628,same-year SDI-quintile peers,Health resources,Double-high,False
Micronesia (Federated States of),FSM,2023,Household energy/HAP,1.41816866112979,same-year SDI-quintile peers,Household energy/HAP,Neither,True
Micronesia (Federated States of),FSM,2023,Ambient PM2.5,-1.365050913055161,same-year SDI-quintile peers,Ambient PM2.5,Neither,False
Micronesia (Federated States of),FSM,2023,Climate/transmission,0.9724194192868212,same-year SDI-quintile peers,Climate/transmission,Neither,True
Micronesia (Federated States of),FSM,2023,WASH,,same-year SDI-quintile peers,WASH,Neither,False
Micronesia (Federated States of),FSM,2023,Immunisation/UHC,0.34807971005027,same-year SDI-quintile peers,Immunisation/UHC,Neither,False
Micronesia (Federated States of),FSM,2023,HIV/TB,0.6928820279083325,same-year SDI-quintile peers,HIV/TB,Neither,True
Micronesia (Federated States of),FSM,2023,Nutrition,,same-year SDI-quintile peers,Nutrition,Neither,False
Micronesia (Federated States of),FSM,2023,Health resources,-0.2157325725139992,same-year SDI-quintile peers,Health resources,Neither,False
Papua New Guinea,PNG,2023,Household energy/HAP,-0.0056535968248106,same-year SDI-quintile peers,Household energy/HAP,Structural high,False
Papua New Guinea,PNG,2023,Ambient PM2.5,-1.073494546956248,same-year SDI-quintile peers,Ambient PM2.5,Structural high,False
Papua New Guinea,PNG,2023,Climate/transmission,0.3483604681498712,same-year SDI-quintile peers,Climate/transmission,Structural high,False
Papua New Guinea,PNG,2023,WASH,1.095484593256465,same-year SDI-quintile peers,WASH,Structural high,True
Papua New Guinea,PNG,2023,Immunisation/UHC,2.200903914663498,same-year SDI-quintile peers,Immunisation/UHC,Structural high,True
Papua New Guinea,PNG,2023,HIV/TB,1.438804838761137,same-year SDI-quintile peers,HIV/TB,Structural high,True
Papua New Guinea,PNG,2023,Nutrition,,same-year SDI-quintile peers,Nutrition,Structural high,False
Papua New Guinea,PNG,2023,Health resources,0.1909783770485206,same-year SDI-quintile peers,Health resources,Structural high,False
Samoa,WSM,2023,Household energy/HAP,0.387690657538997,same-year SDI-quintile peers,Household energy/HAP,Structural high,False
Samoa,WSM,2023,Ambient PM2.5,-1.2831216399269534,same-year SDI-quintile peers,Ambient PM2.5,Structural high,False
Samoa,WSM,2023,Climate/transmission,0.8541059157051286,same-year SDI-quintile peers,Climate/transmission,Structural high,True
Samoa,WSM,2023,WASH,-1.0559803905836478,same-year SDI-quintile peers,WASH,Structural high,False
Samoa,WSM,2023,Immunisation/UHC,-0.0770512388682094,same-year SDI-quintile peers,Immunisation/UHC,Structural high,False
Samoa,WSM,2023,HIV/TB,-0.8438716827727814,same-year SDI-quintile peers,HIV/TB,Structural high,False
Samoa,WSM,2023,Nutrition,,same-year SDI-quintile peers,Nutrition,Structural high,False
Samoa,WSM,2023,Health resources,0.1803917818525842,same-year SDI-quintile peers,Health resources,Structural high,False
Solomon Islands,SLB,2023,Household energy/HAP,0.4046827292466332,same-year SDI-quintile peers,Household energy/HAP,Structural high,False
Solomon Islands,SLB,2023,Ambient PM2.5,-1.3545380372387392,same-year SDI-quintile peers,Ambient PM2.5,Structural high,False
Solomon Islands,SLB,2023,Climate/transmission,1.194970116715483,same-year SDI-quintile peers,Climate/transmission,Structural high,True
Solomon Islands,SLB,2023,WASH,0.2243940732716867,same-year SDI-quintile peers,WASH,Structural high,False
Solomon Islands,SLB,2023,Immunisation/UHC,-0.321290440876477,same-year SDI-quintile peers,Immunisation/UHC,Structural high,False
Solomon Islands,SLB,2023,HIV/TB,-0.6358238292747338,same-year SDI-quintile peers,HIV/TB,Structural high,False
Solomon Islands,SLB,2023,Nutrition,,same-year SDI-quintile peers,Nutrition,Structural high,False
Solomon Islands,SLB,2023,Health resources,-0.7027323683916183,same-year SDI-quintile peers,Health resources,Structural high,False
Tonga,TON,2023,Household energy/HAP,0.8473397383427982,same-year SDI-quintile peers,Household energy/HAP,Double-high,True
Tonga,TON,2023,Ambient PM2.5,-1.5511596578178213,same-year SDI-quintile peers,Ambient PM2.5,Double-high,False
Tonga,TON,2023,Climate/transmission,0.4107482349528943,same-year SDI-quintile peers,Climate/transmission,Double-high,False
Tonga,TON,2023,WASH,-0.620400510221756,same-year SDI-quintile peers,WASH,Double-high,False
Tonga,TON,2023,Immunisation/UHC,-0.9472937812142432,same-year SDI-quintile peers,Immunisation/UHC,Double-high,False
Tonga,TON,2023,HIV/TB,-0.756088512518604,same-year SDI-quintile peers,HIV/TB,Double-high,False
Tonga,TON,2023,Nutrition,,same-year SDI-quintile peers,Nutrition,Double-high,False
Tonga,TON,2023,Health resources,-0.0634798535573449,same-year SDI-quintile peers,Health resources,Double-high,False
Vanuatu,VUT,2023,Household energy/HAP,-0.0057693888737732,same-year SDI-quintile peers,Household energy/HAP,Structural high,False
Vanuatu,VUT,2023,Ambient PM2.5,-1.5338516712375818,same-year SDI-quintile peers,Ambient PM2.5,Structural high,False
Vanuatu,VUT,2023,Climate/transmission,0.7839987052577234,same-year SDI-quintile peers,Climate/transmission,Structural high,True
Vanuatu,VUT,2023,WASH,-0.5896975659062025,same-year SDI-quintile peers,WASH,Structural high,False
Vanuatu,VUT,2023,Immunisation/UHC,0.1116805494575975,same-year SDI-quintile peers,Immunisation/UHC,Structural high,False
Vanuatu,VUT,2023,HIV/TB,-0.8144974719522862,same-year SDI-quintile peers,HIV/TB,Structural high,False
Vanuatu,VUT,2023,Nutrition,,same-year SDI-quintile peers,Nutrition,Structural high,False
Vanuatu,VUT,2023,Health resources,-1.6031430451834685,same-year SDI-quintile peers,Health resources,Structural high,False
Armenia,ARM,2023,Household energy/HAP,-0.2085349485328547,same-year SDI-quintile peers,Household energy/HAP,Neither,False
Armenia,ARM,2023,Ambient PM2.5,1.0631292809940875,same-year SDI-quintile peers,Ambient PM2.5,Neither,True
Armenia,ARM,2023,Climate/transmission,-1.7037098489987077,same-year SDI-quintile peers,Climate/transmission,Neither,False
Armenia,ARM,2023,WASH,-0.7002220800606016,same-year SDI-quintile peers,WASH,Neither,False
Armenia,ARM,2023,Immunisation/UHC,-0.2358796401994824,same-year SDI-quintile peers,Immunisation/UHC,Neither,False
Armenia,ARM,2023,HIV/TB,-0.4318791995962517,same-year SDI-quintile peers,HIV/TB,Neither,False
Armenia,ARM,2023,Nutrition,,same-year SDI-quintile peers,Nutrition,Neither,False
Armenia,ARM,2023,Health resources,-0.5077070925020785,same-year SDI-quintile peers,Health resources,Neither,False
Azerbaijan,AZE,2023,Household energy/HAP,-0.6446565040113452,same-year SDI-quintile peers,Household energy/HAP,Excess-only,False
Azerbaijan,AZE,2023,Ambient PM2.5,0.4750203364461681,same-year SDI-quintile peers,Ambient PM2.5,Excess-only,False
Azerbaijan,AZE,2023,Climate/transmission,-0.8299837607610012,same-year SDI-quintile peers,Climate/transmission,Excess-only,False
Azerbaijan,AZE,2023,WASH,-0.5288682081878238,same-year SDI-quintile peers,WASH,Excess-only,False
Azerbaijan,AZE,2023,Immunisation/UHC,1.7843057029578795,same-year SDI-quintile peers,Immunisation/UHC,Excess-only,True
Azerbaijan,AZE,2023,HIV/TB,-0.2171073535681635,same-year SDI-quintile peers,HIV/TB,Excess-only,False
Azerbaijan,AZE,2023,Nutrition,0.0924284199809926,same-year SDI-quintile peers,Nutrition,Excess-only,False
Azerbaijan,AZE,2023,Health resources,0.9829715107184528,same-year SDI-quintile peers,Health resources,Excess-only,True
Georgia,GEO,2023,Household energy/HAP,0.5536863251097597,same-year SDI-quintile peers,Household energy/HAP,Excess-only,True
Georgia,GEO,2023,Ambient PM2.5,0.1598005873870709,same-year SDI-quintile peers,Ambient PM2.5,Excess-only,False
Georgia,GEO,2023,Climate/transmission,-0.5222959727278139,same-year SDI-quintile peers,Climate/transmission,Excess-only,False
Georgia,GEO,2023,WASH,1.051894554038043,same-year SDI-quintile peers,WASH,Excess-only,True
Georgia,GEO,2023,Immunisation/UHC,0.5155037228141681,same-year SDI-quintile peers,Immunisation/UHC,Excess-only,True
Georgia,GEO,2023,HIV/TB,0.7872248141527199,same-year SDI-quintile peers,HIV/TB,Excess-only,True
Georgia,GEO,2023,Nutrition,,same-year SDI-quintile peers,Nutrition,Excess-only,False
Georgia,GEO,2023,Health resources,-0.1078589000598263,same-year SDI-quintile peers,Health resources,Excess-only,False
Kazakhstan,KAZ,2023,Household energy/HAP,-0.3923546729020884,same-year SDI-quintile peers,Household energy/HAP,Neither,False
Kazakhstan,KAZ,2023,Ambient PM2.5,0.2227099531955921,same-year SDI-quintile peers,Ambient PM2.5,Neither,False
Kazakhstan,KAZ,2023,Climate/transmission,-1.167104648540523,same-year SDI-quintile peers,Climate/transmission,Neither,False
Kazakhstan,KAZ,2023,WASH,0.1438699327759445,same-year SDI-quintile peers,WASH,Neither,False
Kazakhstan,KAZ,2023,Immunisation/UHC,-0.6231275904864559,same-year SDI-quintile peers,Immunisation/UHC,Neither,False
Kazakhstan,KAZ,2023,HIV/TB,0.5697131501846656,same-year SDI-quintile peers,HIV/TB,Neither,True
Kazakhstan,KAZ,2023,Nutrition,,same-year SDI-quintile peers,Nutrition,Neither,False
Kazakhstan,KAZ,2023,Health resources,0.4032657888131932,same-year SDI-quintile peers,Health resources,Neither,False
Kyrgyzstan,KGZ,2023,Household energy/HAP,-0.1765892665836934,same-year SDI-quintile peers,Household energy/HAP,Neither,False
Kyrgyzstan,KGZ,2023,Ambient PM2.5,-0.0848842893952915,same-year SDI-quintile peers,Ambient PM2.5,Neither,False
Kyrgyzstan,KGZ,2023,Climate/transmission,-2.0779150610641595,same-year SDI-quintile peers,Climate/transmission,Neither,False
Kyrgyzstan,KGZ,2023,WASH,-0.8503473807529229,same-year SDI-quintile peers,WASH,Neither,False
Kyrgyzstan,KGZ,2023,Immunisation/UHC,-0.5045549768464199,same-year SDI-quintile peers,Immunisation/UHC,Neither,False
Kyrgyzstan,KGZ,2023,HIV/TB,-0.3823424628722212,same-year SDI-quintile peers,HIV/TB,Neither,False
Kyrgyzstan,KGZ,2023,Nutrition,-0.2980911816226098,same-year SDI-quintile peers,Nutrition,Neither,False
Kyrgyzstan,KGZ,2023,Health resources,-0.288537013264126,same-year SDI-quintile peers,Health resources,Neither,False
Mongolia,MNG,2023,Household energy/HAP,0.4687099502262546,same-year SDI-quintile peers,Household energy/HAP,Neither,False
Mongolia,MNG,2023,Ambient PM2.5,1.3711661035379357,same-year SDI-quintile peers,Ambient PM2.5,Neither,True
Mongolia,MNG,2023,Climate/transmission,-2.302518247720844,same-year SDI-quintile peers,Climate/transmission,Neither,False
Mongolia,MNG,2023,WASH,1.7894783384718205,same-year SDI-quintile peers,WASH,Neither,True
Mongolia,MNG,2023,Immunisation/UHC,-0.7776003753856605,same-year SDI-quintile peers,Immunisation/UHC,Neither,False
Mongolia,MNG,2023,HIV/TB,0.4586897602372697,same-year SDI-quintile peers,HIV/TB,Neither,False
Mongolia,MNG,2023,Nutrition,-0.9757839125251696,same-year SDI-quintile peers,Nutrition,Neither,False
Mongolia,MNG,2023,Health resources,-0.0723078568237544,same-year SDI-quintile peers,Health resources,Neither,False
Tajikistan,TJK,2023,Household energy/HAP,-0.2120408160812005,same-year SDI-quintile peers,Household energy/HAP,Neither,False
Tajikistan,TJK,2023,Ambient PM2.5,0.934302961132496,same-year SDI-quintile peers,Ambient PM2.5,Neither,True
Tajikistan,TJK,2023,Climate/transmission,-1.915417844145073,same-year SDI-quintile peers,Climate/transmission,Neither,False
Tajikistan,TJK,2023,WASH,-0.5221584788054942,same-year SDI-quintile peers,WASH,Neither,False
Tajikistan,TJK,2023,Immunisation/UHC,-0.4193744494950383,same-year SDI-quintile peers,Immunisation/UHC,Neither,False
Tajikistan,TJK,2023,HIV/TB,-0.4987663393122519,same-year SDI-quintile peers,HIV/TB,Neither,False
Tajikistan,TJK,2023,Nutrition,0.1675802525807536,same-year SDI-quintile peers,Nutrition,Neither,False
Tajikistan,TJK,2023,Health resources,-0.8901906555873728,same-year SDI-quintile peers,Health resources,Neither,False
Turkmenistan,TKM,2023,Household energy/HAP,-0.8790289894829694,same-year SDI-quintile peers,Household energy/HAP,Excess-only,False
Turkmenistan,TKM,2023,Ambient PM2.5,1.3905623670738574,same-year SDI-quintile peers,Ambient PM2.5,Excess-only,True
Turkmenistan,TKM,2023,Climate/transmission,-1.2449108607749453,same-year SDI-quintile peers,Climate/transmission,Excess-only,False
Turkmenistan,TKM,2023,WASH,-1.1094866041662943,same-year SDI-quintile peers,WASH,Excess-only,False
Turkmenistan,TKM,2023,Immunisation/UHC,-0.8512208296317532,same-year SDI-quintile peers,Immunisation/UHC,Excess-only,False
Turkmenistan,TKM,2023,HIV/TB,-0.271689503911906,same-year SDI-quintile peers,HIV/TB,Excess-only,False
Turkmenistan,TKM,2023,Nutrition,,same-year SDI-quintile peers,Nutrition,Excess-only,False
Turkmenistan,TKM,2023,Health resources,-0.1064298241777924,same-year SDI-quintile peers,Health resources,Excess-only,False
Uzbekistan,UZB,2023,Household energy/HAP,0.191879661883778,same-year SDI-quintile peers,Household energy/HAP,Neither,False
Uzbekistan,UZB,2023,Ambient PM2.5,0.6083116697137123,same-year SDI-quintile peers,Ambient PM2.5,Neither,True
Uzbekistan,UZB,2023,Climate/transmission,-1.2614832502735076,same-year SDI-quintile peers,Climate/transmission,Neither,False
Uzbekistan,UZB,2023,WASH,-0.5104805513643496,same-year SDI-quintile peers,WASH,Neither,False
Uzbekistan,UZB,2023,Immunisation/UHC,-1.1787690692368633,same-year SDI-quintile peers,Immunisation/UHC,Neither,False
Uzbekistan,UZB,2023,HIV/TB,-0.5085540663363539,same-year SDI-quintile peers,HIV/TB,Neither,False
Uzbekistan,UZB,2023,Nutrition,,same-year SDI-quintile peers,Nutrition,Neither,False
Uzbekistan,UZB,2023,Health resources,0.6435040198909011,same-year SDI-quintile peers,Health resources,Neither,True
Albania,ALB,2023,Household energy/HAP,0.1559153388918588,same-year SDI-quintile peers,Household energy/HAP,Neither,False
Albania,ALB,2023,Ambient PM2.5,-0.521471671485872,same-year SDI-quintile peers,Ambient PM2.5,Neither,False
Albania,ALB,2023,Climate/transmission,-0.8906569953015588,same-year SDI-quintile peers,Climate/transmission,Neither,False
Albania,ALB,2023,WASH,-0.3568432421081481,same-year SDI-quintile peers,WASH,Neither,False
Albania,ALB,2023,Immunisation/UHC,-0.3709581434353198,same-year SDI-quintile peers,Immunisation/UHC,Neither,False
Albania,ALB,2023,HIV/TB,-0.4931265706898211,same-year SDI-quintile peers,HIV/TB,Neither,False
Albania,ALB,2023,Nutrition,,same-year SDI-quintile peers,Nutrition,Neither,False
Albania,ALB,2023,Health resources,0.0549676934999348,same-year SDI-quintile peers,Health resources,Neither,False
Bosnia and Herzegovina,BIH,2023,Household energy/HAP,1.6256820009865682,same-year SDI-quintile peers,Household energy/HAP,Neither,True
Bosnia and Herzegovina,BIH,2023,Ambient PM2.5,0.7636227542702663,same-year SDI-quintile peers,Ambient PM2.5,Neither,True
Bosnia and Herzegovina,BIH,2023,Climate/transmission,-0.9071247674552878,same-year SDI-quintile peers,Climate/transmission,Neither,False
Bosnia and Herzegovina,BIH,2023,WASH,0.0032209924071712,same-year SDI-quintile peers,WASH,Neither,False
Bosnia and Herzegovina,BIH,2023,Immunisation/UHC,1.338361424049185,same-year SDI-quintile peers,Immunisation/UHC,Neither,True
Bosnia and Herzegovina,BIH,2023,HIV/TB,-0.4989994474238592,same-year SDI-quintile peers,HIV/TB,Neither,False
Bosnia and Herzegovina,BIH,2023,Nutrition,,same-year SDI-quintile peers,Nutrition,Neither,False
Bosnia and Herzegovina,BIH,2023,Health resources,-0.5266200740613071,same-year SDI-quintile peers,Health resources,Neither,False
Bulgaria,BGR,2023,Household energy/HAP,-0.7984305178352815,same-year SDI-quintile peers,Household energy/HAP,Excess-only,False
Bulgaria,BGR,2023,Ambient PM2.5,0.2280006875208629,same-year SDI-quintile peers,Ambient PM2.5,Excess-only,False
Bulgaria,BGR,2023,Climate/transmission,-0.8069063106400267,same-year SDI-quintile peers,Climate/transmission,Excess-only,False
Bulgaria,BGR,2023,WASH,0.9784993620958848,same-year SDI-quintile peers,WASH,Excess-only,True
Bulgaria,BGR,2023,Immunisation/UHC,0.2303886569941028,same-year SDI-quintile peers,Immunisation/UHC,Excess-only,False
Bulgaria,BGR,2023,HIV/TB,-0.4184384477500923,same-year SDI-quintile peers,HIV/TB,Excess-only,False
Bulgaria,BGR,2023,Nutrition,,same-year SDI-quintile peers,Nutrition,Excess-only,False
Bulgaria,BGR,2023,Health resources,0.7765542602912583,same-year SDI-quintile peers,Health resources,Excess-only,True
Croatia,HRV,2023,Household energy/HAP,-0.7109859707917936,same-year SDI-quintile peers,Household energy/HAP,Excess-only,False
Croatia,HRV,2023,Ambient PM2.5,-0.011593093006424,same-year SDI-quintile peers,Ambient PM2.5,Excess-only,False
Croatia,HRV,2023,Climate/transmission,-0.2973972509205108,same-year SDI-quintile peers,Climate/transmission,Excess-only,False
Croatia,HRV,2023,WASH,-0.5150202727638719,same-year SDI-quintile peers,WASH,Excess-only,False
Croatia,HRV,2023,Immunisation/UHC,0.0656206043483932,same-year SDI-quintile peers,Immunisation/UHC,Excess-only,False
Croatia,HRV,2023,HIV/TB,-0.5883278449639633,same-year SDI-quintile peers,HIV/TB,Excess-only,False
Croatia,HRV,2023,Nutrition,,same-year SDI-quintile peers,Nutrition,Excess-only,False
Croatia,HRV,2023,Health resources,0.5350877521903378,same-year SDI-quintile peers,Health resources,Excess-only,True
Czechia,CZE,2023,Household energy/HAP,-0.593165232194821,same-year SDI-quintile peers,Household energy/HAP,Excess-only,False
Czechia,CZE,2023,Ambient PM2.5,-0.1975584858146137,same-year SDI-quintile peers,Ambient PM2.5,Excess-only,False
Czechia,CZE,2023,Climate/transmission,-0.6636204354803233,same-year SDI-quintile peers,Climate/transmission,Excess-only,False
Czechia,CZE,2023,WASH,-0.1638405934693685,same-year SDI-quintile peers,WASH,Excess-only,False
Czechia,CZE,2023,Immunisation/UHC,0.4988975104906804,same-year SDI-quintile peers,Immunisation/UHC,Excess-only,False
Czechia,CZE,2023,HIV/TB,-0.6378302014647079,same-year SDI-quintile peers,HIV/TB,Excess-only,False
Czechia,CZE,2023,Nutrition,,same-year SDI-quintile peers,Nutrition,Excess-only,False
Czechia,CZE,2023,Health resources,0.1282116299738684,same-year SDI-quintile peers,Health resources,Excess-only,False
Hungary,HUN,2023,Household energy/HAP,-0.7221623068371246,same-year SDI-quintile peers,Household energy/HAP,Excess-only,False
Hungary,HUN,2023,Ambient PM2.5,-0.1382182383972246,same-year SDI-quintile peers,Ambient PM2.5,Excess-only,False
Hungary,HUN,2023,Climate/transmission,-0.651229029303246,same-year SDI-quintile peers,Climate/transmission,Excess-only,False
Hungary,HUN,2023,WASH,-0.3403620869795009,same-year SDI-quintile peers,WASH,Excess-only,False
Hungary,HUN,2023,Immunisation/UHC,-0.4969294872931897,same-year SDI-quintile peers,Immunisation/UHC,Excess-only,False
Hungary,HUN,2023,HIV/TB,-0.5746155420362908,same-year SDI-quintile peers,HIV/TB,Excess-only,False
Hungary,HUN,2023,Nutrition,,same-year SDI-quintile peers,Nutrition,Excess-only,False
Hungary,HUN,2023,Health resources,0.5816426743749206,same-year SDI-quintile peers,Health resources,Excess-only,True
North Macedonia,MKD,2023,Household energy/HAP,1.0234543649646617,same-year SDI-quintile peers,Household energy/HAP,Neither,True
North Macedonia,MKD,2023,Ambient PM2.5,0.3586941312164751,same-year SDI-quintile peers,Ambient PM2.5,Neither,False
North Macedonia,MKD,2023,Climate/transmission,-0.9060244737448964,same-year SDI-quintile peers,Climate/transmission,Neither,False
North Macedonia,MKD,2023,WASH,-0.034496247406978,same-year SDI-quintile peers,WASH,Neither,False
North Macedonia,MKD,2023,Immunisation/UHC,0.9121460187218998,same-year SDI-quintile peers,Immunisation/UHC,Neither,True
North Macedonia,MKD,2023,HIV/TB,-0.5369659341783745,same-year SDI-quintile peers,HIV/TB,Neither,False
North Macedonia,MKD,2023,Nutrition,,same-year SDI-quintile peers,Nutrition,Neither,False
North Macedonia,MKD,2023,Health resources,0.8644761114235125,same-year SDI-quintile peers,Health resources,Neither,True
Montenegro,MNE,2023,Household energy/HAP,1.647802445351823,same-year SDI-quintile peers,Household energy/HAP,Excess-only,True
Montenegro,MNE,2023,Ambient PM2.5,0.1526493236634235,same-year SDI-quintile peers,Ambient PM2.5,Excess-only,False
Montenegro,MNE,2023,Climate/transmission,-0.4122645494988011,same-year SDI-quintile peers,Climate/transmission,Excess-only,False
Montenegro,MNE,2023,WASH,-0.1665684031635205,same-year SDI-quintile peers,WASH,Excess-only,False
Montenegro,MNE,2023,Immunisation/UHC,1.5021133185650712,same-year SDI-quintile peers,Immunisation/UHC,Excess-only,True
Montenegro,MNE,2023,HIV/TB,-0.4184384477500923,same-year SDI-quintile peers,HIV/TB,Excess-only,False
Montenegro,MNE,2023,Nutrition,,same-year SDI-quintile peers,Nutrition,Excess-only,False
Montenegro,MNE,2023,Health resources,0.6437400877726994,same-year SDI-quintile peers,Health resources,Excess-only,True
Poland,POL,2023,Household energy/HAP,-0.7064810084109427,same-year SDI-quintile peers,Household energy/HAP,Excess-only,False
Poland,POL,2023,Ambient PM2.5,0.0340651557421003,same-year SDI-quintile peers,Ambient PM2.5,Excess-only,False
Poland,POL,2023,Climate/transmission,-0.5706447434122154,same-year SDI-quintile peers,Climate/transmission,Excess-only,False
Poland,POL,2023,WASH,1.643853189403217,same-year SDI-quintile peers,WASH,Excess-only,True
Poland,POL,2023,Immunisation/UHC,-0.3070224309609197,same-year SDI-quintile peers,Immunisation/UHC,Excess-only,False
Poland,POL,2023,HIV/TB,-0.3178059881083463,same-year SDI-quintile peers,HIV/TB,Excess-only,False
Poland,POL,2023,Nutrition,,same-year SDI-quintile peers,Nutrition,Excess-only,False
Poland,POL,2023,Health resources,0.1387702037813562,same-year SDI-quintile peers,Health resources,Excess-only,False
Romania,ROU,2023,Household energy/HAP,-0.7141064751737737,same-year SDI-quintile peers,Household energy/HAP,Excess-only,False
Romania,ROU,2023,Ambient PM2.5,0.0024657658823713,same-year SDI-quintile peers,Ambient PM2.5,Excess-only,False
Romania,ROU,2023,Climate/transmission,-0.6955651280824323,same-year SDI-quintile peers,Climate/transmission,Excess-only,False
Romania,ROU,2023,WASH,0.3756359723071061,same-year SDI-quintile peers,WASH,Excess-only,False
Romania,ROU,2023,Immunisation/UHC,0.7313094990407001,same-year SDI-quintile peers,Immunisation/UHC,Excess-only,True
Romania,ROU,2023,HIV/TB,0.6485202022873168,same-year SDI-quintile peers,HIV/TB,Excess-only,True
Romania,ROU,2023,Nutrition,,same-year SDI-quintile peers,Nutrition,Excess-only,False
Romania,ROU,2023,Health resources,0.7153216538783839,same-year SDI-quintile peers,Health resources,Excess-only,True
Serbia,SRB,2023,Household energy/HAP,0.5997215768523113,same-year SDI-quintile peers,Household energy/HAP,Neither,True
Serbia,SRB,2023,Ambient PM2.5,0.2068386080033316,same-year SDI-quintile peers,Ambient PM2.5,Neither,False
Serbia,SRB,2023,Climate/transmission,-0.4546376087408642,same-year SDI-quintile peers,Climate/transmission,Neither,False
Serbia,SRB,2023,WASH,0.6842541557426169,same-year SDI-quintile peers,WASH,Neither,True
Serbia,SRB,2023,Immunisation/UHC,0.2186379282938199,same-year SDI-quintile peers,Immunisation/UHC,Neither,False
Serbia,SRB,2023,HIV/TB,-0.3591747045359513,same-year SDI-quintile peers,HIV/TB,Neither,False
Serbia,SRB,2023,Nutrition,,same-year SDI-quintile peers,Nutrition,Neither,False
Serbia,SRB,2023,Health resources,0.7397121767372041,same-year SDI-quintile peers,Health resources,Neither,True
Slovakia,SVK,2023,Household energy/HAP,-0.7158794358357328,same-year SDI-quintile peers,Household energy/HAP,Excess-only,False
Slovakia,SVK,2023,Ambient PM2.5,-0.1381516567744475,same-year SDI-quintile peers,Ambient PM2.5,Excess-only,False
Slovakia,SVK,2023,Climate/transmission,-0.6113934204612131,same-year SDI-quintile peers,Climate/transmission,Excess-only,False
Slovakia,SVK,2023,WASH,-0.2510786048538014,same-year SDI-quintile peers,WASH,Excess-only,False
Slovakia,SVK,2023,Immunisation/UHC,-0.2448854692504966,same-year SDI-quintile peers,Immunisation/UHC,Excess-only,False
Slovakia,SVK,2023,HIV/TB,-0.6633952530352087,same-year SDI-quintile peers,HIV/TB,Excess-only,False
Slovakia,SVK,2023,Nutrition,,same-year SDI-quintile peers,Nutrition,Excess-only,False
Slovakia,SVK,2023,Health resources,0.4390073985125707,same-year SDI-quintile peers,Health resources,Excess-only,False
Slovenia,SVN,2023,Household energy/HAP,-0.6134354987018907,same-year SDI-quintile peers,Household energy/HAP,Excess-only,False
Slovenia,SVN,2023,Ambient PM2.5,-0.2094469120189777,same-year SDI-quintile peers,Ambient PM2.5,Excess-only,False
Slovenia,SVN,2023,Climate/transmission,-0.2505847245046658,same-year SDI-quintile peers,Climate/transmission,Excess-only,False
Slovenia,SVN,2023,WASH,-0.2779273726054455,same-year SDI-quintile peers,WASH,Excess-only,False
Slovenia,SVN,2023,Immunisation/UHC,0.0895543100893981,same-year SDI-quintile peers,Immunisation/UHC,Excess-only,False
Slovenia,SVN,2023,HIV/TB,-0.6614197949280707,same-year SDI-quintile peers,HIV/TB,Excess-only,False
Slovenia,SVN,2023,Nutrition,,same-year SDI-quintile peers,Nutrition,Excess-only,False
Slovenia,SVN,2023,Health resources,-0.0046712500240746,same-year SDI-quintile peers,Health resources,Excess-only,False
Belarus,BLR,2023,Household energy/HAP,-0.4052253205985561,same-year SDI-quintile peers,Household energy/HAP,Neither,False
Belarus,BLR,2023,Ambient PM2.5,-0.2444737044644646,same-year SDI-quintile peers,Ambient PM2.5,Neither,False
Belarus,BLR,2023,Climate/transmission,-0.8141019952495737,same-year SDI-quintile peers,Climate/transmission,Neither,False
Belarus,BLR,2023,WASH,-0.4798362547304514,same-year SDI-quintile peers,WASH,Neither,False
Belarus,BLR,2023,Immunisation/UHC,0.2539256360795223,same-year SDI-quintile peers,Immunisation/UHC,Neither,False
Belarus,BLR,2023,HIV/TB,-0.0807510152517822,same-year SDI-quintile peers,HIV/TB,Neither,False
Belarus,BLR,2023,Nutrition,-0.7109196667304408,same-year SDI-quintile peers,Nutrition,Neither,False
Belarus,BLR,2023,Health resources,-0.2753861587915618,same-year SDI-quintile peers,Health resources,Neither,False
Estonia,EST,2023,Household energy/HAP,-0.6896535444720231,same-year SDI-quintile peers,Household energy/HAP,Excess-only,False
Estonia,EST,2023,Ambient PM2.5,-0.616779317492188,same-year SDI-quintile peers,Ambient PM2.5,Excess-only,False
Estonia,EST,2023,Climate/transmission,-0.7807939806018576,same-year SDI-quintile peers,Climate/transmission,Excess-only,False
Estonia,EST,2023,WASH,-0.4405975495227945,same-year SDI-quintile peers,WASH,Excess-only,False
Estonia,EST,2023,Immunisation/UHC,0.960344908421888,same-year SDI-quintile peers,Immunisation/UHC,Excess-only,True
Estonia,EST,2023,HIV/TB,0.4935153727377637,same-year SDI-quintile peers,HIV/TB,Excess-only,False
Estonia,EST,2023,Nutrition,,same-year SDI-quintile peers,Nutrition,Excess-only,False
Estonia,EST,2023,Health resources,0.2640077893549982,same-year SDI-quintile peers,Health resources,Excess-only,False
Latvia,LVA,2023,Household energy/HAP,-0.7243627897310381,same-year SDI-quintile peers,Household energy/HAP,Excess-only,False
Latvia,LVA,2023,Ambient PM2.5,-0.1813914704961229,same-year SDI-quintile peers,Ambient PM2.5,Excess-only,False
Latvia,LVA,2023,Climate/transmission,-0.7254439617593262,same-year SDI-quintile peers,Climate/transmission,Excess-only,False
Latvia,LVA,2023,WASH,0.4632866558259407,same-year SDI-quintile peers,WASH,Excess-only,False
Latvia,LVA,2023,Immunisation/UHC,-0.2879129251426761,same-year SDI-quintile peers,Immunisation/UHC,Excess-only,False
Latvia,LVA,2023,HIV/TB,0.3923444649079833,same-year SDI-quintile peers,HIV/TB,Excess-only,False
Latvia,LVA,2023,Nutrition,,same-year SDI-quintile peers,Nutrition,Excess-only,False
Latvia,LVA,2023,Health resources,0.4999080815222868,same-year SDI-quintile peers,Health resources,Excess-only,False
Lithuania,LTU,2023,Household energy/HAP,-0.6637945778236097,same-year SDI-quintile peers,Household energy/HAP,Excess-only,False
Lithuania,LTU,2023,Ambient PM2.5,-0.320510016816754,same-year SDI-quintile peers,Ambient PM2.5,Excess-only,False
Lithuania,LTU,2023,Climate/transmission,-0.7415499619192522,same-year SDI-quintile peers,Climate/transmission,Excess-only,False
Lithuania,LTU,2023,WASH,-0.169525407524741,same-year SDI-quintile peers,WASH,Excess-only,False
Lithuania,LTU,2023,Immunisation/UHC,0.138316916081844,same-year SDI-quintile peers,Immunisation/UHC,Excess-only,False
Lithuania,LTU,2023,HIV/TB,0.095391932288667,same-year SDI-quintile peers,HIV/TB,Excess-only,False
Lithuania,LTU,2023,Nutrition,-0.9695660384685926,same-year SDI-quintile peers,Nutrition,Excess-only,False
Lithuania,LTU,2023,Health resources,0.3553966898576536,same-year SDI-quintile peers,Health resources,Excess-only,False
Republic of Moldova,MDA,2023,Household energy/HAP,1.5478462581355548,same-year SDI-quintile peers,Household energy/HAP,Neither,True
Republic of Moldova,MDA,2023,Ambient PM2.5,-0.0627552590052427,same-year SDI-quintile peers,Ambient PM2.5,Neither,False
Republic of Moldova,MDA,2023,Climate/transmission,-1.1276034789319318,same-year SDI-quintile peers,Climate/transmission,Neither,False
Republic of Moldova,MDA,2023,WASH,2.4946195962319897,same-year SDI-quintile peers,WASH,Neither,True
Republic of Moldova,MDA,2023,Immunisation/UHC,0.5698950896686297,same-year SDI-quintile peers,Immunisation/UHC,Neither,True
Republic of Moldova,MDA,2023,HIV/TB,2.052574363635414,same-year SDI-quintile peers,HIV/TB,Neither,True
Republic of Moldova,MDA,2023,Nutrition,,same-year SDI-quintile peers,Nutrition,Neither,False
Republic of Moldova,MDA,2023,Health resources,0.3470447182131073,same-year SDI-quintile peers,Health resources,Neither,False
Russian Federation,RUS,2023,Household energy/HAP,-0.706568297635162,same-year SDI-quintile peers,Household energy/HAP,Neither,False
Russian Federation,RUS,2023,Ambient PM2.5,-0.2701424994804258,same-year SDI-quintile peers,Ambient PM2.5,Neither,False
Russian Federation,RUS,2023,Climate/transmission,-1.0070086177583868,same-year SDI-quintile peers,Climate/transmission,Neither,False
Russian Federation,RUS,2023,WASH,0.9680677644911532,same-year SDI-quintile peers,WASH,Neither,True
Russian Federation,RUS,2023,Immunisation/UHC,-0.3670128837420276,same-year SDI-quintile peers,Immunisation/UHC,Neither,False
Russian Federation,RUS,2023,HIV/TB,0.6699230654606709,same-year SDI-quintile peers,HIV/TB,Neither,True
Russian Federation,RUS,2023,Nutrition,,same-year SDI-quintile peers,Nutrition,Neither,False
Russian Federation,RUS,2023,Health resources,0.7325955001720618,same-year SDI-quintile peers,Health resources,Neither,True
Ukraine,UKR,2023,Household energy/HAP,1.4512753992570495,same-year SDI-quintile peers,Household energy/HAP,Neither,True
Ukraine,UKR,2023,Ambient PM2.5,-0.0683030846738238,same-year SDI-quintile peers,Ambient PM2.5,Neither,False
Ukraine,UKR,2023,Climate/transmission,-0.7966511466603592,same-year SDI-quintile peers,Climate/transmission,Neither,False
Ukraine,UKR,2023,WASH,1.1320847555909406,same-year SDI-quintile peers,WASH,Neither,True
Ukraine,UKR,2023,Immunisation/UHC,1.0560488847087677,same-year SDI-quintile peers,Immunisation/UHC,Neither,True
Ukraine,UKR,2023,HIV/TB,2.6848903347414663,same-year SDI-quintile peers,HIV/TB,Neither,True
Ukraine,UKR,2023,Nutrition,,same-year SDI-quintile peers,Nutrition,Neither,False
Ukraine,UKR,2023,Health resources,0.2985245072995199,same-year SDI-quintile peers,Health resources,Neither,False
Brunei Darussalam,BRN,2023,Household energy/HAP,0.118127746636918,same-year SDI-quintile peers,Household energy/HAP,Neither,False
Brunei Darussalam,BRN,2023,Ambient PM2.5,-0.515460361402402,same-year SDI-quintile peers,Ambient PM2.5,Neither,False
Brunei Darussalam,BRN,2023,Climate/transmission,1.5050595964350897,same-year SDI-quintile peers,Climate/transmission,Neither,True
Brunei Darussalam,BRN,2023,WASH,-0.5343260169820003,same-year SDI-quintile peers,WASH,Neither,False
Brunei Darussalam,BRN,2023,Immunisation/UHC,0.0289012072921402,same-year SDI-quintile peers,Immunisation/UHC,Neither,False
Brunei Darussalam,BRN,2023,HIV/TB,2.0132345783145347,same-year SDI-quintile peers,HIV/TB,Neither,True
Brunei Darussalam,BRN,2023,Nutrition,,same-year SDI-quintile peers,Nutrition,Neither,False
Brunei Darussalam,BRN,2023,Health resources,0.8305601757222663,same-year SDI-quintile peers,Health resources,Neither,True
Japan,JPN,2023,Household energy/HAP,-0.06760191017542,same-year SDI-quintile peers,Household energy/HAP,Neither,False
Japan,JPN,2023,Ambient PM2.5,-0.2771528302383558,same-year SDI-quintile peers,Ambient PM2.5,Neither,False
Japan,JPN,2023,Climate/transmission,-0.1223929825901995,same-year SDI-quintile peers,Climate/transmission,Neither,False
Japan,JPN,2023,WASH,-0.3475856993747419,same-year SDI-quintile peers,WASH,Neither,False
Japan,JPN,2023,Immunisation/UHC,-0.7020410998509571,same-year SDI-quintile peers,Immunisation/UHC,Neither,False
Japan,JPN,2023,HIV/TB,-0.4442353069651805,same-year SDI-quintile peers,HIV/TB,Neither,False
Japan,JPN,2023,Nutrition,,same-year SDI-quintile peers,Nutrition,Neither,False
Japan,JPN,2023,Health resources,-0.2222630808537977,same-year SDI-quintile peers,Health resources,Neither,False
Republic of Korea,KOR,2023,Household energy/HAP,0.118127746636918,same-year SDI-quintile peers,Household energy/HAP,Neither,False
Republic of Korea,KOR,2023,Ambient PM2.5,0.3637459427534428,same-year SDI-quintile peers,Ambient PM2.5,Neither,False
Republic of Korea,KOR,2023,Climate/transmission,-0.5502624823511401,same-year SDI-quintile peers,Climate/transmission,Neither,False
Republic of Korea,KOR,2023,WASH,-0.5055054352043754,same-year SDI-quintile peers,WASH,Neither,False
Republic of Korea,KOR,2023,Immunisation/UHC,-0.753769280851158,same-year SDI-quintile peers,Immunisation/UHC,Neither,False
Republic of Korea,KOR,2023,HIV/TB,0.6699230654606709,same-year SDI-quintile peers,HIV/TB,Neither,True
Republic of Korea,KOR,2023,Nutrition,,same-year SDI-quintile peers,Nutrition,Neither,False
Republic of Korea,KOR,2023,Health resources,-0.0068850755157982,same-year SDI-quintile peers,Health resources,Neither,False
Singapore,SGP,2023,Household energy/HAP,0.118127746636918,same-year SDI-quintile peers,Household energy/HAP,Excess-only,False
Singapore,SGP,2023,Ambient PM2.5,-0.0506249044992721,same-year SDI-quintile peers,Ambient PM2.5,Excess-only,False
Singapore,SGP,2023,Climate/transmission,1.4987230189084808,same-year SDI-quintile peers,Climate/transmission,Excess-only,True
Singapore,SGP,2023,WASH,-0.5343260169820003,same-year SDI-quintile peers,WASH,Excess-only,False
Singapore,SGP,2023,Immunisation/UHC,-0.7624839252274798,same-year SDI-quintile peers,Immunisation/UHC,Excess-only,False
Singapore,SGP,2023,HIV/TB,0.0556714979630358,same-year SDI-quintile peers,HIV/TB,Excess-only,False
Singapore,SGP,2023,Nutrition,,same-year SDI-quintile peers,Nutrition,Excess-only,False
Singapore,SGP,2023,Health resources,-0.3249691181909722,same-year SDI-quintile peers,Health resources,Excess-only,False
Australia,AUS,2023,Household energy/HAP,0.118127746636918,same-year SDI-quintile peers,Household energy/HAP,Neither,False
Australia,AUS,2023,Ambient PM2.5,-0.5863185418261173,same-year SDI-quintile peers,Ambient PM2.5,Neither,False
Australia,AUS,2023,Climate/transmission,-0.1232853040117352,same-year SDI-quintile peers,Climate/transmission,Neither,False
Australia,AUS,2023,WASH,-0.5275889232634683,same-year SDI-quintile peers,WASH,Neither,False
Australia,AUS,2023,Immunisation/UHC,-0.6319940547034666,same-year SDI-quintile peers,Immunisation/UHC,Neither,False
Australia,AUS,2023,HIV/TB,-0.6317879233210002,same-year SDI-quintile peers,HIV/TB,Neither,False
Australia,AUS,2023,Nutrition,,same-year SDI-quintile peers,Nutrition,Neither,False
Australia,AUS,2023,Health resources,-1.4334544213491656,same-year SDI-quintile peers,Health resources,Neither,False
New Zealand,NZL,2023,Household energy/HAP,-0.2282506325266479,same-year SDI-quintile peers,Household energy/HAP,Neither,False
New Zealand,NZL,2023,Ambient PM2.5,-0.5576774515220028,same-year SDI-quintile peers,Ambient PM2.5,Neither,False
New Zealand,NZL,2023,Climate/transmission,0.1131116223485892,same-year SDI-quintile peers,Climate/transmission,Neither,False
New Zealand,NZL,2023,WASH,-0.53432600797486,same-year SDI-quintile peers,WASH,Neither,False
New Zealand,NZL,2023,Immunisation/UHC,-0.1919374851655544,same-year SDI-quintile peers,Immunisation/UHC,Neither,False
New Zealand,NZL,2023,HIV/TB,-0.6219106327853099,same-year SDI-quintile peers,HIV/TB,Neither,False
New Zealand,NZL,2023,Nutrition,,same-year SDI-quintile peers,Nutrition,Neither,False
New Zealand,NZL,2023,Health resources,-0.9938151613669904,same-year SDI-quintile peers,Health resources,Neither,False
Andorra,AND,2023,Household energy/HAP,0.118127746636918,same-year SDI-quintile peers,Household energy/HAP,Neither,False
Andorra,AND,2023,Ambient PM2.5,-0.4348239637105882,same-year SDI-quintile peers,Ambient PM2.5,Neither,False
Andorra,AND,2023,Climate/transmission,-0.8940982542453956,same-year SDI-quintile peers,Climate/transmission,Neither,False
Andorra,AND,2023,WASH,-0.5343260169820003,same-year SDI-quintile peers,WASH,Neither,False
Andorra,AND,2023,Immunisation/UHC,-0.1733653663981174,same-year SDI-quintile peers,Immunisation/UHC,Neither,False
Andorra,AND,2023,HIV/TB,-0.6378302014647079,same-year SDI-quintile peers,HIV/TB,Neither,False
Andorra,AND,2023,Nutrition,,same-year SDI-quintile peers,Nutrition,Neither,False
Andorra,AND,2023,Health resources,-0.1970337326761032,same-year SDI-quintile peers,Health resources,Neither,False
Austria,AUT,2023,Household energy/HAP,0.118127746636918,same-year SDI-quintile peers,Household energy/HAP,Neither,False
Austria,AUT,2023,Ambient PM2.5,-0.3641955461706478,same-year SDI-quintile peers,Ambient PM2.5,Neither,False
Austria,AUT,2023,Climate/transmission,-0.6122338249824442,same-year SDI-quintile peers,Climate/transmission,Neither,False
Austria,AUT,2023,WASH,-0.5316656713762107,same-year SDI-quintile peers,WASH,Neither,False
Austria,AUT,2023,Immunisation/UHC,0.5963163332373216,same-year SDI-quintile peers,Immunisation/UHC,Neither,True
Austria,AUT,2023,HIV/TB,-0.6220265366076037,same-year SDI-quintile peers,HIV/TB,Neither,False
Austria,AUT,2023,Nutrition,,same-year SDI-quintile peers,Nutrition,Neither,False
Austria,AUT,2023,Health resources,-1.3599511695639772,same-year SDI-quintile peers,Health resources,Neither,False
Belgium,BEL,2023,Household energy/HAP,0.118127746636918,same-year SDI-quintile peers,Household energy/HAP,Neither,False
Belgium,BEL,2023,Ambient PM2.5,-0.461451225705016,same-year SDI-quintile peers,Ambient PM2.5,Neither,False
Belgium,BEL,2023,Climate/transmission,-0.2035284744699389,same-year SDI-quintile peers,Climate/transmission,Neither,False
Belgium,BEL,2023,WASH,-0.4850837837942526,same-year SDI-quintile peers,WASH,Neither,False
Belgium,BEL,2023,Immunisation/UHC,-0.6621499125343141,same-year SDI-quintile peers,Immunisation/UHC,Neither,False
Belgium,BEL,2023,HIV/TB,-0.526877371459814,same-year SDI-quintile peers,HIV/TB,Neither,False
Belgium,BEL,2023,Nutrition,-0.7166949419335515,same-year SDI-quintile peers,Nutrition,Neither,False
Belgium,BEL,2023,Health resources,-1.0531685356984903,same-year SDI-quintile peers,Health resources,Neither,False
Cyprus,CYP,2023,Household energy/HAP,-0.6524409528478126,same-year SDI-quintile peers,Household energy/HAP,Neither,False
Cyprus,CYP,2023,Ambient PM2.5,0.0062362030146537,same-year SDI-quintile peers,Ambient PM2.5,Neither,False
Cyprus,CYP,2023,Climate/transmission,-0.0522023694651215,same-year SDI-quintile peers,Climate/transmission,Neither,False
Cyprus,CYP,2023,WASH,-0.4222051541684716,same-year SDI-quintile peers,WASH,Neither,False
Cyprus,CYP,2023,Immunisation/UHC,0.0476180486228985,same-year SDI-quintile peers,Immunisation/UHC,Neither,False
Cyprus,CYP,2023,HIV/TB,-0.5469591285363584,same-year SDI-quintile peers,HIV/TB,Neither,False
Cyprus,CYP,2023,Nutrition,,same-year SDI-quintile peers,Nutrition,Neither,False
Cyprus,CYP,2023,Health resources,0.0454839034353379,same-year SDI-quintile peers,Health resources,Neither,False
Denmark,DNK,2023,Household energy/HAP,0.118127746636918,same-year SDI-quintile peers,Household energy/HAP,Neither,False
Denmark,DNK,2023,Ambient PM2.5,-0.5195465587901952,same-year SDI-quintile peers,Ambient PM2.5,Neither,False
Denmark,DNK,2023,Climate/transmission,-0.3453020569480732,same-year SDI-quintile peers,Climate/transmission,Neither,False
Denmark,DNK,2023,WASH,-0.4957230220923186,same-year SDI-quintile peers,WASH,Neither,False
Denmark,DNK,2023,Immunisation/UHC,-0.6103215472825378,same-year SDI-quintile peers,Immunisation/UHC,Neither,False
Denmark,DNK,2023,HIV/TB,-0.685125292213727,same-year SDI-quintile peers,HIV/TB,Neither,False
Denmark,DNK,2023,Nutrition,,same-year SDI-quintile peers,Nutrition,Neither,False
Denmark,DNK,2023,Health resources,-1.2632160010327909,same-year SDI-quintile peers,Health resources,Neither,False
Finland,FIN,2023,Household energy/HAP,0.118127746636918,same-year SDI-quintile peers,Household energy/HAP,Neither,False
Finland,FIN,2023,Ambient PM2.5,-0.699748504855866,same-year SDI-quintile peers,Ambient PM2.5,Neither,False
Finland,FIN,2023,Climate/transmission,-0.8127972527095603,same-year SDI-quintile peers,Climate/transmission,Neither,False
Finland,FIN,2023,WASH,-0.4814170022485494,same-year SDI-quintile peers,WASH,Neither,False
Finland,FIN,2023,Immunisation/UHC,-0.299981212792637,same-year SDI-quintile peers,Immunisation/UHC,Neither,False
Finland,FIN,2023,HIV/TB,-0.6852411960360208,same-year SDI-quintile peers,HIV/TB,Neither,False
Finland,FIN,2023,Nutrition,-0.4854556278131209,same-year SDI-quintile peers,Nutrition,Neither,False
Finland,FIN,2023,Health resources,-0.9025539062065556,same-year SDI-quintile peers,Health resources,Neither,False
France,FRA,2023,Household energy/HAP,0.118127746636918,same-year SDI-quintile peers,Household energy/HAP,Neither,False
France,FRA,2023,Ambient PM2.5,-0.4750645921148957,same-year SDI-quintile peers,Ambient PM2.5,Neither,False
France,FRA,2023,Climate/transmission,-0.3063841442447031,same-year SDI-quintile peers,Climate/transmission,Neither,False
France,FRA,2023,WASH,-0.4044789497300616,same-year SDI-quintile peers,WASH,Neither,False
France,FRA,2023,Immunisation/UHC,-0.4226253042091136,same-year SDI-quintile peers,Immunisation/UHC,Neither,False
France,FRA,2023,HIV/TB,-0.2342982994205144,same-year SDI-quintile peers,HIV/TB,Neither,False
France,FRA,2023,Nutrition,,same-year SDI-quintile peers,Nutrition,Neither,False
France,FRA,2023,Health resources,-0.7697907331000955,same-year SDI-quintile peers,Health resources,Neither,False
Germany,DEU,2023,Household energy/HAP,0.118127746636918,same-year SDI-quintile peers,Household energy/HAP,Neither,False
Germany,DEU,2023,Ambient PM2.5,-0.4391688878094859,same-year SDI-quintile peers,Ambient PM2.5,Neither,False
Germany,DEU,2023,Climate/transmission,-0.5026892329098401,same-year SDI-quintile peers,Climate/transmission,Neither,False
Germany,DEU,2023,WASH,-0.4601974692704167,same-year SDI-quintile peers,WASH,Neither,False
Germany,DEU,2023,Immunisation/UHC,-0.1388880663011538,same-year SDI-quintile peers,Immunisation/UHC,Neither,False
Germany,DEU,2023,HIV/TB,-0.4656381701385348,same-year SDI-quintile peers,HIV/TB,Neither,False
Germany,DEU,2023,Nutrition,,same-year SDI-quintile peers,Nutrition,Neither,False
Germany,DEU,2023,Health resources,-1.221177381941222,same-year SDI-quintile peers,Health resources,Neither,False
Greece,GRC,2023,Household energy/HAP,-0.7045451928720764,same-year SDI-quintile peers,Household energy/HAP,Neither,False
Greece,GRC,2023,Ambient PM2.5,-0.1134785049878156,same-year SDI-quintile peers,Ambient PM2.5,Neither,False
Greece,GRC,2023,Climate/transmission,-0.3527559799972451,same-year SDI-quintile peers,Climate/transmission,Neither,False
Greece,GRC,2023,WASH,-0.4388627881143501,same-year SDI-quintile peers,WASH,Neither,False
Greece,GRC,2023,Immunisation/UHC,-0.1848087514861136,same-year SDI-quintile peers,Immunisation/UHC,Neither,False
Greece,GRC,2023,HIV/TB,-0.2876356683132414,same-year SDI-quintile peers,HIV/TB,Neither,False
Greece,GRC,2023,Nutrition,,same-year SDI-quintile peers,Nutrition,Neither,False
Greece,GRC,2023,Health resources,0.3849636289919956,same-year SDI-quintile peers,Health resources,Neither,False
Iceland,ISL,2023,Household energy/HAP,0.118127746636918,same-year SDI-quintile peers,Household energy/HAP,Neither,False
Iceland,ISL,2023,Ambient PM2.5,-0.677264764870021,same-year SDI-quintile peers,Ambient PM2.5,Neither,False
Iceland,ISL,2023,Climate/transmission,-0.700220701452649,same-year SDI-quintile peers,Climate/transmission,Neither,False
Iceland,ISL,2023,WASH,-0.4172728242462626,same-year SDI-quintile peers,WASH,Neither,False
Iceland,ISL,2023,Immunisation/UHC,-0.5605395067085013,same-year SDI-quintile peers,Immunisation/UHC,Neither,False
Iceland,ISL,2023,HIV/TB,-0.6831498341065889,same-year SDI-quintile peers,HIV/TB,Neither,False
Iceland,ISL,2023,Nutrition,,same-year SDI-quintile peers,Nutrition,Neither,False
Iceland,ISL,2023,Health resources,-1.414601264794005,same-year SDI-quintile peers,Health resources,Neither,False
Ireland,IRL,2023,Household energy/HAP,0.118127746636918,same-year SDI-quintile peers,Household energy/HAP,Neither,False
Ireland,IRL,2023,Ambient PM2.5,-0.5189589581581314,same-year SDI-quintile peers,Ambient PM2.5,Neither,False
Ireland,IRL,2023,Climate/transmission,-0.0863016643210138,same-year SDI-quintile peers,Climate/transmission,Neither,False
Ireland,IRL,2023,WASH,1.097398801978037,same-year SDI-quintile peers,WASH,Neither,True
Ireland,IRL,2023,Immunisation/UHC,-0.1883834733887646,same-year SDI-quintile peers,Immunisation/UHC,Neither,False
Ireland,IRL,2023,HIV/TB,-0.4814418349956391,same-year SDI-quintile peers,HIV/TB,Neither,False
Ireland,IRL,2023,Nutrition,,same-year SDI-quintile peers,Nutrition,Neither,False
Ireland,IRL,2023,Health resources,-1.1496882579350225,same-year SDI-quintile peers,Health resources,Neither,False
Israel,ISR,2023,Household energy/HAP,-0.3124966269926483,same-year SDI-quintile peers,Household energy/HAP,Neither,False
Israel,ISR,2023,Ambient PM2.5,0.3641648330886901,same-year SDI-quintile peers,Ambient PM2.5,Neither,False
Israel,ISR,2023,Climate/transmission,0.4011505648724845,same-year SDI-quintile peers,Climate/transmission,Neither,False
Israel,ISR,2023,WASH,-0.5265654202281201,same-year SDI-quintile peers,WASH,Neither,False
Israel,ISR,2023,Immunisation/UHC,-0.6362858220342136,same-year SDI-quintile peers,Immunisation/UHC,Neither,False
Israel,ISR,2023,HIV/TB,-0.7207994419645054,same-year SDI-quintile peers,HIV/TB,Neither,False
Israel,ISR,2023,Nutrition,,same-year SDI-quintile peers,Nutrition,Neither,False
Israel,ISR,2023,Health resources,0.0286112107501023,same-year SDI-quintile peers,Health resources,Neither,False
Italy,ITA,2023,Household energy/HAP,-0.3737075852819537,same-year SDI-quintile peers,Household energy/HAP,Neither,False
Italy,ITA,2023,Ambient PM2.5,-0.102851676478244,same-year SDI-quintile peers,Ambient PM2.5,Neither,False
Italy,ITA,2023,Climate/transmission,-0.2153952586702277,same-year SDI-quintile peers,Climate/transmission,Neither,False
Italy,ITA,2023,WASH,-0.5048640655562446,same-year SDI-quintile peers,WASH,Neither,False
Italy,ITA,2023,Immunisation/UHC,-0.3469136182775627,same-year SDI-quintile peers,Immunisation/UHC,Neither,False
Italy,ITA,2023,HIV/TB,-0.2915865845275174,same-year SDI-quintile peers,HIV/TB,Neither,False
Italy,ITA,2023,Nutrition,,same-year SDI-quintile peers,Nutrition,Neither,False
Italy,ITA,2023,Health resources,-0.0937143335938136,same-year SDI-quintile peers,Health resources,Neither,False
Luxembourg,LUX,2023,Household energy/HAP,0.118127746636918,same-year SDI-quintile peers,Household energy/HAP,Neither,False
Luxembourg,LUX,2023,Ambient PM2.5,-0.5240116050784905,same-year SDI-quintile peers,Ambient PM2.5,Neither,False
Luxembourg,LUX,2023,Climate/transmission,-0.4857765252271873,same-year SDI-quintile peers,Climate/transmission,Neither,False
Luxembourg,LUX,2023,WASH,-0.3046165409145104,same-year SDI-quintile peers,WASH,Neither,False
Luxembourg,LUX,2023,Immunisation/UHC,-0.6160208174607595,same-year SDI-quintile peers,Immunisation/UHC,Neither,False
Luxembourg,LUX,2023,HIV/TB,-0.2481265061704807,same-year SDI-quintile peers,HIV/TB,Neither,False
Luxembourg,LUX,2023,Nutrition,,same-year SDI-quintile peers,Nutrition,Neither,False
Luxembourg,LUX,2023,Health resources,-1.6409727581123752,same-year SDI-quintile peers,Health resources,Neither,False
Malta,MLT,2023,Household energy/HAP,0.118127746636918,same-year SDI-quintile peers,Household energy/HAP,Neither,False
Malta,MLT,2023,Ambient PM2.5,-0.3166314719823642,same-year SDI-quintile peers,Ambient PM2.5,Neither,False
Malta,MLT,2023,Climate/transmission,0.5413459993568256,same-year SDI-quintile peers,Climate/transmission,Neither,True
Malta,MLT,2023,WASH,-0.5343260169820003,same-year SDI-quintile peers,WASH,Neither,False
Malta,MLT,2023,Immunisation/UHC,-0.3395251662242329,same-year SDI-quintile peers,Immunisation/UHC,Neither,False
Malta,MLT,2023,HIV/TB,-0.1414517683850268,same-year SDI-quintile peers,HIV/TB,Neither,False
Malta,MLT,2023,Nutrition,,same-year SDI-quintile peers,Nutrition,Neither,False
Malta,MLT,2023,Health resources,-0.1974065067847229,same-year SDI-quintile peers,Health resources,Neither,False
Netherlands,NLD,2023,Household energy/HAP,0.118127746636918,same-year SDI-quintile peers,Household energy/HAP,Neither,False
Netherlands,NLD,2023,Ambient PM2.5,-0.4529575464218592,same-year SDI-quintile peers,Ambient PM2.5,Neither,False
Netherlands,NLD,2023,Climate/transmission,-0.2022564507454129,same-year SDI-quintile peers,Climate/transmission,Neither,False
Netherlands,NLD,2023,WASH,-0.3103670761353994,same-year SDI-quintile peers,WASH,Neither,False
Netherlands,NLD,2023,Immunisation/UHC,-0.2727958844283369,same-year SDI-quintile peers,Immunisation/UHC,Neither,False
Netherlands,NLD,2023,HIV/TB,-0.6653707111423467,same-year SDI-quintile peers,HIV/TB,Neither,False
Netherlands,NLD,2023,Nutrition,,same-year SDI-quintile peers,Nutrition,Neither,False
Netherlands,NLD,2023,Health resources,-1.2129268961811193,same-year SDI-quintile peers,Health resources,Neither,False
Norway,NOR,2023,Household energy/HAP,0.118127746636918,same-year SDI-quintile peers,Household energy/HAP,Neither,False
Norway,NOR,2023,Ambient PM2.5,-0.6411479306506679,same-year SDI-quintile peers,Ambient PM2.5,Neither,False
Norway,NOR,2023,Climate/transmission,-0.7934211211303017,same-year SDI-quintile peers,Climate/transmission,Neither,False
Norway,NOR,2023,WASH,-0.3472439332632112,same-year SDI-quintile peers,WASH,Neither,False
Norway,NOR,2023,Immunisation/UHC,-0.7265632423609968,same-year SDI-quintile peers,Immunisation/UHC,Neither,False
Norway,NOR,2023,HIV/TB,-0.6989534989636933,same-year SDI-quintile peers,HIV/TB,Neither,False
Norway,NOR,2023,Nutrition,,same-year SDI-quintile peers,Nutrition,Neither,False
Norway,NOR,2023,Health resources,-1.7973768471536695,same-year SDI-quintile peers,Health resources,Neither,False
Portugal,PRT,2023,Household energy/HAP,-0.7226692885267759,same-year SDI-quintile peers,Household energy/HAP,Neither,False
Portugal,PRT,2023,Ambient PM2.5,-0.4420367628840197,same-year SDI-quintile peers,Ambient PM2.5,Neither,False
Portugal,PRT,2023,Climate/transmission,-0.0859557390033474,same-year SDI-quintile peers,Climate/transmission,Neither,False
Portugal,PRT,2023,WASH,-0.3409147788107048,same-year SDI-quintile peers,WASH,Neither,False
Portugal,PRT,2023,Immunisation/UHC,-0.6231275904864559,same-year SDI-quintile peers,Immunisation/UHC,Neither,False
Portugal,PRT,2023,HIV/TB,0.2738169784797012,same-year SDI-quintile peers,HIV/TB,Neither,False
Portugal,PRT,2023,Nutrition,,same-year SDI-quintile peers,Nutrition,Neither,False
Portugal,PRT,2023,Health resources,-0.0096393469250106,same-year SDI-quintile peers,Health resources,Neither,False
Spain,ESP,2023,Household energy/HAP,-0.5510653799140901,same-year SDI-quintile peers,Household energy/HAP,Neither,False
Spain,ESP,2023,Ambient PM2.5,-0.3613064398780616,same-year SDI-quintile peers,Ambient PM2.5,Neither,False
Spain,ESP,2023,Climate/transmission,-0.4228832069772381,same-year SDI-quintile peers,Climate/transmission,Neither,False
Spain,ESP,2023,WASH,-0.5098194974257029,same-year SDI-quintile peers,WASH,Neither,False
Spain,ESP,2023,Immunisation/UHC,-0.341214348099341,same-year SDI-quintile peers,Immunisation/UHC,Neither,False
Spain,ESP,2023,HIV/TB,-0.2066418859205819,same-year SDI-quintile peers,HIV/TB,Neither,False
Spain,ESP,2023,Nutrition,,same-year SDI-quintile peers,Nutrition,Neither,False
Spain,ESP,2023,Health resources,-0.0296241652496297,same-year SDI-quintile peers,Health resources,Neither,False
Sweden,SWE,2023,Household energy/HAP,0.118127746636918,same-year SDI-quintile peers,Household energy/HAP,Neither,False
Sweden,SWE,2023,Ambient PM2.5,-0.6572303878424185,same-year SDI-quintile peers,Ambient PM2.5,Neither,False
Sweden,SWE,2023,Climate/transmission,-0.7407531529840168,same-year SDI-quintile peers,Climate/transmission,Neither,False
Sweden,SWE,2023,WASH,-0.3606360046721228,same-year SDI-quintile peers,WASH,Neither,False
Sweden,SWE,2023,Immunisation/UHC,-0.4471474467191532,same-year SDI-quintile peers,Immunisation/UHC,Neither,False
Sweden,SWE,2023,HIV/TB,-0.6812902798217447,same-year SDI-quintile peers,HIV/TB,Neither,False
Sweden,SWE,2023,Nutrition,,same-year SDI-quintile peers,Nutrition,Neither,False
Sweden,SWE,2023,Health resources,-1.152905169663751,same-year SDI-quintile peers,Health resources,Neither,False
Switzerland,CHE,2023,Household energy/HAP,0.118127746636918,same-year SDI-quintile peers,Household energy/HAP,Neither,False
Switzerland,CHE,2023,Ambient PM2.5,-0.4693666145405572,same-year SDI-quintile peers,Ambient PM2.5,Neither,False
Switzerland,CHE,2023,Climate/transmission,-0.5406558853131843,same-year SDI-quintile peers,Climate/transmission,Neither,False
Switzerland,CHE,2023,WASH,-0.5247298584525366,same-year SDI-quintile peers,WASH,Neither,False
Switzerland,CHE,2023,Immunisation/UHC,-0.529197224659191,same-year SDI-quintile peers,Immunisation/UHC,Neither,False
Switzerland,CHE,2023,HIV/TB,-0.4695890863528109,same-year SDI-quintile peers,HIV/TB,Neither,False
Switzerland,CHE,2023,Nutrition,,same-year SDI-quintile peers,Nutrition,Neither,False
Switzerland,CHE,2023,Health resources,-3.174137221562692,same-year SDI-quintile peers,Health resources,Neither,False
United Kingdom,GBR,2023,Household energy/HAP,0.118127746636918,same-year SDI-quintile peers,Household energy/HAP,Neither,False
United Kingdom,GBR,2023,Ambient PM2.5,-0.3992373680365611,same-year SDI-quintile peers,Ambient PM2.5,Neither,False
United Kingdom,GBR,2023,Climate/transmission,-0.1208691740836559,same-year SDI-quintile peers,Climate/transmission,Neither,False
United Kingdom,GBR,2023,WASH,-0.4484258259466775,same-year SDI-quintile peers,WASH,Neither,False
United Kingdom,GBR,2023,Immunisation/UHC,-0.4503492701521035,same-year SDI-quintile peers,Immunisation/UHC,Neither,False
United Kingdom,GBR,2023,HIV/TB,-0.4063744269243938,same-year SDI-quintile peers,HIV/TB,Neither,False
United Kingdom,GBR,2023,Nutrition,,same-year SDI-quintile peers,Nutrition,Neither,False
United Kingdom,GBR,2023,Health resources,-0.3339678755139171,same-year SDI-quintile peers,Health resources,Neither,False
Argentina,ARG,2023,Household energy/HAP,-0.4062049748841977,same-year SDI-quintile peers,Household energy/HAP,Neither,False
Argentina,ARG,2023,Ambient PM2.5,-0.0994888967951774,same-year SDI-quintile peers,Ambient PM2.5,Neither,False
Argentina,ARG,2023,Climate/transmission,-0.5177521201944013,same-year SDI-quintile peers,Climate/transmission,Neither,False
Argentina,ARG,2023,WASH,,same-year SDI-quintile peers,WASH,Neither,False
Argentina,ARG,2023,Immunisation/UHC,1.2624517537755588,same-year SDI-quintile peers,Immunisation/UHC,Neither,True
Argentina,ARG,2023,HIV/TB,0.5501698412961558,same-year SDI-quintile peers,HIV/TB,Neither,True
Argentina,ARG,2023,Nutrition,,same-year SDI-quintile peers,Nutrition,Neither,False
Argentina,ARG,2023,Health resources,0.048958882825009,same-year SDI-quintile peers,Health resources,Neither,False
Chile,CHL,2023,Household energy/HAP,-0.6290243046358804,same-year SDI-quintile peers,Household energy/HAP,Neither,False
Chile,CHL,2023,Ambient PM2.5,0.437963932113504,same-year SDI-quintile peers,Ambient PM2.5,Neither,False
Chile,CHL,2023,Climate/transmission,-0.8476943675176454,same-year SDI-quintile peers,Climate/transmission,Neither,False
Chile,CHL,2023,WASH,-0.3096570668132279,same-year SDI-quintile peers,WASH,Neither,False
Chile,CHL,2023,Immunisation/UHC,-0.4901749026113328,same-year SDI-quintile peers,Immunisation/UHC,Neither,False
Chile,CHL,2023,HIV/TB,0.530837804590516,same-year SDI-quintile peers,HIV/TB,Neither,True
Chile,CHL,2023,Nutrition,,same-year SDI-quintile peers,Nutrition,Neither,False
Chile,CHL,2023,Health resources,0.4683179250677162,same-year SDI-quintile peers,Health resources,Neither,False
Uruguay,URY,2023,Household energy/HAP,-0.5633012566945597,same-year SDI-quintile peers,Household energy/HAP,Neither,False
Uruguay,URY,2023,Ambient PM2.5,-0.3138029514292218,same-year SDI-quintile peers,Ambient PM2.5,Neither,False
Uruguay,URY,2023,Climate/transmission,-0.0251438728851599,same-year SDI-quintile peers,Climate/transmission,Neither,False
Uruguay,URY,2023,WASH,-0.3431987566097573,same-year SDI-quintile peers,WASH,Neither,False
Uruguay,URY,2023,Immunisation/UHC,-0.4944320405479183,same-year SDI-quintile peers,Immunisation/UHC,Neither,False
Uruguay,URY,2023,HIV/TB,0.9464872004599958,same-year SDI-quintile peers,HIV/TB,Neither,True
Uruguay,URY,2023,Nutrition,,same-year SDI-quintile peers,Nutrition,Neither,False
Uruguay,URY,2023,Health resources,0.3438324996354188,same-year SDI-quintile peers,Health resources,Neither,False
Canada,CAN,2023,Household energy/HAP,0.118127746636918,same-year SDI-quintile peers,Household energy/HAP,Neither,False
Canada,CAN,2023,Ambient PM2.5,-0.5779926288543551,same-year SDI-quintile peers,Ambient PM2.5,Neither,False
Canada,CAN,2023,Climate/transmission,-0.7217328906313227,same-year SDI-quintile peers,Climate/transmission,Neither,False
Canada,CAN,2023,WASH,-0.0191095471267776,same-year SDI-quintile peers,WASH,Neither,False
Canada,CAN,2023,Immunisation/UHC,-0.5625202765288274,same-year SDI-quintile peers,Immunisation/UHC,Neither,False
Canada,CAN,2023,HIV/TB,-0.5864682906791191,same-year SDI-quintile peers,HIV/TB,Neither,False
Canada,CAN,2023,Nutrition,,same-year SDI-quintile peers,Nutrition,Neither,False
Canada,CAN,2023,Health resources,-0.4415852298886139,same-year SDI-quintile peers,Health resources,Neither,False
United States of America,USA,2023,Household energy/HAP,0.118127746636918,same-year SDI-quintile peers,Household energy/HAP,Neither,False
United States of America,USA,2023,Ambient PM2.5,-0.5523585727927828,same-year SDI-quintile peers,Ambient PM2.5,Neither,False
United States of America,USA,2023,Climate/transmission,-0.5692936596178226,same-year SDI-quintile peers,Climate/transmission,Neither,False
United States of America,USA,2023,WASH,-0.4931044851016726,same-year SDI-quintile peers,WASH,Neither,False
United States of America,USA,2023,Immunisation/UHC,-0.4722428562020441,same-year SDI-quintile peers,Immunisation/UHC,Neither,False
United States of America,USA,2023,HIV/TB,-0.7089466933216771,same-year SDI-quintile peers,HIV/TB,Neither,False
United States of America,USA,2023,Nutrition,,same-year SDI-quintile peers,Nutrition,Neither,False
United States of America,USA,2023,Health resources,-3.78641082004937,same-year SDI-quintile peers,Health resources,Neither,False
Antigua and Barbuda,ATG,2023,Household energy/HAP,-0.6214822749137594,same-year SDI-quintile peers,Household energy/HAP,Excess-only,False
Antigua and Barbuda,ATG,2023,Ambient PM2.5,-0.4634812056143979,same-year SDI-quintile peers,Ambient PM2.5,Excess-only,False
Antigua and Barbuda,ATG,2023,Climate/transmission,1.3565919155187636,same-year SDI-quintile peers,Climate/transmission,Excess-only,True
Antigua and Barbuda,ATG,2023,WASH,-0.2571493519970945,same-year SDI-quintile peers,WASH,Excess-only,False
Antigua and Barbuda,ATG,2023,Immunisation/UHC,0.2382044029290794,same-year SDI-quintile peers,Immunisation/UHC,Excess-only,False
Antigua and Barbuda,ATG,2023,HIV/TB,1.0474887314678951,same-year SDI-quintile peers,HIV/TB,Excess-only,True
Antigua and Barbuda,ATG,2023,Nutrition,,same-year SDI-quintile peers,Nutrition,Excess-only,False
Antigua and Barbuda,ATG,2023,Health resources,0.7913333857410966,same-year SDI-quintile peers,Health resources,Excess-only,True
Bahamas,BHS,2023,Household energy/HAP,-0.7031823542059947,same-year SDI-quintile peers,Household energy/HAP,Excess-only,False
Bahamas,BHS,2023,Ambient PM2.5,-0.6558474319068652,same-year SDI-quintile peers,Ambient PM2.5,Excess-only,False
Bahamas,BHS,2023,Climate/transmission,1.1399507251006142,same-year SDI-quintile peers,Climate/transmission,Excess-only,True
Bahamas,BHS,2023,WASH,,same-year SDI-quintile peers,WASH,Excess-only,False
Bahamas,BHS,2023,Immunisation/UHC,0.1984075531145273,same-year SDI-quintile peers,Immunisation/UHC,Excess-only,False
Bahamas,BHS,2023,HIV/TB,1.199599005717524,same-year SDI-quintile peers,HIV/TB,Excess-only,True
Bahamas,BHS,2023,Nutrition,,same-year SDI-quintile peers,Nutrition,Excess-only,False
Bahamas,BHS,2023,Health resources,0.5918496412385967,same-year SDI-quintile peers,Health resources,Excess-only,True
Barbados,BRB,2023,Household energy/HAP,-0.0582340718910703,same-year SDI-quintile peers,Household energy/HAP,Excess-only,False
Barbados,BRB,2023,Ambient PM2.5,-0.3105348475445593,same-year SDI-quintile peers,Ambient PM2.5,Excess-only,False
Barbados,BRB,2023,Climate/transmission,1.383809130297787,same-year SDI-quintile peers,Climate/transmission,Excess-only,True
Barbados,BRB,2023,WASH,-0.1654175847727717,same-year SDI-quintile peers,WASH,Excess-only,False
Barbados,BRB,2023,Immunisation/UHC,0.1685729581642668,same-year SDI-quintile peers,Immunisation/UHC,Excess-only,False
Barbados,BRB,2023,HIV/TB,1.0397844448500568,same-year SDI-quintile peers,HIV/TB,Excess-only,True
Barbados,BRB,2023,Nutrition,,same-year SDI-quintile peers,Nutrition,Excess-only,False
Barbados,BRB,2023,Health resources,0.843991692498588,same-year SDI-quintile peers,Health resources,Excess-only,True
Belize,BLZ,2023,Household energy/HAP,-1.003063461480331,same-year SDI-quintile peers,Household energy/HAP,Neither,False
Belize,BLZ,2023,Ambient PM2.5,-0.3438306734740892,same-year SDI-quintile peers,Ambient PM2.5,Neither,False
Belize,BLZ,2023,Climate/transmission,0.8105921824684139,same-year SDI-quintile peers,Climate/transmission,Neither,True
Belize,BLZ,2023,WASH,-0.5362126287435391,same-year SDI-quintile peers,WASH,Neither,False
Belize,BLZ,2023,Immunisation/UHC,0.2622842565234434,same-year SDI-quintile peers,Immunisation/UHC,Neither,False
Belize,BLZ,2023,HIV/TB,-0.4979012280106897,same-year SDI-quintile peers,HIV/TB,Neither,False
Belize,BLZ,2023,Nutrition,,same-year SDI-quintile peers,Nutrition,Neither,False
Belize,BLZ,2023,Health resources,0.3859653943254612,same-year SDI-quintile peers,Health resources,Neither,False
Cuba,CUB,2023,Household energy/HAP,1.0804506341680291,same-year SDI-quintile peers,Household energy/HAP,Neither,True
Cuba,CUB,2023,Ambient PM2.5,-1.258662716995925,same-year SDI-quintile peers,Ambient PM2.5,Neither,False
Cuba,CUB,2023,Climate/transmission,0.9674627324389974,same-year SDI-quintile peers,Climate/transmission,Neither,True
Cuba,CUB,2023,WASH,-0.0016158225680319,same-year SDI-quintile peers,WASH,Neither,False
Cuba,CUB,2023,Immunisation/UHC,-0.4701545120681548,same-year SDI-quintile peers,Immunisation/UHC,Neither,False
Cuba,CUB,2023,HIV/TB,-0.4825128104232057,same-year SDI-quintile peers,HIV/TB,Neither,False
Cuba,CUB,2023,Nutrition,,same-year SDI-quintile peers,Nutrition,Neither,False
Cuba,CUB,2023,Health resources,,same-year SDI-quintile peers,Health resources,Neither,False
Dominica,DMA,2023,Household energy/HAP,1.7498226650196629,same-year SDI-quintile peers,Household energy/HAP,Excess-only,True
Dominica,DMA,2023,Ambient PM2.5,-0.2731855900910992,same-year SDI-quintile peers,Ambient PM2.5,Excess-only,False
Dominica,DMA,2023,Climate/transmission,1.3412555177155252,same-year SDI-quintile peers,Climate/transmission,Excess-only,True
Dominica,DMA,2023,WASH,0.8233832227350074,same-year SDI-quintile peers,WASH,Excess-only,True
Dominica,DMA,2023,Immunisation/UHC,2.462053370585928,same-year SDI-quintile peers,Immunisation/UHC,Excess-only,True
Dominica,DMA,2023,HIV/TB,0.0762711677658977,same-year SDI-quintile peers,HIV/TB,Excess-only,False
Dominica,DMA,2023,Nutrition,,same-year SDI-quintile peers,Nutrition,Excess-only,False
Dominica,DMA,2023,Health resources,0.9177352057908243,same-year SDI-quintile peers,Health resources,Excess-only,True
Dominican Republic,DOM,2023,Household energy/HAP,-0.6890556339191821,same-year SDI-quintile peers,Household energy/HAP,Neither,False
Dominican Republic,DOM,2023,Ambient PM2.5,-0.8726405626377045,same-year SDI-quintile peers,Ambient PM2.5,Neither,False
Dominican Republic,DOM,2023,Climate/transmission,0.6330768460326266,same-year SDI-quintile peers,Climate/transmission,Neither,True
Dominican Republic,DOM,2023,WASH,-0.2761227970968752,same-year SDI-quintile peers,WASH,Neither,False
Dominican Republic,DOM,2023,Immunisation/UHC,-0.5191603152475445,same-year SDI-quintile peers,Immunisation/UHC,Neither,False
Dominican Republic,DOM,2023,HIV/TB,-0.0274417904120801,same-year SDI-quintile peers,HIV/TB,Neither,False
Dominican Republic,DOM,2023,Nutrition,,same-year SDI-quintile peers,Nutrition,Neither,False
Dominican Republic,DOM,2023,Health resources,-0.3390742125538568,same-year SDI-quintile peers,Health resources,Neither,False
Grenada,GRD,2023,Household energy/HAP,0.1157837562317636,same-year SDI-quintile peers,Household energy/HAP,Neither,False
Grenada,GRD,2023,Ambient PM2.5,-1.0662220291311435,same-year SDI-quintile peers,Ambient PM2.5,Neither,False
Grenada,GRD,2023,Climate/transmission,1.1672762391285474,same-year SDI-quintile peers,Climate/transmission,Neither,True
Grenada,GRD,2023,WASH,-0.1300857731593198,same-year SDI-quintile peers,WASH,Neither,False
Grenada,GRD,2023,Immunisation/UHC,0.3272446723227465,same-year SDI-quintile peers,Immunisation/UHC,Neither,False
Grenada,GRD,2023,HIV/TB,-0.6689406909066054,same-year SDI-quintile peers,HIV/TB,Neither,False
Grenada,GRD,2023,Nutrition,,same-year SDI-quintile peers,Nutrition,Neither,False
Grenada,GRD,2023,Health resources,-0.2894827341666183,same-year SDI-quintile peers,Health resources,Neither,False
Guyana,GUY,2023,Household energy/HAP,-1.0415693253040426,same-year SDI-quintile peers,Household energy/HAP,Neither,False
Guyana,GUY,2023,Ambient PM2.5,-0.3474306403113941,same-year SDI-quintile peers,Ambient PM2.5,Neither,False
Guyana,GUY,2023,Climate/transmission,1.175218776254939,same-year SDI-quintile peers,Climate/transmission,Neither,True
Guyana,GUY,2023,WASH,0.0916480813311336,same-year SDI-quintile peers,WASH,Neither,False
Guyana,GUY,2023,Immunisation/UHC,-0.560217780874809,same-year SDI-quintile peers,Immunisation/UHC,Neither,False
Guyana,GUY,2023,HIV/TB,-0.0732347434659975,same-year SDI-quintile peers,HIV/TB,Neither,False
Guyana,GUY,2023,Nutrition,,same-year SDI-quintile peers,Nutrition,Neither,False
Guyana,GUY,2023,Health resources,-0.0085225709497152,same-year SDI-quintile peers,Health resources,Neither,False
Haiti,HTI,2023,Household energy/HAP,0.4960192787356793,same-year SDI-quintile peers,Household energy/HAP,Structural high,False
Haiti,HTI,2023,Ambient PM2.5,-0.9634787914469648,same-year SDI-quintile peers,Ambient PM2.5,Structural high,False
Haiti,HTI,2023,Climate/transmission,0.962931536719496,same-year SDI-quintile peers,Climate/transmission,Structural high,True
Haiti,HTI,2023,WASH,0.3086106585078556,same-year SDI-quintile peers,WASH,Structural high,False
Haiti,HTI,2023,Immunisation/UHC,1.0773058260316202,same-year SDI-quintile peers,Immunisation/UHC,Structural high,True
Haiti,HTI,2023,HIV/TB,-0.1059929957444026,same-year SDI-quintile peers,HIV/TB,Structural high,False
Haiti,HTI,2023,Nutrition,-0.7633147906374299,same-year SDI-quintile peers,Nutrition,Structural high,False
Haiti,HTI,2023,Health resources,0.3721103483842135,same-year SDI-quintile peers,Health resources,Structural high,False
Jamaica,JAM,2023,Household energy/HAP,0.94093327549081,same-year SDI-quintile peers,Household energy/HAP,Neither,True
Jamaica,JAM,2023,Ambient PM2.5,0.2246292713021241,same-year SDI-quintile peers,Ambient PM2.5,Neither,False
Jamaica,JAM,2023,Climate/transmission,1.08261065988157,same-year SDI-quintile peers,Climate/transmission,Neither,True
Jamaica,JAM,2023,WASH,1.2683463248442035,same-year SDI-quintile peers,WASH,Neither,True
Jamaica,JAM,2023,Immunisation/UHC,-0.0427193773970803,same-year SDI-quintile peers,Immunisation/UHC,Neither,False
Jamaica,JAM,2023,HIV/TB,-0.4455299041286589,same-year SDI-quintile peers,HIV/TB,Neither,False
Jamaica,JAM,2023,Nutrition,,same-year SDI-quintile peers,Nutrition,Neither,False
Jamaica,JAM,2023,Health resources,1.0047364260072,same-year SDI-quintile peers,Health resources,Neither,True
Saint Lucia,LCA,2023,Household energy/HAP,-0.0269862630356778,same-year SDI-quintile peers,Household energy/HAP,Neither,False
Saint Lucia,LCA,2023,Ambient PM2.5,-1.139823254518053,same-year SDI-quintile peers,Ambient PM2.5,Neither,False
Saint Lucia,LCA,2023,Climate/transmission,1.1273603345816428,same-year SDI-quintile peers,Climate/transmission,Neither,True
Saint Lucia,LCA,2023,WASH,-0.5967875418094568,same-year SDI-quintile peers,WASH,Neither,False
Saint Lucia,LCA,2023,Immunisation/UHC,0.9071272356306858,same-year SDI-quintile peers,Immunisation/UHC,Neither,True
Saint Lucia,LCA,2023,HIV/TB,-0.5395808156888201,same-year SDI-quintile peers,HIV/TB,Neither,False
Saint Lucia,LCA,2023,Nutrition,,same-year SDI-quintile peers,Nutrition,Neither,False
Saint Lucia,LCA,2023,Health resources,-0.7634004616397778,same-year SDI-quintile peers,Health resources,Neither,False
Saint Vincent and the Grenadines,VCT,2023,Household energy/HAP,-0.3447658573724115,same-year SDI-quintile peers,Household energy/HAP,Neither,False
Saint Vincent and the Grenadines,VCT,2023,Ambient PM2.5,-1.0963955855802854,same-year SDI-quintile peers,Ambient PM2.5,Neither,False
Saint Vincent and the Grenadines,VCT,2023,Climate/transmission,0.8271139054123594,same-year SDI-quintile peers,Climate/transmission,Neither,True
Saint Vincent and the Grenadines,VCT,2023,WASH,,same-year SDI-quintile peers,WASH,Neither,False
Saint Vincent and the Grenadines,VCT,2023,Immunisation/UHC,-0.4337652415640126,same-year SDI-quintile peers,Immunisation/UHC,Neither,False
Saint Vincent and the Grenadines,VCT,2023,HIV/TB,-0.278296011055719,same-year SDI-quintile peers,HIV/TB,Neither,False
Saint Vincent and the Grenadines,VCT,2023,Nutrition,,same-year SDI-quintile peers,Nutrition,Neither,False
Saint Vincent and the Grenadines,VCT,2023,Health resources,-0.929744978686914,same-year SDI-quintile peers,Health resources,Neither,False
Suriname,SUR,2023,Household energy/HAP,-0.5071579414641629,same-year SDI-quintile peers,Household energy/HAP,Neither,False
Suriname,SUR,2023,Ambient PM2.5,-0.7067404770900699,same-year SDI-quintile peers,Ambient PM2.5,Neither,False
Suriname,SUR,2023,Climate/transmission,0.8297700305064192,same-year SDI-quintile peers,Climate/transmission,Neither,True
Suriname,SUR,2023,WASH,-0.3577300848924007,same-year SDI-quintile peers,WASH,Neither,False
Suriname,SUR,2023,Immunisation/UHC,0.645845362672458,same-year SDI-quintile peers,Immunisation/UHC,Neither,True
Suriname,SUR,2023,HIV/TB,0.3055393156517253,same-year SDI-quintile peers,HIV/TB,Neither,False
Suriname,SUR,2023,Nutrition,,same-year SDI-quintile peers,Nutrition,Neither,False
Suriname,SUR,2023,Health resources,0.390072626877225,same-year SDI-quintile peers,Health resources,Neither,False
Trinidad and Tobago,TTO,2023,Household energy/HAP,-0.7166323295274252,same-year SDI-quintile peers,Household energy/HAP,Neither,False
Trinidad and Tobago,TTO,2023,Ambient PM2.5,-0.1344446380141044,same-year SDI-quintile peers,Ambient PM2.5,Neither,False
Trinidad and Tobago,TTO,2023,Climate/transmission,1.403127045506495,same-year SDI-quintile peers,Climate/transmission,Neither,True
Trinidad and Tobago,TTO,2023,WASH,0.2179306527849019,same-year SDI-quintile peers,WASH,Neither,False
Trinidad and Tobago,TTO,2023,Immunisation/UHC,-0.097367046980141,same-year SDI-quintile peers,Immunisation/UHC,Neither,False
Trinidad and Tobago,TTO,2023,HIV/TB,0.1563039576047819,same-year SDI-quintile peers,HIV/TB,Neither,False
Trinidad and Tobago,TTO,2023,Nutrition,,same-year SDI-quintile peers,Nutrition,Neither,False
Trinidad and Tobago,TTO,2023,Health resources,0.7861670653143924,same-year SDI-quintile peers,Health resources,Neither,True
Bolivia (Plurinational State of),BOL,2023,Household energy/HAP,0.4158300591371481,same-year SDI-quintile peers,Household energy/HAP,Double-high,False
Bolivia (Plurinational State of),BOL,2023,Ambient PM2.5,0.2519706313842383,same-year SDI-quintile peers,Ambient PM2.5,Double-high,False
Bolivia (Plurinational State of),BOL,2023,Climate/transmission,-0.7905816408501933,same-year SDI-quintile peers,Climate/transmission,Double-high,False
Bolivia (Plurinational State of),BOL,2023,WASH,1.0287876390205288,same-year SDI-quintile peers,WASH,Double-high,True
Bolivia (Plurinational State of),BOL,2023,Immunisation/UHC,0.6641354822792441,same-year SDI-quintile peers,Immunisation/UHC,Double-high,True
Bolivia (Plurinational State of),BOL,2023,HIV/TB,-0.2643966026982884,same-year SDI-quintile peers,HIV/TB,Double-high,False
Bolivia (Plurinational State of),BOL,2023,Nutrition,,same-year SDI-quintile peers,Nutrition,Double-high,False
Bolivia (Plurinational State of),BOL,2023,Health resources,0.3745908483081872,same-year SDI-quintile peers,Health resources,Double-high,False
Ecuador,ECU,2023,Household energy/HAP,0.2831255678282042,same-year SDI-quintile peers,Household energy/HAP,Neither,False
Ecuador,ECU,2023,Ambient PM2.5,-0.1454264468127183,same-year SDI-quintile peers,Ambient PM2.5,Neither,False
Ecuador,ECU,2023,Climate/transmission,0.37054114816562,same-year SDI-quintile peers,Climate/transmission,Neither,False
Ecuador,ECU,2023,WASH,0.7093528106924054,same-year SDI-quintile peers,WASH,Neither,True
Ecuador,ECU,2023,Immunisation/UHC,0.5286562911974612,same-year SDI-quintile peers,Immunisation/UHC,Neither,True
Ecuador,ECU,2023,HIV/TB,-0.2262178221330559,same-year SDI-quintile peers,HIV/TB,Neither,False
Ecuador,ECU,2023,Nutrition,0.2755774999169745,same-year SDI-quintile peers,Nutrition,Neither,False
Ecuador,ECU,2023,Health resources,0.3138673571364304,same-year SDI-quintile peers,Health resources,Neither,False
Peru,PER,2023,Household energy/HAP,0.0381383019378511,same-year SDI-quintile peers,Household energy/HAP,Neither,False
Peru,PER,2023,Ambient PM2.5,1.371882608467604,same-year SDI-quintile peers,Ambient PM2.5,Neither,True
Peru,PER,2023,Climate/transmission,-0.2267501842577386,same-year SDI-quintile peers,Climate/transmission,Neither,False
Peru,PER,2023,WASH,1.041202269475848,same-year SDI-quintile peers,WASH,Neither,True
Peru,PER,2023,Immunisation/UHC,0.2785745297237731,same-year SDI-quintile peers,Immunisation/UHC,Neither,False
Peru,PER,2023,HIV/TB,0.2608749139639868,same-year SDI-quintile peers,HIV/TB,Neither,False
Peru,PER,2023,Nutrition,-0.3680059198979676,same-year SDI-quintile peers,Nutrition,Neither,False
Peru,PER,2023,Health resources,0.3221972951111322,same-year SDI-quintile peers,Health resources,Neither,False
Colombia,COL,2023,Household energy/HAP,-0.1730602099798041,same-year SDI-quintile peers,Household energy/HAP,Neither,False
Colombia,COL,2023,Ambient PM2.5,-0.1760303862635682,same-year SDI-quintile peers,Ambient PM2.5,Neither,False
Colombia,COL,2023,Climate/transmission,0.305554125804311,same-year SDI-quintile peers,Climate/transmission,Neither,False
Colombia,COL,2023,WASH,-0.3960145963501034,same-year SDI-quintile peers,WASH,Neither,False
Colombia,COL,2023,Immunisation/UHC,-0.5170746069748446,same-year SDI-quintile peers,Immunisation/UHC,Neither,False
Colombia,COL,2023,HIV/TB,-0.2773926471112287,same-year SDI-quintile peers,HIV/TB,Neither,False
Colombia,COL,2023,Nutrition,,same-year SDI-quintile peers,Nutrition,Neither,False
Colombia,COL,2023,Health resources,0.1619189055042059,same-year SDI-quintile peers,Health resources,Neither,False
Costa Rica,CRI,2023,Household energy/HAP,-0.6304824624570895,same-year SDI-quintile peers,Household energy/HAP,Neither,False
Costa Rica,CRI,2023,Ambient PM2.5,-0.2560721587302802,same-year SDI-quintile peers,Ambient PM2.5,Neither,False
Costa Rica,CRI,2023,Climate/transmission,0.6046920845691532,same-year SDI-quintile peers,Climate/transmission,Neither,True
Costa Rica,CRI,2023,WASH,-1.0183089424061469,same-year SDI-quintile peers,WASH,Neither,False
Costa Rica,CRI,2023,Immunisation/UHC,-0.9974982616028694,same-year SDI-quintile peers,Immunisation/UHC,Neither,False
Costa Rica,CRI,2023,HIV/TB,-0.4749358123061405,same-year SDI-quintile peers,HIV/TB,Neither,False
Costa Rica,CRI,2023,Nutrition,,same-year SDI-quintile peers,Nutrition,Neither,False
Costa Rica,CRI,2023,Health resources,-1.7724467817666316,same-year SDI-quintile peers,Health resources,Neither,False
El Salvador,SLV,2023,Household energy/HAP,-1.1501016647391484,same-year SDI-quintile peers,Household energy/HAP,Neither,False
El Salvador,SLV,2023,Ambient PM2.5,0.6445188991791361,same-year SDI-quintile peers,Ambient PM2.5,Neither,True
El Salvador,SLV,2023,Climate/transmission,0.0679590761840534,same-year SDI-quintile peers,Climate/transmission,Neither,False
El Salvador,SLV,2023,WASH,-0.4286451733691236,same-year SDI-quintile peers,WASH,Neither,False
El Salvador,SLV,2023,Immunisation/UHC,-1.0736766859016558,same-year SDI-quintile peers,Immunisation/UHC,Neither,False
El Salvador,SLV,2023,HIV/TB,-0.4624344062123838,same-year SDI-quintile peers,HIV/TB,Neither,False
El Salvador,SLV,2023,Nutrition,,same-year SDI-quintile peers,Nutrition,Neither,False
El Salvador,SLV,2023,Health resources,-0.5655035542211576,same-year SDI-quintile peers,Health resources,Neither,False
Guatemala,GTM,2023,Household energy/HAP,-0.2384491602467309,same-year SDI-quintile peers,Household energy/HAP,Neither,False
Guatemala,GTM,2023,Ambient PM2.5,0.651689999650509,same-year SDI-quintile peers,Ambient PM2.5,Neither,True
Guatemala,GTM,2023,Climate/transmission,-0.1238795913321093,same-year SDI-quintile peers,Climate/transmission,Neither,False
Guatemala,GTM,2023,WASH,-0.1089093189365732,same-year SDI-quintile peers,WASH,Neither,False
Guatemala,GTM,2023,Immunisation/UHC,-0.1159995979859803,same-year SDI-quintile peers,Immunisation/UHC,Neither,False
Guatemala,GTM,2023,HIV/TB,-0.591128774608943,same-year SDI-quintile peers,HIV/TB,Neither,False
Guatemala,GTM,2023,Nutrition,,same-year SDI-quintile peers,Nutrition,Neither,False
Guatemala,GTM,2023,Health resources,0.2479480196299797,same-year SDI-quintile peers,Health resources,Neither,False
Honduras,HND,2023,Household energy/HAP,-1.3794220669444393,same-year SDI-quintile peers,Household energy/HAP,Neither,False
Honduras,HND,2023,Ambient PM2.5,0.0006025935091434,same-year SDI-quintile peers,Ambient PM2.5,Neither,False
Honduras,HND,2023,Climate/transmission,0.2024892457607582,same-year SDI-quintile peers,Climate/transmission,Neither,False
Honduras,HND,2023,WASH,-1.7296031339558648,same-year SDI-quintile peers,WASH,Neither,False
Honduras,HND,2023,Immunisation/UHC,-0.3291524970395265,same-year SDI-quintile peers,Immunisation/UHC,Neither,False
Honduras,HND,2023,HIV/TB,-0.824333439731052,same-year SDI-quintile peers,HIV/TB,Neither,False
Honduras,HND,2023,Nutrition,,same-year SDI-quintile peers,Nutrition,Neither,False
Honduras,HND,2023,Health resources,-1.8725377209675176,same-year SDI-quintile peers,Health resources,Neither,False
Mexico,MEX,2023,Household energy/HAP,-0.3254739333432761,same-year SDI-quintile peers,Household energy/HAP,Neither,False
Mexico,MEX,2023,Ambient PM2.5,-0.3882957411070826,same-year SDI-quintile peers,Ambient PM2.5,Neither,False
Mexico,MEX,2023,Climate/transmission,-0.5634473516704651,same-year SDI-quintile peers,Climate/transmission,Neither,False
Mexico,MEX,2023,WASH,-0.5842794681165103,same-year SDI-quintile peers,WASH,Neither,False
Mexico,MEX,2023,Immunisation/UHC,-0.1405670740756036,same-year SDI-quintile peers,Immunisation/UHC,Neither,False
Mexico,MEX,2023,HIV/TB,-0.3939942090109262,same-year SDI-quintile peers,HIV/TB,Neither,False
Mexico,MEX,2023,Nutrition,,same-year SDI-quintile peers,Nutrition,Neither,False
Mexico,MEX,2023,Health resources,-0.4886556335107829,same-year SDI-quintile peers,Health resources,Neither,False
Nicaragua,NIC,2023,Household energy/HAP,0.0058985598899055,same-year SDI-quintile peers,Household energy/HAP,Neither,False
Nicaragua,NIC,2023,Ambient PM2.5,-0.0622072876152599,same-year SDI-quintile peers,Ambient PM2.5,Neither,False
Nicaragua,NIC,2023,Climate/transmission,0.4467364322888347,same-year SDI-quintile peers,Climate/transmission,Neither,False
Nicaragua,NIC,2023,WASH,,same-year SDI-quintile peers,WASH,Neither,False
Nicaragua,NIC,2023,Immunisation/UHC,-0.4450732860709439,same-year SDI-quintile peers,Immunisation/UHC,Neither,False
Nicaragua,NIC,2023,HIV/TB,-0.6945196597398342,same-year SDI-quintile peers,HIV/TB,Neither,False
Nicaragua,NIC,2023,Nutrition,,same-year SDI-quintile peers,Nutrition,Neither,False
Nicaragua,NIC,2023,Health resources,0.3209159867417178,same-year SDI-quintile peers,Health resources,Neither,False
Panama,PAN,2023,Household energy/HAP,-1.0656624204840122,same-year SDI-quintile peers,Household energy/HAP,Neither,False
Panama,PAN,2023,Ambient PM2.5,-0.569237714360955,same-year SDI-quintile peers,Ambient PM2.5,Neither,False
Panama,PAN,2023,Climate/transmission,1.0709260210770946,same-year SDI-quintile peers,Climate/transmission,Neither,True
Panama,PAN,2023,WASH,0.4069851603725357,same-year SDI-quintile peers,WASH,Neither,False
Panama,PAN,2023,Immunisation/UHC,0.310481510813055,same-year SDI-quintile peers,Immunisation/UHC,Neither,False
Panama,PAN,2023,HIV/TB,-0.1482529877276663,same-year SDI-quintile peers,HIV/TB,Neither,False
Panama,PAN,2023,Nutrition,,same-year SDI-quintile peers,Nutrition,Neither,False
Panama,PAN,2023,Health resources,-3.031337697664166,same-year SDI-quintile peers,Health resources,Neither,False
Venezuela (Bolivarian Republic of),VEN,2023,Household energy/HAP,-0.3377699779865549,same-year SDI-quintile peers,Household energy/HAP,Neither,False
Venezuela (Bolivarian Republic of),VEN,2023,Ambient PM2.5,-0.156233360347959,same-year SDI-quintile peers,Ambient PM2.5,Neither,False
Venezuela (Bolivarian Republic of),VEN,2023,Climate/transmission,0.4280803769968839,same-year SDI-quintile peers,Climate/transmission,Neither,False
Venezuela (Bolivarian Republic of),VEN,2023,WASH,-0.7991358354029273,same-year SDI-quintile peers,WASH,Neither,False
Venezuela (Bolivarian Republic of),VEN,2023,Immunisation/UHC,1.297832921681859,same-year SDI-quintile peers,Immunisation/UHC,Neither,True
Venezuela (Bolivarian Republic of),VEN,2023,HIV/TB,-0.5223952248048107,same-year SDI-quintile peers,HIV/TB,Neither,False
Venezuela (Bolivarian Republic of),VEN,2023,Nutrition,,same-year SDI-quintile peers,Nutrition,Neither,False
Venezuela (Bolivarian Republic of),VEN,2023,Health resources,0.3772320949928539,same-year SDI-quintile peers,Health resources,Neither,False
Brazil,BRA,2023,Household energy/HAP,-0.4431136825785825,same-year SDI-quintile peers,Household energy/HAP,Excess-only,False
Brazil,BRA,2023,Ambient PM2.5,-0.7804917753050283,same-year SDI-quintile peers,Ambient PM2.5,Excess-only,False
Brazil,BRA,2023,Climate/transmission,0.289603664662133,same-year SDI-quintile peers,Climate/transmission,Excess-only,False
Brazil,BRA,2023,WASH,-0.5738452798222428,same-year SDI-quintile peers,WASH,Excess-only,False
Brazil,BRA,2023,Immunisation/UHC,-0.4915731191337109,same-year SDI-quintile peers,Immunisation/UHC,Excess-only,False
Brazil,BRA,2023,HIV/TB,-0.2515647152345163,same-year SDI-quintile peers,HIV/TB,Excess-only,False
Brazil,BRA,2023,Nutrition,,same-year SDI-quintile peers,Nutrition,Excess-only,False
Brazil,BRA,2023,Health resources,-1.2383666617000784,same-year SDI-quintile peers,Health resources,Excess-only,False
Paraguay,PRY,2023,Household energy/HAP,0.1766005618571838,same-year SDI-quintile peers,Household energy/HAP,Neither,False
Paraguay,PRY,2023,Ambient PM2.5,-0.7330526868438376,same-year SDI-quintile peers,Ambient PM2.5,Neither,False
Paraguay,PRY,2023,Climate/transmission,-0.027594178261008,same-year SDI-quintile peers,Climate/transmission,Neither,False
Paraguay,PRY,2023,WASH,-0.759433832755511,same-year SDI-quintile peers,WASH,Neither,False
Paraguay,PRY,2023,Immunisation/UHC,0.1005555971815715,same-year SDI-quintile peers,Immunisation/UHC,Neither,False
Paraguay,PRY,2023,HIV/TB,-0.2778075087965781,same-year SDI-quintile peers,HIV/TB,Neither,False
Paraguay,PRY,2023,Nutrition,,same-year SDI-quintile peers,Nutrition,Neither,False
Paraguay,PRY,2023,Health resources,-0.7855938788507736,same-year SDI-quintile peers,Health resources,Neither,False
Algeria,DZA,2023,Household energy/HAP,-0.6445089213838459,same-year SDI-quintile peers,Household energy/HAP,Neither,False
Algeria,DZA,2023,Ambient PM2.5,-0.6398924392826713,same-year SDI-quintile peers,Ambient PM2.5,Neither,False
Algeria,DZA,2023,Climate/transmission,-0.8894205778300784,same-year SDI-quintile peers,Climate/transmission,Neither,False
Algeria,DZA,2023,WASH,0.4490535707811133,same-year SDI-quintile peers,WASH,Neither,False
Algeria,DZA,2023,Immunisation/UHC,-0.5727087396403455,same-year SDI-quintile peers,Immunisation/UHC,Neither,False
Algeria,DZA,2023,HIV/TB,-0.589597280168164,same-year SDI-quintile peers,HIV/TB,Neither,False
Algeria,DZA,2023,Nutrition,,same-year SDI-quintile peers,Nutrition,Neither,False
Algeria,DZA,2023,Health resources,0.4671665881111327,same-year SDI-quintile peers,Health resources,Neither,False
Bahrain,BHR,2023,Household energy/HAP,0.118127746636918,same-year SDI-quintile peers,Household energy/HAP,Excess-only,False
Bahrain,BHR,2023,Ambient PM2.5,2.491759332734287,same-year SDI-quintile peers,Ambient PM2.5,Excess-only,True
Bahrain,BHR,2023,Climate/transmission,0.4637904541277182,same-year SDI-quintile peers,Climate/transmission,Excess-only,False
Bahrain,BHR,2023,WASH,-0.5165251767158012,same-year SDI-quintile peers,WASH,Excess-only,False
Bahrain,BHR,2023,Immunisation/UHC,-0.4009527967881847,same-year SDI-quintile peers,Immunisation/UHC,Excess-only,False
Bahrain,BHR,2023,HIV/TB,-0.4777021909642334,same-year SDI-quintile peers,HIV/TB,Excess-only,False
Bahrain,BHR,2023,Nutrition,,same-year SDI-quintile peers,Nutrition,Excess-only,False
Bahrain,BHR,2023,Health resources,0.6700880639918804,same-year SDI-quintile peers,Health resources,Excess-only,True
Egypt,EGY,2023,Household energy/HAP,-0.5147718476239758,same-year SDI-quintile peers,Household energy/HAP,Double-high,False
Egypt,EGY,2023,Ambient PM2.5,1.4061061768277026,same-year SDI-quintile peers,Ambient PM2.5,Double-high,True
Egypt,EGY,2023,Climate/transmission,-1.0115890283028248,same-year SDI-quintile peers,Climate/transmission,Double-high,False
Egypt,EGY,2023,WASH,-0.5749292001460464,same-year SDI-quintile peers,WASH,Double-high,False
Egypt,EGY,2023,Immunisation/UHC,-0.2557195551039746,same-year SDI-quintile peers,Immunisation/UHC,Double-high,False
Egypt,EGY,2023,HIV/TB,-0.7096301473901603,same-year SDI-quintile peers,HIV/TB,Double-high,False
Egypt,EGY,2023,Nutrition,,same-year SDI-quintile peers,Nutrition,Double-high,False
Egypt,EGY,2023,Health resources,0.8602145646091384,same-year SDI-quintile peers,Health resources,Double-high,True
Iran (Islamic Republic of),IRN,2023,Household energy/HAP,-0.6498152478765518,same-year SDI-quintile peers,Household energy/HAP,Neither,False
Iran (Islamic Republic of),IRN,2023,Ambient PM2.5,2.4840377846134585,same-year SDI-quintile peers,Ambient PM2.5,Neither,True
Iran (Islamic Republic of),IRN,2023,Climate/transmission,-1.1125293772470666,same-year SDI-quintile peers,Climate/transmission,Neither,False
Iran (Islamic Republic of),IRN,2023,WASH,-0.1641844455169754,same-year SDI-quintile peers,WASH,Neither,False
Iran (Islamic Republic of),IRN,2023,Immunisation/UHC,-0.2920565392885405,same-year SDI-quintile peers,Immunisation/UHC,Neither,False
Iran (Islamic Republic of),IRN,2023,HIV/TB,-0.5964179946432678,same-year SDI-quintile peers,HIV/TB,Neither,False
Iran (Islamic Republic of),IRN,2023,Nutrition,,same-year SDI-quintile peers,Nutrition,Neither,False
Iran (Islamic Republic of),IRN,2023,Health resources,0.4292003441287464,same-year SDI-quintile peers,Health resources,Neither,False
Iraq,IRQ,2023,Household energy/HAP,-0.617766056243528,same-year SDI-quintile peers,Household energy/HAP,Excess-only,False
Iraq,IRQ,2023,Ambient PM2.5,1.8925111974206927,same-year SDI-quintile peers,Ambient PM2.5,Excess-only,True
Iraq,IRQ,2023,Climate/transmission,-0.5079072210994343,same-year SDI-quintile peers,Climate/transmission,Excess-only,False
Iraq,IRQ,2023,WASH,-0.759643885621083,same-year SDI-quintile peers,WASH,Excess-only,False
Iraq,IRQ,2023,Immunisation/UHC,0.0724041321003504,same-year SDI-quintile peers,Immunisation/UHC,Excess-only,False
Iraq,IRQ,2023,HIV/TB,-0.6749539857482503,same-year SDI-quintile peers,HIV/TB,Excess-only,False
Iraq,IRQ,2023,Nutrition,,same-year SDI-quintile peers,Nutrition,Excess-only,False
Iraq,IRQ,2023,Health resources,0.0401604640002805,same-year SDI-quintile peers,Health resources,Excess-only,False
Jordan,JOR,2023,Household energy/HAP,1.4031338927225487,same-year SDI-quintile peers,Household energy/HAP,Excess-only,True
Jordan,JOR,2023,Ambient PM2.5,1.0228062184561368,same-year SDI-quintile peers,Ambient PM2.5,Excess-only,True
Jordan,JOR,2023,Climate/transmission,-1.0506923371702523,same-year SDI-quintile peers,Climate/transmission,Excess-only,False
Jordan,JOR,2023,WASH,-0.0358744091953359,same-year SDI-quintile peers,WASH,Excess-only,False
Jordan,JOR,2023,Immunisation/UHC,0.6151045761749779,same-year SDI-quintile peers,Immunisation/UHC,Excess-only,True
Jordan,JOR,2023,HIV/TB,-0.6890762084280031,same-year SDI-quintile peers,HIV/TB,Excess-only,False
Jordan,JOR,2023,Nutrition,0.2237945172806366,same-year SDI-quintile peers,Nutrition,Excess-only,False
Jordan,JOR,2023,Health resources,1.0600580451306665,same-year SDI-quintile peers,Health resources,Excess-only,True
Kuwait,KWT,2023,Household energy/HAP,0.118127746636918,same-year SDI-quintile peers,Household energy/HAP,Double-high,False
Kuwait,KWT,2023,Ambient PM2.5,2.846696738812293,same-year SDI-quintile peers,Ambient PM2.5,Double-high,True
Kuwait,KWT,2023,Climate/transmission,-0.0199707392457168,same-year SDI-quintile peers,Climate/transmission,Double-high,False
Kuwait,KWT,2023,WASH,-0.5343260169820003,same-year SDI-quintile peers,WASH,Double-high,False
Kuwait,KWT,2023,Immunisation/UHC,-0.6746693222518066,same-year SDI-quintile peers,Immunisation/UHC,Double-high,False
Kuwait,KWT,2023,HIV/TB,-0.5369659341783745,same-year SDI-quintile peers,HIV/TB,Double-high,False
Kuwait,KWT,2023,Nutrition,-0.12721425837096,same-year SDI-quintile peers,Nutrition,Double-high,False
Kuwait,KWT,2023,Health resources,0.4876924044454513,same-year SDI-quintile peers,Health resources,Double-high,False
Lebanon,LBN,2023,Household energy/HAP,1.492999142650251,same-year SDI-quintile peers,Household energy/HAP,Excess-only,True
Lebanon,LBN,2023,Ambient PM2.5,0.65840414024196,same-year SDI-quintile peers,Ambient PM2.5,Excess-only,True
Lebanon,LBN,2023,Climate/transmission,0.0644822054709481,same-year SDI-quintile peers,Climate/transmission,Excess-only,False
Lebanon,LBN,2023,WASH,1.1868489377307905,same-year SDI-quintile peers,WASH,Excess-only,True
Lebanon,LBN,2023,Immunisation/UHC,2.4460912927886884,same-year SDI-quintile peers,Immunisation/UHC,Excess-only,True
Lebanon,LBN,2023,HIV/TB,-0.5172113531069941,same-year SDI-quintile peers,HIV/TB,Excess-only,False
Lebanon,LBN,2023,Nutrition,0.6848158269340443,same-year SDI-quintile peers,Nutrition,Excess-only,True
Lebanon,LBN,2023,Health resources,1.0016803726758845,same-year SDI-quintile peers,Health resources,Excess-only,True
Libya,LBY,2023,Household energy/HAP,-0.4821102552306085,same-year SDI-quintile peers,Household energy/HAP,Double-high,False
Libya,LBY,2023,Ambient PM2.5,0.2483869031069971,same-year SDI-quintile peers,Ambient PM2.5,Double-high,False
Libya,LBY,2023,Climate/transmission,-0.244769477794953,same-year SDI-quintile peers,Climate/transmission,Double-high,False
Libya,LBY,2023,WASH,1.4284707008474165,same-year SDI-quintile peers,WASH,Double-high,True
Libya,LBY,2023,Immunisation/UHC,1.3171606795796984,same-year SDI-quintile peers,Immunisation/UHC,Double-high,True
Libya,LBY,2023,HIV/TB,0.3717447951051215,same-year SDI-quintile peers,HIV/TB,Double-high,False
Libya,LBY,2023,Nutrition,,same-year SDI-quintile peers,Nutrition,Double-high,False
Libya,LBY,2023,Health resources,0.9257256188162772,same-year SDI-quintile peers,Health resources,Double-high,True
Morocco,MAR,2023,Household energy/HAP,-1.2230474356790908,same-year SDI-quintile peers,Household energy/HAP,Neither,False
Morocco,MAR,2023,Ambient PM2.5,-0.1930535977300845,same-year SDI-quintile peers,Ambient PM2.5,Neither,False
Morocco,MAR,2023,Climate/transmission,-0.8819271499260095,same-year SDI-quintile peers,Climate/transmission,Neither,False
Morocco,MAR,2023,WASH,-0.4291642855816181,same-year SDI-quintile peers,WASH,Neither,False
Morocco,MAR,2023,Immunisation/UHC,-0.6065748108714202,same-year SDI-quintile peers,Immunisation/UHC,Neither,False
Morocco,MAR,2023,HIV/TB,-0.4658381927193357,same-year SDI-quintile peers,HIV/TB,Neither,False
Morocco,MAR,2023,Nutrition,,same-year SDI-quintile peers,Nutrition,Neither,False
Morocco,MAR,2023,Health resources,0.8032250919487304,same-year SDI-quintile peers,Health resources,Neither,True
Palestine,PSE,2023,Household energy/HAP,2.419357570842258,same-year SDI-quintile peers,Household energy/HAP,Double-high,True
Palestine,PSE,2023,Ambient PM2.5,-0.1896819120899427,same-year SDI-quintile peers,Ambient PM2.5,Double-high,False
Palestine,PSE,2023,Climate/transmission,-0.450021069054223,same-year SDI-quintile peers,Climate/transmission,Double-high,False
Palestine,PSE,2023,WASH,-0.8399795488038087,same-year SDI-quintile peers,WASH,Double-high,False
Palestine,PSE,2023,Immunisation/UHC,-0.2518333421769614,same-year SDI-quintile peers,Immunisation/UHC,Double-high,False
Palestine,PSE,2023,HIV/TB,-0.7944990300296427,same-year SDI-quintile peers,HIV/TB,Double-high,False
Palestine,PSE,2023,Nutrition,,same-year SDI-quintile peers,Nutrition,Double-high,False
Palestine,PSE,2023,Health resources,-0.012774167076942,same-year SDI-quintile peers,Health resources,Double-high,False
Oman,OMN,2023,Household energy/HAP,0.118127746636918,same-year SDI-quintile peers,Household energy/HAP,Excess-only,False
Oman,OMN,2023,Ambient PM2.5,1.8958101553349096,same-year SDI-quintile peers,Ambient PM2.5,Excess-only,True
Oman,OMN,2023,Climate/transmission,0.1712557651649305,same-year SDI-quintile peers,Climate/transmission,Excess-only,False
Oman,OMN,2023,WASH,1.1841871665609711,same-year SDI-quintile peers,WASH,Excess-only,True
Oman,OMN,2023,Immunisation/UHC,-0.18588477611561,same-year SDI-quintile peers,Immunisation/UHC,Excess-only,False
Oman,OMN,2023,HIV/TB,-0.4777021909642334,same-year SDI-quintile peers,HIV/TB,Excess-only,False
Oman,OMN,2023,Nutrition,,same-year SDI-quintile peers,Nutrition,Excess-only,False
Oman,OMN,2023,Health resources,0.8309097189686918,same-year SDI-quintile peers,Health resources,Excess-only,True
Qatar,QAT,2023,Household energy/HAP,0.118127746636918,same-year SDI-quintile peers,Household energy/HAP,Excess-only,False
Qatar,QAT,2023,Ambient PM2.5,5.633812507063997,same-year SDI-quintile peers,Ambient PM2.5,Excess-only,True
Qatar,QAT,2023,Climate/transmission,0.0171662807093362,same-year SDI-quintile peers,Climate/transmission,Excess-only,False
Qatar,QAT,2023,WASH,-0.5257936989800768,same-year SDI-quintile peers,WASH,Excess-only,False
Qatar,QAT,2023,Immunisation/UHC,-0.4713174008853533,same-year SDI-quintile peers,Immunisation/UHC,Excess-only,False
Qatar,QAT,2023,HIV/TB,0.0359169168916555,same-year SDI-quintile peers,HIV/TB,Excess-only,False
Qatar,QAT,2023,Nutrition,-0.1117941570682981,same-year SDI-quintile peers,Nutrition,Excess-only,False
Qatar,QAT,2023,Health resources,0.2779651793342937,same-year SDI-quintile peers,Health resources,Excess-only,False
Saudi Arabia,SAU,2023,Household energy/HAP,0.118127746636918,same-year SDI-quintile peers,Household energy/HAP,Excess-only,False
Saudi Arabia,SAU,2023,Ambient PM2.5,3.5322440993496893,same-year SDI-quintile peers,Ambient PM2.5,Excess-only,True
Saudi Arabia,SAU,2023,Climate/transmission,-0.0702905877729321,same-year SDI-quintile peers,Climate/transmission,Excess-only,False
Saudi Arabia,SAU,2023,WASH,-0.0917213530697363,same-year SDI-quintile peers,WASH,Excess-only,False
Saudi Arabia,SAU,2023,Immunisation/UHC,-0.5214516298032293,same-year SDI-quintile peers,Immunisation/UHC,Excess-only,False
Saudi Arabia,SAU,2023,HIV/TB,-0.5883278449639633,same-year SDI-quintile peers,HIV/TB,Excess-only,False
Saudi Arabia,SAU,2023,Nutrition,,same-year SDI-quintile peers,Nutrition,Excess-only,False
Saudi Arabia,SAU,2023,Health resources,0.337353731471028,same-year SDI-quintile peers,Health resources,Excess-only,False
Syrian Arab Republic,SYR,2023,Household energy/HAP,-0.1979431154138362,same-year SDI-quintile peers,Household energy/HAP,Structural high,False
Syrian Arab Republic,SYR,2023,Ambient PM2.5,0.8348377848304,same-year SDI-quintile peers,Ambient PM2.5,Structural high,True
Syrian Arab Republic,SYR,2023,Climate/transmission,-1.3127721421296208,same-year SDI-quintile peers,Climate/transmission,Structural high,False
Syrian Arab Republic,SYR,2023,WASH,-0.7652382293589213,same-year SDI-quintile peers,WASH,Structural high,False
Syrian Arab Republic,SYR,2023,Immunisation/UHC,0.9806616031329654,same-year SDI-quintile peers,Immunisation/UHC,Structural high,True
Syrian Arab Republic,SYR,2023,HIV/TB,-0.611259899356679,same-year SDI-quintile peers,HIV/TB,Structural high,False
Syrian Arab Republic,SYR,2023,Nutrition,,same-year SDI-quintile peers,Nutrition,Structural high,False
Syrian Arab Republic,SYR,2023,Health resources,0.6585276612587029,same-year SDI-quintile peers,Health resources,Structural high,True
Tunisia,TUN,2023,Household energy/HAP,0.0618567210022913,same-year SDI-quintile peers,Household energy/HAP,Excess-only,False
Tunisia,TUN,2023,Ambient PM2.5,-0.1130584521201719,same-year SDI-quintile peers,Ambient PM2.5,Excess-only,False
Tunisia,TUN,2023,Climate/transmission,-0.6684513088242964,same-year SDI-quintile peers,Climate/transmission,Excess-only,False
Tunisia,TUN,2023,WASH,-0.4545560232352269,same-year SDI-quintile peers,WASH,Excess-only,False
Tunisia,TUN,2023,Immunisation/UHC,-0.6216116239296688,same-year SDI-quintile peers,Immunisation/UHC,Excess-only,False
Tunisia,TUN,2023,HIV/TB,-0.3686473159094657,same-year SDI-quintile peers,HIV/TB,Excess-only,False
Tunisia,TUN,2023,Nutrition,,same-year SDI-quintile peers,Nutrition,Excess-only,False
Tunisia,TUN,2023,Health resources,0.9258547232153892,same-year SDI-quintile peers,Health resources,Excess-only,True
Türkiye,TUR,2023,Household energy/HAP,-0.4709601053133496,same-year SDI-quintile peers,Household energy/HAP,Excess-only,False
Türkiye,TUR,2023,Ambient PM2.5,0.6405624064577999,same-year SDI-quintile peers,Ambient PM2.5,Excess-only,True
Türkiye,TUR,2023,Climate/transmission,-0.5214372318363311,same-year SDI-quintile peers,Climate/transmission,Excess-only,False
Türkiye,TUR,2023,WASH,0.4296927072201567,same-year SDI-quintile peers,WASH,Excess-only,False
Türkiye,TUR,2023,Immunisation/UHC,-0.3351975189714413,same-year SDI-quintile peers,Immunisation/UHC,Excess-only,False
Türkiye,TUR,2023,HIV/TB,-0.2782968259655856,same-year SDI-quintile peers,HIV/TB,Excess-only,False
Türkiye,TUR,2023,Nutrition,,same-year SDI-quintile peers,Nutrition,Excess-only,False
Türkiye,TUR,2023,Health resources,0.8976722795633013,same-year SDI-quintile peers,Health resources,Excess-only,True
United Arab Emirates,ARE,2023,Household energy/HAP,0.118127746636918,same-year SDI-quintile peers,Household energy/HAP,Excess-only,False
United Arab Emirates,ARE,2023,Ambient PM2.5,2.5298893054529104,same-year SDI-quintile peers,Ambient PM2.5,Excess-only,True
United Arab Emirates,ARE,2023,Climate/transmission,-0.129346650658123,same-year SDI-quintile peers,Climate/transmission,Excess-only,False
United Arab Emirates,ARE,2023,WASH,-0.4470189779200295,same-year SDI-quintile peers,WASH,Excess-only,False
United Arab Emirates,ARE,2023,Immunisation/UHC,-0.4972816756370292,same-year SDI-quintile peers,Immunisation/UHC,Excess-only,False
United Arab Emirates,ARE,2023,HIV/TB,-0.7392528443493092,same-year SDI-quintile peers,HIV/TB,Excess-only,False
United Arab Emirates,ARE,2023,Nutrition,,same-year SDI-quintile peers,Nutrition,Excess-only,False
United Arab Emirates,ARE,2023,Health resources,0.4438759611435801,same-year SDI-quintile peers,Health resources,Excess-only,False
Yemen,YEM,2023,Household energy/HAP,-0.4158608095414984,same-year SDI-quintile peers,Household energy/HAP,Structural high,False
Yemen,YEM,2023,Ambient PM2.5,1.0430039472455483,same-year SDI-quintile peers,Ambient PM2.5,Structural high,True
Yemen,YEM,2023,Climate/transmission,-1.020890223408748,same-year SDI-quintile peers,Climate/transmission,Structural high,False
Yemen,YEM,2023,WASH,-0.4632017682001916,same-year SDI-quintile peers,WASH,Structural high,False
Yemen,YEM,2023,Immunisation/UHC,1.3937535753103696,same-year SDI-quintile peers,Immunisation/UHC,Structural high,True
Yemen,YEM,2023,HIV/TB,-0.8385496930819567,same-year SDI-quintile peers,HIV/TB,Structural high,False
Yemen,YEM,2023,Nutrition,,same-year SDI-quintile peers,Nutrition,Structural high,False
Yemen,YEM,2023,Health resources,0.4966768273322585,same-year SDI-quintile peers,Health resources,Structural high,False
Afghanistan,AFG,2023,Household energy/HAP,-0.1477516402904008,same-year SDI-quintile peers,Household energy/HAP,Structural high,False
Afghanistan,AFG,2023,Ambient PM2.5,0.4681780111101011,same-year SDI-quintile peers,Ambient PM2.5,Structural high,False
Afghanistan,AFG,2023,Climate/transmission,-2.46154440276496,same-year SDI-quintile peers,Climate/transmission,Structural high,False
Afghanistan,AFG,2023,WASH,-0.4371102136424437,same-year SDI-quintile peers,WASH,Structural high,False
Afghanistan,AFG,2023,Immunisation/UHC,0.8300166843355339,same-year SDI-quintile peers,Immunisation/UHC,Structural high,True
Afghanistan,AFG,2023,HIV/TB,-0.2681684491497704,same-year SDI-quintile peers,HIV/TB,Structural high,False
Afghanistan,AFG,2023,Nutrition,,same-year SDI-quintile peers,Nutrition,Structural high,False
Afghanistan,AFG,2023,Health resources,0.1273166112444057,same-year SDI-quintile peers,Health resources,Structural high,False
Bangladesh,BGD,2023,Household energy/HAP,-0.8677400867896903,same-year SDI-quintile peers,Household energy/HAP,Structural high,False
Bangladesh,BGD,2023,Ambient PM2.5,2.4928363648880376,same-year SDI-quintile peers,Ambient PM2.5,Structural high,True
Bangladesh,BGD,2023,Climate/transmission,0.8037153477936921,same-year SDI-quintile peers,Climate/transmission,Structural high,True
Bangladesh,BGD,2023,WASH,-1.358381803767983,same-year SDI-quintile peers,WASH,Structural high,False
Bangladesh,BGD,2023,Immunisation/UHC,-1.0900954226949184,same-year SDI-quintile peers,Immunisation/UHC,Structural high,False
Bangladesh,BGD,2023,HIV/TB,-0.2097559121205706,same-year SDI-quintile peers,HIV/TB,Structural high,False
Bangladesh,BGD,2023,Nutrition,,same-year SDI-quintile peers,Nutrition,Structural high,False
Bangladesh,BGD,2023,Health resources,-0.3975668615298195,same-year SDI-quintile peers,Health resources,Structural high,False
Bhutan,BTN,2023,Household energy/HAP,-3.096999988026408,same-year SDI-quintile peers,Household energy/HAP,Neither,False
Bhutan,BTN,2023,Ambient PM2.5,-0.0411886180322624,same-year SDI-quintile peers,Ambient PM2.5,Neither,False
Bhutan,BTN,2023,Climate/transmission,-0.0820316849449303,same-year SDI-quintile peers,Climate/transmission,Neither,False
Bhutan,BTN,2023,WASH,-1.8256433431231909,same-year SDI-quintile peers,WASH,Neither,False
Bhutan,BTN,2023,Immunisation/UHC,-1.5747944606854212,same-year SDI-quintile peers,Immunisation/UHC,Neither,False
Bhutan,BTN,2023,HIV/TB,-0.339852985547689,same-year SDI-quintile peers,HIV/TB,Neither,False
Bhutan,BTN,2023,Nutrition,-0.8821370109737847,same-year SDI-quintile peers,Nutrition,Neither,False
Bhutan,BTN,2023,Health resources,-2.019376942436549,same-year SDI-quintile peers,Health resources,Neither,False
India,IND,2023,Household energy/HAP,-0.646248607228788,same-year SDI-quintile peers,Household energy/HAP,Double-high,False
India,IND,2023,Ambient PM2.5,2.5304741456471094,same-year SDI-quintile peers,Ambient PM2.5,Double-high,True
India,IND,2023,Climate/transmission,-0.0312409755421497,same-year SDI-quintile peers,Climate/transmission,Double-high,False
India,IND,2023,WASH,-0.4632585111200957,same-year SDI-quintile peers,WASH,Double-high,False
India,IND,2023,Immunisation/UHC,-0.5025732782723855,same-year SDI-quintile peers,Immunisation/UHC,Double-high,False
India,IND,2023,HIV/TB,-0.1128328331904612,same-year SDI-quintile peers,HIV/TB,Double-high,False
India,IND,2023,Nutrition,,same-year SDI-quintile peers,Nutrition,Double-high,False
India,IND,2023,Health resources,0.5639095952002975,same-year SDI-quintile peers,Health resources,Double-high,True
Nepal,NPL,2023,Household energy/HAP,-0.7278360578200619,same-year SDI-quintile peers,Household energy/HAP,Structural high,False
Nepal,NPL,2023,Ambient PM2.5,1.4546307917870258,same-year SDI-quintile peers,Ambient PM2.5,Structural high,True
Nepal,NPL,2023,Climate/transmission,-0.1116428134285365,same-year SDI-quintile peers,Climate/transmission,Structural high,False
Nepal,NPL,2023,WASH,-1.560435645588324,same-year SDI-quintile peers,WASH,Structural high,False
Nepal,NPL,2023,Immunisation/UHC,-1.015648951629691,same-year SDI-quintile peers,Immunisation/UHC,Structural high,False
Nepal,NPL,2023,HIV/TB,-0.1753955962210412,same-year SDI-quintile peers,HIV/TB,Structural high,False
Nepal,NPL,2023,Nutrition,,same-year SDI-quintile peers,Nutrition,Structural high,False
Nepal,NPL,2023,Health resources,-2.2839670383698145,same-year SDI-quintile peers,Health resources,Structural high,False
Pakistan,PAK,2023,Household energy/HAP,-1.5451747339702564,same-year SDI-quintile peers,Household energy/HAP,Double-high,False
Pakistan,PAK,2023,Ambient PM2.5,1.7892798634532228,same-year SDI-quintile peers,Ambient PM2.5,Double-high,True
Pakistan,PAK,2023,Climate/transmission,-0.8202460505737661,same-year SDI-quintile peers,Climate/transmission,Double-high,False
Pakistan,PAK,2023,WASH,-1.2392203784031282,same-year SDI-quintile peers,WASH,Double-high,False
Pakistan,PAK,2023,Immunisation/UHC,-0.6725935942970963,same-year SDI-quintile peers,Immunisation/UHC,Double-high,False
Pakistan,PAK,2023,HIV/TB,-0.0374822056318312,same-year SDI-quintile peers,HIV/TB,Double-high,False
Pakistan,PAK,2023,Nutrition,,same-year SDI-quintile peers,Nutrition,Double-high,False
Pakistan,PAK,2023,Health resources,0.903042024828255,same-year SDI-quintile peers,Health resources,Double-high,True
Angola,AGO,2023,Household energy/HAP,-1.6417984595585722,same-year SDI-quintile peers,Household energy/HAP,Neither,False
Angola,AGO,2023,Ambient PM2.5,-0.6986395793740392,same-year SDI-quintile peers,Ambient PM2.5,Neither,False
Angola,AGO,2023,Climate/transmission,-0.0382493377360343,same-year SDI-quintile peers,Climate/transmission,Neither,False
Angola,AGO,2023,WASH,0.2880847704072976,same-year SDI-quintile peers,WASH,Neither,False
Angola,AGO,2023,Immunisation/UHC,0.5200467166793813,same-year SDI-quintile peers,Immunisation/UHC,Neither,True
Angola,AGO,2023,HIV/TB,0.5601250057153728,same-year SDI-quintile peers,HIV/TB,Neither,True
Angola,AGO,2023,Nutrition,,same-year SDI-quintile peers,Nutrition,Neither,False
Angola,AGO,2023,Health resources,-0.1084075510639251,same-year SDI-quintile peers,Health resources,Neither,False
Central African Republic,CAF,2023,Household energy/HAP,1.1894711866584342,same-year SDI-quintile peers,Household energy/HAP,Structural high,True
Central African Republic,CAF,2023,Ambient PM2.5,0.1666271648512545,same-year SDI-quintile peers,Ambient PM2.5,Structural high,False
Central African Republic,CAF,2023,Climate/transmission,0.29566596801314,same-year SDI-quintile peers,Climate/transmission,Structural high,False
Central African Republic,CAF,2023,WASH,1.82007082615672,same-year SDI-quintile peers,WASH,Structural high,True
Central African Republic,CAF,2023,Immunisation/UHC,1.756938759074213,same-year SDI-quintile peers,Immunisation/UHC,Structural high,True
Central African Republic,CAF,2023,HIV/TB,0.8426927074213959,same-year SDI-quintile peers,HIV/TB,Structural high,True
Central African Republic,CAF,2023,Nutrition,,same-year SDI-quintile peers,Nutrition,Structural high,False
Central African Republic,CAF,2023,Health resources,0.2742439072434731,same-year SDI-quintile peers,Health resources,Structural high,False
Congo,COG,2023,Household energy/HAP,0.5830273364148683,same-year SDI-quintile peers,Household energy/HAP,Neither,True
Congo,COG,2023,Ambient PM2.5,1.1805747333587129,same-year SDI-quintile peers,Ambient PM2.5,Neither,True
Congo,COG,2023,Climate/transmission,0.71406610573758,same-year SDI-quintile peers,Climate/transmission,Neither,True
Congo,COG,2023,WASH,,same-year SDI-quintile peers,WASH,Neither,False
Congo,COG,2023,Immunisation/UHC,0.6920200943938515,same-year SDI-quintile peers,Immunisation/UHC,Neither,True
Congo,COG,2023,HIV/TB,0.1877040474275086,same-year SDI-quintile peers,HIV/TB,Neither,False
Congo,COG,2023,Nutrition,,same-year SDI-quintile peers,Nutrition,Neither,False
Congo,COG,2023,Health resources,0.5807399954662882,same-year SDI-quintile peers,Health resources,Neither,True
Democratic Republic of the Congo,COD,2023,Household energy/HAP,1.024959617107991,same-year SDI-quintile peers,Household energy/HAP,Structural high,True
Democratic Republic of the Congo,COD,2023,Ambient PM2.5,0.3300407162133956,same-year SDI-quintile peers,Ambient PM2.5,Structural high,False
Democratic Republic of the Congo,COD,2023,Climate/transmission,0.3291264433259042,same-year SDI-quintile peers,Climate/transmission,Structural high,False
Democratic Republic of the Congo,COD,2023,WASH,1.800407419751658,same-year SDI-quintile peers,WASH,Structural high,True
Democratic Republic of the Congo,COD,2023,Immunisation/UHC,0.8478743711383163,same-year SDI-quintile peers,Immunisation/UHC,Structural high,True
Democratic Republic of the Congo,COD,2023,HIV/TB,0.4532670420880419,same-year SDI-quintile peers,HIV/TB,Structural high,False
Democratic Republic of the Congo,COD,2023,Nutrition,0.3383962423739495,same-year SDI-quintile peers,Nutrition,Structural high,False
Democratic Republic of the Congo,COD,2023,Health resources,1.0595705471392305,same-year SDI-quintile peers,Health resources,Structural high,True
Equatorial Guinea,GNQ,2023,Household energy/HAP,0.9160433438474832,same-year SDI-quintile peers,Household energy/HAP,Neither,True
Equatorial Guinea,GNQ,2023,Ambient PM2.5,1.334956112216641,same-year SDI-quintile peers,Ambient PM2.5,Neither,True
Equatorial Guinea,GNQ,2023,Climate/transmission,0.7071619228599485,same-year SDI-quintile peers,Climate/transmission,Neither,True
Equatorial Guinea,GNQ,2023,WASH,,same-year SDI-quintile peers,WASH,Neither,False
Equatorial Guinea,GNQ,2023,Immunisation/UHC,1.286841625177736,same-year SDI-quintile peers,Immunisation/UHC,Neither,True
Equatorial Guinea,GNQ,2023,HIV/TB,0.2863302543781988,same-year SDI-quintile peers,HIV/TB,Neither,False
Equatorial Guinea,GNQ,2023,Nutrition,,same-year SDI-quintile peers,Nutrition,Neither,False
Equatorial Guinea,GNQ,2023,Health resources,0.465866000908651,same-year SDI-quintile peers,Health resources,Neither,False
Gabon,GAB,2023,Household energy/HAP,-0.5731808391363231,same-year SDI-quintile peers,Household energy/HAP,Neither,False
Gabon,GAB,2023,Ambient PM2.5,0.496826217595991,same-year SDI-quintile peers,Ambient PM2.5,Neither,False
Gabon,GAB,2023,Climate/transmission,0.7425910071663381,same-year SDI-quintile peers,Climate/transmission,Neither,True
Gabon,GAB,2023,WASH,2.0849323883930486,same-year SDI-quintile peers,WASH,Neither,True
Gabon,GAB,2023,Immunisation/UHC,1.480504061311383,same-year SDI-quintile peers,Immunisation/UHC,Neither,True
Gabon,GAB,2023,HIV/TB,2.067727794222167,same-year SDI-quintile peers,HIV/TB,Neither,True
Gabon,GAB,2023,Nutrition,,same-year SDI-quintile peers,Nutrition,Neither,False
Gabon,GAB,2023,Health resources,0.3833886584363454,same-year SDI-quintile peers,Health resources,Neither,False
Burundi,BDI,2023,Household energy/HAP,1.2495884165182911,same-year SDI-quintile peers,Household energy/HAP,Structural high,True
Burundi,BDI,2023,Ambient PM2.5,0.3222348860532251,same-year SDI-quintile peers,Ambient PM2.5,Structural high,False
Burundi,BDI,2023,Climate/transmission,-0.8208058096437449,same-year SDI-quintile peers,Climate/transmission,Structural high,False
Burundi,BDI,2023,WASH,0.1773680413415285,same-year SDI-quintile peers,WASH,Structural high,False
Burundi,BDI,2023,Immunisation/UHC,-0.5793601843895001,same-year SDI-quintile peers,Immunisation/UHC,Structural high,False
Burundi,BDI,2023,HIV/TB,-0.574106403307884,same-year SDI-quintile peers,HIV/TB,Structural high,False
Burundi,BDI,2023,Nutrition,0.3731736344614925,same-year SDI-quintile peers,Nutrition,Structural high,False
Burundi,BDI,2023,Health resources,0.5461549054890994,same-year SDI-quintile peers,Health resources,Structural high,True
Comoros,COM,2023,Household energy/HAP,0.2349287296863868,same-year SDI-quintile peers,Household energy/HAP,Structural high,False
Comoros,COM,2023,Ambient PM2.5,-1.328256080114118,same-year SDI-quintile peers,Ambient PM2.5,Structural high,False
Comoros,COM,2023,Climate/transmission,0.959589831830414,same-year SDI-quintile peers,Climate/transmission,Structural high,True
Comoros,COM,2023,WASH,-0.7064870226564972,same-year SDI-quintile peers,WASH,Structural high,False
Comoros,COM,2023,Immunisation/UHC,0.5607979762535318,same-year SDI-quintile peers,Immunisation/UHC,Structural high,True
Comoros,COM,2023,HIV/TB,-0.879782072161392,same-year SDI-quintile peers,HIV/TB,Structural high,False
Comoros,COM,2023,Nutrition,,same-year SDI-quintile peers,Nutrition,Structural high,False
Comoros,COM,2023,Health resources,-0.6888462437443623,same-year SDI-quintile peers,Health resources,Structural high,False
Djibouti,DJI,2023,Household energy/HAP,-0.520939828045348,same-year SDI-quintile peers,Household energy/HAP,Structural high,False
Djibouti,DJI,2023,Ambient PM2.5,0.6201114775976034,same-year SDI-quintile peers,Ambient PM2.5,Structural high,True
Djibouti,DJI,2023,Climate/transmission,0.4964756144930058,same-year SDI-quintile peers,Climate/transmission,Structural high,False
Djibouti,DJI,2023,WASH,-0.7671991804719596,same-year SDI-quintile peers,WASH,Structural high,False
Djibouti,DJI,2023,Immunisation/UHC,0.1659692984672569,same-year SDI-quintile peers,Immunisation/UHC,Structural high,False
Djibouti,DJI,2023,HIV/TB,0.7978144550655205,same-year SDI-quintile peers,HIV/TB,Structural high,True
Djibouti,DJI,2023,Nutrition,0.4962743039148182,same-year SDI-quintile peers,Nutrition,Structural high,False
Djibouti,DJI,2023,Health resources,-0.1416830239122408,same-year SDI-quintile peers,Health resources,Structural high,False
Eritrea,ERI,2023,Household energy/HAP,0.5396679897037115,same-year SDI-quintile peers,Household energy/HAP,Structural high,True
Eritrea,ERI,2023,Ambient PM2.5,0.1906167632396722,same-year SDI-quintile peers,Ambient PM2.5,Structural high,False
Eritrea,ERI,2023,Climate/transmission,-0.957292484473896,same-year SDI-quintile peers,Climate/transmission,Structural high,False
Eritrea,ERI,2023,WASH,,same-year SDI-quintile peers,WASH,Structural high,False
Eritrea,ERI,2023,Immunisation/UHC,-0.6320039927582609,same-year SDI-quintile peers,Immunisation/UHC,Structural high,False
Eritrea,ERI,2023,HIV/TB,-0.4145014265444677,same-year SDI-quintile peers,HIV/TB,Structural high,False
Eritrea,ERI,2023,Nutrition,,same-year SDI-quintile peers,Nutrition,Structural high,False
Eritrea,ERI,2023,Health resources,0.9515954317747112,same-year SDI-quintile peers,Health resources,Structural high,True
Ethiopia,ETH,2023,Household energy/HAP,0.4075995396107988,same-year SDI-quintile peers,Household energy/HAP,Structural high,False
Ethiopia,ETH,2023,Ambient PM2.5,-0.4466773009639587,same-year SDI-quintile peers,Ambient PM2.5,Structural high,False
Ethiopia,ETH,2023,Climate/transmission,-1.2803465985404896,same-year SDI-quintile peers,Climate/transmission,Structural high,False
Ethiopia,ETH,2023,WASH,1.3351681879102473,same-year SDI-quintile peers,WASH,Structural high,True
Ethiopia,ETH,2023,Immunisation/UHC,0.6240607284039144,same-year SDI-quintile peers,Immunisation/UHC,Structural high,True
Ethiopia,ETH,2023,HIV/TB,-0.3924688560314715,same-year SDI-quintile peers,HIV/TB,Structural high,False
Ethiopia,ETH,2023,Nutrition,,same-year SDI-quintile peers,Nutrition,Structural high,False
Ethiopia,ETH,2023,Health resources,0.5907074662114145,same-year SDI-quintile peers,Health resources,Structural high,True
Kenya,KEN,2023,Household energy/HAP,0.93582198460522,same-year SDI-quintile peers,Household energy/HAP,Double-high,True
Kenya,KEN,2023,Ambient PM2.5,-0.0749816537304281,same-year SDI-quintile peers,Ambient PM2.5,Double-high,False
Kenya,KEN,2023,Climate/transmission,-0.6453721344560405,same-year SDI-quintile peers,Climate/transmission,Double-high,False
Kenya,KEN,2023,WASH,2.107410361475031,same-year SDI-quintile peers,WASH,Double-high,True
Kenya,KEN,2023,Immunisation/UHC,-0.304981969628351,same-year SDI-quintile peers,Immunisation/UHC,Double-high,False
Kenya,KEN,2023,HIV/TB,0.022630758812146,same-year SDI-quintile peers,HIV/TB,Double-high,False
Kenya,KEN,2023,Nutrition,,same-year SDI-quintile peers,Nutrition,Double-high,False
Kenya,KEN,2023,Health resources,0.6953690366670514,same-year SDI-quintile peers,Health resources,Double-high,True
Madagascar,MDG,2023,Household energy/HAP,0.8282445402865224,same-year SDI-quintile peers,Household energy/HAP,Structural high,True
Madagascar,MDG,2023,Ambient PM2.5,-1.185073426762822,same-year SDI-quintile peers,Ambient PM2.5,Structural high,False
Madagascar,MDG,2023,Climate/transmission,-0.2630950874527981,same-year SDI-quintile peers,Climate/transmission,Structural high,False
Madagascar,MDG,2023,WASH,1.2044092513506302,same-year SDI-quintile peers,WASH,Structural high,True
Madagascar,MDG,2023,Immunisation/UHC,0.8467729426120287,same-year SDI-quintile peers,Immunisation/UHC,Structural high,True
Madagascar,MDG,2023,HIV/TB,-0.1705431836578097,same-year SDI-quintile peers,HIV/TB,Structural high,False
Madagascar,MDG,2023,Nutrition,,same-year SDI-quintile peers,Nutrition,Structural high,False
Madagascar,MDG,2023,Health resources,1.1925098847245248,same-year SDI-quintile peers,Health resources,Structural high,True
Malawi,MWI,2023,Household energy/HAP,0.894220200785851,same-year SDI-quintile peers,Household energy/HAP,Structural high,True
Malawi,MWI,2023,Ambient PM2.5,-0.9047263351030992,same-year SDI-quintile peers,Ambient PM2.5,Structural high,False
Malawi,MWI,2023,Climate/transmission,-0.7551048276371536,same-year SDI-quintile peers,Climate/transmission,Structural high,False
Malawi,MWI,2023,WASH,-0.1337049136794212,same-year SDI-quintile peers,WASH,Structural high,False
Malawi,MWI,2023,Immunisation/UHC,-0.7801254550387658,same-year SDI-quintile peers,Immunisation/UHC,Structural high,False
Malawi,MWI,2023,HIV/TB,0.3638253335130288,same-year SDI-quintile peers,HIV/TB,Structural high,False
Malawi,MWI,2023,Nutrition,,same-year SDI-quintile peers,Nutrition,Structural high,False
Malawi,MWI,2023,Health resources,0.6638411312869813,same-year SDI-quintile peers,Health resources,Structural high,True
Mauritius,MUS,2023,Household energy/HAP,-0.5108670331334483,same-year SDI-quintile peers,Household energy/HAP,Double-high,False
Mauritius,MUS,2023,Ambient PM2.5,-0.1170126973939495,same-year SDI-quintile peers,Ambient PM2.5,Double-high,False
Mauritius,MUS,2023,Climate/transmission,1.0872795766262202,same-year SDI-quintile peers,Climate/transmission,Double-high,True
Mauritius,MUS,2023,WASH,-0.2337802811760375,same-year SDI-quintile peers,WASH,Double-high,False
Mauritius,MUS,2023,Immunisation/UHC,-0.0760467279030517,same-year SDI-quintile peers,Immunisation/UHC,Double-high,False
Mauritius,MUS,2023,HIV/TB,-0.357315150251107,same-year SDI-quintile peers,HIV/TB,Double-high,False
Mauritius,MUS,2023,Nutrition,,same-year SDI-quintile peers,Nutrition,Double-high,False
Mauritius,MUS,2023,Health resources,0.8728871132457787,same-year SDI-quintile peers,Health resources,Double-high,True
Mozambique,MOZ,2023,Household energy/HAP,0.822226847254006,same-year SDI-quintile peers,Household energy/HAP,Neither,True
Mozambique,MOZ,2023,Ambient PM2.5,-1.0987229466455444,same-year SDI-quintile peers,Ambient PM2.5,Neither,False
Mozambique,MOZ,2023,Climate/transmission,-0.2157273049889983,same-year SDI-quintile peers,Climate/transmission,Neither,False
Mozambique,MOZ,2023,WASH,0.3855510755934354,same-year SDI-quintile peers,WASH,Neither,False
Mozambique,MOZ,2023,Immunisation/UHC,0.3029802102544876,same-year SDI-quintile peers,Immunisation/UHC,Neither,False
Mozambique,MOZ,2023,HIV/TB,1.9345901525286764,same-year SDI-quintile peers,HIV/TB,Neither,True
Mozambique,MOZ,2023,Nutrition,,same-year SDI-quintile peers,Nutrition,Neither,False
Mozambique,MOZ,2023,Health resources,0.4043501523511671,same-year SDI-quintile peers,Health resources,Neither,False
Rwanda,RWA,2023,Household energy/HAP,0.4038000553742331,same-year SDI-quintile peers,Household energy/HAP,Structural high,False
Rwanda,RWA,2023,Ambient PM2.5,0.3425830099941687,same-year SDI-quintile peers,Ambient PM2.5,Structural high,False
Rwanda,RWA,2023,Climate/transmission,-0.8506854405388617,same-year SDI-quintile peers,Climate/transmission,Structural high,False
Rwanda,RWA,2023,WASH,-0.4659122390726059,same-year SDI-quintile peers,WASH,Structural high,False
Rwanda,RWA,2023,Immunisation/UHC,-1.0947560871899151,same-year SDI-quintile peers,Immunisation/UHC,Structural high,False
Rwanda,RWA,2023,HIV/TB,-0.45754361455409,same-year SDI-quintile peers,HIV/TB,Structural high,False
Rwanda,RWA,2023,Nutrition,,same-year SDI-quintile peers,Nutrition,Structural high,False
Rwanda,RWA,2023,Health resources,0.4111255050762191,same-year SDI-quintile peers,Health resources,Structural high,False
Seychelles,SYC,2023,Household energy/HAP,-0.7266353366897986,same-year SDI-quintile peers,Household energy/HAP,Double-high,False
Seychelles,SYC,2023,Ambient PM2.5,-0.4116884689491255,same-year SDI-quintile peers,Ambient PM2.5,Double-high,False
Seychelles,SYC,2023,Climate/transmission,1.4020120302546193,same-year SDI-quintile peers,Climate/transmission,Double-high,True
Seychelles,SYC,2023,WASH,0.0380104109344574,same-year SDI-quintile peers,WASH,Double-high,False
Seychelles,SYC,2023,Immunisation/UHC,-0.3881467535842666,same-year SDI-quintile peers,Immunisation/UHC,Double-high,False
Seychelles,SYC,2023,HIV/TB,-0.1202601773945429,same-year SDI-quintile peers,HIV/TB,Double-high,False
Seychelles,SYC,2023,Nutrition,,same-year SDI-quintile peers,Nutrition,Double-high,False
Seychelles,SYC,2023,Health resources,0.44502758841689,same-year SDI-quintile peers,Health resources,Double-high,False
Somalia,SOM,2023,Household energy/HAP,1.2003157665360191,same-year SDI-quintile peers,Household energy/HAP,Structural high,True
Somalia,SOM,2023,Ambient PM2.5,-0.7870728535940125,same-year SDI-quintile peers,Ambient PM2.5,Structural high,False
Somalia,SOM,2023,Climate/transmission,-0.0617397230928746,same-year SDI-quintile peers,Climate/transmission,Structural high,False
Somalia,SOM,2023,WASH,-0.0217212137233565,same-year SDI-quintile peers,WASH,Structural high,False
Somalia,SOM,2023,Immunisation/UHC,1.3504205774802156,same-year SDI-quintile peers,Immunisation/UHC,Structural high,True
Somalia,SOM,2023,HIV/TB,-0.429661933877558,same-year SDI-quintile peers,HIV/TB,Structural high,False
Somalia,SOM,2023,Nutrition,,same-year SDI-quintile peers,Nutrition,Structural high,False
Somalia,SOM,2023,Health resources,1.0831084818686498,same-year SDI-quintile peers,Health resources,Structural high,True
United Republic of Tanzania,TZA,2023,Household energy/HAP,0.1628625258874204,same-year SDI-quintile peers,Household energy/HAP,Structural high,False
United Republic of Tanzania,TZA,2023,Ambient PM2.5,-0.6816690420645394,same-year SDI-quintile peers,Ambient PM2.5,Structural high,False
United Republic of Tanzania,TZA,2023,Climate/transmission,-0.4938067399697257,same-year SDI-quintile peers,Climate/transmission,Structural high,False
United Republic of Tanzania,TZA,2023,WASH,0.4679067040424703,same-year SDI-quintile peers,WASH,Structural high,False
United Republic of Tanzania,TZA,2023,Immunisation/UHC,-0.3492130408948839,same-year SDI-quintile peers,Immunisation/UHC,Structural high,False
United Republic of Tanzania,TZA,2023,HIV/TB,0.1714600080937832,same-year SDI-quintile peers,HIV/TB,Structural high,False
United Republic of Tanzania,TZA,2023,Nutrition,,same-year SDI-quintile peers,Nutrition,Structural high,False
United Republic of Tanzania,TZA,2023,Health resources,0.5130196253396794,same-year SDI-quintile peers,Health resources,Structural high,True
Uganda,UGA,2023,Household energy/HAP,0.4684166205498625,same-year SDI-quintile peers,Household energy/HAP,Structural high,False
Uganda,UGA,2023,Ambient PM2.5,0.0326775878057468,same-year SDI-quintile peers,Ambient PM2.5,Structural high,False
Uganda,UGA,2023,Climate/transmission,-0.2001059473107057,same-year SDI-quintile peers,Climate/transmission,Structural high,False
Uganda,UGA,2023,WASH,0.7984128718408663,same-year SDI-quintile peers,WASH,Structural high,True
Uganda,UGA,2023,Immunisation/UHC,-0.8333406711464568,same-year SDI-quintile peers,Immunisation/UHC,Structural high,False
Uganda,UGA,2023,HIV/TB,0.436244282206646,same-year SDI-quintile peers,HIV/TB,Structural high,False
Uganda,UGA,2023,Nutrition,,same-year SDI-quintile peers,Nutrition,Structural high,False
Uganda,UGA,2023,Health resources,0.5762747258911026,same-year SDI-quintile peers,Health resources,Structural high,True
Zambia,ZMB,2023,Household energy/HAP,-0.0373371687565443,same-year SDI-quintile peers,Household energy/HAP,Neither,False
Zambia,ZMB,2023,Ambient PM2.5,-0.6769418132568462,same-year SDI-quintile peers,Ambient PM2.5,Neither,False
Zambia,ZMB,2023,Climate/transmission,-1.198086956644442,same-year SDI-quintile peers,Climate/transmission,Neither,False
Zambia,ZMB,2023,WASH,0.1436095600920002,same-year SDI-quintile peers,WASH,Neither,False
Zambia,ZMB,2023,Immunisation/UHC,-0.9771593132326212,same-year SDI-quintile peers,Immunisation/UHC,Neither,False
Zambia,ZMB,2023,HIV/TB,1.3822546214942562,same-year SDI-quintile peers,HIV/TB,Neither,True
Zambia,ZMB,2023,Nutrition,,same-year SDI-quintile peers,Nutrition,Neither,False
Zambia,ZMB,2023,Health resources,-0.1857370357981871,same-year SDI-quintile peers,Health resources,Neither,False
Botswana,BWA,2023,Household energy/HAP,0.4644511610659167,same-year SDI-quintile peers,Household energy/HAP,Excess-only,False
Botswana,BWA,2023,Ambient PM2.5,-0.7974031710863474,same-year SDI-quintile peers,Ambient PM2.5,Excess-only,False
Botswana,BWA,2023,Climate/transmission,-0.9452629914513788,same-year SDI-quintile peers,Climate/transmission,Excess-only,False
Botswana,BWA,2023,WASH,1.958341437001115,same-year SDI-quintile peers,WASH,Excess-only,True
Botswana,BWA,2023,Immunisation/UHC,0.1133778189183132,same-year SDI-quintile peers,Immunisation/UHC,Excess-only,False
Botswana,BWA,2023,HIV/TB,1.9554147823843036,same-year SDI-quintile peers,HIV/TB,Excess-only,True
Botswana,BWA,2023,Nutrition,,same-year SDI-quintile peers,Nutrition,Excess-only,False
Botswana,BWA,2023,Health resources,0.7140276269875105,same-year SDI-quintile peers,Health resources,Excess-only,True
Lesotho,LSO,2023,Household energy/HAP,-0.7789249165234687,same-year SDI-quintile peers,Household energy/HAP,Double-high,False
Lesotho,LSO,2023,Ambient PM2.5,-0.2762736204848867,same-year SDI-quintile peers,Ambient PM2.5,Double-high,False
Lesotho,LSO,2023,Climate/transmission,-2.596445163049067,same-year SDI-quintile peers,Climate/transmission,Double-high,False
Lesotho,LSO,2023,WASH,-0.2445642995495124,same-year SDI-quintile peers,WASH,Double-high,False
Lesotho,LSO,2023,Immunisation/UHC,-0.8171558206088919,same-year SDI-quintile peers,Immunisation/UHC,Double-high,False
Lesotho,LSO,2023,HIV/TB,3.582232904844264,same-year SDI-quintile peers,HIV/TB,Double-high,True
Lesotho,LSO,2023,Nutrition,,same-year SDI-quintile peers,Nutrition,Double-high,False
Lesotho,LSO,2023,Health resources,-1.1416801476896536,same-year SDI-quintile peers,Health resources,Double-high,False
Namibia,NAM,2023,Household energy/HAP,-0.4216254499545193,same-year SDI-quintile peers,Household energy/HAP,Double-high,False
Namibia,NAM,2023,Ambient PM2.5,-0.5395768170113404,same-year SDI-quintile peers,Ambient PM2.5,Double-high,False
Namibia,NAM,2023,Climate/transmission,-0.6901385340663988,same-year SDI-quintile peers,Climate/transmission,Double-high,False
Namibia,NAM,2023,WASH,1.027750819624486,same-year SDI-quintile peers,WASH,Double-high,True
Namibia,NAM,2023,Immunisation/UHC,-0.1181741921141042,same-year SDI-quintile peers,Immunisation/UHC,Double-high,False
Namibia,NAM,2023,HIV/TB,0.9681261307102784,same-year SDI-quintile peers,HIV/TB,Double-high,True
Namibia,NAM,2023,Nutrition,,same-year SDI-quintile peers,Nutrition,Double-high,False
Namibia,NAM,2023,Health resources,-0.0117683042188777,same-year SDI-quintile peers,Health resources,Double-high,False
South Africa,ZAF,2023,Household energy/HAP,0.0705794669110119,same-year SDI-quintile peers,Household energy/HAP,Double-high,False
South Africa,ZAF,2023,Ambient PM2.5,0.9624421223568668,same-year SDI-quintile peers,Ambient PM2.5,Double-high,True
South Africa,ZAF,2023,Climate/transmission,-0.8616311931127356,same-year SDI-quintile peers,Climate/transmission,Double-high,False
South Africa,ZAF,2023,WASH,1.834350210855309,same-year SDI-quintile peers,WASH,Double-high,True
South Africa,ZAF,2023,Immunisation/UHC,0.24381132697629,same-year SDI-quintile peers,Immunisation/UHC,Double-high,False
South Africa,ZAF,2023,HIV/TB,3.415189516857467,same-year SDI-quintile peers,HIV/TB,Double-high,True
South Africa,ZAF,2023,Nutrition,,same-year SDI-quintile peers,Nutrition,Double-high,False
South Africa,ZAF,2023,Health resources,0.2274089310905289,same-year SDI-quintile peers,Health resources,Double-high,False
Eswatini,SWZ,2023,Household energy/HAP,-0.4497707664978668,same-year SDI-quintile peers,Household energy/HAP,Structural high,False
Eswatini,SWZ,2023,Ambient PM2.5,-0.3452796434739442,same-year SDI-quintile peers,Ambient PM2.5,Structural high,False
Eswatini,SWZ,2023,Climate/transmission,-0.5002489524546213,same-year SDI-quintile peers,Climate/transmission,Structural high,False
Eswatini,SWZ,2023,WASH,0.7796995741828133,same-year SDI-quintile peers,WASH,Structural high,True
Eswatini,SWZ,2023,Immunisation/UHC,-0.2418553703225146,same-year SDI-quintile peers,Immunisation/UHC,Structural high,False
Eswatini,SWZ,2023,HIV/TB,2.002505520321004,same-year SDI-quintile peers,HIV/TB,Structural high,True
Eswatini,SWZ,2023,Nutrition,,same-year SDI-quintile peers,Nutrition,Structural high,False
Eswatini,SWZ,2023,Health resources,0.0492370350165058,same-year SDI-quintile peers,Health resources,Structural high,False
Zimbabwe,ZWE,2023,Household energy/HAP,-0.1951643757485567,same-year SDI-quintile peers,Household energy/HAP,Structural high,False
Zimbabwe,ZWE,2023,Ambient PM2.5,-1.0143979338571294,same-year SDI-quintile peers,Ambient PM2.5,Structural high,False
Zimbabwe,ZWE,2023,Climate/transmission,-1.4106691004470735,same-year SDI-quintile peers,Climate/transmission,Structural high,False
Zimbabwe,ZWE,2023,WASH,0.3584672169260486,same-year SDI-quintile peers,WASH,Structural high,False
Zimbabwe,ZWE,2023,Immunisation/UHC,-0.923586252824274,same-year SDI-quintile peers,Immunisation/UHC,Structural high,False
Zimbabwe,ZWE,2023,HIV/TB,1.1990695505922624,same-year SDI-quintile peers,HIV/TB,Structural high,True
Zimbabwe,ZWE,2023,Nutrition,,same-year SDI-quintile peers,Nutrition,Structural high,False
Zimbabwe,ZWE,2023,Health resources,0.2921826369670506,same-year SDI-quintile peers,Health resources,Structural high,False
Benin,BEN,2023,Household energy/HAP,0.2153193525991134,same-year SDI-quintile peers,Household energy/HAP,Structural high,False
Benin,BEN,2023,Ambient PM2.5,0.5786618435935282,same-year SDI-quintile peers,Ambient PM2.5,Structural high,True
Benin,BEN,2023,Climate/transmission,0.8697143975408318,same-year SDI-quintile peers,Climate/transmission,Structural high,True
Benin,BEN,2023,WASH,0.5855744062262207,same-year SDI-quintile peers,WASH,Structural high,True
Benin,BEN,2023,Immunisation/UHC,0.5250652254750341,same-year SDI-quintile peers,Immunisation/UHC,Structural high,True
Benin,BEN,2023,HIV/TB,-0.7395080466167174,same-year SDI-quintile peers,HIV/TB,Structural high,False
Benin,BEN,2023,Nutrition,,same-year SDI-quintile peers,Nutrition,Structural high,False
Benin,BEN,2023,Health resources,0.3272323769567403,same-year SDI-quintile peers,Health resources,Structural high,False
Burkina Faso,BFA,2023,Household energy/HAP,0.2946038201606396,same-year SDI-quintile peers,Household energy/HAP,Neither,False
Burkina Faso,BFA,2023,Ambient PM2.5,0.4278411212991752,same-year SDI-quintile peers,Ambient PM2.5,Neither,False
Burkina Faso,BFA,2023,Climate/transmission,0.1497203822067264,same-year SDI-quintile peers,Climate/transmission,Neither,False
Burkina Faso,BFA,2023,WASH,1.0152444733396724,same-year SDI-quintile peers,WASH,Neither,True
Burkina Faso,BFA,2023,Immunisation/UHC,-0.6470874147695383,same-year SDI-quintile peers,Immunisation/UHC,Neither,False
Burkina Faso,BFA,2023,HIV/TB,-0.7129640478792798,same-year SDI-quintile peers,HIV/TB,Neither,False
Burkina Faso,BFA,2023,Nutrition,,same-year SDI-quintile peers,Nutrition,Neither,False
Burkina Faso,BFA,2023,Health resources,-0.0248101907203096,same-year SDI-quintile peers,Health resources,Neither,False
Cameroon,CMR,2023,Household energy/HAP,-0.5056923395967174,same-year SDI-quintile peers,Household energy/HAP,Structural high,False
Cameroon,CMR,2023,Ambient PM2.5,1.6100652636469308,same-year SDI-quintile peers,Ambient PM2.5,Structural high,True
Cameroon,CMR,2023,Climate/transmission,0.3098095621752806,same-year SDI-quintile peers,Climate/transmission,Structural high,False
Cameroon,CMR,2023,WASH,-0.0259276397605802,same-year SDI-quintile peers,WASH,Structural high,False
Cameroon,CMR,2023,Immunisation/UHC,0.0109843146391806,same-year SDI-quintile peers,Immunisation/UHC,Structural high,False
Cameroon,CMR,2023,HIV/TB,-0.1287599785530974,same-year SDI-quintile peers,HIV/TB,Structural high,False
Cameroon,CMR,2023,Nutrition,,same-year SDI-quintile peers,Nutrition,Structural high,False
Cameroon,CMR,2023,Health resources,-0.1756107410999085,same-year SDI-quintile peers,Health resources,Structural high,False
Cabo Verde,CPV,2023,Household energy/HAP,-0.7370203937098471,same-year SDI-quintile peers,Household energy/HAP,Neither,False
Cabo Verde,CPV,2023,Ambient PM2.5,-0.0795569741688092,same-year SDI-quintile peers,Ambient PM2.5,Neither,False
Cabo Verde,CPV,2023,Climate/transmission,0.5429336157193764,same-year SDI-quintile peers,Climate/transmission,Neither,True
Cabo Verde,CPV,2023,WASH,-0.3145450982537547,same-year SDI-quintile peers,WASH,Neither,False
Cabo Verde,CPV,2023,Immunisation/UHC,-0.0674985537004108,same-year SDI-quintile peers,Immunisation/UHC,Neither,False
Cabo Verde,CPV,2023,HIV/TB,-0.485583748935226,same-year SDI-quintile peers,HIV/TB,Neither,False
Cabo Verde,CPV,2023,Nutrition,,same-year SDI-quintile peers,Nutrition,Neither,False
Cabo Verde,CPV,2023,Health resources,0.4450712819484446,same-year SDI-quintile peers,Health resources,Neither,False
Chad,TCD,2023,Household energy/HAP,0.5349948148023183,same-year SDI-quintile peers,Household energy/HAP,Structural high,True
Chad,TCD,2023,Ambient PM2.5,0.7922873295423054,same-year SDI-quintile peers,Ambient PM2.5,Structural high,True
Chad,TCD,2023,Climate/transmission,-0.0619420921061276,same-year SDI-quintile peers,Climate/transmission,Structural high,False
Chad,TCD,2023,WASH,1.3328897671955209,same-year SDI-quintile peers,WASH,Structural high,True
Chad,TCD,2023,Immunisation/UHC,1.5249360843762916,same-year SDI-quintile peers,Immunisation/UHC,Structural high,True
Chad,TCD,2023,HIV/TB,-0.4288488225476751,same-year SDI-quintile peers,HIV/TB,Structural high,False
Chad,TCD,2023,Nutrition,,same-year SDI-quintile peers,Nutrition,Structural high,False
Chad,TCD,2023,Health resources,0.6564735246748412,same-year SDI-quintile peers,Health resources,Structural high,True
Côte d'Ivoire,CIV,2023,Household energy/HAP,-1.2126136020357183,same-year SDI-quintile peers,Household energy/HAP,Neither,False
Côte d'Ivoire,CIV,2023,Ambient PM2.5,-0.6676108533332296,same-year SDI-quintile peers,Ambient PM2.5,Neither,False
Côte d'Ivoire,CIV,2023,Climate/transmission,0.8445693988466895,same-year SDI-quintile peers,Climate/transmission,Neither,True
Côte d'Ivoire,CIV,2023,WASH,-0.0714330382908285,same-year SDI-quintile peers,WASH,Neither,False
Côte d'Ivoire,CIV,2023,Immunisation/UHC,-0.1069703036187694,same-year SDI-quintile peers,Immunisation/UHC,Neither,False
Côte d'Ivoire,CIV,2023,HIV/TB,-0.3735313327696382,same-year SDI-quintile peers,HIV/TB,Neither,False
Côte d'Ivoire,CIV,2023,Nutrition,,same-year SDI-quintile peers,Nutrition,Neither,False
Côte d'Ivoire,CIV,2023,Health resources,0.0190889999839778,same-year SDI-quintile peers,Health resources,Neither,False
Gambia,GMB,2023,Household energy/HAP,0.5581569955859398,same-year SDI-quintile peers,Household energy/HAP,Structural high,True
Gambia,GMB,2023,Ambient PM2.5,0.4886718048753783,same-year SDI-quintile peers,Ambient PM2.5,Structural high,False
Gambia,GMB,2023,Climate/transmission,0.2299871087766079,same-year SDI-quintile peers,Climate/transmission,Structural high,False
Gambia,GMB,2023,WASH,-0.5730716935308389,same-year SDI-quintile peers,WASH,Structural high,False
Gambia,GMB,2023,Immunisation/UHC,-0.4721861679484869,same-year SDI-quintile peers,Immunisation/UHC,Structural high,False
Gambia,GMB,2023,HIV/TB,-0.2963911141650923,same-year SDI-quintile peers,HIV/TB,Structural high,False
Gambia,GMB,2023,Nutrition,,same-year SDI-quintile peers,Nutrition,Structural high,False
Gambia,GMB,2023,Health resources,0.6260521934117743,same-year SDI-quintile peers,Health resources,Structural high,True
Ghana,GHA,2023,Household energy/HAP,0.4632105001092756,same-year SDI-quintile peers,Household energy/HAP,Neither,False
Ghana,GHA,2023,Ambient PM2.5,0.533312777017805,same-year SDI-quintile peers,Ambient PM2.5,Neither,True
Ghana,GHA,2023,Climate/transmission,0.6618544529849492,same-year SDI-quintile peers,Climate/transmission,Neither,True
Ghana,GHA,2023,WASH,1.0787699096509278,same-year SDI-quintile peers,WASH,Neither,True
Ghana,GHA,2023,Immunisation/UHC,-0.3873472990367773,same-year SDI-quintile peers,Immunisation/UHC,Neither,False
Ghana,GHA,2023,HIV/TB,-0.2861906725367327,same-year SDI-quintile peers,HIV/TB,Neither,False
Ghana,GHA,2023,Nutrition,,same-year SDI-quintile peers,Nutrition,Neither,False
Ghana,GHA,2023,Health resources,0.3597297328740618,same-year SDI-quintile peers,Health resources,Neither,False
Guinea,GIN,2023,Household energy/HAP,0.5778272397246882,same-year SDI-quintile peers,Household energy/HAP,Structural high,True
Guinea,GIN,2023,Ambient PM2.5,-0.2228496449820645,same-year SDI-quintile peers,Ambient PM2.5,Structural high,False
Guinea,GIN,2023,Climate/transmission,0.3790607531762538,same-year SDI-quintile peers,Climate/transmission,Structural high,False
Guinea,GIN,2023,WASH,0.2053952232830724,same-year SDI-quintile peers,WASH,Structural high,False
Guinea,GIN,2023,Immunisation/UHC,1.3109045088433486,same-year SDI-quintile peers,Immunisation/UHC,Structural high,True
Guinea,GIN,2023,HIV/TB,-0.1726939769267869,same-year SDI-quintile peers,HIV/TB,Structural high,False
Guinea,GIN,2023,Nutrition,,same-year SDI-quintile peers,Nutrition,Structural high,False
Guinea,GIN,2023,Health resources,0.2630462828157783,same-year SDI-quintile peers,Health resources,Structural high,False
Guinea-Bissau,GNB,2023,Household energy/HAP,0.7889559608435168,same-year SDI-quintile peers,Household energy/HAP,Structural high,True
Guinea-Bissau,GNB,2023,Ambient PM2.5,0.1023416230761505,same-year SDI-quintile peers,Ambient PM2.5,Structural high,False
Guinea-Bissau,GNB,2023,Climate/transmission,0.2611149329677532,same-year SDI-quintile peers,Climate/transmission,Structural high,False
Guinea-Bissau,GNB,2023,WASH,0.6656941660237632,same-year SDI-quintile peers,WASH,Structural high,True
Guinea-Bissau,GNB,2023,Immunisation/UHC,0.1868148134998183,same-year SDI-quintile peers,Immunisation/UHC,Structural high,False
Guinea-Bissau,GNB,2023,HIV/TB,-0.0447476967686456,same-year SDI-quintile peers,HIV/TB,Structural high,False
Guinea-Bissau,GNB,2023,Nutrition,,same-year SDI-quintile peers,Nutrition,Structural high,False
Guinea-Bissau,GNB,2023,Health resources,-0.242962222171013,same-year SDI-quintile peers,Health resources,Structural high,False
Liberia,LBR,2023,Household energy/HAP,1.0481156325648524,same-year SDI-quintile peers,Household energy/HAP,Structural high,True
Liberia,LBR,2023,Ambient PM2.5,-0.8273295937375675,same-year SDI-quintile peers,Ambient PM2.5,Structural high,False
Liberia,LBR,2023,Climate/transmission,0.8628306496400358,same-year SDI-quintile peers,Climate/transmission,Structural high,True
Liberia,LBR,2023,WASH,0.2702761393630062,same-year SDI-quintile peers,WASH,Structural high,False
Liberia,LBR,2023,Immunisation/UHC,-0.3317131983927577,same-year SDI-quintile peers,Immunisation/UHC,Structural high,False
Liberia,LBR,2023,HIV/TB,-0.1024258215021469,same-year SDI-quintile peers,HIV/TB,Structural high,False
Liberia,LBR,2023,Nutrition,,same-year SDI-quintile peers,Nutrition,Structural high,False
Liberia,LBR,2023,Health resources,-0.7267927213378704,same-year SDI-quintile peers,Health resources,Structural high,False
Mali,MLI,2023,Household energy/HAP,0.6532188784814206,same-year SDI-quintile peers,Household energy/HAP,Structural high,True
Mali,MLI,2023,Ambient PM2.5,0.3113842288567908,same-year SDI-quintile peers,Ambient PM2.5,Structural high,False
Mali,MLI,2023,Climate/transmission,0.1724355583092293,same-year SDI-quintile peers,Climate/transmission,Structural high,False
Mali,MLI,2023,WASH,-0.486422306225835,same-year SDI-quintile peers,WASH,Structural high,False
Mali,MLI,2023,Immunisation/UHC,0.1534879647607834,same-year SDI-quintile peers,Immunisation/UHC,Structural high,False
Mali,MLI,2023,HIV/TB,-0.6909314773662837,same-year SDI-quintile peers,HIV/TB,Structural high,False
Mali,MLI,2023,Nutrition,,same-year SDI-quintile peers,Nutrition,Structural high,False
Mali,MLI,2023,Health resources,0.5850355842125768,same-year SDI-quintile peers,Health resources,Structural high,True
Mauritania,MRT,2023,Household energy/HAP,-1.291470965195078,same-year SDI-quintile peers,Household energy/HAP,Structural high,False
Mauritania,MRT,2023,Ambient PM2.5,1.0213644168222105,same-year SDI-quintile peers,Ambient PM2.5,Structural high,True
Mauritania,MRT,2023,Climate/transmission,-0.0551317496026588,same-year SDI-quintile peers,Climate/transmission,Structural high,False
Mauritania,MRT,2023,WASH,-0.4724087587173664,same-year SDI-quintile peers,WASH,Structural high,False
Mauritania,MRT,2023,Immunisation/UHC,-0.4180416998012096,same-year SDI-quintile peers,Immunisation/UHC,Structural high,False
Mauritania,MRT,2023,HIV/TB,-0.728596682203463,same-year SDI-quintile peers,HIV/TB,Structural high,False
Mauritania,MRT,2023,Nutrition,,same-year SDI-quintile peers,Nutrition,Structural high,False
Mauritania,MRT,2023,Health resources,-0.4643779842433826,same-year SDI-quintile peers,Health resources,Structural high,False
Niger,NER,2023,Household energy/HAP,0.8826689022715941,same-year SDI-quintile peers,Household energy/HAP,Structural high,True
Niger,NER,2023,Ambient PM2.5,2.232689278548768,same-year SDI-quintile peers,Ambient PM2.5,Structural high,True
Niger,NER,2023,Climate/transmission,-0.088641975909855,same-year SDI-quintile peers,Climate/transmission,Structural high,False
Niger,NER,2023,WASH,1.2475750267660444,same-year SDI-quintile peers,WASH,Structural high,True
Niger,NER,2023,Immunisation/UHC,-0.1774717987903128,same-year SDI-quintile peers,Immunisation/UHC,Structural high,False
Niger,NER,2023,HIV/TB,-0.6697120181831703,same-year SDI-quintile peers,HIV/TB,Structural high,False
Niger,NER,2023,Nutrition,,same-year SDI-quintile peers,Nutrition,Structural high,False
Niger,NER,2023,Health resources,0.7802477535186338,same-year SDI-quintile peers,Health resources,Structural high,True
Nigeria,NGA,2023,Household energy/HAP,-0.8431476677767363,same-year SDI-quintile peers,Household energy/HAP,Double-high,False
Nigeria,NGA,2023,Ambient PM2.5,2.2656957540415728,same-year SDI-quintile peers,Ambient PM2.5,Double-high,True
Nigeria,NGA,2023,Climate/transmission,0.5005077599435419,same-year SDI-quintile peers,Climate/transmission,Double-high,True
Nigeria,NGA,2023,WASH,-0.3855668820104532,same-year SDI-quintile peers,WASH,Double-high,False
Nigeria,NGA,2023,Immunisation/UHC,0.7386783627178959,same-year SDI-quintile peers,Immunisation/UHC,Double-high,True
Nigeria,NGA,2023,HIV/TB,-0.060249188440526,same-year SDI-quintile peers,HIV/TB,Double-high,False
Nigeria,NGA,2023,Nutrition,,same-year SDI-quintile peers,Nutrition,Double-high,False
Nigeria,NGA,2023,Health resources,-0.2237370764249095,same-year SDI-quintile peers,Health resources,Double-high,False
Sao Tome and Principe,STP,2023,Household energy/HAP,0.0361606447544635,same-year SDI-quintile peers,Household energy/HAP,Neither,False
Sao Tome and Principe,STP,2023,Ambient PM2.5,-1.0083144307124057,same-year SDI-quintile peers,Ambient PM2.5,Neither,False
Sao Tome and Principe,STP,2023,Climate/transmission,1.0472857364705686,same-year SDI-quintile peers,Climate/transmission,Neither,True
Sao Tome and Principe,STP,2023,WASH,-0.298506244695602,same-year SDI-quintile peers,WASH,Neither,False
Sao Tome and Principe,STP,2023,Immunisation/UHC,-0.8130665638528254,same-year SDI-quintile peers,Immunisation/UHC,Neither,False
Sao Tome and Principe,STP,2023,HIV/TB,-0.8760506141743988,same-year SDI-quintile peers,HIV/TB,Neither,False
Sao Tome and Principe,STP,2023,Nutrition,,same-year SDI-quintile peers,Nutrition,Neither,False
Sao Tome and Principe,STP,2023,Health resources,-2.2158499810646024,same-year SDI-quintile peers,Health resources,Neither,False
Senegal,SEN,2023,Household energy/HAP,-0.5589011603069026,same-year SDI-quintile peers,Household energy/HAP,Neither,False
Senegal,SEN,2023,Ambient PM2.5,0.7074856874808958,same-year SDI-quintile peers,Ambient PM2.5,Neither,True
Senegal,SEN,2023,Climate/transmission,0.1517701465593281,same-year SDI-quintile peers,Climate/transmission,Neither,False
Senegal,SEN,2023,WASH,-0.884107081192687,same-year SDI-quintile peers,WASH,Neither,False
Senegal,SEN,2023,Immunisation/UHC,-0.716487481414794,same-year SDI-quintile peers,Immunisation/UHC,Neither,False
Senegal,SEN,2023,HIV/TB,-0.4836941853346191,same-year SDI-quintile peers,HIV/TB,Neither,False
Senegal,SEN,2023,Nutrition,-0.0732710006361661,same-year SDI-quintile peers,Nutrition,Neither,False
Senegal,SEN,2023,Health resources,0.3382162870006743,same-year SDI-quintile peers,Health resources,Neither,False
Sierra Leone,SLE,2023,Household energy/HAP,0.8254206002117379,same-year SDI-quintile peers,Household energy/HAP,Structural high,True
Sierra Leone,SLE,2023,Ambient PM2.5,-0.5334749681847089,same-year SDI-quintile peers,Ambient PM2.5,Structural high,False
Sierra Leone,SLE,2023,Climate/transmission,0.9395257346889898,same-year SDI-quintile peers,Climate/transmission,Structural high,True
Sierra Leone,SLE,2023,WASH,0.6087927442526074,same-year SDI-quintile peers,WASH,Structural high,True
Sierra Leone,SLE,2023,Immunisation/UHC,-0.6911948653255101,same-year SDI-quintile peers,Immunisation/UHC,Structural high,False
Sierra Leone,SLE,2023,HIV/TB,0.5213844042437049,same-year SDI-quintile peers,HIV/TB,Structural high,True
Sierra Leone,SLE,2023,Nutrition,,same-year SDI-quintile peers,Nutrition,Structural high,False
Sierra Leone,SLE,2023,Health resources,0.7859780185392591,same-year SDI-quintile peers,Health resources,Structural high,True
Togo,TGO,2023,Household energy/HAP,0.3523072698419492,same-year SDI-quintile peers,Household energy/HAP,Structural high,False
Togo,TGO,2023,Ambient PM2.5,0.234459502132919,same-year SDI-quintile peers,Ambient PM2.5,Structural high,False
Togo,TGO,2023,Climate/transmission,0.7517953240157084,same-year SDI-quintile peers,Climate/transmission,Structural high,True
Togo,TGO,2023,WASH,0.6847151501614936,same-year SDI-quintile peers,WASH,Structural high,True
Togo,TGO,2023,Immunisation/UHC,-0.4625069946578375,same-year SDI-quintile peers,Immunisation/UHC,Structural high,False
Togo,TGO,2023,HIV/TB,-0.5801653551579069,same-year SDI-quintile peers,HIV/TB,Structural high,False
Togo,TGO,2023,Nutrition,,same-year SDI-quintile peers,Nutrition,Structural high,False
Togo,TGO,2023,Health resources,0.256945943035087,same-year SDI-quintile peers,Health resources,Structural high,False
American Samoa,ASM,2023,Household energy/HAP,1.3771501472461245,same-year SDI-quintile peers,Household energy/HAP,Excess-only,True
American Samoa,ASM,2023,Ambient PM2.5,-0.7145219539755462,same-year SDI-quintile peers,Ambient PM2.5,Excess-only,False
American Samoa,ASM,2023,Climate/transmission,1.4308577970612042,same-year SDI-quintile peers,Climate/transmission,Excess-only,True
American Samoa,ASM,2023,WASH,3.0961686500686465,same-year SDI-quintile peers,WASH,Excess-only,True
American Samoa,ASM,2023,Immunisation/UHC,,same-year SDI-quintile peers,Immunisation/UHC,Excess-only,False
American Samoa,ASM,2023,HIV/TB,-0.6773393636074687,same-year SDI-quintile peers,HIV/TB,Excess-only,False
American Samoa,ASM,2023,Nutrition,,same-year SDI-quintile peers,Nutrition,Excess-only,False
American Samoa,ASM,2023,Health resources,,same-year SDI-quintile peers,Health resources,Excess-only,False
Bermuda,BMU,2023,Household energy/HAP,0.532849324304527,same-year SDI-quintile peers,Household energy/HAP,Excess-only,True
Bermuda,BMU,2023,Ambient PM2.5,-0.6955569066224381,same-year SDI-quintile peers,Ambient PM2.5,Excess-only,False
Bermuda,BMU,2023,Climate/transmission,0.6882642633496081,same-year SDI-quintile peers,Climate/transmission,Excess-only,True
Bermuda,BMU,2023,WASH,-0.5287339306612326,same-year SDI-quintile peers,WASH,Excess-only,False
Bermuda,BMU,2023,Immunisation/UHC,,same-year SDI-quintile peers,Immunisation/UHC,Excess-only,False
Bermuda,BMU,2023,HIV/TB,-0.7089466933216771,same-year SDI-quintile peers,HIV/TB,Excess-only,False
Bermuda,BMU,2023,Nutrition,,same-year SDI-quintile peers,Nutrition,Excess-only,False
Bermuda,BMU,2023,Health resources,,same-year SDI-quintile peers,Health resources,Excess-only,False
Cook Islands,COK,2023,Household energy/HAP,-1.1446182837604373,same-year SDI-quintile peers,Household energy/HAP,Excess-only,False
Cook Islands,COK,2023,Ambient PM2.5,-0.7356620999751959,same-year SDI-quintile peers,Ambient PM2.5,Excess-only,False
Cook Islands,COK,2023,Climate/transmission,0.9720341642868764,same-year SDI-quintile peers,Climate/transmission,Excess-only,True
Cook Islands,COK,2023,WASH,,same-year SDI-quintile peers,WASH,Excess-only,False
Cook Islands,COK,2023,Immunisation/UHC,0.1208041711255041,same-year SDI-quintile peers,Immunisation/UHC,Excess-only,False
Cook Islands,COK,2023,HIV/TB,,same-year SDI-quintile peers,HIV/TB,Excess-only,False
Cook Islands,COK,2023,Nutrition,,same-year SDI-quintile peers,Nutrition,Excess-only,False
Cook Islands,COK,2023,Health resources,,same-year SDI-quintile peers,Health resources,Excess-only,False
Greenland,GRL,2023,Household energy/HAP,0.532849324304527,same-year SDI-quintile peers,Household energy/HAP,Neither,True
Greenland,GRL,2023,Ambient PM2.5,-0.8796034110573662,same-year SDI-quintile peers,Ambient PM2.5,Neither,False
Greenland,GRL,2023,Climate/transmission,-1.341337968021227,same-year SDI-quintile peers,Climate/transmission,Neither,False
Greenland,GRL,2023,WASH,-0.5581932518885623,same-year SDI-quintile peers,WASH,Neither,False
Greenland,GRL,2023,Immunisation/UHC,,same-year SDI-quintile peers,Immunisation/UHC,Neither,False
Greenland,GRL,2023,HIV/TB,3.5145827397394407,same-year SDI-quintile peers,HIV/TB,Neither,True
Greenland,GRL,2023,Nutrition,,same-year SDI-quintile peers,Nutrition,Neither,False
Greenland,GRL,2023,Health resources,,same-year SDI-quintile peers,Health resources,Neither,False
Guam,GUM,2023,Household energy/HAP,-1.1495679203601736,same-year SDI-quintile peers,Household energy/HAP,Double-high,False
Guam,GUM,2023,Ambient PM2.5,-0.7670097904807095,same-year SDI-quintile peers,Ambient PM2.5,Double-high,False
Guam,GUM,2023,Climate/transmission,1.5029454662333543,same-year SDI-quintile peers,Climate/transmission,Double-high,True
Guam,GUM,2023,WASH,0.4925978051669938,same-year SDI-quintile peers,WASH,Double-high,False
Guam,GUM,2023,Immunisation/UHC,,same-year SDI-quintile peers,Immunisation/UHC,Double-high,False
Guam,GUM,2023,HIV/TB,0.8279597140317138,same-year SDI-quintile peers,HIV/TB,Double-high,True
Guam,GUM,2023,Nutrition,,same-year SDI-quintile peers,Nutrition,Double-high,False
Guam,GUM,2023,Health resources,,same-year SDI-quintile peers,Health resources,Double-high,False
Monaco,MCO,2023,Household energy/HAP,0.118127746636918,same-year SDI-quintile peers,Household energy/HAP,Neither,False
Monaco,MCO,2023,Ambient PM2.5,-0.2816920001053923,same-year SDI-quintile peers,Ambient PM2.5,Neither,False
Monaco,MCO,2023,Climate/transmission,-0.3246619912249098,same-year SDI-quintile peers,Climate/transmission,Neither,False
Monaco,MCO,2023,WASH,-0.5343260169820003,same-year SDI-quintile peers,WASH,Neither,False
Monaco,MCO,2023,Immunisation/UHC,-0.0155337514475139,same-year SDI-quintile peers,Immunisation/UHC,Neither,False
Monaco,MCO,2023,HIV/TB,-0.7974472165214612,same-year SDI-quintile peers,HIV/TB,Neither,False
Monaco,MCO,2023,Nutrition,,same-year SDI-quintile peers,Nutrition,Neither,False
Monaco,MCO,2023,Health resources,-1.8044675792204965,same-year SDI-quintile peers,Health resources,Neither,False
Nauru,NRU,2023,Household energy/HAP,-1.3036074667526305,same-year SDI-quintile peers,Household energy/HAP,Double-high,False
Nauru,NRU,2023,Ambient PM2.5,-1.2631505103684988,same-year SDI-quintile peers,Ambient PM2.5,Double-high,False
Nauru,NRU,2023,Climate/transmission,0.959194875728018,same-year SDI-quintile peers,Climate/transmission,Double-high,True
Nauru,NRU,2023,WASH,-0.3753666113792648,same-year SDI-quintile peers,WASH,Double-high,False
Nauru,NRU,2023,Immunisation/UHC,-0.6726446179230278,same-year SDI-quintile peers,Immunisation/UHC,Double-high,False
Nauru,NRU,2023,HIV/TB,-0.270045489014616,same-year SDI-quintile peers,HIV/TB,Double-high,False
Nauru,NRU,2023,Nutrition,0.1305109290418554,same-year SDI-quintile peers,Nutrition,Double-high,False
Nauru,NRU,2023,Health resources,-3.504273369578167,same-year SDI-quintile peers,Health resources,Double-high,False
Niue,NIU,2023,Household energy/HAP,1.1378164532052293,same-year SDI-quintile peers,Household energy/HAP,Double-high,True
Niue,NIU,2023,Ambient PM2.5,-0.7589105598736017,same-year SDI-quintile peers,Ambient PM2.5,Double-high,False
Niue,NIU,2023,Climate/transmission,1.1579727423192565,same-year SDI-quintile peers,Climate/transmission,Double-high,True
Niue,NIU,2023,WASH,,same-year SDI-quintile peers,WASH,Double-high,False
Niue,NIU,2023,Immunisation/UHC,-0.6747364162335361,same-year SDI-quintile peers,Immunisation/UHC,Double-high,False
Niue,NIU,2023,HIV/TB,,same-year SDI-quintile peers,HIV/TB,Double-high,False
Niue,NIU,2023,Nutrition,,same-year SDI-quintile peers,Nutrition,Double-high,False
Niue,NIU,2023,Health resources,,same-year SDI-quintile peers,Health resources,Double-high,False
Northern Mariana Islands,MNP,2023,Household energy/HAP,-0.0141228410743151,same-year SDI-quintile peers,Household energy/HAP,Excess-only,False
Northern Mariana Islands,MNP,2023,Ambient PM2.5,-0.8156555581822323,same-year SDI-quintile peers,Ambient PM2.5,Excess-only,False
Northern Mariana Islands,MNP,2023,Climate/transmission,1.4868181994063052,same-year SDI-quintile peers,Climate/transmission,Excess-only,True
Northern Mariana Islands,MNP,2023,WASH,-0.5111879208279113,same-year SDI-quintile peers,WASH,Excess-only,False
Northern Mariana Islands,MNP,2023,Immunisation/UHC,,same-year SDI-quintile peers,Immunisation/UHC,Excess-only,False
Northern Mariana Islands,MNP,2023,HIV/TB,2.1317620647428166,same-year SDI-quintile peers,HIV/TB,Excess-only,True
Northern Mariana Islands,MNP,2023,Nutrition,,same-year SDI-quintile peers,Nutrition,Excess-only,False
Northern Mariana Islands,MNP,2023,Health resources,,same-year SDI-quintile peers,Health resources,Excess-only,False
Palau,PLW,2023,Household energy/HAP,0.1781724336538573,same-year SDI-quintile peers,Household energy/HAP,Excess-only,False
Palau,PLW,2023,Ambient PM2.5,-0.6767654016746083,same-year SDI-quintile peers,Ambient PM2.5,Excess-only,False
Palau,PLW,2023,Climate/transmission,1.5167927230516822,same-year SDI-quintile peers,Climate/transmission,Excess-only,True
Palau,PLW,2023,WASH,-0.3361155521212247,same-year SDI-quintile peers,WASH,Excess-only,False
Palau,PLW,2023,Immunisation/UHC,-0.0446905265854409,same-year SDI-quintile peers,Immunisation/UHC,Excess-only,False
Palau,PLW,2023,HIV/TB,2.526853686170424,same-year SDI-quintile peers,HIV/TB,Excess-only,True
Palau,PLW,2023,Nutrition,,same-year SDI-quintile peers,Nutrition,Excess-only,False
Palau,PLW,2023,Health resources,0.8155097882923545,same-year SDI-quintile peers,Health resources,Excess-only,True
Puerto Rico,PRI,2023,Household energy/HAP,-1.0181663258787137,same-year SDI-quintile peers,Household energy/HAP,Excess-only,False
Puerto Rico,PRI,2023,Ambient PM2.5,-0.4988637049229762,same-year SDI-quintile peers,Ambient PM2.5,Excess-only,False
Puerto Rico,PRI,2023,Climate/transmission,1.3147821734797,same-year SDI-quintile peers,Climate/transmission,Excess-only,True
Puerto Rico,PRI,2023,WASH,-0.5343260169820003,same-year SDI-quintile peers,WASH,Excess-only,False
Puerto Rico,PRI,2023,Immunisation/UHC,,same-year SDI-quintile peers,Immunisation/UHC,Excess-only,False
Puerto Rico,PRI,2023,HIV/TB,-0.7994226746285993,same-year SDI-quintile peers,HIV/TB,Excess-only,False
Puerto Rico,PRI,2023,Nutrition,,same-year SDI-quintile peers,Nutrition,Excess-only,False
Puerto Rico,PRI,2023,Health resources,,same-year SDI-quintile peers,Health resources,Excess-only,False
Saint Kitts and Nevis,KNA,2023,Household energy/HAP,-0.720645088578169,same-year SDI-quintile peers,Household energy/HAP,Excess-only,False
Saint Kitts and Nevis,KNA,2023,Ambient PM2.5,-0.4355782813297351,same-year SDI-quintile peers,Ambient PM2.5,Excess-only,False
Saint Kitts and Nevis,KNA,2023,Climate/transmission,1.362006480269909,same-year SDI-quintile peers,Climate/transmission,Excess-only,True
Saint Kitts and Nevis,KNA,2023,WASH,,same-year SDI-quintile peers,WASH,Excess-only,False
Saint Kitts and Nevis,KNA,2023,Immunisation/UHC,0.3484948237370525,same-year SDI-quintile peers,Immunisation/UHC,Excess-only,False
Saint Kitts and Nevis,KNA,2023,HIV/TB,0.5332358070633951,same-year SDI-quintile peers,HIV/TB,Excess-only,True
Saint Kitts and Nevis,KNA,2023,Nutrition,,same-year SDI-quintile peers,Nutrition,Excess-only,False
Saint Kitts and Nevis,KNA,2023,Health resources,0.4489985037122576,same-year SDI-quintile peers,Health resources,Excess-only,False
San Marino,SMR,2023,Household energy/HAP,0.118127746636918,same-year SDI-quintile peers,Household energy/HAP,Neither,False
San Marino,SMR,2023,Ambient PM2.5,-0.198337074879587,same-year SDI-quintile peers,Ambient PM2.5,Neither,False
San Marino,SMR,2023,Climate/transmission,-0.2766409062518942,same-year SDI-quintile peers,Climate/transmission,Neither,False
San Marino,SMR,2023,WASH,-0.5343257685003755,same-year SDI-quintile peers,WASH,Neither,False
San Marino,SMR,2023,Immunisation/UHC,0.2802362524255531,same-year SDI-quintile peers,Immunisation/UHC,Neither,False
San Marino,SMR,2023,HIV/TB,-0.8314250959642353,same-year SDI-quintile peers,HIV/TB,Neither,False
San Marino,SMR,2023,Nutrition,,same-year SDI-quintile peers,Nutrition,Neither,False
San Marino,SMR,2023,Health resources,-0.5317115978038968,same-year SDI-quintile peers,Health resources,Neither,False
Tuvalu,TUV,2023,Household energy/HAP,-0.032072184789673,same-year SDI-quintile peers,Household energy/HAP,Structural high,False
Tuvalu,TUV,2023,Ambient PM2.5,-1.2334367045835952,same-year SDI-quintile peers,Ambient PM2.5,Structural high,False
Tuvalu,TUV,2023,Climate/transmission,0.9732503666631884,same-year SDI-quintile peers,Climate/transmission,Structural high,True
Tuvalu,TUV,2023,WASH,-0.8638253402573759,same-year SDI-quintile peers,WASH,Structural high,False
Tuvalu,TUV,2023,Immunisation/UHC,-0.6089331264342106,same-year SDI-quintile peers,Immunisation/UHC,Structural high,False
Tuvalu,TUV,2023,HIV/TB,-0.3111172249816348,same-year SDI-quintile peers,HIV/TB,Structural high,False
Tuvalu,TUV,2023,Nutrition,,same-year SDI-quintile peers,Nutrition,Structural high,False
Tuvalu,TUV,2023,Health resources,-2.456110799780089,same-year SDI-quintile peers,Health resources,Structural high,False
United States Virgin Islands,VIR,2023,Household energy/HAP,-1.060320752328512,same-year SDI-quintile peers,Household energy/HAP,Excess-only,False
United States Virgin Islands,VIR,2023,Ambient PM2.5,-0.5631244231572984,same-year SDI-quintile peers,Ambient PM2.5,Excess-only,False
United States Virgin Islands,VIR,2023,Climate/transmission,1.3672116604528142,same-year SDI-quintile peers,Climate/transmission,Excess-only,True
United States Virgin Islands,VIR,2023,WASH,-0.3445544955246492,same-year SDI-quintile peers,WASH,Excess-only,False
United States Virgin Islands,VIR,2023,Immunisation/UHC,,same-year SDI-quintile peers,Immunisation/UHC,Excess-only,False
United States Virgin Islands,VIR,2023,HIV/TB,,same-year SDI-quintile peers,HIV/TB,Excess-only,False
United States Virgin Islands,VIR,2023,Nutrition,,same-year SDI-quintile peers,Nutrition,Excess-only,False
United States Virgin Islands,VIR,2023,Health resources,,same-year SDI-quintile peers,Health resources,Excess-only,False
South Sudan,SSD,2023,Household energy/HAP,0.9876219124140848,same-year SDI-quintile peers,Household energy/HAP,Structural high,True
South Sudan,SSD,2023,Ambient PM2.5,-0.4549940620892863,same-year SDI-quintile peers,Ambient PM2.5,Structural high,False
South Sudan,SSD,2023,Climate/transmission,-0.0477274946551685,same-year SDI-quintile peers,Climate/transmission,Structural high,False
South Sudan,SSD,2023,WASH,1.7070652042281838,same-year SDI-quintile peers,WASH,Structural high,True
South Sudan,SSD,2023,Immunisation/UHC,0.9215667395265266,same-year SDI-quintile peers,Immunisation/UHC,Structural high,True
South Sudan,SSD,2023,HIV/TB,0.3642712050880559,same-year SDI-quintile peers,HIV/TB,Structural high,False
South Sudan,SSD,2023,Nutrition,,same-year SDI-quintile peers,Nutrition,Structural high,False
South Sudan,SSD,2023,Health resources,-0.034845950727197,same-year SDI-quintile peers,Health resources,Structural high,False
Sudan,SDN,2023,Household energy/HAP,0.3402568241761681,same-year SDI-quintile peers,Household energy/HAP,Structural high,False
Sudan,SDN,2023,Ambient PM2.5,1.263212369171994,same-year SDI-quintile peers,Ambient PM2.5,Structural high,True
Sudan,SDN,2023,Climate/transmission,-0.047462111339324,same-year SDI-quintile peers,Climate/transmission,Structural high,False
Sudan,SDN,2023,WASH,1.6035368714811964,same-year SDI-quintile peers,WASH,Structural high,True
Sudan,SDN,2023,Immunisation/UHC,1.7944107360534756,same-year SDI-quintile peers,Immunisation/UHC,Structural high,True
Sudan,SDN,2023,HIV/TB,-0.5498604524551023,same-year SDI-quintile peers,HIV/TB,Structural high,False
Sudan,SDN,2023,Nutrition,,same-year SDI-quintile peers,Nutrition,Structural high,False
Sudan,SDN,2023,Health resources,0.6811142522936847,same-year SDI-quintile peers,Health resources,Structural high,True
